ISO-10303-21;
HEADER;
FILE_DESCRIPTION(('Creo Elements/Direct Modeling STEP Export'),'2;1');
FILE_NAME('DF40TC-30DP-0.4V.stp','2021-03-25T 8:50:45',(''),(''),
'Creo Elements/Direct Modeling STEP processor for AP214 (Solid Model)',
'Creo Elements/Direct Modeling 19.0F  14-Feb-2017 (C) Parametric Technol
ogy GmbH','');
FILE_SCHEMA(('AUTOMOTIVE_DESIGN { 1 0 10303 214 1 1 1 1 }'));
ENDSEC;
DATA;
#10=CARTESIAN_POINT('',(0.0199999999999995,-0.0299999999999969,0.05));
#20=DIRECTION('',(-0.707106781186548,-2.51214793389404E-15,
0.707106781186548));
#30=DIRECTION('',(0.707106781186548,2.50233485602727E-15,
0.707106781186548));
#40=AXIS2_PLACEMENT_3D('',#10,#20,#30);
#50=PLANE('',#40);
#60=CARTESIAN_POINT('',(-0.0299999999999985,-0.6,0.));
#70=DIRECTION('',(0.707106781186545,0.,0.707106781186549));
#80=VECTOR('',#70,1.);
#90=LINE('',#60,#80);
#100=CARTESIAN_POINT('',(-0.0299999999999985,-0.6,0.));
#110=VERTEX_POINT('',#100);
#120=CARTESIAN_POINT('',(-0.00999999999999854,-0.6,0.0199999999999999));
#130=VERTEX_POINT('',#120);
#140=EDGE_CURVE('',#110,#130,#90,.T.);
#150=ORIENTED_EDGE('',*,*,#140,.F.);
#160=CARTESIAN_POINT('',(-0.00999999999999887,-0.499999999999997,0.02));
#170=DIRECTION('',(3.57353036051212E-15,-1.,0.));
#180=VECTOR('',#170,1.);
#190=LINE('',#160,#180);
#200=CARTESIAN_POINT('',(-0.00999999999999887,-0.499999999999997,0.02));
#210=VERTEX_POINT('',#200);
#220=EDGE_CURVE('',#210,#130,#190,.T.);
#230=ORIENTED_EDGE('',*,*,#220,.T.);
#240=CARTESIAN_POINT('',(-0.0099999999999989,-0.499999999999997,0.02));
#250=DIRECTION('',(0.707106781186547,2.4532694666934E-15,
0.707106781186548));
#260=VECTOR('',#250,1.);
#270=LINE('',#240,#260);
#280=CARTESIAN_POINT('',(0.0700000000000011,-0.499999999999997,0.1));
#290=VERTEX_POINT('',#280);
#300=EDGE_CURVE('',#210,#290,#270,.T.);
#310=ORIENTED_EDGE('',*,*,#300,.F.);
#320=CARTESIAN_POINT('',(0.0699999999999978,0.440000000000003,0.1));
#330=DIRECTION('',(3.54326497220795E-15,-1.,0.));
#340=VECTOR('',#330,1.);
#350=LINE('',#320,#340);
#360=CARTESIAN_POINT('',(0.0699999999999978,0.440000000000003,0.1));
#370=VERTEX_POINT('',#360);
#380=EDGE_CURVE('',#370,#290,#350,.T.);
#390=ORIENTED_EDGE('',*,*,#380,.T.);
#400=CARTESIAN_POINT('',(0.0699999999999978,0.440000000000003,0.1));
#410=DIRECTION('',(-0.577350269189626,0.577350269189622,
-0.577350269189629));
#420=VECTOR('',#410,1.);
#430=LINE('',#400,#420);
#440=CARTESIAN_POINT('',(0.0199999999999989,0.490000000000004,
0.0500000000000012));
#450=VERTEX_POINT('',#440);
#460=EDGE_CURVE('',#370,#450,#430,.T.);
#470=ORIENTED_EDGE('',*,*,#460,.F.);
#480=CARTESIAN_POINT('',(-0.0300000000000022,0.440000000000003,
-4.16333634234434E-17));
#490=DIRECTION('',(0.577350269189624,0.577350269189626,0.577350269189626
));
#500=VECTOR('',#490,1.);
#510=LINE('',#480,#500);
#520=CARTESIAN_POINT('',(-0.0300000000000009,0.440000000000003,0.));
#530=VERTEX_POINT('',#520);
#540=EDGE_CURVE('',#530,#450,#510,.T.);
#550=ORIENTED_EDGE('',*,*,#540,.T.);
#560=CARTESIAN_POINT('',(-0.0300000000000003,0.44,0.));
#570=DIRECTION('',(0.,-1.,0.));
#580=VECTOR('',#570,1.);
#590=LINE('',#560,#580);
#600=EDGE_CURVE('',#530,#110,#590,.T.);
#610=ORIENTED_EDGE('',*,*,#600,.F.);
#620=EDGE_LOOP('',(#610,#550,#470,#390,#310,#230,#150));
#630=FACE_OUTER_BOUND('',#620,.T.);
#640=ADVANCED_FACE('',(#630),#50,.F.);
#650=CARTESIAN_POINT('',(0.,0.,0.));
#660=DIRECTION('',(0.,0.,1.));
#670=DIRECTION('',(1.,0.,0.));
#680=AXIS2_PLACEMENT_3D('',#650,#660,#670);
#690=PLANE('',#680);
#700=CARTESIAN_POINT('',(-0.0300000000000016,0.440000000000003,
3.81639164714898E-16));
#710=DIRECTION('',(-1.,-4.00353151304224E-15,-4.43668670825584E-16));
#720=VECTOR('',#710,1.);
#730=LINE('',#700,#720);
#740=CARTESIAN_POINT('',(-1.68,0.439999999999999,0.));
#750=VERTEX_POINT('',#740);
#760=EDGE_CURVE('',#530,#750,#730,.T.);
#770=ORIENTED_EDGE('',*,*,#760,.F.);
#780=CARTESIAN_POINT('',(-1.68,0.439999999999998,2.08166817117217E-17));
#790=DIRECTION('',(0.,-1.,0.));
#800=VECTOR('',#790,1.);
#810=LINE('',#780,#800);
#820=CARTESIAN_POINT('',(-1.68,-0.6,0.));
#830=VERTEX_POINT('',#820);
#840=EDGE_CURVE('',#750,#830,#810,.T.);
#850=ORIENTED_EDGE('',*,*,#840,.F.);
#860=CARTESIAN_POINT('',(-0.0300000000000003,-0.6,0.));
#870=DIRECTION('',(-1.,0.,0.));
#880=VECTOR('',#870,1.);
#890=LINE('',#860,#880);
#900=EDGE_CURVE('',#110,#830,#890,.T.);
#910=ORIENTED_EDGE('',*,*,#900,.T.);
#920=ORIENTED_EDGE('',*,*,#600,.T.);
#930=EDGE_LOOP('',(#920,#910,#850,#770));
#940=FACE_OUTER_BOUND('',#930,.T.);
#950=ADVANCED_FACE('',(#940),#690,.F.);
#960=CARTESIAN_POINT('',(-0.830000000000001,0.465,0.025));
#970=DIRECTION('',(-2.51214793389404E-15,0.707106781186548,
-0.707106781186547));
#980=DIRECTION('',(3.14018491736755E-15,-0.707106781186547,
-0.707106781186548));
#990=AXIS2_PLACEMENT_3D('',#960,#970,#980);
#1000=PLANE('',#990);
#1010=CARTESIAN_POINT('',(-1.68,0.439999999999997,-3.50414142147315E-16)
);
#1020=DIRECTION('',(-0.577350269189629,0.577350269189623,
0.577350269189626));
#1030=VECTOR('',#1020,1.);
#1040=LINE('',#1010,#1030);
#1050=CARTESIAN_POINT('',(-1.73,0.489999999999998,0.050000000000001));
#1060=VERTEX_POINT('',#1050);
#1070=EDGE_CURVE('',#750,#1060,#1040,.T.);
#1080=ORIENTED_EDGE('',*,*,#1070,.T.);
#1090=ORIENTED_EDGE('',*,*,#760,.T.);
#1100=ORIENTED_EDGE('',*,*,#540,.F.);
#1110=CARTESIAN_POINT('',(0.0199999999999976,0.490000000000001,
0.0500000000000025));
#1120=DIRECTION('',(-1.,3.67959631018626E-15,0.));
#1130=VECTOR('',#1120,1.);
#1140=LINE('',#1110,#1130);
#1150=EDGE_CURVE('',#450,#1060,#1140,.T.);
#1160=ORIENTED_EDGE('',*,*,#1150,.F.);
#1170=EDGE_LOOP('',(#1160,#1100,#1090,#1080));
#1180=FACE_OUTER_BOUND('',#1170,.T.);
#1190=ADVANCED_FACE('',(#1180),#1000,.T.);
#1200=CARTESIAN_POINT('',(-1.33702554797771,0.490000000000007,
7.03727628630787));
#1210=DIRECTION('',(3.67517431418274E-15,1.,-1.22460635382238E-16));
#1220=DIRECTION('',(-1.,3.67517431418274E-15,0.));
#1230=AXIS2_PLACEMENT_3D('',#1200,#1210,#1220);
#1240=PLANE('',#1230);
#1250=CARTESIAN_POINT('',(-1.72999999999999,0.490000000000008,7.47));
#1260=DIRECTION('',(1.,-3.67959631018626E-15,0.));
#1270=VECTOR('',#1260,1.);
#1280=LINE('',#1250,#1270);
#1290=CARTESIAN_POINT('',(-1.72999999999999,0.490000000000008,7.47));
#1300=VERTEX_POINT('',#1290);
#1310=CARTESIAN_POINT('',(0.0199999999999982,0.490000000000002,7.47));
#1320=VERTEX_POINT('',#1310);
#1330=EDGE_CURVE('',#1300,#1320,#1280,.T.);
#1340=ORIENTED_EDGE('',*,*,#1330,.T.);
#1350=CARTESIAN_POINT('',(-1.72999999999999,0.490000000000008,
0.0500000000000025));
#1360=DIRECTION('',(0.,1.19700595646917E-16,1.));
#1370=VECTOR('',#1360,1.);
#1380=LINE('',#1350,#1370);
#1390=EDGE_CURVE('',#1060,#1300,#1380,.T.);
#1400=ORIENTED_EDGE('',*,*,#1390,.T.);
#1410=ORIENTED_EDGE('',*,*,#1150,.T.);
#1420=CARTESIAN_POINT('',(0.0199999999999983,0.490000000000002,
0.0500000000000003));
#1430=DIRECTION('',(0.,0.,1.));
#1440=VECTOR('',#1430,1.);
#1450=LINE('',#1420,#1440);
#1460=EDGE_CURVE('',#450,#1320,#1450,.T.);
#1470=ORIENTED_EDGE('',*,*,#1460,.F.);
#1480=EDGE_LOOP('',(#1470,#1410,#1400,#1340));
#1490=FACE_OUTER_BOUND('',#1480,.T.);
#1500=CARTESIAN_POINT('',(-0.139999999999987,0.490000000000003,0.39));
#1510=DIRECTION('',(-1.,-3.70074341541701E-15,0.));
#1520=VECTOR('',#1510,1.);
#1530=LINE('',#1500,#1520);
#1540=CARTESIAN_POINT('',(-0.139999999999994,0.490000000000002,0.39));
#1550=VERTEX_POINT('',#1540);
#1560=CARTESIAN_POINT('',(-0.455000000000002,0.490000000000003,0.39));
#1570=VERTEX_POINT('',#1560);
#1580=EDGE_CURVE('',#1550,#1570,#1530,.T.);
#1590=ORIENTED_EDGE('',*,*,#1580,.F.);
#1600=CARTESIAN_POINT('',(-0.455000000000002,0.490000000000003,0.39));
#1610=DIRECTION('',(0.,0.,1.));
#1620=VECTOR('',#1610,1.);
#1630=LINE('',#1600,#1620);
#1640=CARTESIAN_POINT('',(-0.455000000000002,0.490000000000003,0.49));
#1650=VERTEX_POINT('',#1640);
#1660=EDGE_CURVE('',#1570,#1650,#1630,.T.);
#1670=ORIENTED_EDGE('',*,*,#1660,.F.);
#1680=CARTESIAN_POINT('',(-0.455000000000002,0.490000000000006,0.49));
#1690=DIRECTION('',(-1.,-2.7755575615629E-15,0.));
#1700=VECTOR('',#1690,1.);
#1710=LINE('',#1680,#1700);
#1720=CARTESIAN_POINT('',(-1.255,0.490000000000006,0.49));
#1730=VERTEX_POINT('',#1720);
#1740=EDGE_CURVE('',#1650,#1730,#1710,.T.);
#1750=ORIENTED_EDGE('',*,*,#1740,.F.);
#1760=CARTESIAN_POINT('',(-1.255,0.490000000000006,0.39));
#1770=DIRECTION('',(0.,0.,1.));
#1780=VECTOR('',#1770,1.);
#1790=LINE('',#1760,#1780);
#1800=CARTESIAN_POINT('',(-1.255,0.490000000000006,0.39));
#1810=VERTEX_POINT('',#1800);
#1820=EDGE_CURVE('',#1810,#1730,#1790,.T.);
#1830=ORIENTED_EDGE('',*,*,#1820,.T.);
#1840=CARTESIAN_POINT('',(-1.57,0.490000000000007,0.39));
#1850=DIRECTION('',(1.,-3.70074341541719E-15,0.));
#1860=VECTOR('',#1850,1.);
#1870=LINE('',#1840,#1860);
#1880=CARTESIAN_POINT('',(-1.57,0.490000000000003,0.389999999999999));
#1890=VERTEX_POINT('',#1880);
#1900=EDGE_CURVE('',#1890,#1810,#1870,.T.);
#1910=ORIENTED_EDGE('',*,*,#1900,.T.);
#1920=CARTESIAN_POINT('',(-1.57,0.490000000000003,0.389999999999998));
#1930=DIRECTION('',(0.,-1.1530506190469E-16,1.));
#1940=VECTOR('',#1930,1.);
#1950=LINE('',#1920,#1940);
#1960=CARTESIAN_POINT('',(-1.57000000000003,0.490000000000008,7.13));
#1970=VERTEX_POINT('',#1960);
#1980=EDGE_CURVE('',#1890,#1970,#1950,.T.);
#1990=ORIENTED_EDGE('',*,*,#1980,.F.);
#2000=CARTESIAN_POINT('',(-1.57000000000006,0.490000000000007,7.13));
#2010=DIRECTION('',(1.,3.52451753849192E-15,0.));
#2020=VECTOR('',#2010,1.);
#2030=LINE('',#2000,#2020);
#2040=CARTESIAN_POINT('',(-1.255,0.490000000000007,7.13));
#2050=VERTEX_POINT('',#2040);
#2060=EDGE_CURVE('',#1970,#2050,#2030,.T.);
#2070=ORIENTED_EDGE('',*,*,#2060,.F.);
#2080=CARTESIAN_POINT('',(-1.255,0.490000000000007,7.03));
#2090=DIRECTION('',(0.,0.,1.));
#2100=VECTOR('',#2090,1.);
#2110=LINE('',#2080,#2100);
#2120=CARTESIAN_POINT('',(-1.255,0.490000000000007,7.03));
#2130=VERTEX_POINT('',#2120);
#2140=EDGE_CURVE('',#2130,#2050,#2110,.T.);
#2150=ORIENTED_EDGE('',*,*,#2140,.T.);
#2160=CARTESIAN_POINT('',(-1.255,0.490000000000004,7.03));
#2170=DIRECTION('',(1.,2.7755575615629E-15,0.));
#2180=VECTOR('',#2170,1.);
#2190=LINE('',#2160,#2180);
#2200=CARTESIAN_POINT('',(-0.455000000000003,0.490000000000004,7.03));
#2210=VERTEX_POINT('',#2200);
#2220=EDGE_CURVE('',#2130,#2210,#2190,.T.);
#2230=ORIENTED_EDGE('',*,*,#2220,.F.);
#2240=CARTESIAN_POINT('',(-0.455000000000003,0.490000000000004,7.13));
#2250=DIRECTION('',(0.,0.,-1.));
#2260=VECTOR('',#2250,1.);
#2270=LINE('',#2240,#2260);
#2280=CARTESIAN_POINT('',(-0.455000000000003,0.490000000000004,7.13));
#2290=VERTEX_POINT('',#2280);
#2300=EDGE_CURVE('',#2290,#2210,#2270,.T.);
#2310=ORIENTED_EDGE('',*,*,#2300,.T.);
#2320=CARTESIAN_POINT('',(-0.455000000000003,0.490000000000003,7.13));
#2330=DIRECTION('',(1.,3.52451753849205E-15,0.));
#2340=VECTOR('',#2330,1.);
#2350=LINE('',#2320,#2340);
#2360=CARTESIAN_POINT('',(-0.139999999999979,0.490000000000002,7.13));
#2370=VERTEX_POINT('',#2360);
#2380=EDGE_CURVE('',#2290,#2370,#2350,.T.);
#2390=ORIENTED_EDGE('',*,*,#2380,.F.);
#2400=CARTESIAN_POINT('',(-0.140000000000001,0.490000000000002,7.13));
#2410=DIRECTION('',(0.,0.,-1.));
#2420=VECTOR('',#2410,1.);
#2430=LINE('',#2400,#2420);
#2440=EDGE_CURVE('',#2370,#1550,#2430,.T.);
#2450=ORIENTED_EDGE('',*,*,#2440,.F.);
#2460=EDGE_LOOP('',(#2450,#2390,#2310,#2230,#2150,#2070,#1990,#1910,
#1830,#1750,#1670,#1590));
#2470=FACE_BOUND('',#2460,.T.);
#2480=ADVANCED_FACE('',(#1490,#2470),#1240,.T.);
#2490=CARTESIAN_POINT('',(0.0449999999999977,0.465000000000003,2.785));
#2500=DIRECTION('',(-0.707106781186545,-0.70710678118655,0.));
#2510=DIRECTION('',(0.70710678118655,-0.707106781186545,0.));
#2520=AXIS2_PLACEMENT_3D('',#2490,#2500,#2510);
#2530=PLANE('',#2520);
#2540=ORIENTED_EDGE('',*,*,#460,.T.);
#2550=CARTESIAN_POINT('',(0.0699999999999978,0.440000000000003,7.42));
#2560=DIRECTION('',(0.,0.,-1.));
#2570=VECTOR('',#2560,1.);
#2580=LINE('',#2550,#2570);
#2590=CARTESIAN_POINT('',(0.0699999999999976,0.440000000000003,7.42));
#2600=VERTEX_POINT('',#2590);
#2610=EDGE_CURVE('',#2600,#370,#2580,.T.);
#2620=ORIENTED_EDGE('',*,*,#2610,.T.);
#2630=CARTESIAN_POINT('',(0.0199999999999983,0.490000000000002,7.47));
#2640=DIRECTION('',(0.57735026918963,-0.577350269189626,
-0.577350269189622));
#2650=VECTOR('',#2640,1.);
#2660=LINE('',#2630,#2650);
#2670=EDGE_CURVE('',#1320,#2600,#2660,.T.);
#2680=ORIENTED_EDGE('',*,*,#2670,.T.);
#2690=ORIENTED_EDGE('',*,*,#1460,.T.);
#2700=EDGE_LOOP('',(#2690,#2680,#2620,#2540));
#2710=FACE_OUTER_BOUND('',#2700,.T.);
#2720=ADVANCED_FACE('',(#2710),#2530,.F.);
#2730=CARTESIAN_POINT('',(0.0699999999999976,0.490000000000003,-2.));
#2740=DIRECTION('',(1.,3.5527136788005E-15,0.));
#2750=DIRECTION('',(3.5527136788005E-15,-1.,0.));
#2760=AXIS2_PLACEMENT_3D('',#2730,#2740,#2750);
#2770=PLANE('',#2760);
#2780=ORIENTED_EDGE('',*,*,#380,.F.);
#2790=CARTESIAN_POINT('',(0.0700000000000011,-0.499999999999997,0.1));
#2800=DIRECTION('',(0.,0.,1.));
#2810=VECTOR('',#2800,1.);
#2820=LINE('',#2790,#2810);
#2830=CARTESIAN_POINT('',(0.0700000000000012,-0.499999999999997,0.485));
#2840=VERTEX_POINT('',#2830);
#2850=EDGE_CURVE('',#290,#2840,#2820,.T.);
#2860=ORIENTED_EDGE('',*,*,#2850,.F.);
#2870=CARTESIAN_POINT('',(0.070000000000001,-0.499999999999997,0.485));
#2880=DIRECTION('',(0.,1.,0.));
#2890=VECTOR('',#2880,1.);
#2900=LINE('',#2870,#2890);
#2910=CARTESIAN_POINT('',(0.0700000000000008,-0.399999999999998,0.485));
#2920=VERTEX_POINT('',#2910);
#2930=EDGE_CURVE('',#2840,#2920,#2900,.T.);
#2940=ORIENTED_EDGE('',*,*,#2930,.F.);
#2950=CARTESIAN_POINT('',(0.0700000000000008,-0.399999999999998,0.635));
#2960=DIRECTION('',(0.,0.,-1.));
#2970=VECTOR('',#2960,1.);
#2980=LINE('',#2950,#2970);
#2990=CARTESIAN_POINT('',(0.0700000000000007,-0.399999999999998,0.635));
#3000=VERTEX_POINT('',#2990);
#3010=EDGE_CURVE('',#3000,#2920,#2980,.T.);
#3020=ORIENTED_EDGE('',*,*,#3010,.T.);
#3030=CARTESIAN_POINT('',(0.070000000000001,-0.399999999999998,0.635));
#3040=DIRECTION('',(0.,-1.,0.));
#3050=VECTOR('',#3040,1.);
#3060=LINE('',#3030,#3050);
#3070=CARTESIAN_POINT('',(0.0700000000000011,-0.499999999999997,0.635));
#3080=VERTEX_POINT('',#3070);
#3090=EDGE_CURVE('',#3000,#3080,#3060,.T.);
#3100=ORIENTED_EDGE('',*,*,#3090,.F.);
#3110=CARTESIAN_POINT('',(0.0700000000000011,-0.499999999999997,0.635));
#3120=DIRECTION('',(0.,0.,1.));
#3130=VECTOR('',#3120,1.);
#3140=LINE('',#3110,#3130);
#3150=CARTESIAN_POINT('',(0.0700000000000012,-0.499999999999997,0.885));
#3160=VERTEX_POINT('',#3150);
#3170=EDGE_CURVE('',#3080,#3160,#3140,.T.);
#3180=ORIENTED_EDGE('',*,*,#3170,.F.);
#3190=CARTESIAN_POINT('',(0.070000000000001,-0.499999999999997,0.885));
#3200=DIRECTION('',(0.,1.,0.));
#3210=VECTOR('',#3200,1.);
#3220=LINE('',#3190,#3210);
#3230=CARTESIAN_POINT('',(0.0700000000000008,-0.399999999999998,0.885));
#3240=VERTEX_POINT('',#3230);
#3250=EDGE_CURVE('',#3160,#3240,#3220,.T.);
#3260=ORIENTED_EDGE('',*,*,#3250,.F.);
#3270=CARTESIAN_POINT('',(0.0700000000000008,-0.399999999999998,1.035));
#3280=DIRECTION('',(0.,0.,-1.));
#3290=VECTOR('',#3280,1.);
#3300=LINE('',#3270,#3290);
#3310=CARTESIAN_POINT('',(0.0700000000000007,-0.399999999999998,1.035));
#3320=VERTEX_POINT('',#3310);
#3330=EDGE_CURVE('',#3320,#3240,#3300,.T.);
#3340=ORIENTED_EDGE('',*,*,#3330,.T.);
#3350=CARTESIAN_POINT('',(0.070000000000001,-0.399999999999998,1.035));
#3360=DIRECTION('',(0.,-1.,0.));
#3370=VECTOR('',#3360,1.);
#3380=LINE('',#3350,#3370);
#3390=CARTESIAN_POINT('',(0.0700000000000011,-0.499999999999997,1.035));
#3400=VERTEX_POINT('',#3390);
#3410=EDGE_CURVE('',#3320,#3400,#3380,.T.);
#3420=ORIENTED_EDGE('',*,*,#3410,.F.);
#3430=CARTESIAN_POINT('',(0.0700000000000011,-0.499999999999997,1.035));
#3440=DIRECTION('',(0.,0.,1.));
#3450=VECTOR('',#3440,1.);
#3460=LINE('',#3430,#3450);
#3470=CARTESIAN_POINT('',(0.0700000000000012,-0.499999999999997,1.285));
#3480=VERTEX_POINT('',#3470);
#3490=EDGE_CURVE('',#3400,#3480,#3460,.T.);
#3500=ORIENTED_EDGE('',*,*,#3490,.F.);
#3510=CARTESIAN_POINT('',(0.070000000000001,-0.499999999999997,1.285));
#3520=DIRECTION('',(0.,1.,0.));
#3530=VECTOR('',#3520,1.);
#3540=LINE('',#3510,#3530);
#3550=CARTESIAN_POINT('',(0.0700000000000008,-0.399999999999998,1.285));
#3560=VERTEX_POINT('',#3550);
#3570=EDGE_CURVE('',#3480,#3560,#3540,.T.);
#3580=ORIENTED_EDGE('',*,*,#3570,.F.);
#3590=CARTESIAN_POINT('',(0.0700000000000008,-0.399999999999998,1.435));
#3600=DIRECTION('',(0.,0.,-1.));
#3610=VECTOR('',#3600,1.);
#3620=LINE('',#3590,#3610);
#3630=CARTESIAN_POINT('',(0.0700000000000007,-0.399999999999998,1.435));
#3640=VERTEX_POINT('',#3630);
#3650=EDGE_CURVE('',#3640,#3560,#3620,.T.);
#3660=ORIENTED_EDGE('',*,*,#3650,.T.);
#3670=CARTESIAN_POINT('',(0.070000000000001,-0.399999999999998,1.435));
#3680=DIRECTION('',(0.,-1.,0.));
#3690=VECTOR('',#3680,1.);
#3700=LINE('',#3670,#3690);
#3710=CARTESIAN_POINT('',(0.0700000000000011,-0.499999999999997,1.435));
#3720=VERTEX_POINT('',#3710);
#3730=EDGE_CURVE('',#3640,#3720,#3700,.T.);
#3740=ORIENTED_EDGE('',*,*,#3730,.F.);
#3750=CARTESIAN_POINT('',(0.0700000000000011,-0.499999999999997,1.435));
#3760=DIRECTION('',(0.,0.,1.));
#3770=VECTOR('',#3760,1.);
#3780=LINE('',#3750,#3770);
#3790=CARTESIAN_POINT('',(0.0700000000000012,-0.499999999999997,1.685));
#3800=VERTEX_POINT('',#3790);
#3810=EDGE_CURVE('',#3720,#3800,#3780,.T.);
#3820=ORIENTED_EDGE('',*,*,#3810,.F.);
#3830=CARTESIAN_POINT('',(0.070000000000001,-0.499999999999997,1.685));
#3840=DIRECTION('',(0.,1.,0.));
#3850=VECTOR('',#3840,1.);
#3860=LINE('',#3830,#3850);
#3870=CARTESIAN_POINT('',(0.0700000000000008,-0.399999999999998,1.685));
#3880=VERTEX_POINT('',#3870);
#3890=EDGE_CURVE('',#3800,#3880,#3860,.T.);
#3900=ORIENTED_EDGE('',*,*,#3890,.F.);
#3910=CARTESIAN_POINT('',(0.0700000000000008,-0.399999999999998,1.835));
#3920=DIRECTION('',(0.,0.,-1.));
#3930=VECTOR('',#3920,1.);
#3940=LINE('',#3910,#3930);
#3950=CARTESIAN_POINT('',(0.0700000000000007,-0.399999999999998,1.835));
#3960=VERTEX_POINT('',#3950);
#3970=EDGE_CURVE('',#3960,#3880,#3940,.T.);
#3980=ORIENTED_EDGE('',*,*,#3970,.T.);
#3990=CARTESIAN_POINT('',(0.070000000000001,-0.399999999999998,1.835));
#4000=DIRECTION('',(0.,-1.,0.));
#4010=VECTOR('',#4000,1.);
#4020=LINE('',#3990,#4010);
#4030=CARTESIAN_POINT('',(0.0700000000000011,-0.499999999999997,1.835));
#4040=VERTEX_POINT('',#4030);
#4050=EDGE_CURVE('',#3960,#4040,#4020,.T.);
#4060=ORIENTED_EDGE('',*,*,#4050,.F.);
#4070=CARTESIAN_POINT('',(0.0700000000000011,-0.499999999999997,1.835));
#4080=DIRECTION('',(0.,0.,1.));
#4090=VECTOR('',#4080,1.);
#4100=LINE('',#4070,#4090);
#4110=CARTESIAN_POINT('',(0.0700000000000012,-0.499999999999997,2.085));
#4120=VERTEX_POINT('',#4110);
#4130=EDGE_CURVE('',#4040,#4120,#4100,.T.);
#4140=ORIENTED_EDGE('',*,*,#4130,.F.);
#4150=CARTESIAN_POINT('',(0.070000000000001,-0.499999999999997,2.085));
#4160=DIRECTION('',(0.,1.,0.));
#4170=VECTOR('',#4160,1.);
#4180=LINE('',#4150,#4170);
#4190=CARTESIAN_POINT('',(0.0700000000000008,-0.399999999999998,2.085));
#4200=VERTEX_POINT('',#4190);
#4210=EDGE_CURVE('',#4120,#4200,#4180,.T.);
#4220=ORIENTED_EDGE('',*,*,#4210,.F.);
#4230=CARTESIAN_POINT('',(0.0700000000000008,-0.399999999999998,2.235));
#4240=DIRECTION('',(0.,0.,-1.));
#4250=VECTOR('',#4240,1.);
#4260=LINE('',#4230,#4250);
#4270=CARTESIAN_POINT('',(0.0700000000000007,-0.399999999999998,2.235));
#4280=VERTEX_POINT('',#4270);
#4290=EDGE_CURVE('',#4280,#4200,#4260,.T.);
#4300=ORIENTED_EDGE('',*,*,#4290,.T.);
#4310=CARTESIAN_POINT('',(0.070000000000001,-0.399999999999998,2.235));
#4320=DIRECTION('',(0.,-1.,0.));
#4330=VECTOR('',#4320,1.);
#4340=LINE('',#4310,#4330);
#4350=CARTESIAN_POINT('',(0.0700000000000011,-0.499999999999997,2.235));
#4360=VERTEX_POINT('',#4350);
#4370=EDGE_CURVE('',#4280,#4360,#4340,.T.);
#4380=ORIENTED_EDGE('',*,*,#4370,.F.);
#4390=CARTESIAN_POINT('',(0.0700000000000011,-0.499999999999997,2.235));
#4400=DIRECTION('',(0.,0.,1.));
#4410=VECTOR('',#4400,1.);
#4420=LINE('',#4390,#4410);
#4430=CARTESIAN_POINT('',(0.0700000000000012,-0.499999999999997,2.485));
#4440=VERTEX_POINT('',#4430);
#4450=EDGE_CURVE('',#4360,#4440,#4420,.T.);
#4460=ORIENTED_EDGE('',*,*,#4450,.F.);
#4470=CARTESIAN_POINT('',(0.070000000000001,-0.499999999999997,2.485));
#4480=DIRECTION('',(0.,1.,0.));
#4490=VECTOR('',#4480,1.);
#4500=LINE('',#4470,#4490);
#4510=CARTESIAN_POINT('',(0.0700000000000008,-0.399999999999998,2.485));
#4520=VERTEX_POINT('',#4510);
#4530=EDGE_CURVE('',#4440,#4520,#4500,.T.);
#4540=ORIENTED_EDGE('',*,*,#4530,.F.);
#4550=CARTESIAN_POINT('',(0.0700000000000008,-0.399999999999998,2.635));
#4560=DIRECTION('',(0.,0.,-1.));
#4570=VECTOR('',#4560,1.);
#4580=LINE('',#4550,#4570);
#4590=CARTESIAN_POINT('',(0.0700000000000007,-0.399999999999998,2.635));
#4600=VERTEX_POINT('',#4590);
#4610=EDGE_CURVE('',#4600,#4520,#4580,.T.);
#4620=ORIENTED_EDGE('',*,*,#4610,.T.);
#4630=CARTESIAN_POINT('',(0.070000000000001,-0.399999999999998,2.635));
#4640=DIRECTION('',(0.,-1.,0.));
#4650=VECTOR('',#4640,1.);
#4660=LINE('',#4630,#4650);
#4670=CARTESIAN_POINT('',(0.0700000000000011,-0.499999999999997,2.635));
#4680=VERTEX_POINT('',#4670);
#4690=EDGE_CURVE('',#4600,#4680,#4660,.T.);
#4700=ORIENTED_EDGE('',*,*,#4690,.F.);
#4710=CARTESIAN_POINT('',(0.0700000000000011,-0.499999999999997,2.635));
#4720=DIRECTION('',(0.,0.,1.));
#4730=VECTOR('',#4720,1.);
#4740=LINE('',#4710,#4730);
#4750=CARTESIAN_POINT('',(0.0700000000000012,-0.499999999999997,2.885));
#4760=VERTEX_POINT('',#4750);
#4770=EDGE_CURVE('',#4680,#4760,#4740,.T.);
#4780=ORIENTED_EDGE('',*,*,#4770,.F.);
#4790=CARTESIAN_POINT('',(0.070000000000001,-0.499999999999997,2.885));
#4800=DIRECTION('',(0.,1.,0.));
#4810=VECTOR('',#4800,1.);
#4820=LINE('',#4790,#4810);
#4830=CARTESIAN_POINT('',(0.0700000000000008,-0.399999999999998,2.885));
#4840=VERTEX_POINT('',#4830);
#4850=EDGE_CURVE('',#4760,#4840,#4820,.T.);
#4860=ORIENTED_EDGE('',*,*,#4850,.F.);
#4870=CARTESIAN_POINT('',(0.0700000000000008,-0.399999999999998,3.035));
#4880=DIRECTION('',(0.,0.,-1.));
#4890=VECTOR('',#4880,1.);
#4900=LINE('',#4870,#4890);
#4910=CARTESIAN_POINT('',(0.0700000000000007,-0.399999999999998,3.035));
#4920=VERTEX_POINT('',#4910);
#4930=EDGE_CURVE('',#4920,#4840,#4900,.T.);
#4940=ORIENTED_EDGE('',*,*,#4930,.T.);
#4950=CARTESIAN_POINT('',(0.070000000000001,-0.399999999999998,3.035));
#4960=DIRECTION('',(0.,-1.,0.));
#4970=VECTOR('',#4960,1.);
#4980=LINE('',#4950,#4970);
#4990=CARTESIAN_POINT('',(0.0700000000000011,-0.499999999999997,3.035));
#5000=VERTEX_POINT('',#4990);
#5010=EDGE_CURVE('',#4920,#5000,#4980,.T.);
#5020=ORIENTED_EDGE('',*,*,#5010,.F.);
#5030=CARTESIAN_POINT('',(0.0700000000000011,-0.499999999999997,3.035));
#5040=DIRECTION('',(0.,0.,1.));
#5050=VECTOR('',#5040,1.);
#5060=LINE('',#5030,#5050);
#5070=CARTESIAN_POINT('',(0.0700000000000012,-0.499999999999997,3.285));
#5080=VERTEX_POINT('',#5070);
#5090=EDGE_CURVE('',#5000,#5080,#5060,.T.);
#5100=ORIENTED_EDGE('',*,*,#5090,.F.);
#5110=CARTESIAN_POINT('',(0.070000000000001,-0.499999999999997,3.285));
#5120=DIRECTION('',(0.,1.,0.));
#5130=VECTOR('',#5120,1.);
#5140=LINE('',#5110,#5130);
#5150=CARTESIAN_POINT('',(0.0700000000000008,-0.399999999999998,3.285));
#5160=VERTEX_POINT('',#5150);
#5170=EDGE_CURVE('',#5080,#5160,#5140,.T.);
#5180=ORIENTED_EDGE('',*,*,#5170,.F.);
#5190=CARTESIAN_POINT('',(0.0700000000000008,-0.399999999999998,3.435));
#5200=DIRECTION('',(0.,0.,-1.));
#5210=VECTOR('',#5200,1.);
#5220=LINE('',#5190,#5210);
#5230=CARTESIAN_POINT('',(0.0700000000000007,-0.399999999999998,3.435));
#5240=VERTEX_POINT('',#5230);
#5250=EDGE_CURVE('',#5240,#5160,#5220,.T.);
#5260=ORIENTED_EDGE('',*,*,#5250,.T.);
#5270=CARTESIAN_POINT('',(0.070000000000001,-0.399999999999998,3.435));
#5280=DIRECTION('',(0.,-1.,0.));
#5290=VECTOR('',#5280,1.);
#5300=LINE('',#5270,#5290);
#5310=CARTESIAN_POINT('',(0.0700000000000011,-0.499999999999997,3.435));
#5320=VERTEX_POINT('',#5310);
#5330=EDGE_CURVE('',#5240,#5320,#5300,.T.);
#5340=ORIENTED_EDGE('',*,*,#5330,.F.);
#5350=CARTESIAN_POINT('',(0.0700000000000011,-0.499999999999997,3.435));
#5360=DIRECTION('',(0.,0.,1.));
#5370=VECTOR('',#5360,1.);
#5380=LINE('',#5350,#5370);
#5390=CARTESIAN_POINT('',(0.0700000000000012,-0.499999999999997,3.685));
#5400=VERTEX_POINT('',#5390);
#5410=EDGE_CURVE('',#5320,#5400,#5380,.T.);
#5420=ORIENTED_EDGE('',*,*,#5410,.F.);
#5430=CARTESIAN_POINT('',(0.070000000000001,-0.499999999999997,3.685));
#5440=DIRECTION('',(0.,1.,0.));
#5450=VECTOR('',#5440,1.);
#5460=LINE('',#5430,#5450);
#5470=CARTESIAN_POINT('',(0.0700000000000008,-0.399999999999998,3.685));
#5480=VERTEX_POINT('',#5470);
#5490=EDGE_CURVE('',#5400,#5480,#5460,.T.);
#5500=ORIENTED_EDGE('',*,*,#5490,.F.);
#5510=CARTESIAN_POINT('',(0.0700000000000008,-0.399999999999998,3.835));
#5520=DIRECTION('',(0.,0.,-1.));
#5530=VECTOR('',#5520,1.);
#5540=LINE('',#5510,#5530);
#5550=CARTESIAN_POINT('',(0.0700000000000007,-0.399999999999998,3.835));
#5560=VERTEX_POINT('',#5550);
#5570=EDGE_CURVE('',#5560,#5480,#5540,.T.);
#5580=ORIENTED_EDGE('',*,*,#5570,.T.);
#5590=CARTESIAN_POINT('',(0.070000000000001,-0.399999999999998,3.835));
#5600=DIRECTION('',(0.,-1.,0.));
#5610=VECTOR('',#5600,1.);
#5620=LINE('',#5590,#5610);
#5630=CARTESIAN_POINT('',(0.0700000000000011,-0.499999999999997,3.835));
#5640=VERTEX_POINT('',#5630);
#5650=EDGE_CURVE('',#5560,#5640,#5620,.T.);
#5660=ORIENTED_EDGE('',*,*,#5650,.F.);
#5670=CARTESIAN_POINT('',(0.0700000000000011,-0.499999999999997,3.835));
#5680=DIRECTION('',(0.,0.,1.));
#5690=VECTOR('',#5680,1.);
#5700=LINE('',#5670,#5690);
#5710=CARTESIAN_POINT('',(0.0700000000000012,-0.499999999999997,4.085));
#5720=VERTEX_POINT('',#5710);
#5730=EDGE_CURVE('',#5640,#5720,#5700,.T.);
#5740=ORIENTED_EDGE('',*,*,#5730,.F.);
#5750=CARTESIAN_POINT('',(0.070000000000001,-0.499999999999997,4.085));
#5760=DIRECTION('',(0.,1.,0.));
#5770=VECTOR('',#5760,1.);
#5780=LINE('',#5750,#5770);
#5790=CARTESIAN_POINT('',(0.0700000000000008,-0.399999999999998,4.085));
#5800=VERTEX_POINT('',#5790);
#5810=EDGE_CURVE('',#5720,#5800,#5780,.T.);
#5820=ORIENTED_EDGE('',*,*,#5810,.F.);
#5830=CARTESIAN_POINT('',(0.0700000000000008,-0.399999999999998,4.235));
#5840=DIRECTION('',(0.,0.,-1.));
#5850=VECTOR('',#5840,1.);
#5860=LINE('',#5830,#5850);
#5870=CARTESIAN_POINT('',(0.0700000000000007,-0.399999999999998,4.235));
#5880=VERTEX_POINT('',#5870);
#5890=EDGE_CURVE('',#5880,#5800,#5860,.T.);
#5900=ORIENTED_EDGE('',*,*,#5890,.T.);
#5910=CARTESIAN_POINT('',(0.070000000000001,-0.399999999999998,4.235));
#5920=DIRECTION('',(0.,-1.,0.));
#5930=VECTOR('',#5920,1.);
#5940=LINE('',#5910,#5930);
#5950=CARTESIAN_POINT('',(0.0700000000000011,-0.499999999999997,4.235));
#5960=VERTEX_POINT('',#5950);
#5970=EDGE_CURVE('',#5880,#5960,#5940,.T.);
#5980=ORIENTED_EDGE('',*,*,#5970,.F.);
#5990=CARTESIAN_POINT('',(0.0700000000000011,-0.499999999999997,4.235));
#6000=DIRECTION('',(0.,0.,1.));
#6010=VECTOR('',#6000,1.);
#6020=LINE('',#5990,#6010);
#6030=CARTESIAN_POINT('',(0.0700000000000012,-0.499999999999997,4.485));
#6040=VERTEX_POINT('',#6030);
#6050=EDGE_CURVE('',#5960,#6040,#6020,.T.);
#6060=ORIENTED_EDGE('',*,*,#6050,.F.);
#6070=CARTESIAN_POINT('',(0.070000000000001,-0.499999999999997,4.485));
#6080=DIRECTION('',(0.,1.,0.));
#6090=VECTOR('',#6080,1.);
#6100=LINE('',#6070,#6090);
#6110=CARTESIAN_POINT('',(0.0700000000000008,-0.399999999999998,4.485));
#6120=VERTEX_POINT('',#6110);
#6130=EDGE_CURVE('',#6040,#6120,#6100,.T.);
#6140=ORIENTED_EDGE('',*,*,#6130,.F.);
#6150=CARTESIAN_POINT('',(0.0700000000000008,-0.399999999999998,4.635));
#6160=DIRECTION('',(0.,0.,-1.));
#6170=VECTOR('',#6160,1.);
#6180=LINE('',#6150,#6170);
#6190=CARTESIAN_POINT('',(0.0700000000000007,-0.399999999999998,4.635));
#6200=VERTEX_POINT('',#6190);
#6210=EDGE_CURVE('',#6200,#6120,#6180,.T.);
#6220=ORIENTED_EDGE('',*,*,#6210,.T.);
#6230=CARTESIAN_POINT('',(0.070000000000001,-0.399999999999998,4.635));
#6240=DIRECTION('',(0.,-1.,0.));
#6250=VECTOR('',#6240,1.);
#6260=LINE('',#6230,#6250);
#6270=CARTESIAN_POINT('',(0.0700000000000011,-0.499999999999997,4.635));
#6280=VERTEX_POINT('',#6270);
#6290=EDGE_CURVE('',#6200,#6280,#6260,.T.);
#6300=ORIENTED_EDGE('',*,*,#6290,.F.);
#6310=CARTESIAN_POINT('',(0.0700000000000011,-0.499999999999997,4.635));
#6320=DIRECTION('',(0.,0.,1.));
#6330=VECTOR('',#6320,1.);
#6340=LINE('',#6310,#6330);
#6350=CARTESIAN_POINT('',(0.0700000000000012,-0.499999999999997,4.885));
#6360=VERTEX_POINT('',#6350);
#6370=EDGE_CURVE('',#6280,#6360,#6340,.T.);
#6380=ORIENTED_EDGE('',*,*,#6370,.F.);
#6390=CARTESIAN_POINT('',(0.070000000000001,-0.499999999999997,4.885));
#6400=DIRECTION('',(0.,1.,0.));
#6410=VECTOR('',#6400,1.);
#6420=LINE('',#6390,#6410);
#6430=CARTESIAN_POINT('',(0.0700000000000008,-0.399999999999998,4.885));
#6440=VERTEX_POINT('',#6430);
#6450=EDGE_CURVE('',#6360,#6440,#6420,.T.);
#6460=ORIENTED_EDGE('',*,*,#6450,.F.);
#6470=CARTESIAN_POINT('',(0.0700000000000008,-0.399999999999998,5.035));
#6480=DIRECTION('',(0.,0.,-1.));
#6490=VECTOR('',#6480,1.);
#6500=LINE('',#6470,#6490);
#6510=CARTESIAN_POINT('',(0.0700000000000007,-0.399999999999998,5.035));
#6520=VERTEX_POINT('',#6510);
#6530=EDGE_CURVE('',#6520,#6440,#6500,.T.);
#6540=ORIENTED_EDGE('',*,*,#6530,.T.);
#6550=CARTESIAN_POINT('',(0.070000000000001,-0.399999999999998,5.035));
#6560=DIRECTION('',(0.,-1.,0.));
#6570=VECTOR('',#6560,1.);
#6580=LINE('',#6550,#6570);
#6590=CARTESIAN_POINT('',(0.0700000000000011,-0.499999999999997,5.035));
#6600=VERTEX_POINT('',#6590);
#6610=EDGE_CURVE('',#6520,#6600,#6580,.T.);
#6620=ORIENTED_EDGE('',*,*,#6610,.F.);
#6630=CARTESIAN_POINT('',(0.0700000000000011,-0.499999999999997,5.035));
#6640=DIRECTION('',(0.,0.,1.));
#6650=VECTOR('',#6640,1.);
#6660=LINE('',#6630,#6650);
#6670=CARTESIAN_POINT('',(0.0700000000000012,-0.499999999999997,5.285));
#6680=VERTEX_POINT('',#6670);
#6690=EDGE_CURVE('',#6600,#6680,#6660,.T.);
#6700=ORIENTED_EDGE('',*,*,#6690,.F.);
#6710=CARTESIAN_POINT('',(0.070000000000001,-0.499999999999997,5.285));
#6720=DIRECTION('',(0.,1.,0.));
#6730=VECTOR('',#6720,1.);
#6740=LINE('',#6710,#6730);
#6750=CARTESIAN_POINT('',(0.0700000000000008,-0.399999999999998,5.285));
#6760=VERTEX_POINT('',#6750);
#6770=EDGE_CURVE('',#6680,#6760,#6740,.T.);
#6780=ORIENTED_EDGE('',*,*,#6770,.F.);
#6790=CARTESIAN_POINT('',(0.0700000000000008,-0.399999999999998,5.435));
#6800=DIRECTION('',(0.,0.,-1.));
#6810=VECTOR('',#6800,1.);
#6820=LINE('',#6790,#6810);
#6830=CARTESIAN_POINT('',(0.0700000000000007,-0.399999999999998,5.435));
#6840=VERTEX_POINT('',#6830);
#6850=EDGE_CURVE('',#6840,#6760,#6820,.T.);
#6860=ORIENTED_EDGE('',*,*,#6850,.T.);
#6870=CARTESIAN_POINT('',(0.070000000000001,-0.399999999999998,5.435));
#6880=DIRECTION('',(0.,-1.,0.));
#6890=VECTOR('',#6880,1.);
#6900=LINE('',#6870,#6890);
#6910=CARTESIAN_POINT('',(0.0700000000000011,-0.499999999999997,5.435));
#6920=VERTEX_POINT('',#6910);
#6930=EDGE_CURVE('',#6840,#6920,#6900,.T.);
#6940=ORIENTED_EDGE('',*,*,#6930,.F.);
#6950=CARTESIAN_POINT('',(0.0700000000000011,-0.499999999999997,5.435));
#6960=DIRECTION('',(0.,0.,1.));
#6970=VECTOR('',#6960,1.);
#6980=LINE('',#6950,#6970);
#6990=CARTESIAN_POINT('',(0.0700000000000012,-0.499999999999997,5.685));
#7000=VERTEX_POINT('',#6990);
#7010=EDGE_CURVE('',#6920,#7000,#6980,.T.);
#7020=ORIENTED_EDGE('',*,*,#7010,.F.);
#7030=CARTESIAN_POINT('',(0.070000000000001,-0.499999999999997,5.685));
#7040=DIRECTION('',(0.,1.,0.));
#7050=VECTOR('',#7040,1.);
#7060=LINE('',#7030,#7050);
#7070=CARTESIAN_POINT('',(0.0700000000000008,-0.399999999999998,5.685));
#7080=VERTEX_POINT('',#7070);
#7090=EDGE_CURVE('',#7000,#7080,#7060,.T.);
#7100=ORIENTED_EDGE('',*,*,#7090,.F.);
#7110=CARTESIAN_POINT('',(0.0700000000000008,-0.399999999999998,5.835));
#7120=DIRECTION('',(0.,0.,-1.));
#7130=VECTOR('',#7120,1.);
#7140=LINE('',#7110,#7130);
#7150=CARTESIAN_POINT('',(0.0700000000000007,-0.399999999999998,5.835));
#7160=VERTEX_POINT('',#7150);
#7170=EDGE_CURVE('',#7160,#7080,#7140,.T.);
#7180=ORIENTED_EDGE('',*,*,#7170,.T.);
#7190=CARTESIAN_POINT('',(0.070000000000001,-0.399999999999998,5.835));
#7200=DIRECTION('',(0.,-1.,0.));
#7210=VECTOR('',#7200,1.);
#7220=LINE('',#7190,#7210);
#7230=CARTESIAN_POINT('',(0.0700000000000011,-0.499999999999997,5.835));
#7240=VERTEX_POINT('',#7230);
#7250=EDGE_CURVE('',#7160,#7240,#7220,.T.);
#7260=ORIENTED_EDGE('',*,*,#7250,.F.);
#7270=CARTESIAN_POINT('',(0.0700000000000011,-0.499999999999997,5.835));
#7280=DIRECTION('',(0.,0.,1.));
#7290=VECTOR('',#7280,1.);
#7300=LINE('',#7270,#7290);
#7310=CARTESIAN_POINT('',(0.0700000000000012,-0.499999999999997,6.085));
#7320=VERTEX_POINT('',#7310);
#7330=EDGE_CURVE('',#7240,#7320,#7300,.T.);
#7340=ORIENTED_EDGE('',*,*,#7330,.F.);
#7350=CARTESIAN_POINT('',(0.070000000000001,-0.499999999999997,6.085));
#7360=DIRECTION('',(0.,1.,0.));
#7370=VECTOR('',#7360,1.);
#7380=LINE('',#7350,#7370);
#7390=CARTESIAN_POINT('',(0.0700000000000008,-0.399999999999998,6.085));
#7400=VERTEX_POINT('',#7390);
#7410=EDGE_CURVE('',#7320,#7400,#7380,.T.);
#7420=ORIENTED_EDGE('',*,*,#7410,.F.);
#7430=CARTESIAN_POINT('',(0.0700000000000008,-0.399999999999998,6.235));
#7440=DIRECTION('',(0.,0.,-1.));
#7450=VECTOR('',#7440,1.);
#7460=LINE('',#7430,#7450);
#7470=CARTESIAN_POINT('',(0.0700000000000007,-0.399999999999998,6.235));
#7480=VERTEX_POINT('',#7470);
#7490=EDGE_CURVE('',#7480,#7400,#7460,.T.);
#7500=ORIENTED_EDGE('',*,*,#7490,.T.);
#7510=CARTESIAN_POINT('',(0.070000000000001,-0.399999999999998,6.235));
#7520=DIRECTION('',(0.,-1.,0.));
#7530=VECTOR('',#7520,1.);
#7540=LINE('',#7510,#7530);
#7550=CARTESIAN_POINT('',(0.0700000000000011,-0.499999999999997,6.235));
#7560=VERTEX_POINT('',#7550);
#7570=EDGE_CURVE('',#7480,#7560,#7540,.T.);
#7580=ORIENTED_EDGE('',*,*,#7570,.F.);
#7590=CARTESIAN_POINT('',(0.0700000000000011,-0.499999999999997,6.235));
#7600=DIRECTION('',(0.,0.,1.));
#7610=VECTOR('',#7600,1.);
#7620=LINE('',#7590,#7610);
#7630=CARTESIAN_POINT('',(0.0700000000000012,-0.499999999999997,6.485));
#7640=VERTEX_POINT('',#7630);
#7650=EDGE_CURVE('',#7560,#7640,#7620,.T.);
#7660=ORIENTED_EDGE('',*,*,#7650,.F.);
#7670=CARTESIAN_POINT('',(0.070000000000001,-0.499999999999997,6.485));
#7680=DIRECTION('',(0.,1.,0.));
#7690=VECTOR('',#7680,1.);
#7700=LINE('',#7670,#7690);
#7710=CARTESIAN_POINT('',(0.0700000000000008,-0.399999999999998,6.485));
#7720=VERTEX_POINT('',#7710);
#7730=EDGE_CURVE('',#7640,#7720,#7700,.T.);
#7740=ORIENTED_EDGE('',*,*,#7730,.F.);
#7750=CARTESIAN_POINT('',(0.0700000000000008,-0.399999999999998,6.635));
#7760=DIRECTION('',(0.,0.,-1.));
#7770=VECTOR('',#7760,1.);
#7780=LINE('',#7750,#7770);
#7790=CARTESIAN_POINT('',(0.0700000000000007,-0.399999999999998,6.635));
#7800=VERTEX_POINT('',#7790);
#7810=EDGE_CURVE('',#7800,#7720,#7780,.T.);
#7820=ORIENTED_EDGE('',*,*,#7810,.T.);
#7830=CARTESIAN_POINT('',(0.070000000000001,-0.399999999999998,6.635));
#7840=DIRECTION('',(0.,-1.,0.));
#7850=VECTOR('',#7840,1.);
#7860=LINE('',#7830,#7850);
#7870=CARTESIAN_POINT('',(0.0700000000000011,-0.499999999999997,6.635));
#7880=VERTEX_POINT('',#7870);
#7890=EDGE_CURVE('',#7800,#7880,#7860,.T.);
#7900=ORIENTED_EDGE('',*,*,#7890,.F.);
#7910=CARTESIAN_POINT('',(0.0700000000000011,-0.499999999999997,6.635));
#7920=DIRECTION('',(0.,0.,1.));
#7930=VECTOR('',#7920,1.);
#7940=LINE('',#7910,#7930);
#7950=CARTESIAN_POINT('',(0.0700000000000012,-0.499999999999997,6.885));
#7960=VERTEX_POINT('',#7950);
#7970=EDGE_CURVE('',#7880,#7960,#7940,.T.);
#7980=ORIENTED_EDGE('',*,*,#7970,.F.);
#7990=CARTESIAN_POINT('',(0.070000000000001,-0.499999999999997,6.885));
#8000=DIRECTION('',(0.,1.,0.));
#8010=VECTOR('',#8000,1.);
#8020=LINE('',#7990,#8010);
#8030=CARTESIAN_POINT('',(0.0700000000000008,-0.399999999999998,6.885));
#8040=VERTEX_POINT('',#8030);
#8050=EDGE_CURVE('',#7960,#8040,#8020,.T.);
#8060=ORIENTED_EDGE('',*,*,#8050,.F.);
#8070=CARTESIAN_POINT('',(0.0700000000000008,-0.399999999999998,7.035));
#8080=DIRECTION('',(0.,0.,-1.));
#8090=VECTOR('',#8080,1.);
#8100=LINE('',#8070,#8090);
#8110=CARTESIAN_POINT('',(0.0700000000000007,-0.399999999999998,7.035));
#8120=VERTEX_POINT('',#8110);
#8130=EDGE_CURVE('',#8120,#8040,#8100,.T.);
#8140=ORIENTED_EDGE('',*,*,#8130,.T.);
#8150=CARTESIAN_POINT('',(0.070000000000001,-0.399999999999998,7.035));
#8160=DIRECTION('',(0.,-1.,0.));
#8170=VECTOR('',#8160,1.);
#8180=LINE('',#8150,#8170);
#8190=CARTESIAN_POINT('',(0.0700000000000011,-0.499999999999997,7.035));
#8200=VERTEX_POINT('',#8190);
#8210=EDGE_CURVE('',#8120,#8200,#8180,.T.);
#8220=ORIENTED_EDGE('',*,*,#8210,.F.);
#8230=CARTESIAN_POINT('',(0.0700000000000011,-0.499999999999997,7.035));
#8240=DIRECTION('',(0.,0.,1.));
#8250=VECTOR('',#8240,1.);
#8260=LINE('',#8230,#8250);
#8270=CARTESIAN_POINT('',(0.0700000000000011,-0.499999999999997,7.42));
#8280=VERTEX_POINT('',#8270);
#8290=EDGE_CURVE('',#8200,#8280,#8260,.T.);
#8300=ORIENTED_EDGE('',*,*,#8290,.F.);
#8310=CARTESIAN_POINT('',(0.0700000000000011,-0.499999999999997,7.42));
#8320=DIRECTION('',(-3.57279218030966E-15,1.,0.));
#8330=VECTOR('',#8320,1.);
#8340=LINE('',#8310,#8330);
#8350=EDGE_CURVE('',#8280,#2600,#8340,.T.);
#8360=ORIENTED_EDGE('',*,*,#8350,.F.);
#8370=ORIENTED_EDGE('',*,*,#2610,.F.);
#8380=EDGE_LOOP('',(#8370,#8360,#8300,#8220,#8140,#8060,#7980,#7900,
#7820,#7740,#7660,#7580,#7500,#7420,#7340,#7260,#7180,#7100,#7020,#6940,
#6860,#6780,#6700,#6620,#6540,#6460,#6380,#6300,#6220,#6140,#6060,#5980,
#5900,#5820,#5740,#5660,#5580,#5500,#5420,#5340,#5260,#5180,#5100,#5020,
#4940,#4860,#4780,#4700,#4620,#4540,#4460,#4380,#4300,#4220,#4140,#4060,
#3980,#3900,#3820,#3740,#3660,#3580,#3500,#3420,#3340,#3260,#3180,#3100,
#3020,#2940,#2860,#2780));
#8390=FACE_OUTER_BOUND('',#8380,.T.);
#8400=ADVANCED_FACE('',(#8390),#2770,.T.);
#8410=CARTESIAN_POINT('',(0.0700000000000012,-0.499999999999997,0.));
#8420=DIRECTION('',(3.5527136788005E-15,-1.,0.));
#8430=DIRECTION('',(-1.,-3.5527136788005E-15,0.));
#8440=AXIS2_PLACEMENT_3D('',#8410,#8420,#8430);
#8450=PLANE('',#8440);
#8460=CARTESIAN_POINT('',(0.0700000000000011,-0.499999999999997,7.42));
#8470=DIRECTION('',(-0.707106781186547,-2.4532694666934E-15,
0.707106781186548));
#8480=VECTOR('',#8470,1.);
#8490=LINE('',#8460,#8480);
#8500=CARTESIAN_POINT('',(-0.00999999999999908,-0.499999999999997,7.5));
#8510=VERTEX_POINT('',#8500);
#8520=EDGE_CURVE('',#8280,#8510,#8490,.T.);
#8530=ORIENTED_EDGE('',*,*,#8520,.T.);
#8540=ORIENTED_EDGE('',*,*,#8290,.T.);
#8550=CARTESIAN_POINT('',(0.17,-0.499999999999997,7.035));
#8560=DIRECTION('',(-1.,-3.33066907387551E-15,0.));
#8570=VECTOR('',#8560,1.);
#8580=LINE('',#8550,#8570);
#8590=CARTESIAN_POINT('',(0.17,-0.499999999999998,7.035));
#8600=VERTEX_POINT('',#8590);
#8610=EDGE_CURVE('',#8600,#8200,#8580,.T.);
#8620=ORIENTED_EDGE('',*,*,#8610,.T.);
#8630=CARTESIAN_POINT('',(0.17,-0.499999999999998,7.035));
#8640=DIRECTION('',(0.,0.,-1.));
#8650=VECTOR('',#8640,1.);
#8660=LINE('',#8630,#8650);
#8670=CARTESIAN_POINT('',(0.169999999999996,-0.499999999999997,6.885));
#8680=VERTEX_POINT('',#8670);
#8690=EDGE_CURVE('',#8600,#8680,#8660,.T.);
#8700=ORIENTED_EDGE('',*,*,#8690,.F.);
#8710=CARTESIAN_POINT('',(0.0700000000000011,-0.499999999999997,6.885));
#8720=DIRECTION('',(1.,3.33066907387551E-15,0.));
#8730=VECTOR('',#8720,1.);
#8740=LINE('',#8710,#8730);
#8750=EDGE_CURVE('',#7960,#8680,#8740,.T.);
#8760=ORIENTED_EDGE('',*,*,#8750,.T.);
#8770=ORIENTED_EDGE('',*,*,#7970,.T.);
#8780=CARTESIAN_POINT('',(0.17,-0.499999999999997,6.635));
#8790=DIRECTION('',(-1.,-3.33066907387551E-15,0.));
#8800=VECTOR('',#8790,1.);
#8810=LINE('',#8780,#8800);
#8820=CARTESIAN_POINT('',(0.17,-0.499999999999998,6.635));
#8830=VERTEX_POINT('',#8820);
#8840=EDGE_CURVE('',#8830,#7880,#8810,.T.);
#8850=ORIENTED_EDGE('',*,*,#8840,.T.);
#8860=CARTESIAN_POINT('',(0.17,-0.499999999999998,6.635));
#8870=DIRECTION('',(0.,0.,-1.));
#8880=VECTOR('',#8870,1.);
#8890=LINE('',#8860,#8880);
#8900=CARTESIAN_POINT('',(0.169999999999996,-0.499999999999997,6.485));
#8910=VERTEX_POINT('',#8900);
#8920=EDGE_CURVE('',#8830,#8910,#8890,.T.);
#8930=ORIENTED_EDGE('',*,*,#8920,.F.);
#8940=CARTESIAN_POINT('',(0.0700000000000011,-0.499999999999997,6.485));
#8950=DIRECTION('',(1.,3.33066907387551E-15,0.));
#8960=VECTOR('',#8950,1.);
#8970=LINE('',#8940,#8960);
#8980=EDGE_CURVE('',#7640,#8910,#8970,.T.);
#8990=ORIENTED_EDGE('',*,*,#8980,.T.);
#9000=ORIENTED_EDGE('',*,*,#7650,.T.);
#9010=CARTESIAN_POINT('',(0.17,-0.499999999999997,6.235));
#9020=DIRECTION('',(-1.,-3.33066907387551E-15,0.));
#9030=VECTOR('',#9020,1.);
#9040=LINE('',#9010,#9030);
#9050=CARTESIAN_POINT('',(0.17,-0.499999999999998,6.235));
#9060=VERTEX_POINT('',#9050);
#9070=EDGE_CURVE('',#9060,#7560,#9040,.T.);
#9080=ORIENTED_EDGE('',*,*,#9070,.T.);
#9090=CARTESIAN_POINT('',(0.17,-0.499999999999998,6.235));
#9100=DIRECTION('',(0.,0.,-1.));
#9110=VECTOR('',#9100,1.);
#9120=LINE('',#9090,#9110);
#9130=CARTESIAN_POINT('',(0.169999999999996,-0.499999999999997,6.085));
#9140=VERTEX_POINT('',#9130);
#9150=EDGE_CURVE('',#9060,#9140,#9120,.T.);
#9160=ORIENTED_EDGE('',*,*,#9150,.F.);
#9170=CARTESIAN_POINT('',(0.0700000000000011,-0.499999999999997,6.085));
#9180=DIRECTION('',(1.,3.33066907387551E-15,0.));
#9190=VECTOR('',#9180,1.);
#9200=LINE('',#9170,#9190);
#9210=EDGE_CURVE('',#7320,#9140,#9200,.T.);
#9220=ORIENTED_EDGE('',*,*,#9210,.T.);
#9230=ORIENTED_EDGE('',*,*,#7330,.T.);
#9240=CARTESIAN_POINT('',(0.17,-0.499999999999997,5.835));
#9250=DIRECTION('',(-1.,-3.33066907387551E-15,0.));
#9260=VECTOR('',#9250,1.);
#9270=LINE('',#9240,#9260);
#9280=CARTESIAN_POINT('',(0.17,-0.499999999999998,5.835));
#9290=VERTEX_POINT('',#9280);
#9300=EDGE_CURVE('',#9290,#7240,#9270,.T.);
#9310=ORIENTED_EDGE('',*,*,#9300,.T.);
#9320=CARTESIAN_POINT('',(0.17,-0.499999999999998,5.835));
#9330=DIRECTION('',(0.,0.,-1.));
#9340=VECTOR('',#9330,1.);
#9350=LINE('',#9320,#9340);
#9360=CARTESIAN_POINT('',(0.169999999999996,-0.499999999999997,5.685));
#9370=VERTEX_POINT('',#9360);
#9380=EDGE_CURVE('',#9290,#9370,#9350,.T.);
#9390=ORIENTED_EDGE('',*,*,#9380,.F.);
#9400=CARTESIAN_POINT('',(0.0700000000000011,-0.499999999999997,5.685));
#9410=DIRECTION('',(1.,3.33066907387551E-15,0.));
#9420=VECTOR('',#9410,1.);
#9430=LINE('',#9400,#9420);
#9440=EDGE_CURVE('',#7000,#9370,#9430,.T.);
#9450=ORIENTED_EDGE('',*,*,#9440,.T.);
#9460=ORIENTED_EDGE('',*,*,#7010,.T.);
#9470=CARTESIAN_POINT('',(0.17,-0.499999999999997,5.435));
#9480=DIRECTION('',(-1.,-3.33066907387551E-15,0.));
#9490=VECTOR('',#9480,1.);
#9500=LINE('',#9470,#9490);
#9510=CARTESIAN_POINT('',(0.17,-0.499999999999998,5.435));
#9520=VERTEX_POINT('',#9510);
#9530=EDGE_CURVE('',#9520,#6920,#9500,.T.);
#9540=ORIENTED_EDGE('',*,*,#9530,.T.);
#9550=CARTESIAN_POINT('',(0.17,-0.499999999999998,5.435));
#9560=DIRECTION('',(0.,0.,-1.));
#9570=VECTOR('',#9560,1.);
#9580=LINE('',#9550,#9570);
#9590=CARTESIAN_POINT('',(0.169999999999996,-0.499999999999997,5.285));
#9600=VERTEX_POINT('',#9590);
#9610=EDGE_CURVE('',#9520,#9600,#9580,.T.);
#9620=ORIENTED_EDGE('',*,*,#9610,.F.);
#9630=CARTESIAN_POINT('',(0.0700000000000011,-0.499999999999997,5.285));
#9640=DIRECTION('',(1.,3.33066907387551E-15,0.));
#9650=VECTOR('',#9640,1.);
#9660=LINE('',#9630,#9650);
#9670=EDGE_CURVE('',#6680,#9600,#9660,.T.);
#9680=ORIENTED_EDGE('',*,*,#9670,.T.);
#9690=ORIENTED_EDGE('',*,*,#6690,.T.);
#9700=CARTESIAN_POINT('',(0.17,-0.499999999999997,5.035));
#9710=DIRECTION('',(-1.,-3.33066907387551E-15,0.));
#9720=VECTOR('',#9710,1.);
#9730=LINE('',#9700,#9720);
#9740=CARTESIAN_POINT('',(0.17,-0.499999999999998,5.035));
#9750=VERTEX_POINT('',#9740);
#9760=EDGE_CURVE('',#9750,#6600,#9730,.T.);
#9770=ORIENTED_EDGE('',*,*,#9760,.T.);
#9780=CARTESIAN_POINT('',(0.17,-0.499999999999998,5.035));
#9790=DIRECTION('',(0.,0.,-1.));
#9800=VECTOR('',#9790,1.);
#9810=LINE('',#9780,#9800);
#9820=CARTESIAN_POINT('',(0.169999999999996,-0.499999999999997,4.885));
#9830=VERTEX_POINT('',#9820);
#9840=EDGE_CURVE('',#9750,#9830,#9810,.T.);
#9850=ORIENTED_EDGE('',*,*,#9840,.F.);
#9860=CARTESIAN_POINT('',(0.0700000000000011,-0.499999999999997,4.885));
#9870=DIRECTION('',(1.,3.33066907387551E-15,0.));
#9880=VECTOR('',#9870,1.);
#9890=LINE('',#9860,#9880);
#9900=EDGE_CURVE('',#6360,#9830,#9890,.T.);
#9910=ORIENTED_EDGE('',*,*,#9900,.T.);
#9920=ORIENTED_EDGE('',*,*,#6370,.T.);
#9930=CARTESIAN_POINT('',(0.17,-0.499999999999997,4.635));
#9940=DIRECTION('',(-1.,-3.33066907387551E-15,0.));
#9950=VECTOR('',#9940,1.);
#9960=LINE('',#9930,#9950);
#9970=CARTESIAN_POINT('',(0.17,-0.499999999999998,4.635));
#9980=VERTEX_POINT('',#9970);
#9990=EDGE_CURVE('',#9980,#6280,#9960,.T.);
#10000=ORIENTED_EDGE('',*,*,#9990,.T.);
#10010=CARTESIAN_POINT('',(0.17,-0.499999999999998,4.635));
#10020=DIRECTION('',(0.,0.,-1.));
#10030=VECTOR('',#10020,1.);
#10040=LINE('',#10010,#10030);
#10050=CARTESIAN_POINT('',(0.169999999999996,-0.499999999999997,4.485));
#10060=VERTEX_POINT('',#10050);
#10070=EDGE_CURVE('',#9980,#10060,#10040,.T.);
#10080=ORIENTED_EDGE('',*,*,#10070,.F.);
#10090=CARTESIAN_POINT('',(0.0700000000000011,-0.499999999999997,4.485))
;
#10100=DIRECTION('',(1.,3.33066907387551E-15,0.));
#10110=VECTOR('',#10100,1.);
#10120=LINE('',#10090,#10110);
#10130=EDGE_CURVE('',#6040,#10060,#10120,.T.);
#10140=ORIENTED_EDGE('',*,*,#10130,.T.);
#10150=ORIENTED_EDGE('',*,*,#6050,.T.);
#10160=CARTESIAN_POINT('',(0.17,-0.499999999999997,4.235));
#10170=DIRECTION('',(-1.,-3.33066907387551E-15,0.));
#10180=VECTOR('',#10170,1.);
#10190=LINE('',#10160,#10180);
#10200=CARTESIAN_POINT('',(0.17,-0.499999999999998,4.235));
#10210=VERTEX_POINT('',#10200);
#10220=EDGE_CURVE('',#10210,#5960,#10190,.T.);
#10230=ORIENTED_EDGE('',*,*,#10220,.T.);
#10240=CARTESIAN_POINT('',(0.17,-0.499999999999998,4.235));
#10250=DIRECTION('',(0.,0.,-1.));
#10260=VECTOR('',#10250,1.);
#10270=LINE('',#10240,#10260);
#10280=CARTESIAN_POINT('',(0.169999999999996,-0.499999999999997,4.085));
#10290=VERTEX_POINT('',#10280);
#10300=EDGE_CURVE('',#10210,#10290,#10270,.T.);
#10310=ORIENTED_EDGE('',*,*,#10300,.F.);
#10320=CARTESIAN_POINT('',(0.0700000000000011,-0.499999999999997,4.085))
;
#10330=DIRECTION('',(1.,3.33066907387551E-15,0.));
#10340=VECTOR('',#10330,1.);
#10350=LINE('',#10320,#10340);
#10360=EDGE_CURVE('',#5720,#10290,#10350,.T.);
#10370=ORIENTED_EDGE('',*,*,#10360,.T.);
#10380=ORIENTED_EDGE('',*,*,#5730,.T.);
#10390=CARTESIAN_POINT('',(0.17,-0.499999999999997,3.835));
#10400=DIRECTION('',(-1.,-3.33066907387551E-15,0.));
#10410=VECTOR('',#10400,1.);
#10420=LINE('',#10390,#10410);
#10430=CARTESIAN_POINT('',(0.17,-0.499999999999998,3.835));
#10440=VERTEX_POINT('',#10430);
#10450=EDGE_CURVE('',#10440,#5640,#10420,.T.);
#10460=ORIENTED_EDGE('',*,*,#10450,.T.);
#10470=CARTESIAN_POINT('',(0.17,-0.499999999999998,3.835));
#10480=DIRECTION('',(0.,0.,-1.));
#10490=VECTOR('',#10480,1.);
#10500=LINE('',#10470,#10490);
#10510=CARTESIAN_POINT('',(0.169999999999996,-0.499999999999997,3.685));
#10520=VERTEX_POINT('',#10510);
#10530=EDGE_CURVE('',#10440,#10520,#10500,.T.);
#10540=ORIENTED_EDGE('',*,*,#10530,.F.);
#10550=CARTESIAN_POINT('',(0.0700000000000011,-0.499999999999997,3.685))
;
#10560=DIRECTION('',(1.,3.33066907387551E-15,0.));
#10570=VECTOR('',#10560,1.);
#10580=LINE('',#10550,#10570);
#10590=EDGE_CURVE('',#5400,#10520,#10580,.T.);
#10600=ORIENTED_EDGE('',*,*,#10590,.T.);
#10610=ORIENTED_EDGE('',*,*,#5410,.T.);
#10620=CARTESIAN_POINT('',(0.17,-0.499999999999997,3.435));
#10630=DIRECTION('',(-1.,-3.33066907387551E-15,0.));
#10640=VECTOR('',#10630,1.);
#10650=LINE('',#10620,#10640);
#10660=CARTESIAN_POINT('',(0.17,-0.499999999999998,3.435));
#10670=VERTEX_POINT('',#10660);
#10680=EDGE_CURVE('',#10670,#5320,#10650,.T.);
#10690=ORIENTED_EDGE('',*,*,#10680,.T.);
#10700=CARTESIAN_POINT('',(0.17,-0.499999999999998,3.435));
#10710=DIRECTION('',(0.,0.,-1.));
#10720=VECTOR('',#10710,1.);
#10730=LINE('',#10700,#10720);
#10740=CARTESIAN_POINT('',(0.169999999999996,-0.499999999999997,3.285));
#10750=VERTEX_POINT('',#10740);
#10760=EDGE_CURVE('',#10670,#10750,#10730,.T.);
#10770=ORIENTED_EDGE('',*,*,#10760,.F.);
#10780=CARTESIAN_POINT('',(0.0700000000000011,-0.499999999999997,3.285))
;
#10790=DIRECTION('',(1.,3.33066907387551E-15,0.));
#10800=VECTOR('',#10790,1.);
#10810=LINE('',#10780,#10800);
#10820=EDGE_CURVE('',#5080,#10750,#10810,.T.);
#10830=ORIENTED_EDGE('',*,*,#10820,.T.);
#10840=ORIENTED_EDGE('',*,*,#5090,.T.);
#10850=CARTESIAN_POINT('',(0.17,-0.499999999999997,3.035));
#10860=DIRECTION('',(-1.,-3.33066907387551E-15,0.));
#10870=VECTOR('',#10860,1.);
#10880=LINE('',#10850,#10870);
#10890=CARTESIAN_POINT('',(0.17,-0.499999999999998,3.035));
#10900=VERTEX_POINT('',#10890);
#10910=EDGE_CURVE('',#10900,#5000,#10880,.T.);
#10920=ORIENTED_EDGE('',*,*,#10910,.T.);
#10930=CARTESIAN_POINT('',(0.17,-0.499999999999998,3.035));
#10940=DIRECTION('',(0.,0.,-1.));
#10950=VECTOR('',#10940,1.);
#10960=LINE('',#10930,#10950);
#10970=CARTESIAN_POINT('',(0.169999999999996,-0.499999999999997,2.885));
#10980=VERTEX_POINT('',#10970);
#10990=EDGE_CURVE('',#10900,#10980,#10960,.T.);
#11000=ORIENTED_EDGE('',*,*,#10990,.F.);
#11010=CARTESIAN_POINT('',(0.0700000000000011,-0.499999999999997,2.885))
;
#11020=DIRECTION('',(1.,3.33066907387551E-15,0.));
#11030=VECTOR('',#11020,1.);
#11040=LINE('',#11010,#11030);
#11050=EDGE_CURVE('',#4760,#10980,#11040,.T.);
#11060=ORIENTED_EDGE('',*,*,#11050,.T.);
#11070=ORIENTED_EDGE('',*,*,#4770,.T.);
#11080=CARTESIAN_POINT('',(0.17,-0.499999999999997,2.635));
#11090=DIRECTION('',(-1.,-3.33066907387551E-15,0.));
#11100=VECTOR('',#11090,1.);
#11110=LINE('',#11080,#11100);
#11120=CARTESIAN_POINT('',(0.17,-0.499999999999998,2.635));
#11130=VERTEX_POINT('',#11120);
#11140=EDGE_CURVE('',#11130,#4680,#11110,.T.);
#11150=ORIENTED_EDGE('',*,*,#11140,.T.);
#11160=CARTESIAN_POINT('',(0.17,-0.499999999999998,2.635));
#11170=DIRECTION('',(0.,0.,-1.));
#11180=VECTOR('',#11170,1.);
#11190=LINE('',#11160,#11180);
#11200=CARTESIAN_POINT('',(0.169999999999996,-0.499999999999997,2.485));
#11210=VERTEX_POINT('',#11200);
#11220=EDGE_CURVE('',#11130,#11210,#11190,.T.);
#11230=ORIENTED_EDGE('',*,*,#11220,.F.);
#11240=CARTESIAN_POINT('',(0.0700000000000011,-0.499999999999997,2.485))
;
#11250=DIRECTION('',(1.,3.33066907387551E-15,0.));
#11260=VECTOR('',#11250,1.);
#11270=LINE('',#11240,#11260);
#11280=EDGE_CURVE('',#4440,#11210,#11270,.T.);
#11290=ORIENTED_EDGE('',*,*,#11280,.T.);
#11300=ORIENTED_EDGE('',*,*,#4450,.T.);
#11310=CARTESIAN_POINT('',(0.17,-0.499999999999997,2.235));
#11320=DIRECTION('',(-1.,-3.33066907387551E-15,0.));
#11330=VECTOR('',#11320,1.);
#11340=LINE('',#11310,#11330);
#11350=CARTESIAN_POINT('',(0.17,-0.499999999999998,2.235));
#11360=VERTEX_POINT('',#11350);
#11370=EDGE_CURVE('',#11360,#4360,#11340,.T.);
#11380=ORIENTED_EDGE('',*,*,#11370,.T.);
#11390=CARTESIAN_POINT('',(0.17,-0.499999999999998,2.235));
#11400=DIRECTION('',(0.,0.,-1.));
#11410=VECTOR('',#11400,1.);
#11420=LINE('',#11390,#11410);
#11430=CARTESIAN_POINT('',(0.169999999999996,-0.499999999999997,2.085));
#11440=VERTEX_POINT('',#11430);
#11450=EDGE_CURVE('',#11360,#11440,#11420,.T.);
#11460=ORIENTED_EDGE('',*,*,#11450,.F.);
#11470=CARTESIAN_POINT('',(0.0700000000000011,-0.499999999999997,2.085))
;
#11480=DIRECTION('',(1.,3.33066907387551E-15,0.));
#11490=VECTOR('',#11480,1.);
#11500=LINE('',#11470,#11490);
#11510=EDGE_CURVE('',#4120,#11440,#11500,.T.);
#11520=ORIENTED_EDGE('',*,*,#11510,.T.);
#11530=ORIENTED_EDGE('',*,*,#4130,.T.);
#11540=CARTESIAN_POINT('',(0.17,-0.499999999999997,1.835));
#11550=DIRECTION('',(-1.,-3.33066907387551E-15,0.));
#11560=VECTOR('',#11550,1.);
#11570=LINE('',#11540,#11560);
#11580=CARTESIAN_POINT('',(0.17,-0.499999999999998,1.835));
#11590=VERTEX_POINT('',#11580);
#11600=EDGE_CURVE('',#11590,#4040,#11570,.T.);
#11610=ORIENTED_EDGE('',*,*,#11600,.T.);
#11620=CARTESIAN_POINT('',(0.17,-0.499999999999998,1.835));
#11630=DIRECTION('',(0.,0.,-1.));
#11640=VECTOR('',#11630,1.);
#11650=LINE('',#11620,#11640);
#11660=CARTESIAN_POINT('',(0.169999999999996,-0.499999999999997,1.685));
#11670=VERTEX_POINT('',#11660);
#11680=EDGE_CURVE('',#11590,#11670,#11650,.T.);
#11690=ORIENTED_EDGE('',*,*,#11680,.F.);
#11700=CARTESIAN_POINT('',(0.0700000000000011,-0.499999999999997,1.685))
;
#11710=DIRECTION('',(1.,3.33066907387551E-15,0.));
#11720=VECTOR('',#11710,1.);
#11730=LINE('',#11700,#11720);
#11740=EDGE_CURVE('',#3800,#11670,#11730,.T.);
#11750=ORIENTED_EDGE('',*,*,#11740,.T.);
#11760=ORIENTED_EDGE('',*,*,#3810,.T.);
#11770=CARTESIAN_POINT('',(0.17,-0.499999999999997,1.435));
#11780=DIRECTION('',(-1.,-3.33066907387551E-15,0.));
#11790=VECTOR('',#11780,1.);
#11800=LINE('',#11770,#11790);
#11810=CARTESIAN_POINT('',(0.17,-0.499999999999998,1.435));
#11820=VERTEX_POINT('',#11810);
#11830=EDGE_CURVE('',#11820,#3720,#11800,.T.);
#11840=ORIENTED_EDGE('',*,*,#11830,.T.);
#11850=CARTESIAN_POINT('',(0.17,-0.499999999999998,1.435));
#11860=DIRECTION('',(0.,0.,-1.));
#11870=VECTOR('',#11860,1.);
#11880=LINE('',#11850,#11870);
#11890=CARTESIAN_POINT('',(0.169999999999996,-0.499999999999997,1.285));
#11900=VERTEX_POINT('',#11890);
#11910=EDGE_CURVE('',#11820,#11900,#11880,.T.);
#11920=ORIENTED_EDGE('',*,*,#11910,.F.);
#11930=CARTESIAN_POINT('',(0.0700000000000011,-0.499999999999997,1.285))
;
#11940=DIRECTION('',(1.,3.33066907387551E-15,0.));
#11950=VECTOR('',#11940,1.);
#11960=LINE('',#11930,#11950);
#11970=EDGE_CURVE('',#3480,#11900,#11960,.T.);
#11980=ORIENTED_EDGE('',*,*,#11970,.T.);
#11990=ORIENTED_EDGE('',*,*,#3490,.T.);
#12000=CARTESIAN_POINT('',(0.17,-0.499999999999997,1.035));
#12010=DIRECTION('',(-1.,-3.33066907387551E-15,0.));
#12020=VECTOR('',#12010,1.);
#12030=LINE('',#12000,#12020);
#12040=CARTESIAN_POINT('',(0.17,-0.499999999999998,1.035));
#12050=VERTEX_POINT('',#12040);
#12060=EDGE_CURVE('',#12050,#3400,#12030,.T.);
#12070=ORIENTED_EDGE('',*,*,#12060,.T.);
#12080=CARTESIAN_POINT('',(0.17,-0.499999999999998,1.035));
#12090=DIRECTION('',(0.,0.,-1.));
#12100=VECTOR('',#12090,1.);
#12110=LINE('',#12080,#12100);
#12120=CARTESIAN_POINT('',(0.169999999999996,-0.499999999999997,0.885));
#12130=VERTEX_POINT('',#12120);
#12140=EDGE_CURVE('',#12050,#12130,#12110,.T.);
#12150=ORIENTED_EDGE('',*,*,#12140,.F.);
#12160=CARTESIAN_POINT('',(0.0700000000000011,-0.499999999999997,0.885))
;
#12170=DIRECTION('',(1.,3.33066907387551E-15,0.));
#12180=VECTOR('',#12170,1.);
#12190=LINE('',#12160,#12180);
#12200=EDGE_CURVE('',#3160,#12130,#12190,.T.);
#12210=ORIENTED_EDGE('',*,*,#12200,.T.);
#12220=ORIENTED_EDGE('',*,*,#3170,.T.);
#12230=CARTESIAN_POINT('',(0.17,-0.499999999999997,0.635));
#12240=DIRECTION('',(-1.,-3.33066907387551E-15,0.));
#12250=VECTOR('',#12240,1.);
#12260=LINE('',#12230,#12250);
#12270=CARTESIAN_POINT('',(0.17,-0.499999999999998,0.635));
#12280=VERTEX_POINT('',#12270);
#12290=EDGE_CURVE('',#12280,#3080,#12260,.T.);
#12300=ORIENTED_EDGE('',*,*,#12290,.T.);
#12310=CARTESIAN_POINT('',(0.17,-0.499999999999998,0.635));
#12320=DIRECTION('',(0.,0.,-1.));
#12330=VECTOR('',#12320,1.);
#12340=LINE('',#12310,#12330);
#12350=CARTESIAN_POINT('',(0.169999999999996,-0.499999999999997,0.485));
#12360=VERTEX_POINT('',#12350);
#12370=EDGE_CURVE('',#12280,#12360,#12340,.T.);
#12380=ORIENTED_EDGE('',*,*,#12370,.F.);
#12390=CARTESIAN_POINT('',(0.0700000000000011,-0.499999999999997,0.485))
;
#12400=DIRECTION('',(1.,3.33066907387551E-15,0.));
#12410=VECTOR('',#12400,1.);
#12420=LINE('',#12390,#12410);
#12430=EDGE_CURVE('',#2840,#12360,#12420,.T.);
#12440=ORIENTED_EDGE('',*,*,#12430,.T.);
#12450=ORIENTED_EDGE('',*,*,#2850,.T.);
#12460=ORIENTED_EDGE('',*,*,#300,.T.);
#12470=CARTESIAN_POINT('',(-0.0099999999999989,-0.499999999999997,7.5));
#12480=DIRECTION('',(0.,0.,-1.));
#12490=VECTOR('',#12480,1.);
#12500=LINE('',#12470,#12490);
#12510=EDGE_CURVE('',#8510,#210,#12500,.T.);
#12520=ORIENTED_EDGE('',*,*,#12510,.T.);
#12530=EDGE_LOOP('',(#12520,#12460,#12450,#12440,#12380,#12300,#12220,
#12210,#12150,#12070,#11990,#11980,#11920,#11840,#11760,#11750,#11690,
#11610,#11530,#11520,#11460,#11380,#11300,#11290,#11230,#11150,#11070,
#11060,#11000,#10920,#10840,#10830,#10770,#10690,#10610,#10600,#10540,
#10460,#10380,#10370,#10310,#10230,#10150,#10140,#10080,#10000,#9920,
#9910,#9850,#9770,#9690,#9680,#9620,#9540,#9460,#9450,#9390,#9310,#9230,
#9220,#9160,#9080,#9000,#8990,#8930,#8850,#8770,#8760,#8700,#8620,#8540,
#8530));
#12540=FACE_OUTER_BOUND('',#12530,.T.);
#12550=ADVANCED_FACE('',(#12540),#8450,.T.);
#12560=CARTESIAN_POINT('',(-0.0099999999999989,-0.499999999999997,-2.));
#12570=DIRECTION('',(1.,3.5527136788005E-15,0.));
#12580=DIRECTION('',(3.5527136788005E-15,-1.,0.));
#12590=AXIS2_PLACEMENT_3D('',#12560,#12570,#12580);
#12600=PLANE('',#12590);
#12610=CARTESIAN_POINT('',(-0.00999999999999877,-0.6,7.5));
#12620=DIRECTION('',(-3.57353036051213E-15,1.,0.));
#12630=VECTOR('',#12620,1.);
#12640=LINE('',#12610,#12630);
#12650=CARTESIAN_POINT('',(-0.00999999999999854,-0.6,7.5));
#12660=VERTEX_POINT('',#12650);
#12670=EDGE_CURVE('',#12660,#8510,#12640,.T.);
#12680=ORIENTED_EDGE('',*,*,#12670,.F.);
#12690=ORIENTED_EDGE('',*,*,#12510,.F.);
#12700=ORIENTED_EDGE('',*,*,#220,.F.);
#12710=CARTESIAN_POINT('',(-0.00999999999999854,-0.6,7.5));
#12720=DIRECTION('',(0.,0.,-1.));
#12730=VECTOR('',#12720,1.);
#12740=LINE('',#12710,#12730);
#12750=EDGE_CURVE('',#12660,#130,#12740,.T.);
#12760=ORIENTED_EDGE('',*,*,#12750,.T.);
#12770=EDGE_LOOP('',(#12760,#12700,#12690,#12680));
#12780=FACE_OUTER_BOUND('',#12770,.T.);
#12790=ADVANCED_FACE('',(#12780),#12600,.T.);
#12800=CARTESIAN_POINT('',(-0.855,-0.6,-2.));
#12810=DIRECTION('',(0.,-1.,0.));
#12820=DIRECTION('',(-1.,0.,0.));
#12830=AXIS2_PLACEMENT_3D('',#12800,#12810,#12820);
#12840=PLANE('',#12830);
#12850=CARTESIAN_POINT('',(-1.68,-0.6,7.52));
#12860=DIRECTION('',(-0.707106781186493,0.,-0.707106781186602));
#12870=VECTOR('',#12860,1.);
#12880=LINE('',#12850,#12870);
#12890=CARTESIAN_POINT('',(-1.68,-0.6,7.52));
#12900=VERTEX_POINT('',#12890);
#12910=CARTESIAN_POINT('',(-1.7,-0.6,7.5));
#12920=VERTEX_POINT('',#12910);
#12930=EDGE_CURVE('',#12900,#12920,#12880,.T.);
#12940=ORIENTED_EDGE('',*,*,#12930,.T.);
#12950=CARTESIAN_POINT('',(-1.68,-0.6,7.52));
#12960=DIRECTION('',(1.,-1.34572487833352E-16,0.));
#12970=VECTOR('',#12960,1.);
#12980=LINE('',#12950,#12970);
#12990=CARTESIAN_POINT('',(-0.0299999999999989,-0.6,7.52));
#13000=VERTEX_POINT('',#12990);
#13010=EDGE_CURVE('',#12900,#13000,#12980,.T.);
#13020=ORIENTED_EDGE('',*,*,#13010,.F.);
#13030=CARTESIAN_POINT('',(-0.00999999999999857,-0.6,7.5));
#13040=DIRECTION('',(-0.707106781186565,0.,0.70710678118653));
#13050=VECTOR('',#13040,1.);
#13060=LINE('',#13030,#13050);
#13070=EDGE_CURVE('',#12660,#13000,#13060,.T.);
#13080=ORIENTED_EDGE('',*,*,#13070,.T.);
#13090=ORIENTED_EDGE('',*,*,#12750,.F.);
#13100=ORIENTED_EDGE('',*,*,#140,.T.);
#13110=ORIENTED_EDGE('',*,*,#900,.F.);
#13120=CARTESIAN_POINT('',(-1.7,-0.6,0.0199999999999978));
#13130=DIRECTION('',(0.707106781186544,0.,-0.707106781186551));
#13140=VECTOR('',#13130,1.);
#13150=LINE('',#13120,#13140);
#13160=CARTESIAN_POINT('',(-1.7,-0.6,0.02));
#13170=VERTEX_POINT('',#13160);
#13180=EDGE_CURVE('',#13170,#830,#13150,.T.);
#13190=ORIENTED_EDGE('',*,*,#13180,.T.);
#13200=CARTESIAN_POINT('',(-1.7,-0.6,7.5));
#13210=DIRECTION('',(0.,0.,-1.));
#13220=VECTOR('',#13210,1.);
#13230=LINE('',#13200,#13220);
#13240=EDGE_CURVE('',#12920,#13170,#13230,.T.);
#13250=ORIENTED_EDGE('',*,*,#13240,.T.);
#13260=EDGE_LOOP('',(#13250,#13190,#13110,#13100,#13090,#13080,#13020,
#12940));
#13270=FACE_OUTER_BOUND('',#13260,.T.);
#13280=ADVANCED_FACE('',(#13270),#12840,.T.);
#13290=CARTESIAN_POINT('',(-1.7,-0.6,-2.));
#13300=DIRECTION('',(-1.,0.,0.));
#13310=DIRECTION('',(0.,1.,0.));
#13320=AXIS2_PLACEMENT_3D('',#13290,#13300,#13310);
#13330=PLANE('',#13320);
#13340=CARTESIAN_POINT('',(-1.7,-0.6,7.5));
#13350=DIRECTION('',(0.,1.,0.));
#13360=VECTOR('',#13350,1.);
#13370=LINE('',#13340,#13360);
#13380=CARTESIAN_POINT('',(-1.7,-0.499999999999998,7.5));
#13390=VERTEX_POINT('',#13380);
#13400=EDGE_CURVE('',#12920,#13390,#13370,.T.);
#13410=ORIENTED_EDGE('',*,*,#13400,.T.);
#13420=ORIENTED_EDGE('',*,*,#13240,.F.);
#13430=CARTESIAN_POINT('',(-1.7,-0.499999999999997,0.02));
#13440=DIRECTION('',(0.,-1.,0.));
#13450=VECTOR('',#13440,1.);
#13460=LINE('',#13430,#13450);
#13470=CARTESIAN_POINT('',(-1.7,-0.499999999999997,0.0199999999999996));
#13480=VERTEX_POINT('',#13470);
#13490=EDGE_CURVE('',#13480,#13170,#13460,.T.);
#13500=ORIENTED_EDGE('',*,*,#13490,.T.);
#13510=CARTESIAN_POINT('',(-1.7,-0.499999999999997,7.5));
#13520=DIRECTION('',(0.,0.,-1.));
#13530=VECTOR('',#13520,1.);
#13540=LINE('',#13510,#13530);
#13550=EDGE_CURVE('',#13390,#13480,#13540,.T.);
#13560=ORIENTED_EDGE('',*,*,#13550,.T.);
#13570=EDGE_LOOP('',(#13560,#13500,#13420,#13410));
#13580=FACE_OUTER_BOUND('',#13570,.T.);
#13590=ADVANCED_FACE('',(#13580),#13330,.T.);
#13600=CARTESIAN_POINT('',(-1.57,-0.499999999999998,5.095));
#13610=DIRECTION('',(0.,1.,1.22460635382238E-16));
#13620=DIRECTION('',(-1.,0.,0.));
#13630=AXIS2_PLACEMENT_3D('',#13600,#13610,#13620);
#13640=PLANE('',#13630);
#13650=CARTESIAN_POINT('',(-1.88,-0.499999999999998,5.035));
#13660=DIRECTION('',(1.,0.,0.));
#13670=VECTOR('',#13660,1.);
#13680=LINE('',#13650,#13670);
#13690=CARTESIAN_POINT('',(-1.88,-0.499999999999998,5.035));
#13700=VERTEX_POINT('',#13690);
#13710=CARTESIAN_POINT('',(-1.78,-0.499999999999998,5.035));
#13720=VERTEX_POINT('',#13710);
#13730=EDGE_CURVE('',#13700,#13720,#13680,.T.);
#13740=ORIENTED_EDGE('',*,*,#13730,.F.);
#13750=CARTESIAN_POINT('',(-1.78,-0.499999999999998,5.035));
#13760=DIRECTION('',(0.,0.,1.));
#13770=VECTOR('',#13760,1.);
#13780=LINE('',#13750,#13770);
#13790=CARTESIAN_POINT('',(-1.78,-0.499999999999998,5.285));
#13800=VERTEX_POINT('',#13790);
#13810=EDGE_CURVE('',#13720,#13800,#13780,.T.);
#13820=ORIENTED_EDGE('',*,*,#13810,.F.);
#13830=CARTESIAN_POINT('',(-1.78,-0.499999999999998,5.285));
#13840=DIRECTION('',(-1.,0.,0.));
#13850=VECTOR('',#13840,1.);
#13860=LINE('',#13830,#13850);
#13870=CARTESIAN_POINT('',(-1.88,-0.499999999999998,5.285));
#13880=VERTEX_POINT('',#13870);
#13890=EDGE_CURVE('',#13800,#13880,#13860,.T.);
#13900=ORIENTED_EDGE('',*,*,#13890,.F.);
#13910=CARTESIAN_POINT('',(-1.88,-0.499999999999998,5.285));
#13920=DIRECTION('',(0.,-3.7007434154172E-16,1.));
#13930=VECTOR('',#13920,1.);
#13940=LINE('',#13910,#13930);
#13950=CARTESIAN_POINT('',(-1.88,-0.499999999999998,5.435));
#13960=VERTEX_POINT('',#13950);
#13970=EDGE_CURVE('',#13880,#13960,#13940,.T.);
#13980=ORIENTED_EDGE('',*,*,#13970,.F.);
#13990=CARTESIAN_POINT('',(-1.88,-0.499999999999998,5.435));
#14000=DIRECTION('',(1.,0.,0.));
#14010=VECTOR('',#14000,1.);
#14020=LINE('',#13990,#14010);
#14030=CARTESIAN_POINT('',(-1.78,-0.499999999999998,5.435));
#14040=VERTEX_POINT('',#14030);
#14050=EDGE_CURVE('',#13960,#14040,#14020,.T.);
#14060=ORIENTED_EDGE('',*,*,#14050,.F.);
#14070=CARTESIAN_POINT('',(-1.78,-0.499999999999998,5.435));
#14080=DIRECTION('',(0.,0.,1.));
#14090=VECTOR('',#14080,1.);
#14100=LINE('',#14070,#14090);
#14110=CARTESIAN_POINT('',(-1.78,-0.499999999999998,5.685));
#14120=VERTEX_POINT('',#14110);
#14130=EDGE_CURVE('',#14040,#14120,#14100,.T.);
#14140=ORIENTED_EDGE('',*,*,#14130,.F.);
#14150=CARTESIAN_POINT('',(-1.78,-0.499999999999998,5.685));
#14160=DIRECTION('',(-1.,0.,0.));
#14170=VECTOR('',#14160,1.);
#14180=LINE('',#14150,#14170);
#14190=CARTESIAN_POINT('',(-1.88,-0.499999999999998,5.685));
#14200=VERTEX_POINT('',#14190);
#14210=EDGE_CURVE('',#14120,#14200,#14180,.T.);
#14220=ORIENTED_EDGE('',*,*,#14210,.F.);
#14230=CARTESIAN_POINT('',(-1.88,-0.499999999999998,5.685));
#14240=DIRECTION('',(0.,-3.70074341541718E-16,1.));
#14250=VECTOR('',#14240,1.);
#14260=LINE('',#14230,#14250);
#14270=CARTESIAN_POINT('',(-1.88,-0.499999999999998,5.835));
#14280=VERTEX_POINT('',#14270);
#14290=EDGE_CURVE('',#14200,#14280,#14260,.T.);
#14300=ORIENTED_EDGE('',*,*,#14290,.F.);
#14310=CARTESIAN_POINT('',(-1.88,-0.499999999999998,5.835));
#14320=DIRECTION('',(1.,0.,0.));
#14330=VECTOR('',#14320,1.);
#14340=LINE('',#14310,#14330);
#14350=CARTESIAN_POINT('',(-1.78,-0.499999999999998,5.835));
#14360=VERTEX_POINT('',#14350);
#14370=EDGE_CURVE('',#14280,#14360,#14340,.T.);
#14380=ORIENTED_EDGE('',*,*,#14370,.F.);
#14390=CARTESIAN_POINT('',(-1.78,-0.499999999999998,5.835));
#14400=DIRECTION('',(0.,0.,1.));
#14410=VECTOR('',#14400,1.);
#14420=LINE('',#14390,#14410);
#14430=CARTESIAN_POINT('',(-1.78,-0.499999999999998,6.085));
#14440=VERTEX_POINT('',#14430);
#14450=EDGE_CURVE('',#14360,#14440,#14420,.T.);
#14460=ORIENTED_EDGE('',*,*,#14450,.F.);
#14470=CARTESIAN_POINT('',(-1.78,-0.499999999999998,6.085));
#14480=DIRECTION('',(-1.,0.,0.));
#14490=VECTOR('',#14480,1.);
#14500=LINE('',#14470,#14490);
#14510=CARTESIAN_POINT('',(-1.88,-0.499999999999998,6.085));
#14520=VERTEX_POINT('',#14510);
#14530=EDGE_CURVE('',#14440,#14520,#14500,.T.);
#14540=ORIENTED_EDGE('',*,*,#14530,.F.);
#14550=CARTESIAN_POINT('',(-1.88,-0.499999999999998,6.085));
#14560=DIRECTION('',(0.,-3.70074341541718E-16,1.));
#14570=VECTOR('',#14560,1.);
#14580=LINE('',#14550,#14570);
#14590=CARTESIAN_POINT('',(-1.88,-0.499999999999998,6.235));
#14600=VERTEX_POINT('',#14590);
#14610=EDGE_CURVE('',#14520,#14600,#14580,.T.);
#14620=ORIENTED_EDGE('',*,*,#14610,.F.);
#14630=CARTESIAN_POINT('',(-1.88,-0.499999999999998,6.235));
#14640=DIRECTION('',(1.,0.,0.));
#14650=VECTOR('',#14640,1.);
#14660=LINE('',#14630,#14650);
#14670=CARTESIAN_POINT('',(-1.78,-0.499999999999998,6.235));
#14680=VERTEX_POINT('',#14670);
#14690=EDGE_CURVE('',#14600,#14680,#14660,.T.);
#14700=ORIENTED_EDGE('',*,*,#14690,.F.);
#14710=CARTESIAN_POINT('',(-1.78,-0.499999999999998,6.235));
#14720=DIRECTION('',(0.,0.,1.));
#14730=VECTOR('',#14720,1.);
#14740=LINE('',#14710,#14730);
#14750=CARTESIAN_POINT('',(-1.78,-0.499999999999998,6.485));
#14760=VERTEX_POINT('',#14750);
#14770=EDGE_CURVE('',#14680,#14760,#14740,.T.);
#14780=ORIENTED_EDGE('',*,*,#14770,.F.);
#14790=CARTESIAN_POINT('',(-1.78,-0.499999999999998,6.485));
#14800=DIRECTION('',(-1.,0.,0.));
#14810=VECTOR('',#14800,1.);
#14820=LINE('',#14790,#14810);
#14830=CARTESIAN_POINT('',(-1.88,-0.499999999999999,6.485));
#14840=VERTEX_POINT('',#14830);
#14850=EDGE_CURVE('',#14760,#14840,#14820,.T.);
#14860=ORIENTED_EDGE('',*,*,#14850,.F.);
#14870=CARTESIAN_POINT('',(-1.88,-0.499999999999999,6.485));
#14880=DIRECTION('',(0.,-3.7007434154172E-16,1.));
#14890=VECTOR('',#14880,1.);
#14900=LINE('',#14870,#14890);
#14910=CARTESIAN_POINT('',(-1.88,-0.499999999999998,6.635));
#14920=VERTEX_POINT('',#14910);
#14930=EDGE_CURVE('',#14840,#14920,#14900,.T.);
#14940=ORIENTED_EDGE('',*,*,#14930,.F.);
#14950=CARTESIAN_POINT('',(-1.87999999999999,-0.499999999999998,6.635));
#14960=DIRECTION('',(1.,0.,0.));
#14970=VECTOR('',#14960,1.);
#14980=LINE('',#14950,#14970);
#14990=CARTESIAN_POINT('',(-1.78,-0.499999999999998,6.635));
#15000=VERTEX_POINT('',#14990);
#15010=EDGE_CURVE('',#14920,#15000,#14980,.T.);
#15020=ORIENTED_EDGE('',*,*,#15010,.F.);
#15030=CARTESIAN_POINT('',(-1.78,-0.499999999999998,6.635));
#15040=DIRECTION('',(0.,0.,1.));
#15050=VECTOR('',#15040,1.);
#15060=LINE('',#15030,#15050);
#15070=CARTESIAN_POINT('',(-1.78,-0.499999999999998,6.885));
#15080=VERTEX_POINT('',#15070);
#15090=EDGE_CURVE('',#15000,#15080,#15060,.T.);
#15100=ORIENTED_EDGE('',*,*,#15090,.F.);
#15110=CARTESIAN_POINT('',(-1.78,-0.499999999999998,6.885));
#15120=DIRECTION('',(-1.,0.,0.));
#15130=VECTOR('',#15120,1.);
#15140=LINE('',#15110,#15130);
#15150=CARTESIAN_POINT('',(-1.88,-0.499999999999999,6.885));
#15160=VERTEX_POINT('',#15150);
#15170=EDGE_CURVE('',#15080,#15160,#15140,.T.);
#15180=ORIENTED_EDGE('',*,*,#15170,.F.);
#15190=CARTESIAN_POINT('',(-1.88,-0.499999999999999,6.885));
#15200=DIRECTION('',(0.,-3.70074341541718E-16,1.));
#15210=VECTOR('',#15200,1.);
#15220=LINE('',#15190,#15210);
#15230=CARTESIAN_POINT('',(-1.88,-0.499999999999998,7.035));
#15240=VERTEX_POINT('',#15230);
#15250=EDGE_CURVE('',#15160,#15240,#15220,.T.);
#15260=ORIENTED_EDGE('',*,*,#15250,.F.);
#15270=CARTESIAN_POINT('',(-1.87999999999999,-0.499999999999998,7.035));
#15280=DIRECTION('',(1.,0.,0.));
#15290=VECTOR('',#15280,1.);
#15300=LINE('',#15270,#15290);
#15310=CARTESIAN_POINT('',(-1.78,-0.499999999999998,7.035));
#15320=VERTEX_POINT('',#15310);
#15330=EDGE_CURVE('',#15240,#15320,#15300,.T.);
#15340=ORIENTED_EDGE('',*,*,#15330,.F.);
#15350=CARTESIAN_POINT('',(-1.78,-0.499999999999998,7.035));
#15360=DIRECTION('',(0.,0.,1.));
#15370=VECTOR('',#15360,1.);
#15380=LINE('',#15350,#15370);
#15390=CARTESIAN_POINT('',(-1.78,-0.499999999999998,7.42));
#15400=VERTEX_POINT('',#15390);
#15410=EDGE_CURVE('',#15320,#15400,#15380,.T.);
#15420=ORIENTED_EDGE('',*,*,#15410,.F.);
#15430=CARTESIAN_POINT('',(-1.7,-0.499999999999998,7.5));
#15440=DIRECTION('',(-0.707106781186555,0.,-0.70710678118654));
#15450=VECTOR('',#15440,1.);
#15460=LINE('',#15430,#15450);
#15470=EDGE_CURVE('',#13390,#15400,#15460,.T.);
#15480=ORIENTED_EDGE('',*,*,#15470,.T.);
#15490=ORIENTED_EDGE('',*,*,#13550,.F.);
#15500=CARTESIAN_POINT('',(-1.78,-0.499999999999997,0.0999999999999979))
;
#15510=DIRECTION('',(0.707106781186548,0.,-0.707106781186548));
#15520=VECTOR('',#15510,1.);
#15530=LINE('',#15500,#15520);
#15540=CARTESIAN_POINT('',(-1.78,-0.499999999999997,0.0999999999999988))
;
#15550=VERTEX_POINT('',#15540);
#15560=EDGE_CURVE('',#15550,#13480,#15530,.T.);
#15570=ORIENTED_EDGE('',*,*,#15560,.T.);
#15580=CARTESIAN_POINT('',(-1.78,-0.499999999999997,0.0999999999999996))
;
#15590=DIRECTION('',(0.,0.,1.));
#15600=VECTOR('',#15590,1.);
#15610=LINE('',#15580,#15600);
#15620=CARTESIAN_POINT('',(-1.78,-0.499999999999997,0.485));
#15630=VERTEX_POINT('',#15620);
#15640=EDGE_CURVE('',#15550,#15630,#15610,.T.);
#15650=ORIENTED_EDGE('',*,*,#15640,.F.);
#15660=CARTESIAN_POINT('',(-1.78,-0.499999999999997,0.485));
#15670=DIRECTION('',(-1.,0.,0.));
#15680=VECTOR('',#15670,1.);
#15690=LINE('',#15660,#15680);
#15700=CARTESIAN_POINT('',(-1.88,-0.499999999999998,0.485));
#15710=VERTEX_POINT('',#15700);
#15720=EDGE_CURVE('',#15630,#15710,#15690,.T.);
#15730=ORIENTED_EDGE('',*,*,#15720,.F.);
#15740=CARTESIAN_POINT('',(-1.88,-0.499999999999998,0.485));
#15750=DIRECTION('',(0.,-3.70074341541719E-16,1.));
#15760=VECTOR('',#15750,1.);
#15770=LINE('',#15740,#15760);
#15780=CARTESIAN_POINT('',(-1.88,-0.499999999999997,0.635));
#15790=VERTEX_POINT('',#15780);
#15800=EDGE_CURVE('',#15710,#15790,#15770,.T.);
#15810=ORIENTED_EDGE('',*,*,#15800,.F.);
#15820=CARTESIAN_POINT('',(-1.87999999999999,-0.499999999999997,0.635));
#15830=DIRECTION('',(1.,0.,0.));
#15840=VECTOR('',#15830,1.);
#15850=LINE('',#15820,#15840);
#15860=CARTESIAN_POINT('',(-1.78,-0.499999999999997,0.635));
#15870=VERTEX_POINT('',#15860);
#15880=EDGE_CURVE('',#15790,#15870,#15850,.T.);
#15890=ORIENTED_EDGE('',*,*,#15880,.F.);
#15900=CARTESIAN_POINT('',(-1.78,-0.499999999999998,0.635));
#15910=DIRECTION('',(0.,0.,1.));
#15920=VECTOR('',#15910,1.);
#15930=LINE('',#15900,#15920);
#15940=CARTESIAN_POINT('',(-1.78,-0.499999999999998,0.885));
#15950=VERTEX_POINT('',#15940);
#15960=EDGE_CURVE('',#15870,#15950,#15930,.T.);
#15970=ORIENTED_EDGE('',*,*,#15960,.F.);
#15980=CARTESIAN_POINT('',(-1.78,-0.499999999999998,0.885));
#15990=DIRECTION('',(-1.,0.,0.));
#16000=VECTOR('',#15990,1.);
#16010=LINE('',#15980,#16000);
#16020=CARTESIAN_POINT('',(-1.88,-0.499999999999998,0.885));
#16030=VERTEX_POINT('',#16020);
#16040=EDGE_CURVE('',#15950,#16030,#16010,.T.);
#16050=ORIENTED_EDGE('',*,*,#16040,.F.);
#16060=CARTESIAN_POINT('',(-1.88,-0.499999999999998,0.885));
#16070=DIRECTION('',(0.,-3.70074341541719E-16,1.));
#16080=VECTOR('',#16070,1.);
#16090=LINE('',#16060,#16080);
#16100=CARTESIAN_POINT('',(-1.88,-0.499999999999998,1.035));
#16110=VERTEX_POINT('',#16100);
#16120=EDGE_CURVE('',#16030,#16110,#16090,.T.);
#16130=ORIENTED_EDGE('',*,*,#16120,.F.);
#16140=CARTESIAN_POINT('',(-1.88,-0.499999999999998,1.035));
#16150=DIRECTION('',(1.,0.,0.));
#16160=VECTOR('',#16150,1.);
#16170=LINE('',#16140,#16160);
#16180=CARTESIAN_POINT('',(-1.78,-0.499999999999997,1.035));
#16190=VERTEX_POINT('',#16180);
#16200=EDGE_CURVE('',#16110,#16190,#16170,.T.);
#16210=ORIENTED_EDGE('',*,*,#16200,.F.);
#16220=CARTESIAN_POINT('',(-1.78,-0.499999999999998,1.035));
#16230=DIRECTION('',(0.,0.,1.));
#16240=VECTOR('',#16230,1.);
#16250=LINE('',#16220,#16240);
#16260=CARTESIAN_POINT('',(-1.78,-0.499999999999998,1.285));
#16270=VERTEX_POINT('',#16260);
#16280=EDGE_CURVE('',#16190,#16270,#16250,.T.);
#16290=ORIENTED_EDGE('',*,*,#16280,.F.);
#16300=CARTESIAN_POINT('',(-1.78,-0.499999999999998,1.285));
#16310=DIRECTION('',(-1.,0.,0.));
#16320=VECTOR('',#16310,1.);
#16330=LINE('',#16300,#16320);
#16340=CARTESIAN_POINT('',(-1.88,-0.499999999999998,1.285));
#16350=VERTEX_POINT('',#16340);
#16360=EDGE_CURVE('',#16270,#16350,#16330,.T.);
#16370=ORIENTED_EDGE('',*,*,#16360,.F.);
#16380=CARTESIAN_POINT('',(-1.88,-0.499999999999998,1.285));
#16390=DIRECTION('',(0.,-3.70074341541719E-16,1.));
#16400=VECTOR('',#16390,1.);
#16410=LINE('',#16380,#16400);
#16420=CARTESIAN_POINT('',(-1.88,-0.499999999999998,1.435));
#16430=VERTEX_POINT('',#16420);
#16440=EDGE_CURVE('',#16350,#16430,#16410,.T.);
#16450=ORIENTED_EDGE('',*,*,#16440,.F.);
#16460=CARTESIAN_POINT('',(-1.88,-0.499999999999998,1.435));
#16470=DIRECTION('',(1.,0.,0.));
#16480=VECTOR('',#16470,1.);
#16490=LINE('',#16460,#16480);
#16500=CARTESIAN_POINT('',(-1.78,-0.499999999999998,1.435));
#16510=VERTEX_POINT('',#16500);
#16520=EDGE_CURVE('',#16430,#16510,#16490,.T.);
#16530=ORIENTED_EDGE('',*,*,#16520,.F.);
#16540=CARTESIAN_POINT('',(-1.78,-0.499999999999998,1.435));
#16550=DIRECTION('',(0.,0.,1.));
#16560=VECTOR('',#16550,1.);
#16570=LINE('',#16540,#16560);
#16580=CARTESIAN_POINT('',(-1.78,-0.499999999999998,1.685));
#16590=VERTEX_POINT('',#16580);
#16600=EDGE_CURVE('',#16510,#16590,#16570,.T.);
#16610=ORIENTED_EDGE('',*,*,#16600,.F.);
#16620=CARTESIAN_POINT('',(-1.78,-0.499999999999998,1.685));
#16630=DIRECTION('',(-1.,0.,0.));
#16640=VECTOR('',#16630,1.);
#16650=LINE('',#16620,#16640);
#16660=CARTESIAN_POINT('',(-1.88,-0.499999999999998,1.685));
#16670=VERTEX_POINT('',#16660);
#16680=EDGE_CURVE('',#16590,#16670,#16650,.T.);
#16690=ORIENTED_EDGE('',*,*,#16680,.F.);
#16700=CARTESIAN_POINT('',(-1.88,-0.499999999999998,1.685));
#16710=DIRECTION('',(0.,-3.70074341541719E-16,1.));
#16720=VECTOR('',#16710,1.);
#16730=LINE('',#16700,#16720);
#16740=CARTESIAN_POINT('',(-1.88,-0.499999999999998,1.835));
#16750=VERTEX_POINT('',#16740);
#16760=EDGE_CURVE('',#16670,#16750,#16730,.T.);
#16770=ORIENTED_EDGE('',*,*,#16760,.F.);
#16780=CARTESIAN_POINT('',(-1.88,-0.499999999999998,1.835));
#16790=DIRECTION('',(1.,0.,0.));
#16800=VECTOR('',#16790,1.);
#16810=LINE('',#16780,#16800);
#16820=CARTESIAN_POINT('',(-1.78,-0.499999999999998,1.835));
#16830=VERTEX_POINT('',#16820);
#16840=EDGE_CURVE('',#16750,#16830,#16810,.T.);
#16850=ORIENTED_EDGE('',*,*,#16840,.F.);
#16860=CARTESIAN_POINT('',(-1.78,-0.499999999999998,1.835));
#16870=DIRECTION('',(0.,0.,1.));
#16880=VECTOR('',#16870,1.);
#16890=LINE('',#16860,#16880);
#16900=CARTESIAN_POINT('',(-1.78,-0.499999999999998,2.085));
#16910=VERTEX_POINT('',#16900);
#16920=EDGE_CURVE('',#16830,#16910,#16890,.T.);
#16930=ORIENTED_EDGE('',*,*,#16920,.F.);
#16940=CARTESIAN_POINT('',(-1.78,-0.499999999999998,2.085));
#16950=DIRECTION('',(-1.,0.,0.));
#16960=VECTOR('',#16950,1.);
#16970=LINE('',#16940,#16960);
#16980=CARTESIAN_POINT('',(-1.88,-0.499999999999998,2.085));
#16990=VERTEX_POINT('',#16980);
#17000=EDGE_CURVE('',#16910,#16990,#16970,.T.);
#17010=ORIENTED_EDGE('',*,*,#17000,.F.);
#17020=CARTESIAN_POINT('',(-1.88,-0.499999999999998,2.085));
#17030=DIRECTION('',(0.,-3.70074341541719E-16,1.));
#17040=VECTOR('',#17030,1.);
#17050=LINE('',#17020,#17040);
#17060=CARTESIAN_POINT('',(-1.88,-0.499999999999998,2.235));
#17070=VERTEX_POINT('',#17060);
#17080=EDGE_CURVE('',#16990,#17070,#17050,.T.);
#17090=ORIENTED_EDGE('',*,*,#17080,.F.);
#17100=CARTESIAN_POINT('',(-1.88,-0.499999999999998,2.235));
#17110=DIRECTION('',(1.,0.,0.));
#17120=VECTOR('',#17110,1.);
#17130=LINE('',#17100,#17120);
#17140=CARTESIAN_POINT('',(-1.78,-0.499999999999998,2.235));
#17150=VERTEX_POINT('',#17140);
#17160=EDGE_CURVE('',#17070,#17150,#17130,.T.);
#17170=ORIENTED_EDGE('',*,*,#17160,.F.);
#17180=CARTESIAN_POINT('',(-1.78,-0.499999999999998,2.235));
#17190=DIRECTION('',(0.,0.,1.));
#17200=VECTOR('',#17190,1.);
#17210=LINE('',#17180,#17200);
#17220=CARTESIAN_POINT('',(-1.78,-0.499999999999998,2.485));
#17230=VERTEX_POINT('',#17220);
#17240=EDGE_CURVE('',#17150,#17230,#17210,.T.);
#17250=ORIENTED_EDGE('',*,*,#17240,.F.);
#17260=CARTESIAN_POINT('',(-1.78,-0.499999999999998,2.485));
#17270=DIRECTION('',(-1.,0.,0.));
#17280=VECTOR('',#17270,1.);
#17290=LINE('',#17260,#17280);
#17300=CARTESIAN_POINT('',(-1.88,-0.499999999999998,2.485));
#17310=VERTEX_POINT('',#17300);
#17320=EDGE_CURVE('',#17230,#17310,#17290,.T.);
#17330=ORIENTED_EDGE('',*,*,#17320,.F.);
#17340=CARTESIAN_POINT('',(-1.88,-0.499999999999998,2.485));
#17350=DIRECTION('',(0.,-3.70074341541719E-16,1.));
#17360=VECTOR('',#17350,1.);
#17370=LINE('',#17340,#17360);
#17380=CARTESIAN_POINT('',(-1.88,-0.499999999999998,2.635));
#17390=VERTEX_POINT('',#17380);
#17400=EDGE_CURVE('',#17310,#17390,#17370,.T.);
#17410=ORIENTED_EDGE('',*,*,#17400,.F.);
#17420=CARTESIAN_POINT('',(-1.88,-0.499999999999998,2.635));
#17430=DIRECTION('',(1.,0.,0.));
#17440=VECTOR('',#17430,1.);
#17450=LINE('',#17420,#17440);
#17460=CARTESIAN_POINT('',(-1.78,-0.499999999999998,2.635));
#17470=VERTEX_POINT('',#17460);
#17480=EDGE_CURVE('',#17390,#17470,#17450,.T.);
#17490=ORIENTED_EDGE('',*,*,#17480,.F.);
#17500=CARTESIAN_POINT('',(-1.78,-0.499999999999998,2.635));
#17510=DIRECTION('',(0.,0.,1.));
#17520=VECTOR('',#17510,1.);
#17530=LINE('',#17500,#17520);
#17540=CARTESIAN_POINT('',(-1.78,-0.499999999999998,2.885));
#17550=VERTEX_POINT('',#17540);
#17560=EDGE_CURVE('',#17470,#17550,#17530,.T.);
#17570=ORIENTED_EDGE('',*,*,#17560,.F.);
#17580=CARTESIAN_POINT('',(-1.78,-0.499999999999998,2.885));
#17590=DIRECTION('',(-1.,0.,0.));
#17600=VECTOR('',#17590,1.);
#17610=LINE('',#17580,#17600);
#17620=CARTESIAN_POINT('',(-1.88,-0.499999999999998,2.885));
#17630=VERTEX_POINT('',#17620);
#17640=EDGE_CURVE('',#17550,#17630,#17610,.T.);
#17650=ORIENTED_EDGE('',*,*,#17640,.F.);
#17660=CARTESIAN_POINT('',(-1.88,-0.499999999999998,2.885));
#17670=DIRECTION('',(0.,-3.70074341541718E-16,1.));
#17680=VECTOR('',#17670,1.);
#17690=LINE('',#17660,#17680);
#17700=CARTESIAN_POINT('',(-1.88,-0.499999999999998,3.035));
#17710=VERTEX_POINT('',#17700);
#17720=EDGE_CURVE('',#17630,#17710,#17690,.T.);
#17730=ORIENTED_EDGE('',*,*,#17720,.F.);
#17740=CARTESIAN_POINT('',(-1.88,-0.499999999999998,3.035));
#17750=DIRECTION('',(1.,0.,0.));
#17760=VECTOR('',#17750,1.);
#17770=LINE('',#17740,#17760);
#17780=CARTESIAN_POINT('',(-1.78,-0.499999999999998,3.035));
#17790=VERTEX_POINT('',#17780);
#17800=EDGE_CURVE('',#17710,#17790,#17770,.T.);
#17810=ORIENTED_EDGE('',*,*,#17800,.F.);
#17820=CARTESIAN_POINT('',(-1.78,-0.499999999999998,3.035));
#17830=DIRECTION('',(0.,0.,1.));
#17840=VECTOR('',#17830,1.);
#17850=LINE('',#17820,#17840);
#17860=CARTESIAN_POINT('',(-1.78,-0.499999999999998,3.285));
#17870=VERTEX_POINT('',#17860);
#17880=EDGE_CURVE('',#17790,#17870,#17850,.T.);
#17890=ORIENTED_EDGE('',*,*,#17880,.F.);
#17900=CARTESIAN_POINT('',(-1.78,-0.499999999999998,3.285));
#17910=DIRECTION('',(-1.,0.,0.));
#17920=VECTOR('',#17910,1.);
#17930=LINE('',#17900,#17920);
#17940=CARTESIAN_POINT('',(-1.88,-0.499999999999998,3.285));
#17950=VERTEX_POINT('',#17940);
#17960=EDGE_CURVE('',#17870,#17950,#17930,.T.);
#17970=ORIENTED_EDGE('',*,*,#17960,.F.);
#17980=CARTESIAN_POINT('',(-1.88,-0.499999999999998,3.285));
#17990=DIRECTION('',(0.,-3.70074341541719E-16,1.));
#18000=VECTOR('',#17990,1.);
#18010=LINE('',#17980,#18000);
#18020=CARTESIAN_POINT('',(-1.88,-0.499999999999998,3.435));
#18030=VERTEX_POINT('',#18020);
#18040=EDGE_CURVE('',#17950,#18030,#18010,.T.);
#18050=ORIENTED_EDGE('',*,*,#18040,.F.);
#18060=CARTESIAN_POINT('',(-1.88,-0.499999999999998,3.435));
#18070=DIRECTION('',(1.,0.,0.));
#18080=VECTOR('',#18070,1.);
#18090=LINE('',#18060,#18080);
#18100=CARTESIAN_POINT('',(-1.78,-0.499999999999998,3.435));
#18110=VERTEX_POINT('',#18100);
#18120=EDGE_CURVE('',#18030,#18110,#18090,.T.);
#18130=ORIENTED_EDGE('',*,*,#18120,.F.);
#18140=CARTESIAN_POINT('',(-1.78,-0.499999999999998,3.435));
#18150=DIRECTION('',(0.,0.,1.));
#18160=VECTOR('',#18150,1.);
#18170=LINE('',#18140,#18160);
#18180=CARTESIAN_POINT('',(-1.78,-0.499999999999998,3.685));
#18190=VERTEX_POINT('',#18180);
#18200=EDGE_CURVE('',#18110,#18190,#18170,.T.);
#18210=ORIENTED_EDGE('',*,*,#18200,.F.);
#18220=CARTESIAN_POINT('',(-1.78,-0.499999999999998,3.685));
#18230=DIRECTION('',(-1.,0.,0.));
#18240=VECTOR('',#18230,1.);
#18250=LINE('',#18220,#18240);
#18260=CARTESIAN_POINT('',(-1.88,-0.499999999999998,3.685));
#18270=VERTEX_POINT('',#18260);
#18280=EDGE_CURVE('',#18190,#18270,#18250,.T.);
#18290=ORIENTED_EDGE('',*,*,#18280,.F.);
#18300=CARTESIAN_POINT('',(-1.88,-0.499999999999998,3.685));
#18310=DIRECTION('',(0.,-3.70074341541719E-16,1.));
#18320=VECTOR('',#18310,1.);
#18330=LINE('',#18300,#18320);
#18340=CARTESIAN_POINT('',(-1.88,-0.499999999999998,3.835));
#18350=VERTEX_POINT('',#18340);
#18360=EDGE_CURVE('',#18270,#18350,#18330,.T.);
#18370=ORIENTED_EDGE('',*,*,#18360,.F.);
#18380=CARTESIAN_POINT('',(-1.88,-0.499999999999998,3.835));
#18390=DIRECTION('',(1.,0.,0.));
#18400=VECTOR('',#18390,1.);
#18410=LINE('',#18380,#18400);
#18420=CARTESIAN_POINT('',(-1.78,-0.499999999999998,3.835));
#18430=VERTEX_POINT('',#18420);
#18440=EDGE_CURVE('',#18350,#18430,#18410,.T.);
#18450=ORIENTED_EDGE('',*,*,#18440,.F.);
#18460=CARTESIAN_POINT('',(-1.78,-0.499999999999998,3.835));
#18470=DIRECTION('',(0.,0.,1.));
#18480=VECTOR('',#18470,1.);
#18490=LINE('',#18460,#18480);
#18500=CARTESIAN_POINT('',(-1.78,-0.499999999999998,4.085));
#18510=VERTEX_POINT('',#18500);
#18520=EDGE_CURVE('',#18430,#18510,#18490,.T.);
#18530=ORIENTED_EDGE('',*,*,#18520,.F.);
#18540=CARTESIAN_POINT('',(-1.78,-0.499999999999998,4.085));
#18550=DIRECTION('',(-1.,0.,0.));
#18560=VECTOR('',#18550,1.);
#18570=LINE('',#18540,#18560);
#18580=CARTESIAN_POINT('',(-1.88,-0.499999999999998,4.085));
#18590=VERTEX_POINT('',#18580);
#18600=EDGE_CURVE('',#18510,#18590,#18570,.T.);
#18610=ORIENTED_EDGE('',*,*,#18600,.F.);
#18620=CARTESIAN_POINT('',(-1.88,-0.499999999999998,4.085));
#18630=DIRECTION('',(0.,-3.70074341541718E-16,1.));
#18640=VECTOR('',#18630,1.);
#18650=LINE('',#18620,#18640);
#18660=CARTESIAN_POINT('',(-1.88,-0.499999999999998,4.235));
#18670=VERTEX_POINT('',#18660);
#18680=EDGE_CURVE('',#18590,#18670,#18650,.T.);
#18690=ORIENTED_EDGE('',*,*,#18680,.F.);
#18700=CARTESIAN_POINT('',(-1.88,-0.499999999999998,4.235));
#18710=DIRECTION('',(1.,0.,0.));
#18720=VECTOR('',#18710,1.);
#18730=LINE('',#18700,#18720);
#18740=CARTESIAN_POINT('',(-1.78,-0.499999999999998,4.235));
#18750=VERTEX_POINT('',#18740);
#18760=EDGE_CURVE('',#18670,#18750,#18730,.T.);
#18770=ORIENTED_EDGE('',*,*,#18760,.F.);
#18780=CARTESIAN_POINT('',(-1.78,-0.499999999999998,4.235));
#18790=DIRECTION('',(0.,0.,1.));
#18800=VECTOR('',#18790,1.);
#18810=LINE('',#18780,#18800);
#18820=CARTESIAN_POINT('',(-1.78,-0.499999999999998,4.485));
#18830=VERTEX_POINT('',#18820);
#18840=EDGE_CURVE('',#18750,#18830,#18810,.T.);
#18850=ORIENTED_EDGE('',*,*,#18840,.F.);
#18860=CARTESIAN_POINT('',(-1.78,-0.499999999999998,4.485));
#18870=DIRECTION('',(-1.,0.,0.));
#18880=VECTOR('',#18870,1.);
#18890=LINE('',#18860,#18880);
#18900=CARTESIAN_POINT('',(-1.88,-0.499999999999998,4.485));
#18910=VERTEX_POINT('',#18900);
#18920=EDGE_CURVE('',#18830,#18910,#18890,.T.);
#18930=ORIENTED_EDGE('',*,*,#18920,.F.);
#18940=CARTESIAN_POINT('',(-1.88,-0.499999999999998,4.485));
#18950=DIRECTION('',(0.,-3.7007434154172E-16,1.));
#18960=VECTOR('',#18950,1.);
#18970=LINE('',#18940,#18960);
#18980=CARTESIAN_POINT('',(-1.88,-0.499999999999998,4.635));
#18990=VERTEX_POINT('',#18980);
#19000=EDGE_CURVE('',#18910,#18990,#18970,.T.);
#19010=ORIENTED_EDGE('',*,*,#19000,.F.);
#19020=CARTESIAN_POINT('',(-1.88,-0.499999999999998,4.635));
#19030=DIRECTION('',(1.,0.,0.));
#19040=VECTOR('',#19030,1.);
#19050=LINE('',#19020,#19040);
#19060=CARTESIAN_POINT('',(-1.78,-0.499999999999998,4.635));
#19070=VERTEX_POINT('',#19060);
#19080=EDGE_CURVE('',#18990,#19070,#19050,.T.);
#19090=ORIENTED_EDGE('',*,*,#19080,.F.);
#19100=CARTESIAN_POINT('',(-1.78,-0.499999999999998,4.635));
#19110=DIRECTION('',(0.,0.,1.));
#19120=VECTOR('',#19110,1.);
#19130=LINE('',#19100,#19120);
#19140=CARTESIAN_POINT('',(-1.78,-0.499999999999998,4.885));
#19150=VERTEX_POINT('',#19140);
#19160=EDGE_CURVE('',#19070,#19150,#19130,.T.);
#19170=ORIENTED_EDGE('',*,*,#19160,.F.);
#19180=CARTESIAN_POINT('',(-1.78,-0.499999999999998,4.885));
#19190=DIRECTION('',(-1.,0.,0.));
#19200=VECTOR('',#19190,1.);
#19210=LINE('',#19180,#19200);
#19220=CARTESIAN_POINT('',(-1.88,-0.499999999999998,4.885));
#19230=VERTEX_POINT('',#19220);
#19240=EDGE_CURVE('',#19150,#19230,#19210,.T.);
#19250=ORIENTED_EDGE('',*,*,#19240,.F.);
#19260=CARTESIAN_POINT('',(-1.88,-0.499999999999998,4.885));
#19270=DIRECTION('',(0.,-3.70074341541718E-16,1.));
#19280=VECTOR('',#19270,1.);
#19290=LINE('',#19260,#19280);
#19300=EDGE_CURVE('',#19230,#13700,#19290,.T.);
#19310=ORIENTED_EDGE('',*,*,#19300,.F.);
#19320=EDGE_LOOP('',(#19310,#19250,#19170,#19090,#19010,#18930,#18850,
#18770,#18690,#18610,#18530,#18450,#18370,#18290,#18210,#18130,#18050,
#17970,#17890,#17810,#17730,#17650,#17570,#17490,#17410,#17330,#17250,
#17170,#17090,#17010,#16930,#16850,#16770,#16690,#16610,#16530,#16450,
#16370,#16290,#16210,#16130,#16050,#15970,#15890,#15810,#15730,#15650,
#15570,#15490,#15480,#15420,#15340,#15260,#15180,#15100,#15020,#14940,
#14860,#14780,#14700,#14620,#14540,#14460,#14380,#14300,#14220,#14140,
#14060,#13980,#13900,#13820,#13740));
#19330=FACE_OUTER_BOUND('',#19320,.T.);
#19340=ADVANCED_FACE('',(#19330),#13640,.F.);
#19350=CARTESIAN_POINT('',(-1.88,-0.549999999999998,5.095));
#19360=DIRECTION('',(0.,1.22460635382238E-16,-1.));
#19370=DIRECTION('',(1.,0.,0.));
#19380=AXIS2_PLACEMENT_3D('',#19350,#19360,#19370);
#19390=CYLINDRICAL_SURFACE('',#19380,0.05);
#19400=CARTESIAN_POINT('',(-1.88,-0.549999999999998,5.035));
#19410=DIRECTION('',(5.08487067330277E-17,9.53413251247012E-17,-1.));
#19420=DIRECTION('',(-0.882352941177033,0.470588235293064,0.));
#19430=AXIS2_PLACEMENT_3D('',#19400,#19410,#19420);
#19440=CIRCLE('',#19430,0.05);
#19450=CARTESIAN_POINT('',(-1.92411764705884,-0.526470588235322,5.035));
#19460=VERTEX_POINT('',#19450);
#19470=EDGE_CURVE('',#19460,#13700,#19440,.T.);
#19480=ORIENTED_EDGE('',*,*,#19470,.F.);
#19490=ORIENTED_EDGE('',*,*,#19300,.T.);
#19500=CARTESIAN_POINT('',(-1.88,-0.549999999999998,4.885));
#19510=DIRECTION('',(1.63150340413904E-30,-2.17359917283538E-44,1.));
#19520=DIRECTION('',(1.33226762955019E-14,1.,0.));
#19530=AXIS2_PLACEMENT_3D('',#19500,#19510,#19520);
#19540=CIRCLE('',#19530,0.05);
#19550=CARTESIAN_POINT('',(-1.92411764705884,-0.526470588235308,4.885));
#19560=VERTEX_POINT('',#19550);
#19570=EDGE_CURVE('',#19230,#19560,#19540,.T.);
#19580=ORIENTED_EDGE('',*,*,#19570,.F.);
#19590=CARTESIAN_POINT('',(-1.92411764705883,-0.5264705882353,5.035));
#19600=DIRECTION('',(0.,7.40148683083436E-16,-1.));
#19610=VECTOR('',#19600,1.);
#19620=LINE('',#19590,#19610);
#19630=EDGE_CURVE('',#19460,#19560,#19620,.T.);
#19640=ORIENTED_EDGE('',*,*,#19630,.T.);
#19650=EDGE_LOOP('',(#19640,#19580,#19490,#19480));
#19660=FACE_OUTER_BOUND('',#19650,.T.);
#19670=ADVANCED_FACE('',(#19660),#19390,.F.);
#19680=CARTESIAN_POINT('',(-1.92411764705883,-0.526470588235293,5.095));
#19690=DIRECTION('',(-0.88235294117647,0.470588235294118,
5.76285342975237E-17));
#19700=DIRECTION('',(-0.470588235294118,-0.88235294117647,
-1.08053501807857E-16));
#19710=AXIS2_PLACEMENT_3D('',#19680,#19690,#19700);
#19720=PLANE('',#19710);
#19730=CARTESIAN_POINT('',(-1.94764705882354,-0.570588235294141,5.035));
#19740=DIRECTION('',(0.470588235294121,0.882352941176469,0.));
#19750=VECTOR('',#19740,1.);
#19760=LINE('',#19730,#19750);
#19770=CARTESIAN_POINT('',(-1.94764705882354,-0.570588235294126,5.035));
#19780=VERTEX_POINT('',#19770);
#19790=EDGE_CURVE('',#19780,#19460,#19760,.T.);
#19800=ORIENTED_EDGE('',*,*,#19790,.F.);
#19810=ORIENTED_EDGE('',*,*,#19630,.F.);
#19820=CARTESIAN_POINT('',(-1.92411764705884,-0.52647058823532,4.885));
#19830=DIRECTION('',(-0.470588235294123,-0.882352941176468,0.));
#19840=VECTOR('',#19830,1.);
#19850=LINE('',#19820,#19840);
#19860=CARTESIAN_POINT('',(-1.94764705882355,-0.570588235294148,4.885));
#19870=VERTEX_POINT('',#19860);
#19880=EDGE_CURVE('',#19560,#19870,#19850,.T.);
#19890=ORIENTED_EDGE('',*,*,#19880,.F.);
#19900=CARTESIAN_POINT('',(-1.94764705882353,-0.570588235294116,4.885));
#19910=DIRECTION('',(0.,0.,1.));
#19920=VECTOR('',#19910,1.);
#19930=LINE('',#19900,#19920);
#19940=EDGE_CURVE('',#19870,#19780,#19930,.T.);
#19950=ORIENTED_EDGE('',*,*,#19940,.F.);
#19960=EDGE_LOOP('',(#19950,#19890,#19810,#19800));
#19970=FACE_OUTER_BOUND('',#19960,.T.);
#19980=ADVANCED_FACE('',(#19970),#19720,.F.);
#19990=CARTESIAN_POINT('',(-2.08,-0.499999999999998,5.095));
#20000=DIRECTION('',(0.,1.22460635382238E-16,-1.));
#20010=DIRECTION('',(1.,0.,0.));
#20020=AXIS2_PLACEMENT_3D('',#19990,#20000,#20010);
#20030=CYLINDRICAL_SURFACE('',#20020,0.15);
#20040=CARTESIAN_POINT('',(-2.08,-0.499999999999998,5.035));
#20050=DIRECTION('',(-2.17533787218539E-30,-3.8641763072629E-44,1.));
#20060=DIRECTION('',(1.77635683940025E-14,-1.,0.));
#20070=AXIS2_PLACEMENT_3D('',#20040,#20050,#20060);
#20080=CIRCLE('',#20070,0.15);
#20090=CARTESIAN_POINT('',(-2.08,-0.649999999999998,5.035));
#20100=VERTEX_POINT('',#20090);
#20110=EDGE_CURVE('',#20100,#19780,#20080,.T.);
#20120=ORIENTED_EDGE('',*,*,#20110,.F.);
#20130=ORIENTED_EDGE('',*,*,#19940,.T.);
#20140=CARTESIAN_POINT('',(-2.08,-0.499999999999998,4.885));
#20150=DIRECTION('',(5.08487067331419E-17,9.5341325124531E-17,-1.));
#20160=DIRECTION('',(0.882352941176245,-0.470588235294541,0.));
#20170=AXIS2_PLACEMENT_3D('',#20140,#20150,#20160);
#20180=CIRCLE('',#20170,0.15);
#20190=CARTESIAN_POINT('',(-2.08,-0.649999999999998,4.885));
#20200=VERTEX_POINT('',#20190);
#20210=EDGE_CURVE('',#19870,#20200,#20180,.T.);
#20220=ORIENTED_EDGE('',*,*,#20210,.F.);
#20230=CARTESIAN_POINT('',(-2.08,-0.649999999999998,5.035));
#20240=DIRECTION('',(0.,7.40148683083436E-16,-1.));
#20250=VECTOR('',#20240,1.);
#20260=LINE('',#20230,#20250);
#20270=EDGE_CURVE('',#20100,#20200,#20260,.T.);
#20280=ORIENTED_EDGE('',*,*,#20270,.T.);
#20290=EDGE_LOOP('',(#20280,#20220,#20130,#20120));
#20300=FACE_OUTER_BOUND('',#20290,.T.);
#20310=ADVANCED_FACE('',(#20300),#20030,.T.);
#20320=CARTESIAN_POINT('',(-2.53376671489879,-0.649999999999998,5.095));
#20330=DIRECTION('',(6.47630097698008E-16,1.,1.22460635382238E-16));
#20340=DIRECTION('',(-1.,6.47630097698008E-16,7.93091932567587E-32));
#20350=AXIS2_PLACEMENT_3D('',#20320,#20330,#20340);
#20360=PLANE('',#20350);
#20370=CARTESIAN_POINT('',(-2.34000000000001,-0.649999999999998,4.885));
#20380=DIRECTION('',(0.,0.,1.));
#20390=VECTOR('',#20380,1.);
#20400=LINE('',#20370,#20390);
#20410=CARTESIAN_POINT('',(-2.34000000000001,-0.649999999999998,4.885));
#20420=VERTEX_POINT('',#20410);
#20430=CARTESIAN_POINT('',(-2.34000000000001,-0.649999999999998,5.035));
#20440=VERTEX_POINT('',#20430);
#20450=EDGE_CURVE('',#20420,#20440,#20400,.T.);
#20460=ORIENTED_EDGE('',*,*,#20450,.F.);
#20470=CARTESIAN_POINT('',(-2.34000000000001,-0.649999999999998,5.035));
#20480=DIRECTION('',(1.,0.,0.));
#20490=VECTOR('',#20480,1.);
#20500=LINE('',#20470,#20490);
#20510=EDGE_CURVE('',#20440,#20100,#20500,.T.);
#20520=ORIENTED_EDGE('',*,*,#20510,.F.);
#20530=ORIENTED_EDGE('',*,*,#20270,.F.);
#20540=CARTESIAN_POINT('',(-2.08,-0.649999999999998,4.885));
#20550=DIRECTION('',(-1.,0.,0.));
#20560=VECTOR('',#20550,1.);
#20570=LINE('',#20540,#20560);
#20580=EDGE_CURVE('',#20200,#20420,#20570,.T.);
#20590=ORIENTED_EDGE('',*,*,#20580,.F.);
#20600=EDGE_LOOP('',(#20590,#20530,#20520,#20460));
#20610=FACE_OUTER_BOUND('',#20600,.T.);
#20620=ADVANCED_FACE('',(#20610),#20360,.F.);
#20630=CARTESIAN_POINT('',(-2.97514578638867,-0.349999999999998,4.885));
#20640=DIRECTION('',(0.,1.22460635382238E-16,-1.));
#20650=DIRECTION('',(0.,-1.,-1.22460635382238E-16));
#20660=AXIS2_PLACEMENT_3D('',#20630,#20640,#20650);
#20670=PLANE('',#20660);
#20680=CARTESIAN_POINT('',(-1.88,-0.399999999999998,4.885));
#20690=DIRECTION('',(1.,0.,0.));
#20700=VECTOR('',#20690,1.);
#20710=LINE('',#20680,#20700);
#20720=CARTESIAN_POINT('',(-1.88,-0.399999999999998,4.885));
#20730=VERTEX_POINT('',#20720);
#20740=CARTESIAN_POINT('',(-1.78,-0.399999999999998,4.885));
#20750=VERTEX_POINT('',#20740);
#20760=EDGE_CURVE('',#20730,#20750,#20710,.T.);
#20770=ORIENTED_EDGE('',*,*,#20760,.T.);
#20780=CARTESIAN_POINT('',(-1.88,-0.549999999999998,4.885));
#20790=DIRECTION('',(5.08487067331167E-17,9.53413251245686E-17,-1.));
#20800=DIRECTION('',(-0.882352941176419,0.470588235294214,0.));
#20810=AXIS2_PLACEMENT_3D('',#20780,#20790,#20800);
#20820=CIRCLE('',#20810,0.15);
#20830=CARTESIAN_POINT('',(-2.01235294117647,-0.479411764705872,4.885));
#20840=VERTEX_POINT('',#20830);
#20850=EDGE_CURVE('',#20840,#20730,#20820,.T.);
#20860=ORIENTED_EDGE('',*,*,#20850,.T.);
#20870=CARTESIAN_POINT('',(-2.03588235294116,-0.523529411764687,4.885));
#20880=DIRECTION('',(0.470588235294117,0.882352941176471,0.));
#20890=VECTOR('',#20880,1.);
#20900=LINE('',#20870,#20890);
#20910=CARTESIAN_POINT('',(-2.03588235294117,-0.523529411764696,4.885));
#20920=VERTEX_POINT('',#20910);
#20930=EDGE_CURVE('',#20920,#20840,#20900,.T.);
#20940=ORIENTED_EDGE('',*,*,#20930,.T.);
#20950=CARTESIAN_POINT('',(-2.08,-0.499999999999998,4.885));
#20960=DIRECTION('',(-0.,0.,1.));
#20970=DIRECTION('',(0.,-1.,0.));
#20980=AXIS2_PLACEMENT_3D('',#20950,#20960,#20970);
#20990=CIRCLE('',#20980,0.05);
#21000=CARTESIAN_POINT('',(-2.08,-0.549999999999998,4.885));
#21010=VERTEX_POINT('',#21000);
#21020=EDGE_CURVE('',#21010,#20920,#20990,.T.);
#21030=ORIENTED_EDGE('',*,*,#21020,.T.);
#21040=CARTESIAN_POINT('',(-2.34000000000001,-0.549999999999998,4.885));
#21050=DIRECTION('',(1.,0.,0.));
#21060=VECTOR('',#21050,1.);
#21070=LINE('',#21040,#21060);
#21080=CARTESIAN_POINT('',(-2.34000000000001,-0.549999999999998,4.885));
#21090=VERTEX_POINT('',#21080);
#21100=EDGE_CURVE('',#21090,#21010,#21070,.T.);
#21110=ORIENTED_EDGE('',*,*,#21100,.T.);
#21120=CARTESIAN_POINT('',(-2.34000000000001,-0.649999999999998,4.885));
#21130=DIRECTION('',(0.,1.,0.));
#21140=VECTOR('',#21130,1.);
#21150=LINE('',#21120,#21140);
#21160=EDGE_CURVE('',#20420,#21090,#21150,.T.);
#21170=ORIENTED_EDGE('',*,*,#21160,.T.);
#21180=ORIENTED_EDGE('',*,*,#20580,.T.);
#21190=ORIENTED_EDGE('',*,*,#20210,.T.);
#21200=ORIENTED_EDGE('',*,*,#19880,.T.);
#21210=ORIENTED_EDGE('',*,*,#19570,.T.);
#21220=ORIENTED_EDGE('',*,*,#19240,.T.);
#21230=CARTESIAN_POINT('',(-1.78,-0.499999999999998,4.885));
#21240=DIRECTION('',(0.,1.,0.));
#21250=VECTOR('',#21240,1.);
#21260=LINE('',#21230,#21250);
#21270=EDGE_CURVE('',#19150,#20750,#21260,.T.);
#21280=ORIENTED_EDGE('',*,*,#21270,.F.);
#21290=EDGE_LOOP('',(#21280,#21220,#21210,#21200,#21190,#21180,#21170,
#21110,#21030,#20940,#20860,#20770));
#21300=FACE_OUTER_BOUND('',#21290,.T.);
#21310=ADVANCED_FACE('',(#21300),#20670,.T.);
#21320=CARTESIAN_POINT('',(-1.78,-0.5,-2.));
#21330=DIRECTION('',(-1.,0.,0.));
#21340=DIRECTION('',(0.,1.,0.));
#21350=AXIS2_PLACEMENT_3D('',#21320,#21330,#21340);
#21360=PLANE('',#21350);
#21370=CARTESIAN_POINT('',(-1.78,-0.399999999999999,6.635));
#21380=DIRECTION('',(0.,-1.,0.));
#21390=VECTOR('',#21380,1.);
#21400=LINE('',#21370,#21390);
#21410=CARTESIAN_POINT('',(-1.78,-0.399999999999999,6.635));
#21420=VERTEX_POINT('',#21410);
#21430=EDGE_CURVE('',#21420,#15000,#21400,.T.);
#21440=ORIENTED_EDGE('',*,*,#21430,.T.);
#21450=CARTESIAN_POINT('',(-1.78,-0.399999999999999,6.635));
#21460=DIRECTION('',(0.,0.,-1.));
#21470=VECTOR('',#21460,1.);
#21480=LINE('',#21450,#21470);
#21490=CARTESIAN_POINT('',(-1.78,-0.399999999999999,6.485));
#21500=VERTEX_POINT('',#21490);
#21510=EDGE_CURVE('',#21420,#21500,#21480,.T.);
#21520=ORIENTED_EDGE('',*,*,#21510,.F.);
#21530=CARTESIAN_POINT('',(-1.78,-0.499999999999998,6.485));
#21540=DIRECTION('',(0.,1.,0.));
#21550=VECTOR('',#21540,1.);
#21560=LINE('',#21530,#21550);
#21570=EDGE_CURVE('',#14760,#21500,#21560,.T.);
#21580=ORIENTED_EDGE('',*,*,#21570,.T.);
#21590=ORIENTED_EDGE('',*,*,#14770,.T.);
#21600=CARTESIAN_POINT('',(-1.78,-0.399999999999998,6.235));
#21610=DIRECTION('',(0.,-1.,0.));
#21620=VECTOR('',#21610,1.);
#21630=LINE('',#21600,#21620);
#21640=CARTESIAN_POINT('',(-1.78,-0.399999999999998,6.235));
#21650=VERTEX_POINT('',#21640);
#21660=EDGE_CURVE('',#21650,#14680,#21630,.T.);
#21670=ORIENTED_EDGE('',*,*,#21660,.T.);
#21680=CARTESIAN_POINT('',(-1.78,-0.399999999999998,6.235));
#21690=DIRECTION('',(0.,0.,-1.));
#21700=VECTOR('',#21690,1.);
#21710=LINE('',#21680,#21700);
#21720=CARTESIAN_POINT('',(-1.78,-0.399999999999998,6.085));
#21730=VERTEX_POINT('',#21720);
#21740=EDGE_CURVE('',#21650,#21730,#21710,.T.);
#21750=ORIENTED_EDGE('',*,*,#21740,.F.);
#21760=CARTESIAN_POINT('',(-1.78,-0.499999999999998,6.085));
#21770=DIRECTION('',(0.,1.,0.));
#21780=VECTOR('',#21770,1.);
#21790=LINE('',#21760,#21780);
#21800=EDGE_CURVE('',#14440,#21730,#21790,.T.);
#21810=ORIENTED_EDGE('',*,*,#21800,.T.);
#21820=ORIENTED_EDGE('',*,*,#14450,.T.);
#21830=CARTESIAN_POINT('',(-1.78,-0.399999999999998,5.835));
#21840=DIRECTION('',(0.,-1.,0.));
#21850=VECTOR('',#21840,1.);
#21860=LINE('',#21830,#21850);
#21870=CARTESIAN_POINT('',(-1.78,-0.399999999999998,5.835));
#21880=VERTEX_POINT('',#21870);
#21890=EDGE_CURVE('',#21880,#14360,#21860,.T.);
#21900=ORIENTED_EDGE('',*,*,#21890,.T.);
#21910=CARTESIAN_POINT('',(-1.78,-0.399999999999998,5.835));
#21920=DIRECTION('',(0.,0.,-1.));
#21930=VECTOR('',#21920,1.);
#21940=LINE('',#21910,#21930);
#21950=CARTESIAN_POINT('',(-1.78,-0.399999999999998,5.685));
#21960=VERTEX_POINT('',#21950);
#21970=EDGE_CURVE('',#21880,#21960,#21940,.T.);
#21980=ORIENTED_EDGE('',*,*,#21970,.F.);
#21990=CARTESIAN_POINT('',(-1.78,-0.499999999999998,5.685));
#22000=DIRECTION('',(0.,1.,0.));
#22010=VECTOR('',#22000,1.);
#22020=LINE('',#21990,#22010);
#22030=EDGE_CURVE('',#14120,#21960,#22020,.T.);
#22040=ORIENTED_EDGE('',*,*,#22030,.T.);
#22050=ORIENTED_EDGE('',*,*,#14130,.T.);
#22060=CARTESIAN_POINT('',(-1.78,-0.399999999999998,5.435));
#22070=DIRECTION('',(0.,-1.,0.));
#22080=VECTOR('',#22070,1.);
#22090=LINE('',#22060,#22080);
#22100=CARTESIAN_POINT('',(-1.78,-0.399999999999998,5.435));
#22110=VERTEX_POINT('',#22100);
#22120=EDGE_CURVE('',#22110,#14040,#22090,.T.);
#22130=ORIENTED_EDGE('',*,*,#22120,.T.);
#22140=CARTESIAN_POINT('',(-1.78,-0.399999999999998,5.435));
#22150=DIRECTION('',(0.,0.,-1.));
#22160=VECTOR('',#22150,1.);
#22170=LINE('',#22140,#22160);
#22180=CARTESIAN_POINT('',(-1.78,-0.399999999999998,5.285));
#22190=VERTEX_POINT('',#22180);
#22200=EDGE_CURVE('',#22110,#22190,#22170,.T.);
#22210=ORIENTED_EDGE('',*,*,#22200,.F.);
#22220=CARTESIAN_POINT('',(-1.78,-0.499999999999998,5.285));
#22230=DIRECTION('',(0.,1.,0.));
#22240=VECTOR('',#22230,1.);
#22250=LINE('',#22220,#22240);
#22260=EDGE_CURVE('',#13800,#22190,#22250,.T.);
#22270=ORIENTED_EDGE('',*,*,#22260,.T.);
#22280=ORIENTED_EDGE('',*,*,#13810,.T.);
#22290=CARTESIAN_POINT('',(-1.78,-0.399999999999998,5.035));
#22300=DIRECTION('',(0.,-1.,0.));
#22310=VECTOR('',#22300,1.);
#22320=LINE('',#22290,#22310);
#22330=CARTESIAN_POINT('',(-1.78,-0.399999999999998,5.035));
#22340=VERTEX_POINT('',#22330);
#22350=EDGE_CURVE('',#22340,#13720,#22320,.T.);
#22360=ORIENTED_EDGE('',*,*,#22350,.T.);
#22370=CARTESIAN_POINT('',(-1.78,-0.399999999999998,5.035));
#22380=DIRECTION('',(0.,0.,-1.));
#22390=VECTOR('',#22380,1.);
#22400=LINE('',#22370,#22390);
#22410=EDGE_CURVE('',#22340,#20750,#22400,.T.);
#22420=ORIENTED_EDGE('',*,*,#22410,.F.);
#22430=ORIENTED_EDGE('',*,*,#21270,.T.);
#22440=ORIENTED_EDGE('',*,*,#19160,.T.);
#22450=CARTESIAN_POINT('',(-1.78,-0.399999999999998,4.635));
#22460=DIRECTION('',(0.,-1.,0.));
#22470=VECTOR('',#22460,1.);
#22480=LINE('',#22450,#22470);
#22490=CARTESIAN_POINT('',(-1.78,-0.399999999999998,4.635));
#22500=VERTEX_POINT('',#22490);
#22510=EDGE_CURVE('',#22500,#19070,#22480,.T.);
#22520=ORIENTED_EDGE('',*,*,#22510,.T.);
#22530=CARTESIAN_POINT('',(-1.78,-0.399999999999998,4.635));
#22540=DIRECTION('',(0.,0.,-1.));
#22550=VECTOR('',#22540,1.);
#22560=LINE('',#22530,#22550);
#22570=CARTESIAN_POINT('',(-1.78,-0.399999999999998,4.485));
#22580=VERTEX_POINT('',#22570);
#22590=EDGE_CURVE('',#22500,#22580,#22560,.T.);
#22600=ORIENTED_EDGE('',*,*,#22590,.F.);
#22610=CARTESIAN_POINT('',(-1.78,-0.499999999999998,4.485));
#22620=DIRECTION('',(0.,1.,0.));
#22630=VECTOR('',#22620,1.);
#22640=LINE('',#22610,#22630);
#22650=EDGE_CURVE('',#18830,#22580,#22640,.T.);
#22660=ORIENTED_EDGE('',*,*,#22650,.T.);
#22670=ORIENTED_EDGE('',*,*,#18840,.T.);
#22680=CARTESIAN_POINT('',(-1.78,-0.399999999999998,4.235));
#22690=DIRECTION('',(0.,-1.,0.));
#22700=VECTOR('',#22690,1.);
#22710=LINE('',#22680,#22700);
#22720=CARTESIAN_POINT('',(-1.78,-0.399999999999998,4.235));
#22730=VERTEX_POINT('',#22720);
#22740=EDGE_CURVE('',#22730,#18750,#22710,.T.);
#22750=ORIENTED_EDGE('',*,*,#22740,.T.);
#22760=CARTESIAN_POINT('',(-1.78,-0.399999999999998,4.235));
#22770=DIRECTION('',(0.,0.,-1.));
#22780=VECTOR('',#22770,1.);
#22790=LINE('',#22760,#22780);
#22800=CARTESIAN_POINT('',(-1.78,-0.399999999999998,4.085));
#22810=VERTEX_POINT('',#22800);
#22820=EDGE_CURVE('',#22730,#22810,#22790,.T.);
#22830=ORIENTED_EDGE('',*,*,#22820,.F.);
#22840=CARTESIAN_POINT('',(-1.78,-0.499999999999998,4.085));
#22850=DIRECTION('',(0.,1.,0.));
#22860=VECTOR('',#22850,1.);
#22870=LINE('',#22840,#22860);
#22880=EDGE_CURVE('',#18510,#22810,#22870,.T.);
#22890=ORIENTED_EDGE('',*,*,#22880,.T.);
#22900=ORIENTED_EDGE('',*,*,#18520,.T.);
#22910=CARTESIAN_POINT('',(-1.78,-0.399999999999998,3.835));
#22920=DIRECTION('',(0.,-1.,0.));
#22930=VECTOR('',#22920,1.);
#22940=LINE('',#22910,#22930);
#22950=CARTESIAN_POINT('',(-1.78,-0.399999999999998,3.835));
#22960=VERTEX_POINT('',#22950);
#22970=EDGE_CURVE('',#22960,#18430,#22940,.T.);
#22980=ORIENTED_EDGE('',*,*,#22970,.T.);
#22990=CARTESIAN_POINT('',(-1.78,-0.399999999999998,3.835));
#23000=DIRECTION('',(0.,0.,-1.));
#23010=VECTOR('',#23000,1.);
#23020=LINE('',#22990,#23010);
#23030=CARTESIAN_POINT('',(-1.78,-0.399999999999998,3.685));
#23040=VERTEX_POINT('',#23030);
#23050=EDGE_CURVE('',#22960,#23040,#23020,.T.);
#23060=ORIENTED_EDGE('',*,*,#23050,.F.);
#23070=CARTESIAN_POINT('',(-1.78,-0.499999999999998,3.685));
#23080=DIRECTION('',(0.,1.,0.));
#23090=VECTOR('',#23080,1.);
#23100=LINE('',#23070,#23090);
#23110=EDGE_CURVE('',#18190,#23040,#23100,.T.);
#23120=ORIENTED_EDGE('',*,*,#23110,.T.);
#23130=ORIENTED_EDGE('',*,*,#18200,.T.);
#23140=CARTESIAN_POINT('',(-1.78,-0.399999999999998,3.435));
#23150=DIRECTION('',(0.,-1.,0.));
#23160=VECTOR('',#23150,1.);
#23170=LINE('',#23140,#23160);
#23180=CARTESIAN_POINT('',(-1.78,-0.399999999999998,3.435));
#23190=VERTEX_POINT('',#23180);
#23200=EDGE_CURVE('',#23190,#18110,#23170,.T.);
#23210=ORIENTED_EDGE('',*,*,#23200,.T.);
#23220=CARTESIAN_POINT('',(-1.78,-0.399999999999998,3.435));
#23230=DIRECTION('',(0.,0.,-1.));
#23240=VECTOR('',#23230,1.);
#23250=LINE('',#23220,#23240);
#23260=CARTESIAN_POINT('',(-1.78,-0.399999999999998,3.285));
#23270=VERTEX_POINT('',#23260);
#23280=EDGE_CURVE('',#23190,#23270,#23250,.T.);
#23290=ORIENTED_EDGE('',*,*,#23280,.F.);
#23300=CARTESIAN_POINT('',(-1.78,-0.499999999999998,3.285));
#23310=DIRECTION('',(0.,1.,0.));
#23320=VECTOR('',#23310,1.);
#23330=LINE('',#23300,#23320);
#23340=EDGE_CURVE('',#17870,#23270,#23330,.T.);
#23350=ORIENTED_EDGE('',*,*,#23340,.T.);
#23360=ORIENTED_EDGE('',*,*,#17880,.T.);
#23370=CARTESIAN_POINT('',(-1.78,-0.399999999999998,3.035));
#23380=DIRECTION('',(0.,-1.,0.));
#23390=VECTOR('',#23380,1.);
#23400=LINE('',#23370,#23390);
#23410=CARTESIAN_POINT('',(-1.78,-0.399999999999998,3.035));
#23420=VERTEX_POINT('',#23410);
#23430=EDGE_CURVE('',#23420,#17790,#23400,.T.);
#23440=ORIENTED_EDGE('',*,*,#23430,.T.);
#23450=CARTESIAN_POINT('',(-1.78,-0.399999999999998,3.035));
#23460=DIRECTION('',(0.,0.,-1.));
#23470=VECTOR('',#23460,1.);
#23480=LINE('',#23450,#23470);
#23490=CARTESIAN_POINT('',(-1.78,-0.399999999999998,2.885));
#23500=VERTEX_POINT('',#23490);
#23510=EDGE_CURVE('',#23420,#23500,#23480,.T.);
#23520=ORIENTED_EDGE('',*,*,#23510,.F.);
#23530=CARTESIAN_POINT('',(-1.78,-0.499999999999998,2.885));
#23540=DIRECTION('',(0.,1.,0.));
#23550=VECTOR('',#23540,1.);
#23560=LINE('',#23530,#23550);
#23570=EDGE_CURVE('',#17550,#23500,#23560,.T.);
#23580=ORIENTED_EDGE('',*,*,#23570,.T.);
#23590=ORIENTED_EDGE('',*,*,#17560,.T.);
#23600=CARTESIAN_POINT('',(-1.78,-0.399999999999998,2.635));
#23610=DIRECTION('',(0.,-1.,0.));
#23620=VECTOR('',#23610,1.);
#23630=LINE('',#23600,#23620);
#23640=CARTESIAN_POINT('',(-1.78,-0.399999999999998,2.635));
#23650=VERTEX_POINT('',#23640);
#23660=EDGE_CURVE('',#23650,#17470,#23630,.T.);
#23670=ORIENTED_EDGE('',*,*,#23660,.T.);
#23680=CARTESIAN_POINT('',(-1.78,-0.399999999999998,2.635));
#23690=DIRECTION('',(0.,0.,-1.));
#23700=VECTOR('',#23690,1.);
#23710=LINE('',#23680,#23700);
#23720=CARTESIAN_POINT('',(-1.78,-0.399999999999998,2.485));
#23730=VERTEX_POINT('',#23720);
#23740=EDGE_CURVE('',#23650,#23730,#23710,.T.);
#23750=ORIENTED_EDGE('',*,*,#23740,.F.);
#23760=CARTESIAN_POINT('',(-1.78,-0.499999999999998,2.485));
#23770=DIRECTION('',(0.,1.,0.));
#23780=VECTOR('',#23770,1.);
#23790=LINE('',#23760,#23780);
#23800=EDGE_CURVE('',#17230,#23730,#23790,.T.);
#23810=ORIENTED_EDGE('',*,*,#23800,.T.);
#23820=ORIENTED_EDGE('',*,*,#17240,.T.);
#23830=CARTESIAN_POINT('',(-1.78,-0.399999999999998,2.235));
#23840=DIRECTION('',(0.,-1.,0.));
#23850=VECTOR('',#23840,1.);
#23860=LINE('',#23830,#23850);
#23870=CARTESIAN_POINT('',(-1.78,-0.399999999999998,2.235));
#23880=VERTEX_POINT('',#23870);
#23890=EDGE_CURVE('',#23880,#17150,#23860,.T.);
#23900=ORIENTED_EDGE('',*,*,#23890,.T.);
#23910=CARTESIAN_POINT('',(-1.78,-0.399999999999998,2.235));
#23920=DIRECTION('',(0.,0.,-1.));
#23930=VECTOR('',#23920,1.);
#23940=LINE('',#23910,#23930);
#23950=CARTESIAN_POINT('',(-1.78,-0.399999999999998,2.085));
#23960=VERTEX_POINT('',#23950);
#23970=EDGE_CURVE('',#23880,#23960,#23940,.T.);
#23980=ORIENTED_EDGE('',*,*,#23970,.F.);
#23990=CARTESIAN_POINT('',(-1.78,-0.499999999999998,2.085));
#24000=DIRECTION('',(0.,1.,0.));
#24010=VECTOR('',#24000,1.);
#24020=LINE('',#23990,#24010);
#24030=EDGE_CURVE('',#16910,#23960,#24020,.T.);
#24040=ORIENTED_EDGE('',*,*,#24030,.T.);
#24050=ORIENTED_EDGE('',*,*,#16920,.T.);
#24060=CARTESIAN_POINT('',(-1.78,-0.399999999999998,1.835));
#24070=DIRECTION('',(0.,-1.,0.));
#24080=VECTOR('',#24070,1.);
#24090=LINE('',#24060,#24080);
#24100=CARTESIAN_POINT('',(-1.78,-0.399999999999998,1.835));
#24110=VERTEX_POINT('',#24100);
#24120=EDGE_CURVE('',#24110,#16830,#24090,.T.);
#24130=ORIENTED_EDGE('',*,*,#24120,.T.);
#24140=CARTESIAN_POINT('',(-1.78,-0.399999999999998,1.835));
#24150=DIRECTION('',(0.,0.,-1.));
#24160=VECTOR('',#24150,1.);
#24170=LINE('',#24140,#24160);
#24180=CARTESIAN_POINT('',(-1.78,-0.399999999999998,1.685));
#24190=VERTEX_POINT('',#24180);
#24200=EDGE_CURVE('',#24110,#24190,#24170,.T.);
#24210=ORIENTED_EDGE('',*,*,#24200,.F.);
#24220=CARTESIAN_POINT('',(-1.78,-0.499999999999998,1.685));
#24230=DIRECTION('',(0.,1.,0.));
#24240=VECTOR('',#24230,1.);
#24250=LINE('',#24220,#24240);
#24260=EDGE_CURVE('',#16590,#24190,#24250,.T.);
#24270=ORIENTED_EDGE('',*,*,#24260,.T.);
#24280=ORIENTED_EDGE('',*,*,#16600,.T.);
#24290=CARTESIAN_POINT('',(-1.78,-0.399999999999998,1.435));
#24300=DIRECTION('',(0.,-1.,0.));
#24310=VECTOR('',#24300,1.);
#24320=LINE('',#24290,#24310);
#24330=CARTESIAN_POINT('',(-1.78,-0.399999999999998,1.435));
#24340=VERTEX_POINT('',#24330);
#24350=EDGE_CURVE('',#24340,#16510,#24320,.T.);
#24360=ORIENTED_EDGE('',*,*,#24350,.T.);
#24370=CARTESIAN_POINT('',(-1.78,-0.399999999999998,1.435));
#24380=DIRECTION('',(0.,0.,-1.));
#24390=VECTOR('',#24380,1.);
#24400=LINE('',#24370,#24390);
#24410=CARTESIAN_POINT('',(-1.78,-0.399999999999998,1.285));
#24420=VERTEX_POINT('',#24410);
#24430=EDGE_CURVE('',#24340,#24420,#24400,.T.);
#24440=ORIENTED_EDGE('',*,*,#24430,.F.);
#24450=CARTESIAN_POINT('',(-1.78,-0.499999999999998,1.285));
#24460=DIRECTION('',(0.,1.,0.));
#24470=VECTOR('',#24460,1.);
#24480=LINE('',#24450,#24470);
#24490=EDGE_CURVE('',#16270,#24420,#24480,.T.);
#24500=ORIENTED_EDGE('',*,*,#24490,.T.);
#24510=ORIENTED_EDGE('',*,*,#16280,.T.);
#24520=CARTESIAN_POINT('',(-1.78,-0.399999999999998,1.035));
#24530=DIRECTION('',(0.,-1.,0.));
#24540=VECTOR('',#24530,1.);
#24550=LINE('',#24520,#24540);
#24560=CARTESIAN_POINT('',(-1.78,-0.399999999999998,1.035));
#24570=VERTEX_POINT('',#24560);
#24580=EDGE_CURVE('',#24570,#16190,#24550,.T.);
#24590=ORIENTED_EDGE('',*,*,#24580,.T.);
#24600=CARTESIAN_POINT('',(-1.78,-0.399999999999998,1.035));
#24610=DIRECTION('',(0.,0.,-1.));
#24620=VECTOR('',#24610,1.);
#24630=LINE('',#24600,#24620);
#24640=CARTESIAN_POINT('',(-1.78,-0.399999999999998,0.885));
#24650=VERTEX_POINT('',#24640);
#24660=EDGE_CURVE('',#24570,#24650,#24630,.T.);
#24670=ORIENTED_EDGE('',*,*,#24660,.F.);
#24680=CARTESIAN_POINT('',(-1.78,-0.499999999999998,0.885));
#24690=DIRECTION('',(0.,1.,0.));
#24700=VECTOR('',#24690,1.);
#24710=LINE('',#24680,#24700);
#24720=EDGE_CURVE('',#15950,#24650,#24710,.T.);
#24730=ORIENTED_EDGE('',*,*,#24720,.T.);
#24740=ORIENTED_EDGE('',*,*,#15960,.T.);
#24750=CARTESIAN_POINT('',(-1.78,-0.399999999999998,0.635));
#24760=DIRECTION('',(0.,-1.,0.));
#24770=VECTOR('',#24760,1.);
#24780=LINE('',#24750,#24770);
#24790=CARTESIAN_POINT('',(-1.78,-0.399999999999998,0.635));
#24800=VERTEX_POINT('',#24790);
#24810=EDGE_CURVE('',#24800,#15870,#24780,.T.);
#24820=ORIENTED_EDGE('',*,*,#24810,.T.);
#24830=CARTESIAN_POINT('',(-1.78,-0.399999999999998,0.635));
#24840=DIRECTION('',(0.,0.,-1.));
#24850=VECTOR('',#24840,1.);
#24860=LINE('',#24830,#24850);
#24870=CARTESIAN_POINT('',(-1.78,-0.399999999999998,0.485));
#24880=VERTEX_POINT('',#24870);
#24890=EDGE_CURVE('',#24800,#24880,#24860,.T.);
#24900=ORIENTED_EDGE('',*,*,#24890,.F.);
#24910=CARTESIAN_POINT('',(-1.78,-0.499999999999997,0.485));
#24920=DIRECTION('',(0.,1.,0.));
#24930=VECTOR('',#24920,1.);
#24940=LINE('',#24910,#24930);
#24950=EDGE_CURVE('',#15630,#24880,#24940,.T.);
#24960=ORIENTED_EDGE('',*,*,#24950,.T.);
#24970=ORIENTED_EDGE('',*,*,#15640,.T.);
#24980=CARTESIAN_POINT('',(-1.78,0.44,0.0999999999999996));
#24990=DIRECTION('',(0.,-1.,0.));
#25000=VECTOR('',#24990,1.);
#25010=LINE('',#24980,#25000);
#25020=CARTESIAN_POINT('',(-1.78,0.44,0.1));
#25030=VERTEX_POINT('',#25020);
#25040=EDGE_CURVE('',#25030,#15550,#25010,.T.);
#25050=ORIENTED_EDGE('',*,*,#25040,.T.);
#25060=CARTESIAN_POINT('',(-1.78,0.44,7.42));
#25070=DIRECTION('',(0.,0.,-1.));
#25080=VECTOR('',#25070,1.);
#25090=LINE('',#25060,#25080);
#25100=CARTESIAN_POINT('',(-1.78,0.440000000000001,7.42));
#25110=VERTEX_POINT('',#25100);
#25120=EDGE_CURVE('',#25110,#25030,#25090,.T.);
#25130=ORIENTED_EDGE('',*,*,#25120,.T.);
#25140=CARTESIAN_POINT('',(-1.78,-0.499999999999998,7.42));
#25150=DIRECTION('',(0.,1.,0.));
#25160=VECTOR('',#25150,1.);
#25170=LINE('',#25140,#25160);
#25180=EDGE_CURVE('',#15400,#25110,#25170,.T.);
#25190=ORIENTED_EDGE('',*,*,#25180,.T.);
#25200=ORIENTED_EDGE('',*,*,#15410,.T.);
#25210=CARTESIAN_POINT('',(-1.78,-0.399999999999999,7.035));
#25220=DIRECTION('',(0.,-1.,0.));
#25230=VECTOR('',#25220,1.);
#25240=LINE('',#25210,#25230);
#25250=CARTESIAN_POINT('',(-1.78,-0.399999999999999,7.035));
#25260=VERTEX_POINT('',#25250);
#25270=EDGE_CURVE('',#25260,#15320,#25240,.T.);
#25280=ORIENTED_EDGE('',*,*,#25270,.T.);
#25290=CARTESIAN_POINT('',(-1.78,-0.399999999999999,7.035));
#25300=DIRECTION('',(0.,0.,-1.));
#25310=VECTOR('',#25300,1.);
#25320=LINE('',#25290,#25310);
#25330=CARTESIAN_POINT('',(-1.78,-0.399999999999999,6.885));
#25340=VERTEX_POINT('',#25330);
#25350=EDGE_CURVE('',#25260,#25340,#25320,.T.);
#25360=ORIENTED_EDGE('',*,*,#25350,.F.);
#25370=CARTESIAN_POINT('',(-1.78,-0.499999999999998,6.885));
#25380=DIRECTION('',(0.,1.,0.));
#25390=VECTOR('',#25380,1.);
#25400=LINE('',#25370,#25390);
#25410=EDGE_CURVE('',#15080,#25340,#25400,.T.);
#25420=ORIENTED_EDGE('',*,*,#25410,.T.);
#25430=ORIENTED_EDGE('',*,*,#15090,.T.);
#25440=EDGE_LOOP('',(#25430,#25420,#25360,#25280,#25200,#25190,#25130,
#25050,#24970,#24960,#24900,#24820,#24740,#24730,#24670,#24590,#24510,
#24500,#24440,#24360,#24280,#24270,#24210,#24130,#24050,#24040,#23980,
#23900,#23820,#23810,#23750,#23670,#23590,#23580,#23520,#23440,#23360,
#23350,#23290,#23210,#23130,#23120,#23060,#22980,#22900,#22890,#22830,
#22750,#22670,#22660,#22600,#22520,#22440,#22430,#22420,#22360,#22280,
#22270,#22210,#22130,#22050,#22040,#21980,#21900,#21820,#21810,#21750,
#21670,#21590,#21580,#21520,#21440));
#25450=FACE_OUTER_BOUND('',#25440,.T.);
#25460=ADVANCED_FACE('',(#25450),#21360,.T.);
#25470=CARTESIAN_POINT('',(-2.97514578638867,-0.649999999999999,6.635));
#25480=DIRECTION('',(0.,-1.22460635382238E-16,1.));
#25490=DIRECTION('',(0.,1.,1.22460635382238E-16));
#25500=AXIS2_PLACEMENT_3D('',#25470,#25480,#25490);
#25510=PLANE('',#25500);
#25520=ORIENTED_EDGE('',*,*,#15010,.T.);
#25530=CARTESIAN_POINT('',(-1.88,-0.549999999999999,6.635));
#25540=DIRECTION('',(5.08487067330177E-17,9.53413251247162E-17,-1.));
#25550=DIRECTION('',(-0.882352941177102,0.470588235292934,0.));
#25560=AXIS2_PLACEMENT_3D('',#25530,#25540,#25550);
#25570=CIRCLE('',#25560,0.05);
#25580=CARTESIAN_POINT('',(-1.92411764705884,-0.52647058823532,6.635));
#25590=VERTEX_POINT('',#25580);
#25600=EDGE_CURVE('',#25590,#14920,#25570,.T.);
#25610=ORIENTED_EDGE('',*,*,#25600,.T.);
#25620=CARTESIAN_POINT('',(-1.94764705882355,-0.570588235294145,6.635));
#25630=DIRECTION('',(0.470588235294123,0.882352941176468,0.));
#25640=VECTOR('',#25630,1.);
#25650=LINE('',#25620,#25640);
#25660=CARTESIAN_POINT('',(-1.94764705882354,-0.570588235294132,6.635));
#25670=VERTEX_POINT('',#25660);
#25680=EDGE_CURVE('',#25670,#25590,#25650,.T.);
#25690=ORIENTED_EDGE('',*,*,#25680,.T.);
#25700=CARTESIAN_POINT('',(-2.08,-0.499999999999999,6.635));
#25710=DIRECTION('',(-1.95780408496685E-29,-3.12998280888295E-42,1.));
#25720=DIRECTION('',(1.59872115546023E-13,-1.,0.));
#25730=AXIS2_PLACEMENT_3D('',#25700,#25710,#25720);
#25740=CIRCLE('',#25730,0.15);
#25750=CARTESIAN_POINT('',(-2.07999999999999,-0.649999999999998,6.635));
#25760=VERTEX_POINT('',#25750);
#25770=EDGE_CURVE('',#25760,#25670,#25740,.T.);
#25780=ORIENTED_EDGE('',*,*,#25770,.T.);
#25790=CARTESIAN_POINT('',(-2.34000000000001,-0.649999999999998,6.635));
#25800=DIRECTION('',(1.,0.,0.));
#25810=VECTOR('',#25800,1.);
#25820=LINE('',#25790,#25810);
#25830=CARTESIAN_POINT('',(-2.34000000000001,-0.649999999999998,6.635));
#25840=VERTEX_POINT('',#25830);
#25850=EDGE_CURVE('',#25840,#25760,#25820,.T.);
#25860=ORIENTED_EDGE('',*,*,#25850,.T.);
#25870=CARTESIAN_POINT('',(-2.34000000000001,-0.549999999999999,6.635));
#25880=DIRECTION('',(0.,-1.,0.));
#25890=VECTOR('',#25880,1.);
#25900=LINE('',#25870,#25890);
#25910=CARTESIAN_POINT('',(-2.34000000000001,-0.549999999999999,6.635));
#25920=VERTEX_POINT('',#25910);
#25930=EDGE_CURVE('',#25920,#25840,#25900,.T.);
#25940=ORIENTED_EDGE('',*,*,#25930,.T.);
#25950=CARTESIAN_POINT('',(-2.08,-0.549999999999999,6.635));
#25960=DIRECTION('',(-1.,0.,0.));
#25970=VECTOR('',#25960,1.);
#25980=LINE('',#25950,#25970);
#25990=CARTESIAN_POINT('',(-2.08,-0.549999999999999,6.635));
#26000=VERTEX_POINT('',#25990);
#26010=EDGE_CURVE('',#26000,#25920,#25980,.T.);
#26020=ORIENTED_EDGE('',*,*,#26010,.T.);
#26030=CARTESIAN_POINT('',(-2.08,-0.499999999999999,6.635));
#26040=DIRECTION('',(5.08487067331638E-17,9.53413251244983E-17,-1.));
#26050=DIRECTION('',(0.882352941176094,-0.470588235294824,0.));
#26060=AXIS2_PLACEMENT_3D('',#26030,#26040,#26050);
#26070=CIRCLE('',#26060,0.05);
#26080=CARTESIAN_POINT('',(-2.03588235294119,-0.523529411764723,6.635));
#26090=VERTEX_POINT('',#26080);
#26100=EDGE_CURVE('',#26090,#26000,#26070,.T.);
#26110=ORIENTED_EDGE('',*,*,#26100,.T.);
#26120=CARTESIAN_POINT('',(-2.01235294117649,-0.47941176470591,6.635));
#26130=DIRECTION('',(-0.470588235294118,-0.882352941176471,0.));
#26140=VECTOR('',#26130,1.);
#26150=LINE('',#26120,#26140);
#26160=CARTESIAN_POINT('',(-2.01235294117648,-0.479411764705896,6.635));
#26170=VERTEX_POINT('',#26160);
#26180=EDGE_CURVE('',#26170,#26090,#26150,.T.);
#26190=ORIENTED_EDGE('',*,*,#26180,.T.);
#26200=CARTESIAN_POINT('',(-1.88,-0.549999999999999,6.635));
#26210=DIRECTION('',(0.,-0.,1.));
#26220=DIRECTION('',(0.,1.,0.));
#26230=AXIS2_PLACEMENT_3D('',#26200,#26210,#26220);
#26240=CIRCLE('',#26230,0.15);
#26250=CARTESIAN_POINT('',(-1.88,-0.399999999999999,6.635));
#26260=VERTEX_POINT('',#26250);
#26270=EDGE_CURVE('',#26260,#26170,#26240,.T.);
#26280=ORIENTED_EDGE('',*,*,#26270,.T.);
#26290=CARTESIAN_POINT('',(-1.78,-0.399999999999999,6.635));
#26300=DIRECTION('',(-1.,0.,0.));
#26310=VECTOR('',#26300,1.);
#26320=LINE('',#26290,#26310);
#26330=EDGE_CURVE('',#21420,#26260,#26320,.T.);
#26340=ORIENTED_EDGE('',*,*,#26330,.T.);
#26350=ORIENTED_EDGE('',*,*,#21430,.F.);
#26360=EDGE_LOOP('',(#26350,#26340,#26280,#26190,#26110,#26020,#25940,
#25860,#25780,#25690,#25610,#25520));
#26370=FACE_OUTER_BOUND('',#26360,.T.);
#26380=ADVANCED_FACE('',(#26370),#25510,.T.);
#26390=CARTESIAN_POINT('',(-1.88,-0.549999999999999,6.695));
#26400=DIRECTION('',(0.,1.22460635382238E-16,-1.));
#26410=DIRECTION('',(1.,0.,0.));
#26420=AXIS2_PLACEMENT_3D('',#26390,#26400,#26410);
#26430=CYLINDRICAL_SURFACE('',#26420,0.05);
#26440=ORIENTED_EDGE('',*,*,#25600,.F.);
#26450=ORIENTED_EDGE('',*,*,#14930,.T.);
#26460=CARTESIAN_POINT('',(-1.88,-0.549999999999999,6.485));
#26470=DIRECTION('',(1.52273651052977E-29,-1.89344639055882E-42,1.));
#26480=DIRECTION('',(1.24344978758018E-13,1.,0.));
#26490=AXIS2_PLACEMENT_3D('',#26460,#26470,#26480);
#26500=CIRCLE('',#26490,0.05);
#26510=CARTESIAN_POINT('',(-1.92411764705885,-0.526470588235331,6.485));
#26520=VERTEX_POINT('',#26510);
#26530=EDGE_CURVE('',#14840,#26520,#26500,.T.);
#26540=ORIENTED_EDGE('',*,*,#26530,.F.);
#26550=CARTESIAN_POINT('',(-1.92411764705882,-0.526470588235292,6.635));
#26560=DIRECTION('',(0.,0.,-1.));
#26570=VECTOR('',#26560,1.);
#26580=LINE('',#26550,#26570);
#26590=EDGE_CURVE('',#25590,#26520,#26580,.T.);
#26600=ORIENTED_EDGE('',*,*,#26590,.T.);
#26610=EDGE_LOOP('',(#26600,#26540,#26450,#26440));
#26620=FACE_OUTER_BOUND('',#26610,.T.);
#26630=ADVANCED_FACE('',(#26620),#26430,.F.);
#26640=CARTESIAN_POINT('',(-1.92411764705883,-0.526470588235293,6.695));
#26650=DIRECTION('',(-0.88235294117647,0.470588235294118,
5.76285342975237E-17));
#26660=DIRECTION('',(-0.470588235294118,-0.88235294117647,
-1.08053501807857E-16));
#26670=AXIS2_PLACEMENT_3D('',#26640,#26650,#26660);
#26680=PLANE('',#26670);
#26690=ORIENTED_EDGE('',*,*,#25680,.F.);
#26700=ORIENTED_EDGE('',*,*,#26590,.F.);
#26710=CARTESIAN_POINT('',(-1.92411764705888,-0.52647058823537,6.485));
#26720=DIRECTION('',(-0.470588235294118,-0.882352941176471,0.));
#26730=VECTOR('',#26720,1.);
#26740=LINE('',#26710,#26730);
#26750=CARTESIAN_POINT('',(-1.94764705882358,-0.570588235294207,6.485));
#26760=VERTEX_POINT('',#26750);
#26770=EDGE_CURVE('',#26520,#26760,#26740,.T.);
#26780=ORIENTED_EDGE('',*,*,#26770,.F.);
#26790=CARTESIAN_POINT('',(-1.94764705882353,-0.570588235294117,6.485));
#26800=DIRECTION('',(0.,0.,1.));
#26810=VECTOR('',#26800,1.);
#26820=LINE('',#26790,#26810);
#26830=EDGE_CURVE('',#26760,#25670,#26820,.T.);
#26840=ORIENTED_EDGE('',*,*,#26830,.F.);
#26850=EDGE_LOOP('',(#26840,#26780,#26700,#26690));
#26860=FACE_OUTER_BOUND('',#26850,.T.);
#26870=ADVANCED_FACE('',(#26860),#26680,.F.);
#26880=CARTESIAN_POINT('',(-2.08,-0.499999999999999,6.695));
#26890=DIRECTION('',(0.,1.22460635382238E-16,-1.));
#26900=DIRECTION('',(1.,0.,0.));
#26910=AXIS2_PLACEMENT_3D('',#26880,#26890,#26900);
#26920=CYLINDRICAL_SURFACE('',#26910,0.15);
#26930=ORIENTED_EDGE('',*,*,#25770,.F.);
#26940=ORIENTED_EDGE('',*,*,#26830,.T.);
#26950=CARTESIAN_POINT('',(-2.08,-0.499999999999999,6.485));
#26960=DIRECTION('',(5.08487067332021E-17,9.53413251244413E-17,-1.));
#26970=DIRECTION('',(0.88235294117583,-0.470588235295319,0.));
#26980=AXIS2_PLACEMENT_3D('',#26950,#26960,#26970);
#26990=CIRCLE('',#26980,0.15);
#27000=CARTESIAN_POINT('',(-2.08,-0.649999999999998,6.485));
#27010=VERTEX_POINT('',#27000);
#27020=EDGE_CURVE('',#26760,#27010,#26990,.T.);
#27030=ORIENTED_EDGE('',*,*,#27020,.F.);
#27040=CARTESIAN_POINT('',(-2.08,-0.649999999999999,6.635));
#27050=DIRECTION('',(0.,0.,-1.));
#27060=VECTOR('',#27050,1.);
#27070=LINE('',#27040,#27060);
#27080=EDGE_CURVE('',#25760,#27010,#27070,.T.);
#27090=ORIENTED_EDGE('',*,*,#27080,.T.);
#27100=EDGE_LOOP('',(#27090,#27030,#26940,#26930));
#27110=FACE_OUTER_BOUND('',#27100,.T.);
#27120=ADVANCED_FACE('',(#27110),#26920,.T.);
#27130=CARTESIAN_POINT('',(-2.53376671489879,-0.649999999999998,6.695));
#27140=DIRECTION('',(6.47630097698008E-16,1.,1.22460635382238E-16));
#27150=DIRECTION('',(-1.,6.47630097698008E-16,7.93091932567587E-32));
#27160=AXIS2_PLACEMENT_3D('',#27130,#27140,#27150);
#27170=PLANE('',#27160);
#27180=CARTESIAN_POINT('',(-2.34000000000001,-0.649999999999998,6.485));
#27190=DIRECTION('',(0.,0.,1.));
#27200=VECTOR('',#27190,1.);
#27210=LINE('',#27180,#27200);
#27220=CARTESIAN_POINT('',(-2.34000000000001,-0.649999999999998,6.485));
#27230=VERTEX_POINT('',#27220);
#27240=EDGE_CURVE('',#27230,#25840,#27210,.T.);
#27250=ORIENTED_EDGE('',*,*,#27240,.F.);
#27260=ORIENTED_EDGE('',*,*,#25850,.F.);
#27270=ORIENTED_EDGE('',*,*,#27080,.F.);
#27280=CARTESIAN_POINT('',(-2.07999999999999,-0.649999999999998,6.485));
#27290=DIRECTION('',(-1.,0.,0.));
#27300=VECTOR('',#27290,1.);
#27310=LINE('',#27280,#27300);
#27320=EDGE_CURVE('',#27010,#27230,#27310,.T.);
#27330=ORIENTED_EDGE('',*,*,#27320,.F.);
#27340=EDGE_LOOP('',(#27330,#27270,#27260,#27250));
#27350=FACE_OUTER_BOUND('',#27340,.T.);
#27360=ADVANCED_FACE('',(#27350),#27170,.F.);
#27370=CARTESIAN_POINT('',(-2.97514578638867,-0.349999999999999,6.485));
#27380=DIRECTION('',(0.,1.22460635382238E-16,-1.));
#27390=DIRECTION('',(0.,-1.,-1.22460635382238E-16));
#27400=AXIS2_PLACEMENT_3D('',#27370,#27380,#27390);
#27410=PLANE('',#27400);
#27420=CARTESIAN_POINT('',(-1.88,-0.399999999999999,6.485));
#27430=DIRECTION('',(1.,0.,0.));
#27440=VECTOR('',#27430,1.);
#27450=LINE('',#27420,#27440);
#27460=CARTESIAN_POINT('',(-1.88,-0.399999999999999,6.485));
#27470=VERTEX_POINT('',#27460);
#27480=EDGE_CURVE('',#27470,#21500,#27450,.T.);
#27490=ORIENTED_EDGE('',*,*,#27480,.T.);
#27500=CARTESIAN_POINT('',(-1.88,-0.549999999999999,6.485));
#27510=DIRECTION('',(5.08487067330504E-17,9.53413251246674E-17,-1.));
#27520=DIRECTION('',(-0.882352941176876,0.470588235293357,0.));
#27530=AXIS2_PLACEMENT_3D('',#27500,#27510,#27520);
#27540=CIRCLE('',#27530,0.15);
#27550=CARTESIAN_POINT('',(-2.0123529411765,-0.479411764705937,6.485));
#27560=VERTEX_POINT('',#27550);
#27570=EDGE_CURVE('',#27560,#27470,#27540,.T.);
#27580=ORIENTED_EDGE('',*,*,#27570,.T.);
#27590=CARTESIAN_POINT('',(-2.03588235294121,-0.523529411764755,6.485));
#27600=DIRECTION('',(0.470588235294112,0.882352941176473,0.));
#27610=VECTOR('',#27600,1.);
#27620=LINE('',#27590,#27610);
#27630=CARTESIAN_POINT('',(-2.03588235294119,-0.523529411764733,6.485));
#27640=VERTEX_POINT('',#27630);
#27650=EDGE_CURVE('',#27640,#27560,#27620,.T.);
#27660=ORIENTED_EDGE('',*,*,#27650,.T.);
#27670=CARTESIAN_POINT('',(-2.08,-0.499999999999999,6.485));
#27680=DIRECTION('',(-0.,0.,1.));
#27690=DIRECTION('',(0.,-1.,0.));
#27700=AXIS2_PLACEMENT_3D('',#27670,#27680,#27690);
#27710=CIRCLE('',#27700,0.05);
#27720=CARTESIAN_POINT('',(-2.08,-0.549999999999999,6.485));
#27730=VERTEX_POINT('',#27720);
#27740=EDGE_CURVE('',#27730,#27640,#27710,.T.);
#27750=ORIENTED_EDGE('',*,*,#27740,.T.);
#27760=CARTESIAN_POINT('',(-2.34000000000001,-0.549999999999999,6.485));
#27770=DIRECTION('',(1.,0.,0.));
#27780=VECTOR('',#27770,1.);
#27790=LINE('',#27760,#27780);
#27800=CARTESIAN_POINT('',(-2.34000000000001,-0.549999999999999,6.485));
#27810=VERTEX_POINT('',#27800);
#27820=EDGE_CURVE('',#27810,#27730,#27790,.T.);
#27830=ORIENTED_EDGE('',*,*,#27820,.T.);
#27840=CARTESIAN_POINT('',(-2.34000000000001,-0.649999999999998,6.485));
#27850=DIRECTION('',(0.,1.,0.));
#27860=VECTOR('',#27850,1.);
#27870=LINE('',#27840,#27860);
#27880=EDGE_CURVE('',#27230,#27810,#27870,.T.);
#27890=ORIENTED_EDGE('',*,*,#27880,.T.);
#27900=ORIENTED_EDGE('',*,*,#27320,.T.);
#27910=ORIENTED_EDGE('',*,*,#27020,.T.);
#27920=ORIENTED_EDGE('',*,*,#26770,.T.);
#27930=ORIENTED_EDGE('',*,*,#26530,.T.);
#27940=ORIENTED_EDGE('',*,*,#14850,.T.);
#27950=ORIENTED_EDGE('',*,*,#21570,.F.);
#27960=EDGE_LOOP('',(#27950,#27940,#27930,#27920,#27910,#27900,#27890,
#27830,#27750,#27660,#27580,#27490));
#27970=FACE_OUTER_BOUND('',#27960,.T.);
#27980=ADVANCED_FACE('',(#27970),#27410,.T.);
#27990=CARTESIAN_POINT('',(-1.88,-0.399999999999999,6.695));
#28000=DIRECTION('',(0.,-1.,-1.22460635382238E-16));
#28010=DIRECTION('',(1.,0.,0.));
#28020=AXIS2_PLACEMENT_3D('',#27990,#28000,#28010);
#28030=PLANE('',#28020);
#28040=ORIENTED_EDGE('',*,*,#26330,.F.);
#28050=CARTESIAN_POINT('',(-1.88,-0.399999999999999,6.635));
#28060=DIRECTION('',(0.,0.,-1.));
#28070=VECTOR('',#28060,1.);
#28080=LINE('',#28050,#28070);
#28090=EDGE_CURVE('',#26260,#27470,#28080,.T.);
#28100=ORIENTED_EDGE('',*,*,#28090,.F.);
#28110=ORIENTED_EDGE('',*,*,#27480,.F.);
#28120=ORIENTED_EDGE('',*,*,#21510,.T.);
#28130=EDGE_LOOP('',(#28120,#28110,#28100,#28040));
#28140=FACE_OUTER_BOUND('',#28130,.T.);
#28150=ADVANCED_FACE('',(#28140),#28030,.F.);
#28160=CARTESIAN_POINT('',(-1.88,-0.549999999999999,6.695));
#28170=DIRECTION('',(0.,1.22460635382238E-16,-1.));
#28180=DIRECTION('',(1.,0.,0.));
#28190=AXIS2_PLACEMENT_3D('',#28160,#28170,#28180);
#28200=CYLINDRICAL_SURFACE('',#28190,0.15);
#28210=ORIENTED_EDGE('',*,*,#26270,.F.);
#28220=CARTESIAN_POINT('',(-2.01235294117647,-0.479411764705881,6.485));
#28230=DIRECTION('',(0.,-3.7007434154172E-16,1.));
#28240=VECTOR('',#28230,1.);
#28250=LINE('',#28220,#28240);
#28260=EDGE_CURVE('',#27560,#26170,#28250,.T.);
#28270=ORIENTED_EDGE('',*,*,#28260,.T.);
#28280=ORIENTED_EDGE('',*,*,#27570,.F.);
#28290=ORIENTED_EDGE('',*,*,#28090,.T.);
#28300=EDGE_LOOP('',(#28290,#28280,#28270,#28210));
#28310=FACE_OUTER_BOUND('',#28300,.T.);
#28320=ADVANCED_FACE('',(#28310),#28200,.T.);
#28330=CARTESIAN_POINT('',(-2.03588235294118,-0.523529411764705,6.695));
#28340=DIRECTION('',(0.88235294117647,-0.470588235294118,
-5.76285342975237E-17));
#28350=DIRECTION('',(0.470588235294118,0.88235294117647,
1.08053501807857E-16));
#28360=AXIS2_PLACEMENT_3D('',#28330,#28340,#28350);
#28370=PLANE('',#28360);
#28380=ORIENTED_EDGE('',*,*,#26180,.F.);
#28390=CARTESIAN_POINT('',(-2.03588235294118,-0.523529411764708,6.635));
#28400=DIRECTION('',(0.,0.,-1.));
#28410=VECTOR('',#28400,1.);
#28420=LINE('',#28390,#28410);
#28430=EDGE_CURVE('',#26090,#27640,#28420,.T.);
#28440=ORIENTED_EDGE('',*,*,#28430,.F.);
#28450=ORIENTED_EDGE('',*,*,#27650,.F.);
#28460=ORIENTED_EDGE('',*,*,#28260,.F.);
#28470=EDGE_LOOP('',(#28460,#28450,#28440,#28380));
#28480=FACE_OUTER_BOUND('',#28470,.T.);
#28490=ADVANCED_FACE('',(#28480),#28370,.F.);
#28500=CARTESIAN_POINT('',(-2.08,-0.499999999999999,6.695));
#28510=DIRECTION('',(0.,1.22460635382238E-16,-1.));
#28520=DIRECTION('',(1.,0.,0.));
#28530=AXIS2_PLACEMENT_3D('',#28500,#28510,#28520);
#28540=CYLINDRICAL_SURFACE('',#28530,0.05);
#28550=ORIENTED_EDGE('',*,*,#26100,.F.);
#28560=CARTESIAN_POINT('',(-2.08,-0.549999999999999,6.485));
#28570=DIRECTION('',(0.,-7.4014868308344E-16,1.));
#28580=VECTOR('',#28570,1.);
#28590=LINE('',#28560,#28580);
#28600=EDGE_CURVE('',#27730,#26000,#28590,.T.);
#28610=ORIENTED_EDGE('',*,*,#28600,.T.);
#28620=ORIENTED_EDGE('',*,*,#27740,.F.);
#28630=ORIENTED_EDGE('',*,*,#28430,.T.);
#28640=EDGE_LOOP('',(#28630,#28620,#28610,#28550));
#28650=FACE_OUTER_BOUND('',#28640,.T.);
#28660=ADVANCED_FACE('',(#28650),#28540,.F.);
#28670=CARTESIAN_POINT('',(-2.29376671489879,-0.549999999999999,6.695));
#28680=DIRECTION('',(0.,-1.,-1.22460635382238E-16));
#28690=DIRECTION('',(1.,0.,0.));
#28700=AXIS2_PLACEMENT_3D('',#28670,#28680,#28690);
#28710=PLANE('',#28700);
#28720=ORIENTED_EDGE('',*,*,#26010,.F.);
#28730=CARTESIAN_POINT('',(-2.34000000000001,-0.549999999999999,6.635));
#28740=DIRECTION('',(0.,0.,-1.));
#28750=VECTOR('',#28740,1.);
#28760=LINE('',#28730,#28750);
#28770=EDGE_CURVE('',#25920,#27810,#28760,.T.);
#28780=ORIENTED_EDGE('',*,*,#28770,.F.);
#28790=ORIENTED_EDGE('',*,*,#27820,.F.);
#28800=ORIENTED_EDGE('',*,*,#28600,.F.);
#28810=EDGE_LOOP('',(#28800,#28790,#28780,#28720));
#28820=FACE_OUTER_BOUND('',#28810,.T.);
#28830=ADVANCED_FACE('',(#28820),#28710,.F.);
#28840=CARTESIAN_POINT('',(-2.34000000000001,-0.764002400000001,
6.87476109676743));
#28850=DIRECTION('',(-1.,3.5527136788005E-15,4.35067574437077E-31));
#28860=DIRECTION('',(4.37905770101505E-46,1.22460635382238E-16,-1.));
#28870=AXIS2_PLACEMENT_3D('',#28840,#28850,#28860);
#28880=PLANE('',#28870);
#28890=ORIENTED_EDGE('',*,*,#28770,.T.);
#28900=ORIENTED_EDGE('',*,*,#25930,.F.);
#28910=ORIENTED_EDGE('',*,*,#27240,.T.);
#28920=ORIENTED_EDGE('',*,*,#27880,.F.);
#28930=EDGE_LOOP('',(#28920,#28910,#28900,#28890));
#28940=FACE_OUTER_BOUND('',#28930,.T.);
#28950=ADVANCED_FACE('',(#28940),#28880,.T.);
#28960=CARTESIAN_POINT('',(-2.97514578638867,-0.649999999999998,6.235));
#28970=DIRECTION('',(0.,-1.22460635382238E-16,1.));
#28980=DIRECTION('',(0.,1.,1.22460635382238E-16));
#28990=AXIS2_PLACEMENT_3D('',#28960,#28970,#28980);
#29000=PLANE('',#28990);
#29010=ORIENTED_EDGE('',*,*,#14690,.T.);
#29020=CARTESIAN_POINT('',(-1.88,-0.549999999999998,6.235));
#29030=DIRECTION('',(5.08487067330349E-17,9.53413251246905E-17,-1.));
#29040=DIRECTION('',(-0.882352941176983,0.470588235293157,0.));
#29050=AXIS2_PLACEMENT_3D('',#29020,#29030,#29040);
#29060=CIRCLE('',#29050,0.05);
#29070=CARTESIAN_POINT('',(-1.92411764705884,-0.526470588235317,6.235));
#29080=VERTEX_POINT('',#29070);
#29090=EDGE_CURVE('',#29080,#14600,#29060,.T.);
#29100=ORIENTED_EDGE('',*,*,#29090,.T.);
#29110=CARTESIAN_POINT('',(-1.94764705882354,-0.570588235294137,6.235));
#29120=DIRECTION('',(0.470588235294121,0.882352941176469,0.));
#29130=VECTOR('',#29120,1.);
#29140=LINE('',#29110,#29130);
#29150=CARTESIAN_POINT('',(-1.94764705882354,-0.570588235294127,6.235));
#29160=VERTEX_POINT('',#29150);
#29170=EDGE_CURVE('',#29160,#29080,#29140,.T.);
#29180=ORIENTED_EDGE('',*,*,#29170,.T.);
#29190=CARTESIAN_POINT('',(-2.08,-0.499999999999998,6.235));
#29200=DIRECTION('',(-2.17533787218539E-30,-3.8641763072629E-44,1.));
#29210=DIRECTION('',(1.77635683940025E-14,-1.,0.));
#29220=AXIS2_PLACEMENT_3D('',#29190,#29200,#29210);
#29230=CIRCLE('',#29220,0.15);
#29240=CARTESIAN_POINT('',(-2.08,-0.649999999999998,6.235));
#29250=VERTEX_POINT('',#29240);
#29260=EDGE_CURVE('',#29250,#29160,#29230,.T.);
#29270=ORIENTED_EDGE('',*,*,#29260,.T.);
#29280=CARTESIAN_POINT('',(-2.34000000000001,-0.649999999999998,6.235));
#29290=DIRECTION('',(1.,0.,0.));
#29300=VECTOR('',#29290,1.);
#29310=LINE('',#29280,#29300);
#29320=CARTESIAN_POINT('',(-2.34000000000001,-0.649999999999998,6.235));
#29330=VERTEX_POINT('',#29320);
#29340=EDGE_CURVE('',#29330,#29250,#29310,.T.);
#29350=ORIENTED_EDGE('',*,*,#29340,.T.);
#29360=CARTESIAN_POINT('',(-2.34000000000001,-0.549999999999998,6.235));
#29370=DIRECTION('',(0.,-1.,0.));
#29380=VECTOR('',#29370,1.);
#29390=LINE('',#29360,#29380);
#29400=CARTESIAN_POINT('',(-2.34000000000001,-0.549999999999998,6.235));
#29410=VERTEX_POINT('',#29400);
#29420=EDGE_CURVE('',#29410,#29330,#29390,.T.);
#29430=ORIENTED_EDGE('',*,*,#29420,.T.);
#29440=CARTESIAN_POINT('',(-2.08,-0.549999999999998,6.235));
#29450=DIRECTION('',(-1.,0.,0.));
#29460=VECTOR('',#29450,1.);
#29470=LINE('',#29440,#29460);
#29480=CARTESIAN_POINT('',(-2.08,-0.549999999999998,6.235));
#29490=VERTEX_POINT('',#29480);
#29500=EDGE_CURVE('',#29490,#29410,#29470,.T.);
#29510=ORIENTED_EDGE('',*,*,#29500,.T.);
#29520=CARTESIAN_POINT('',(-2.08,-0.499999999999998,6.235));
#29530=DIRECTION('',(5.08487067331358E-17,9.53413251245402E-17,-1.));
#29540=DIRECTION('',(0.882352941176287,-0.470588235294461,0.));
#29550=AXIS2_PLACEMENT_3D('',#29520,#29530,#29540);
#29560=CIRCLE('',#29550,0.05);
#29570=CARTESIAN_POINT('',(-2.03588235294118,-0.523529411764713,6.235));
#29580=VERTEX_POINT('',#29570);
#29590=EDGE_CURVE('',#29580,#29490,#29560,.T.);
#29600=ORIENTED_EDGE('',*,*,#29590,.T.);
#29610=CARTESIAN_POINT('',(-2.01235294117648,-0.479411764705892,6.235));
#29620=DIRECTION('',(-0.470588235294113,-0.882352941176473,0.));
#29630=VECTOR('',#29620,1.);
#29640=LINE('',#29610,#29630);
#29650=CARTESIAN_POINT('',(-2.01235294117647,-0.479411764705886,6.235));
#29660=VERTEX_POINT('',#29650);
#29670=EDGE_CURVE('',#29660,#29580,#29640,.T.);
#29680=ORIENTED_EDGE('',*,*,#29670,.T.);
#29690=CARTESIAN_POINT('',(-1.88,-0.549999999999998,6.235));
#29700=DIRECTION('',(0.,-0.,1.));
#29710=DIRECTION('',(0.,1.,0.));
#29720=AXIS2_PLACEMENT_3D('',#29690,#29700,#29710);
#29730=CIRCLE('',#29720,0.15);
#29740=CARTESIAN_POINT('',(-1.88,-0.399999999999998,6.235));
#29750=VERTEX_POINT('',#29740);
#29760=EDGE_CURVE('',#29750,#29660,#29730,.T.);
#29770=ORIENTED_EDGE('',*,*,#29760,.T.);
#29780=CARTESIAN_POINT('',(-1.78,-0.399999999999998,6.235));
#29790=DIRECTION('',(-1.,0.,0.));
#29800=VECTOR('',#29790,1.);
#29810=LINE('',#29780,#29800);
#29820=EDGE_CURVE('',#21650,#29750,#29810,.T.);
#29830=ORIENTED_EDGE('',*,*,#29820,.T.);
#29840=ORIENTED_EDGE('',*,*,#21660,.F.);
#29850=EDGE_LOOP('',(#29840,#29830,#29770,#29680,#29600,#29510,#29430,
#29350,#29270,#29180,#29100,#29010));
#29860=FACE_OUTER_BOUND('',#29850,.T.);
#29870=ADVANCED_FACE('',(#29860),#29000,.T.);
#29880=CARTESIAN_POINT('',(-1.88,-0.549999999999998,6.295));
#29890=DIRECTION('',(0.,1.22460635382238E-16,-1.));
#29900=DIRECTION('',(1.,0.,0.));
#29910=AXIS2_PLACEMENT_3D('',#29880,#29890,#29900);
#29920=CYLINDRICAL_SURFACE('',#29910,0.05);
#29930=ORIENTED_EDGE('',*,*,#29090,.F.);
#29940=ORIENTED_EDGE('',*,*,#14610,.T.);
#29950=CARTESIAN_POINT('',(-1.88,-0.549999999999998,6.085));
#29960=DIRECTION('',(1.63150340413904E-30,-2.17359917283538E-44,1.));
#29970=DIRECTION('',(1.33226762955019E-14,1.,0.));
#29980=AXIS2_PLACEMENT_3D('',#29950,#29960,#29970);
#29990=CIRCLE('',#29980,0.05);
#30000=CARTESIAN_POINT('',(-1.92411764705884,-0.526470588235308,6.085));
#30010=VERTEX_POINT('',#30000);
#30020=EDGE_CURVE('',#14520,#30010,#29990,.T.);
#30030=ORIENTED_EDGE('',*,*,#30020,.F.);
#30040=CARTESIAN_POINT('',(-1.92411764705883,-0.526470588235299,6.235));
#30050=DIRECTION('',(0.,7.40148683083436E-16,-1.));
#30060=VECTOR('',#30050,1.);
#30070=LINE('',#30040,#30060);
#30080=EDGE_CURVE('',#29080,#30010,#30070,.T.);
#30090=ORIENTED_EDGE('',*,*,#30080,.T.);
#30100=EDGE_LOOP('',(#30090,#30030,#29940,#29930));
#30110=FACE_OUTER_BOUND('',#30100,.T.);
#30120=ADVANCED_FACE('',(#30110),#29920,.F.);
#30130=CARTESIAN_POINT('',(-1.92411764705883,-0.526470588235293,6.295));
#30140=DIRECTION('',(-0.88235294117647,0.470588235294118,
5.76285342975237E-17));
#30150=DIRECTION('',(-0.470588235294118,-0.88235294117647,
-1.08053501807857E-16));
#30160=AXIS2_PLACEMENT_3D('',#30130,#30140,#30150);
#30170=PLANE('',#30160);
#30180=ORIENTED_EDGE('',*,*,#29170,.F.);
#30190=ORIENTED_EDGE('',*,*,#30080,.F.);
#30200=CARTESIAN_POINT('',(-1.92411764705884,-0.52647058823532,6.085));
#30210=DIRECTION('',(-0.470588235294123,-0.882352941176468,0.));
#30220=VECTOR('',#30210,1.);
#30230=LINE('',#30200,#30220);
#30240=CARTESIAN_POINT('',(-1.94764705882355,-0.570588235294148,6.085));
#30250=VERTEX_POINT('',#30240);
#30260=EDGE_CURVE('',#30010,#30250,#30230,.T.);
#30270=ORIENTED_EDGE('',*,*,#30260,.F.);
#30280=CARTESIAN_POINT('',(-1.94764705882353,-0.570588235294116,6.085));
#30290=DIRECTION('',(0.,0.,1.));
#30300=VECTOR('',#30290,1.);
#30310=LINE('',#30280,#30300);
#30320=EDGE_CURVE('',#30250,#29160,#30310,.T.);
#30330=ORIENTED_EDGE('',*,*,#30320,.F.);
#30340=EDGE_LOOP('',(#30330,#30270,#30190,#30180));
#30350=FACE_OUTER_BOUND('',#30340,.T.);
#30360=ADVANCED_FACE('',(#30350),#30170,.F.);
#30370=CARTESIAN_POINT('',(-2.08,-0.499999999999998,6.295));
#30380=DIRECTION('',(0.,1.22460635382238E-16,-1.));
#30390=DIRECTION('',(1.,0.,0.));
#30400=AXIS2_PLACEMENT_3D('',#30370,#30380,#30390);
#30410=CYLINDRICAL_SURFACE('',#30400,0.15);
#30420=ORIENTED_EDGE('',*,*,#29260,.F.);
#30430=ORIENTED_EDGE('',*,*,#30320,.T.);
#30440=CARTESIAN_POINT('',(-2.08,-0.499999999999998,6.085));
#30450=DIRECTION('',(5.08487067331419E-17,9.5341325124531E-17,-1.));
#30460=DIRECTION('',(0.882352941176245,-0.470588235294541,0.));
#30470=AXIS2_PLACEMENT_3D('',#30440,#30450,#30460);
#30480=CIRCLE('',#30470,0.15);
#30490=CARTESIAN_POINT('',(-2.08,-0.649999999999998,6.085));
#30500=VERTEX_POINT('',#30490);
#30510=EDGE_CURVE('',#30250,#30500,#30480,.T.);
#30520=ORIENTED_EDGE('',*,*,#30510,.F.);
#30530=CARTESIAN_POINT('',(-2.08,-0.649999999999998,6.235));
#30540=DIRECTION('',(0.,7.40148683083436E-16,-1.));
#30550=VECTOR('',#30540,1.);
#30560=LINE('',#30530,#30550);
#30570=EDGE_CURVE('',#29250,#30500,#30560,.T.);
#30580=ORIENTED_EDGE('',*,*,#30570,.T.);
#30590=EDGE_LOOP('',(#30580,#30520,#30430,#30420));
#30600=FACE_OUTER_BOUND('',#30590,.T.);
#30610=ADVANCED_FACE('',(#30600),#30410,.T.);
#30620=CARTESIAN_POINT('',(-2.53376671489879,-0.649999999999998,6.295));
#30630=DIRECTION('',(6.47630097698008E-16,1.,1.22460635382238E-16));
#30640=DIRECTION('',(-1.,6.47630097698008E-16,7.93091932567587E-32));
#30650=AXIS2_PLACEMENT_3D('',#30620,#30630,#30640);
#30660=PLANE('',#30650);
#30670=CARTESIAN_POINT('',(-2.34000000000001,-0.649999999999998,6.085));
#30680=DIRECTION('',(0.,0.,1.));
#30690=VECTOR('',#30680,1.);
#30700=LINE('',#30670,#30690);
#30710=CARTESIAN_POINT('',(-2.34000000000001,-0.649999999999998,6.085));
#30720=VERTEX_POINT('',#30710);
#30730=EDGE_CURVE('',#30720,#29330,#30700,.T.);
#30740=ORIENTED_EDGE('',*,*,#30730,.F.);
#30750=ORIENTED_EDGE('',*,*,#29340,.F.);
#30760=ORIENTED_EDGE('',*,*,#30570,.F.);
#30770=CARTESIAN_POINT('',(-2.08,-0.649999999999998,6.085));
#30780=DIRECTION('',(-1.,0.,0.));
#30790=VECTOR('',#30780,1.);
#30800=LINE('',#30770,#30790);
#30810=EDGE_CURVE('',#30500,#30720,#30800,.T.);
#30820=ORIENTED_EDGE('',*,*,#30810,.F.);
#30830=EDGE_LOOP('',(#30820,#30760,#30750,#30740));
#30840=FACE_OUTER_BOUND('',#30830,.T.);
#30850=ADVANCED_FACE('',(#30840),#30660,.F.);
#30860=CARTESIAN_POINT('',(-2.97514578638867,-0.349999999999998,6.085));
#30870=DIRECTION('',(0.,1.22460635382238E-16,-1.));
#30880=DIRECTION('',(0.,-1.,-1.22460635382238E-16));
#30890=AXIS2_PLACEMENT_3D('',#30860,#30870,#30880);
#30900=PLANE('',#30890);
#30910=CARTESIAN_POINT('',(-1.88,-0.399999999999998,6.085));
#30920=DIRECTION('',(1.,0.,0.));
#30930=VECTOR('',#30920,1.);
#30940=LINE('',#30910,#30930);
#30950=CARTESIAN_POINT('',(-1.88,-0.399999999999998,6.085));
#30960=VERTEX_POINT('',#30950);
#30970=EDGE_CURVE('',#30960,#21730,#30940,.T.);
#30980=ORIENTED_EDGE('',*,*,#30970,.T.);
#30990=CARTESIAN_POINT('',(-1.88,-0.549999999999998,6.085));
#31000=DIRECTION('',(5.08487067331234E-17,9.53413251245586E-17,-1.));
#31010=DIRECTION('',(-0.882352941176373,0.470588235294302,0.));
#31020=AXIS2_PLACEMENT_3D('',#30990,#31000,#31010);
#31030=CIRCLE('',#31020,0.15);
#31040=CARTESIAN_POINT('',(-2.01235294117647,-0.479411764705865,6.085));
#31050=VERTEX_POINT('',#31040);
#31060=EDGE_CURVE('',#31050,#30960,#31030,.T.);
#31070=ORIENTED_EDGE('',*,*,#31060,.T.);
#31080=CARTESIAN_POINT('',(-2.03588235294116,-0.523529411764681,6.085));
#31090=DIRECTION('',(0.470588235294117,0.882352941176471,0.));
#31100=VECTOR('',#31090,1.);
#31110=LINE('',#31080,#31100);
#31120=CARTESIAN_POINT('',(-2.03588235294117,-0.523529411764693,6.085));
#31130=VERTEX_POINT('',#31120);
#31140=EDGE_CURVE('',#31130,#31050,#31110,.T.);
#31150=ORIENTED_EDGE('',*,*,#31140,.T.);
#31160=CARTESIAN_POINT('',(-2.08,-0.499999999999998,6.085));
#31170=DIRECTION('',(-0.,0.,1.));
#31180=DIRECTION('',(0.,-1.,0.));
#31190=AXIS2_PLACEMENT_3D('',#31160,#31170,#31180);
#31200=CIRCLE('',#31190,0.05);
#31210=CARTESIAN_POINT('',(-2.08,-0.549999999999998,6.085));
#31220=VERTEX_POINT('',#31210);
#31230=EDGE_CURVE('',#31220,#31130,#31200,.T.);
#31240=ORIENTED_EDGE('',*,*,#31230,.T.);
#31250=CARTESIAN_POINT('',(-2.34000000000001,-0.549999999999998,6.085));
#31260=DIRECTION('',(1.,0.,0.));
#31270=VECTOR('',#31260,1.);
#31280=LINE('',#31250,#31270);
#31290=CARTESIAN_POINT('',(-2.34000000000001,-0.549999999999998,6.085));
#31300=VERTEX_POINT('',#31290);
#31310=EDGE_CURVE('',#31300,#31220,#31280,.T.);
#31320=ORIENTED_EDGE('',*,*,#31310,.T.);
#31330=CARTESIAN_POINT('',(-2.34000000000001,-0.649999999999998,6.085));
#31340=DIRECTION('',(0.,1.,0.));
#31350=VECTOR('',#31340,1.);
#31360=LINE('',#31330,#31350);
#31370=EDGE_CURVE('',#30720,#31300,#31360,.T.);
#31380=ORIENTED_EDGE('',*,*,#31370,.T.);
#31390=ORIENTED_EDGE('',*,*,#30810,.T.);
#31400=ORIENTED_EDGE('',*,*,#30510,.T.);
#31410=ORIENTED_EDGE('',*,*,#30260,.T.);
#31420=ORIENTED_EDGE('',*,*,#30020,.T.);
#31430=ORIENTED_EDGE('',*,*,#14530,.T.);
#31440=ORIENTED_EDGE('',*,*,#21800,.F.);
#31450=EDGE_LOOP('',(#31440,#31430,#31420,#31410,#31400,#31390,#31380,
#31320,#31240,#31150,#31070,#30980));
#31460=FACE_OUTER_BOUND('',#31450,.T.);
#31470=ADVANCED_FACE('',(#31460),#30900,.T.);
#31480=CARTESIAN_POINT('',(-1.88,-0.399999999999998,6.295));
#31490=DIRECTION('',(0.,-1.,-1.22460635382238E-16));
#31500=DIRECTION('',(1.,0.,0.));
#31510=AXIS2_PLACEMENT_3D('',#31480,#31490,#31500);
#31520=PLANE('',#31510);
#31530=ORIENTED_EDGE('',*,*,#29820,.F.);
#31540=CARTESIAN_POINT('',(-1.88,-0.399999999999998,6.235));
#31550=DIRECTION('',(0.,0.,-1.));
#31560=VECTOR('',#31550,1.);
#31570=LINE('',#31540,#31560);
#31580=EDGE_CURVE('',#29750,#30960,#31570,.T.);
#31590=ORIENTED_EDGE('',*,*,#31580,.F.);
#31600=ORIENTED_EDGE('',*,*,#30970,.F.);
#31610=ORIENTED_EDGE('',*,*,#21740,.T.);
#31620=EDGE_LOOP('',(#31610,#31600,#31590,#31530));
#31630=FACE_OUTER_BOUND('',#31620,.T.);
#31640=ADVANCED_FACE('',(#31630),#31520,.F.);
#31650=CARTESIAN_POINT('',(-1.88,-0.549999999999998,6.295));
#31660=DIRECTION('',(0.,1.22460635382238E-16,-1.));
#31670=DIRECTION('',(1.,0.,0.));
#31680=AXIS2_PLACEMENT_3D('',#31650,#31660,#31670);
#31690=CYLINDRICAL_SURFACE('',#31680,0.15);
#31700=ORIENTED_EDGE('',*,*,#29760,.F.);
#31710=CARTESIAN_POINT('',(-2.01235294117647,-0.479411764705881,6.085));
#31720=DIRECTION('',(0.,0.,1.));
#31730=VECTOR('',#31720,1.);
#31740=LINE('',#31710,#31730);
#31750=EDGE_CURVE('',#31050,#29660,#31740,.T.);
#31760=ORIENTED_EDGE('',*,*,#31750,.T.);
#31770=ORIENTED_EDGE('',*,*,#31060,.F.);
#31780=ORIENTED_EDGE('',*,*,#31580,.T.);
#31790=EDGE_LOOP('',(#31780,#31770,#31760,#31700));
#31800=FACE_OUTER_BOUND('',#31790,.T.);
#31810=ADVANCED_FACE('',(#31800),#31690,.T.);
#31820=CARTESIAN_POINT('',(-2.03588235294118,-0.523529411764704,6.295));
#31830=DIRECTION('',(0.88235294117647,-0.470588235294118,
-5.76285342975237E-17));
#31840=DIRECTION('',(0.470588235294118,0.88235294117647,
1.08053501807857E-16));
#31850=AXIS2_PLACEMENT_3D('',#31820,#31830,#31840);
#31860=PLANE('',#31850);
#31870=ORIENTED_EDGE('',*,*,#29670,.F.);
#31880=CARTESIAN_POINT('',(-2.03588235294118,-0.523529411764707,6.235));
#31890=DIRECTION('',(0.,0.,-1.));
#31900=VECTOR('',#31890,1.);
#31910=LINE('',#31880,#31900);
#31920=EDGE_CURVE('',#29580,#31130,#31910,.T.);
#31930=ORIENTED_EDGE('',*,*,#31920,.F.);
#31940=ORIENTED_EDGE('',*,*,#31140,.F.);
#31950=ORIENTED_EDGE('',*,*,#31750,.F.);
#31960=EDGE_LOOP('',(#31950,#31940,#31930,#31870));
#31970=FACE_OUTER_BOUND('',#31960,.T.);
#31980=ADVANCED_FACE('',(#31970),#31860,.F.);
#31990=CARTESIAN_POINT('',(-2.08,-0.499999999999998,6.295));
#32000=DIRECTION('',(0.,1.22460635382238E-16,-1.));
#32010=DIRECTION('',(1.,0.,0.));
#32020=AXIS2_PLACEMENT_3D('',#31990,#32000,#32010);
#32030=CYLINDRICAL_SURFACE('',#32020,0.05);
#32040=ORIENTED_EDGE('',*,*,#29590,.F.);
#32050=CARTESIAN_POINT('',(-2.08,-0.549999999999998,6.085));
#32060=DIRECTION('',(0.,-7.40148683083436E-16,1.));
#32070=VECTOR('',#32060,1.);
#32080=LINE('',#32050,#32070);
#32090=EDGE_CURVE('',#31220,#29490,#32080,.T.);
#32100=ORIENTED_EDGE('',*,*,#32090,.T.);
#32110=ORIENTED_EDGE('',*,*,#31230,.F.);
#32120=ORIENTED_EDGE('',*,*,#31920,.T.);
#32130=EDGE_LOOP('',(#32120,#32110,#32100,#32040));
#32140=FACE_OUTER_BOUND('',#32130,.T.);
#32150=ADVANCED_FACE('',(#32140),#32030,.F.);
#32160=CARTESIAN_POINT('',(-2.29376671489879,-0.549999999999998,6.295));
#32170=DIRECTION('',(0.,-1.,-1.22460635382238E-16));
#32180=DIRECTION('',(1.,0.,0.));
#32190=AXIS2_PLACEMENT_3D('',#32160,#32170,#32180);
#32200=PLANE('',#32190);
#32210=ORIENTED_EDGE('',*,*,#29500,.F.);
#32220=CARTESIAN_POINT('',(-2.34000000000001,-0.549999999999998,6.235));
#32230=DIRECTION('',(0.,0.,-1.));
#32240=VECTOR('',#32230,1.);
#32250=LINE('',#32220,#32240);
#32260=EDGE_CURVE('',#29410,#31300,#32250,.T.);
#32270=ORIENTED_EDGE('',*,*,#32260,.F.);
#32280=ORIENTED_EDGE('',*,*,#31310,.F.);
#32290=ORIENTED_EDGE('',*,*,#32090,.F.);
#32300=EDGE_LOOP('',(#32290,#32280,#32270,#32210));
#32310=FACE_OUTER_BOUND('',#32300,.T.);
#32320=ADVANCED_FACE('',(#32310),#32200,.F.);
#32330=CARTESIAN_POINT('',(-2.34000000000001,-0.764002400000001,
6.47476109676743));
#32340=DIRECTION('',(-1.,3.5527136788005E-15,4.35067574437077E-31));
#32350=DIRECTION('',(4.37905770101505E-46,1.22460635382238E-16,-1.));
#32360=AXIS2_PLACEMENT_3D('',#32330,#32340,#32350);
#32370=PLANE('',#32360);
#32380=ORIENTED_EDGE('',*,*,#32260,.T.);
#32390=ORIENTED_EDGE('',*,*,#29420,.F.);
#32400=ORIENTED_EDGE('',*,*,#30730,.T.);
#32410=ORIENTED_EDGE('',*,*,#31370,.F.);
#32420=EDGE_LOOP('',(#32410,#32400,#32390,#32380));
#32430=FACE_OUTER_BOUND('',#32420,.T.);
#32440=ADVANCED_FACE('',(#32430),#32370,.T.);
#32450=CARTESIAN_POINT('',(-2.97514578638867,-0.649999999999998,5.835));
#32460=DIRECTION('',(0.,-1.22460635382238E-16,1.));
#32470=DIRECTION('',(0.,1.,1.22460635382238E-16));
#32480=AXIS2_PLACEMENT_3D('',#32450,#32460,#32470);
#32490=PLANE('',#32480);
#32500=ORIENTED_EDGE('',*,*,#14370,.T.);
#32510=CARTESIAN_POINT('',(-1.88,-0.549999999999998,5.835));
#32520=DIRECTION('',(5.08487067330349E-17,9.53413251246905E-17,-1.));
#32530=DIRECTION('',(-0.882352941176983,0.470588235293157,0.));
#32540=AXIS2_PLACEMENT_3D('',#32510,#32520,#32530);
#32550=CIRCLE('',#32540,0.05);
#32560=CARTESIAN_POINT('',(-1.92411764705884,-0.526470588235317,5.835));
#32570=VERTEX_POINT('',#32560);
#32580=EDGE_CURVE('',#32570,#14280,#32550,.T.);
#32590=ORIENTED_EDGE('',*,*,#32580,.T.);
#32600=CARTESIAN_POINT('',(-1.94764705882354,-0.570588235294137,5.835));
#32610=DIRECTION('',(0.470588235294121,0.882352941176469,0.));
#32620=VECTOR('',#32610,1.);
#32630=LINE('',#32600,#32620);
#32640=CARTESIAN_POINT('',(-1.94764705882354,-0.570588235294127,5.835));
#32650=VERTEX_POINT('',#32640);
#32660=EDGE_CURVE('',#32650,#32570,#32630,.T.);
#32670=ORIENTED_EDGE('',*,*,#32660,.T.);
#32680=CARTESIAN_POINT('',(-2.08,-0.499999999999998,5.835));
#32690=DIRECTION('',(-2.17533787218539E-30,-3.8641763072629E-44,1.));
#32700=DIRECTION('',(1.77635683940025E-14,-1.,0.));
#32710=AXIS2_PLACEMENT_3D('',#32680,#32690,#32700);
#32720=CIRCLE('',#32710,0.15);
#32730=CARTESIAN_POINT('',(-2.08,-0.649999999999998,5.835));
#32740=VERTEX_POINT('',#32730);
#32750=EDGE_CURVE('',#32740,#32650,#32720,.T.);
#32760=ORIENTED_EDGE('',*,*,#32750,.T.);
#32770=CARTESIAN_POINT('',(-2.34000000000001,-0.649999999999998,5.835));
#32780=DIRECTION('',(1.,0.,0.));
#32790=VECTOR('',#32780,1.);
#32800=LINE('',#32770,#32790);
#32810=CARTESIAN_POINT('',(-2.34000000000001,-0.649999999999998,5.835));
#32820=VERTEX_POINT('',#32810);
#32830=EDGE_CURVE('',#32820,#32740,#32800,.T.);
#32840=ORIENTED_EDGE('',*,*,#32830,.T.);
#32850=CARTESIAN_POINT('',(-2.34000000000001,-0.549999999999998,5.835));
#32860=DIRECTION('',(0.,-1.,0.));
#32870=VECTOR('',#32860,1.);
#32880=LINE('',#32850,#32870);
#32890=CARTESIAN_POINT('',(-2.34000000000001,-0.549999999999998,5.835));
#32900=VERTEX_POINT('',#32890);
#32910=EDGE_CURVE('',#32900,#32820,#32880,.T.);
#32920=ORIENTED_EDGE('',*,*,#32910,.T.);
#32930=CARTESIAN_POINT('',(-2.08,-0.549999999999998,5.835));
#32940=DIRECTION('',(-1.,0.,0.));
#32950=VECTOR('',#32940,1.);
#32960=LINE('',#32930,#32950);
#32970=CARTESIAN_POINT('',(-2.08,-0.549999999999998,5.835));
#32980=VERTEX_POINT('',#32970);
#32990=EDGE_CURVE('',#32980,#32900,#32960,.T.);
#33000=ORIENTED_EDGE('',*,*,#32990,.T.);
#33010=CARTESIAN_POINT('',(-2.08,-0.499999999999998,5.835));
#33020=DIRECTION('',(5.08487067331358E-17,9.53413251245402E-17,-1.));
#33030=DIRECTION('',(0.882352941176287,-0.470588235294461,0.));
#33040=AXIS2_PLACEMENT_3D('',#33010,#33020,#33030);
#33050=CIRCLE('',#33040,0.05);
#33060=CARTESIAN_POINT('',(-2.03588235294118,-0.523529411764713,5.835));
#33070=VERTEX_POINT('',#33060);
#33080=EDGE_CURVE('',#33070,#32980,#33050,.T.);
#33090=ORIENTED_EDGE('',*,*,#33080,.T.);
#33100=CARTESIAN_POINT('',(-2.01235294117648,-0.479411764705892,5.835));
#33110=DIRECTION('',(-0.470588235294113,-0.882352941176473,0.));
#33120=VECTOR('',#33110,1.);
#33130=LINE('',#33100,#33120);
#33140=CARTESIAN_POINT('',(-2.01235294117647,-0.479411764705887,5.835));
#33150=VERTEX_POINT('',#33140);
#33160=EDGE_CURVE('',#33150,#33070,#33130,.T.);
#33170=ORIENTED_EDGE('',*,*,#33160,.T.);
#33180=CARTESIAN_POINT('',(-1.88,-0.549999999999998,5.835));
#33190=DIRECTION('',(0.,-0.,1.));
#33200=DIRECTION('',(0.,1.,0.));
#33210=AXIS2_PLACEMENT_3D('',#33180,#33190,#33200);
#33220=CIRCLE('',#33210,0.15);
#33230=CARTESIAN_POINT('',(-1.88,-0.399999999999998,5.835));
#33240=VERTEX_POINT('',#33230);
#33250=EDGE_CURVE('',#33240,#33150,#33220,.T.);
#33260=ORIENTED_EDGE('',*,*,#33250,.T.);
#33270=CARTESIAN_POINT('',(-1.78,-0.399999999999998,5.835));
#33280=DIRECTION('',(-1.,0.,0.));
#33290=VECTOR('',#33280,1.);
#33300=LINE('',#33270,#33290);
#33310=EDGE_CURVE('',#21880,#33240,#33300,.T.);
#33320=ORIENTED_EDGE('',*,*,#33310,.T.);
#33330=ORIENTED_EDGE('',*,*,#21890,.F.);
#33340=EDGE_LOOP('',(#33330,#33320,#33260,#33170,#33090,#33000,#32920,
#32840,#32760,#32670,#32590,#32500));
#33350=FACE_OUTER_BOUND('',#33340,.T.);
#33360=ADVANCED_FACE('',(#33350),#32490,.T.);
#33370=CARTESIAN_POINT('',(-1.88,-0.549999999999998,5.895));
#33380=DIRECTION('',(0.,1.22460635382238E-16,-1.));
#33390=DIRECTION('',(1.,0.,0.));
#33400=AXIS2_PLACEMENT_3D('',#33370,#33380,#33390);
#33410=CYLINDRICAL_SURFACE('',#33400,0.05);
#33420=ORIENTED_EDGE('',*,*,#32580,.F.);
#33430=ORIENTED_EDGE('',*,*,#14290,.T.);
#33440=CARTESIAN_POINT('',(-1.88,-0.549999999999998,5.685));
#33450=DIRECTION('',(1.63150340413904E-30,-2.17359917283538E-44,1.));
#33460=DIRECTION('',(1.33226762955019E-14,1.,0.));
#33470=AXIS2_PLACEMENT_3D('',#33440,#33450,#33460);
#33480=CIRCLE('',#33470,0.05);
#33490=CARTESIAN_POINT('',(-1.92411764705884,-0.526470588235308,5.685));
#33500=VERTEX_POINT('',#33490);
#33510=EDGE_CURVE('',#14200,#33500,#33480,.T.);
#33520=ORIENTED_EDGE('',*,*,#33510,.F.);
#33530=CARTESIAN_POINT('',(-1.92411764705883,-0.5264705882353,5.835));
#33540=DIRECTION('',(0.,7.40148683083436E-16,-1.));
#33550=VECTOR('',#33540,1.);
#33560=LINE('',#33530,#33550);
#33570=EDGE_CURVE('',#32570,#33500,#33560,.T.);
#33580=ORIENTED_EDGE('',*,*,#33570,.T.);
#33590=EDGE_LOOP('',(#33580,#33520,#33430,#33420));
#33600=FACE_OUTER_BOUND('',#33590,.T.);
#33610=ADVANCED_FACE('',(#33600),#33410,.F.);
#33620=CARTESIAN_POINT('',(-1.92411764705883,-0.526470588235293,5.895));
#33630=DIRECTION('',(-0.88235294117647,0.470588235294118,
5.76285342975237E-17));
#33640=DIRECTION('',(-0.470588235294118,-0.88235294117647,
-1.08053501807857E-16));
#33650=AXIS2_PLACEMENT_3D('',#33620,#33630,#33640);
#33660=PLANE('',#33650);
#33670=ORIENTED_EDGE('',*,*,#32660,.F.);
#33680=ORIENTED_EDGE('',*,*,#33570,.F.);
#33690=CARTESIAN_POINT('',(-1.92411764705884,-0.52647058823532,5.685));
#33700=DIRECTION('',(-0.470588235294123,-0.882352941176468,0.));
#33710=VECTOR('',#33700,1.);
#33720=LINE('',#33690,#33710);
#33730=CARTESIAN_POINT('',(-1.94764705882355,-0.570588235294148,5.685));
#33740=VERTEX_POINT('',#33730);
#33750=EDGE_CURVE('',#33500,#33740,#33720,.T.);
#33760=ORIENTED_EDGE('',*,*,#33750,.F.);
#33770=CARTESIAN_POINT('',(-1.94764705882353,-0.570588235294116,5.685));
#33780=DIRECTION('',(0.,0.,1.));
#33790=VECTOR('',#33780,1.);
#33800=LINE('',#33770,#33790);
#33810=EDGE_CURVE('',#33740,#32650,#33800,.T.);
#33820=ORIENTED_EDGE('',*,*,#33810,.F.);
#33830=EDGE_LOOP('',(#33820,#33760,#33680,#33670));
#33840=FACE_OUTER_BOUND('',#33830,.T.);
#33850=ADVANCED_FACE('',(#33840),#33660,.F.);
#33860=CARTESIAN_POINT('',(-2.08,-0.499999999999998,5.895));
#33870=DIRECTION('',(0.,1.22460635382238E-16,-1.));
#33880=DIRECTION('',(1.,0.,0.));
#33890=AXIS2_PLACEMENT_3D('',#33860,#33870,#33880);
#33900=CYLINDRICAL_SURFACE('',#33890,0.15);
#33910=ORIENTED_EDGE('',*,*,#32750,.F.);
#33920=ORIENTED_EDGE('',*,*,#33810,.T.);
#33930=CARTESIAN_POINT('',(-2.08,-0.499999999999998,5.685));
#33940=DIRECTION('',(5.08487067331419E-17,9.5341325124531E-17,-1.));
#33950=DIRECTION('',(0.882352941176245,-0.470588235294541,0.));
#33960=AXIS2_PLACEMENT_3D('',#33930,#33940,#33950);
#33970=CIRCLE('',#33960,0.15);
#33980=CARTESIAN_POINT('',(-2.08,-0.649999999999998,5.685));
#33990=VERTEX_POINT('',#33980);
#34000=EDGE_CURVE('',#33740,#33990,#33970,.T.);
#34010=ORIENTED_EDGE('',*,*,#34000,.F.);
#34020=CARTESIAN_POINT('',(-2.08,-0.649999999999998,5.835));
#34030=DIRECTION('',(0.,7.40148683083436E-16,-1.));
#34040=VECTOR('',#34030,1.);
#34050=LINE('',#34020,#34040);
#34060=EDGE_CURVE('',#32740,#33990,#34050,.T.);
#34070=ORIENTED_EDGE('',*,*,#34060,.T.);
#34080=EDGE_LOOP('',(#34070,#34010,#33920,#33910));
#34090=FACE_OUTER_BOUND('',#34080,.T.);
#34100=ADVANCED_FACE('',(#34090),#33900,.T.);
#34110=CARTESIAN_POINT('',(-2.53376671489879,-0.649999999999998,5.895));
#34120=DIRECTION('',(6.47630097698008E-16,1.,1.22460635382238E-16));
#34130=DIRECTION('',(-1.,6.47630097698008E-16,7.93091932567587E-32));
#34140=AXIS2_PLACEMENT_3D('',#34110,#34120,#34130);
#34150=PLANE('',#34140);
#34160=CARTESIAN_POINT('',(-2.34000000000001,-0.649999999999998,5.685));
#34170=DIRECTION('',(0.,0.,1.));
#34180=VECTOR('',#34170,1.);
#34190=LINE('',#34160,#34180);
#34200=CARTESIAN_POINT('',(-2.34000000000001,-0.649999999999998,5.685));
#34210=VERTEX_POINT('',#34200);
#34220=EDGE_CURVE('',#34210,#32820,#34190,.T.);
#34230=ORIENTED_EDGE('',*,*,#34220,.F.);
#34240=ORIENTED_EDGE('',*,*,#32830,.F.);
#34250=ORIENTED_EDGE('',*,*,#34060,.F.);
#34260=CARTESIAN_POINT('',(-2.08,-0.649999999999998,5.685));
#34270=DIRECTION('',(-1.,0.,0.));
#34280=VECTOR('',#34270,1.);
#34290=LINE('',#34260,#34280);
#34300=EDGE_CURVE('',#33990,#34210,#34290,.T.);
#34310=ORIENTED_EDGE('',*,*,#34300,.F.);
#34320=EDGE_LOOP('',(#34310,#34250,#34240,#34230));
#34330=FACE_OUTER_BOUND('',#34320,.T.);
#34340=ADVANCED_FACE('',(#34330),#34150,.F.);
#34350=CARTESIAN_POINT('',(-2.97514578638867,-0.349999999999998,5.685));
#34360=DIRECTION('',(0.,1.22460635382238E-16,-1.));
#34370=DIRECTION('',(0.,-1.,-1.22460635382238E-16));
#34380=AXIS2_PLACEMENT_3D('',#34350,#34360,#34370);
#34390=PLANE('',#34380);
#34400=CARTESIAN_POINT('',(-1.88,-0.399999999999998,5.685));
#34410=DIRECTION('',(1.,0.,0.));
#34420=VECTOR('',#34410,1.);
#34430=LINE('',#34400,#34420);
#34440=CARTESIAN_POINT('',(-1.88,-0.399999999999998,5.685));
#34450=VERTEX_POINT('',#34440);
#34460=EDGE_CURVE('',#34450,#21960,#34430,.T.);
#34470=ORIENTED_EDGE('',*,*,#34460,.T.);
#34480=CARTESIAN_POINT('',(-1.88,-0.549999999999998,5.685));
#34490=DIRECTION('',(5.08487067331234E-17,9.53413251245586E-17,-1.));
#34500=DIRECTION('',(-0.882352941176373,0.470588235294302,0.));
#34510=AXIS2_PLACEMENT_3D('',#34480,#34490,#34500);
#34520=CIRCLE('',#34510,0.15);
#34530=CARTESIAN_POINT('',(-2.01235294117647,-0.479411764705865,5.685));
#34540=VERTEX_POINT('',#34530);
#34550=EDGE_CURVE('',#34540,#34450,#34520,.T.);
#34560=ORIENTED_EDGE('',*,*,#34550,.T.);
#34570=CARTESIAN_POINT('',(-2.03588235294116,-0.523529411764681,5.685));
#34580=DIRECTION('',(0.470588235294117,0.882352941176471,0.));
#34590=VECTOR('',#34580,1.);
#34600=LINE('',#34570,#34590);
#34610=CARTESIAN_POINT('',(-2.03588235294117,-0.523529411764693,5.685));
#34620=VERTEX_POINT('',#34610);
#34630=EDGE_CURVE('',#34620,#34540,#34600,.T.);
#34640=ORIENTED_EDGE('',*,*,#34630,.T.);
#34650=CARTESIAN_POINT('',(-2.08,-0.499999999999998,5.685));
#34660=DIRECTION('',(-0.,0.,1.));
#34670=DIRECTION('',(0.,-1.,0.));
#34680=AXIS2_PLACEMENT_3D('',#34650,#34660,#34670);
#34690=CIRCLE('',#34680,0.05);
#34700=CARTESIAN_POINT('',(-2.08,-0.549999999999998,5.685));
#34710=VERTEX_POINT('',#34700);
#34720=EDGE_CURVE('',#34710,#34620,#34690,.T.);
#34730=ORIENTED_EDGE('',*,*,#34720,.T.);
#34740=CARTESIAN_POINT('',(-2.34000000000001,-0.549999999999998,5.685));
#34750=DIRECTION('',(1.,0.,0.));
#34760=VECTOR('',#34750,1.);
#34770=LINE('',#34740,#34760);
#34780=CARTESIAN_POINT('',(-2.34000000000001,-0.549999999999998,5.685));
#34790=VERTEX_POINT('',#34780);
#34800=EDGE_CURVE('',#34790,#34710,#34770,.T.);
#34810=ORIENTED_EDGE('',*,*,#34800,.T.);
#34820=CARTESIAN_POINT('',(-2.34000000000001,-0.649999999999998,5.685));
#34830=DIRECTION('',(0.,1.,0.));
#34840=VECTOR('',#34830,1.);
#34850=LINE('',#34820,#34840);
#34860=EDGE_CURVE('',#34210,#34790,#34850,.T.);
#34870=ORIENTED_EDGE('',*,*,#34860,.T.);
#34880=ORIENTED_EDGE('',*,*,#34300,.T.);
#34890=ORIENTED_EDGE('',*,*,#34000,.T.);
#34900=ORIENTED_EDGE('',*,*,#33750,.T.);
#34910=ORIENTED_EDGE('',*,*,#33510,.T.);
#34920=ORIENTED_EDGE('',*,*,#14210,.T.);
#34930=ORIENTED_EDGE('',*,*,#22030,.F.);
#34940=EDGE_LOOP('',(#34930,#34920,#34910,#34900,#34890,#34880,#34870,
#34810,#34730,#34640,#34560,#34470));
#34950=FACE_OUTER_BOUND('',#34940,.T.);
#34960=ADVANCED_FACE('',(#34950),#34390,.T.);
#34970=CARTESIAN_POINT('',(-1.88,-0.399999999999998,5.895));
#34980=DIRECTION('',(0.,-1.,-1.22460635382238E-16));
#34990=DIRECTION('',(1.,0.,0.));
#35000=AXIS2_PLACEMENT_3D('',#34970,#34980,#34990);
#35010=PLANE('',#35000);
#35020=ORIENTED_EDGE('',*,*,#33310,.F.);
#35030=CARTESIAN_POINT('',(-1.88,-0.399999999999998,5.835));
#35040=DIRECTION('',(0.,0.,-1.));
#35050=VECTOR('',#35040,1.);
#35060=LINE('',#35030,#35050);
#35070=EDGE_CURVE('',#33240,#34450,#35060,.T.);
#35080=ORIENTED_EDGE('',*,*,#35070,.F.);
#35090=ORIENTED_EDGE('',*,*,#34460,.F.);
#35100=ORIENTED_EDGE('',*,*,#21970,.T.);
#35110=EDGE_LOOP('',(#35100,#35090,#35080,#35020));
#35120=FACE_OUTER_BOUND('',#35110,.T.);
#35130=ADVANCED_FACE('',(#35120),#35010,.F.);
#35140=CARTESIAN_POINT('',(-1.88,-0.549999999999998,5.895));
#35150=DIRECTION('',(0.,1.22460635382238E-16,-1.));
#35160=DIRECTION('',(1.,0.,0.));
#35170=AXIS2_PLACEMENT_3D('',#35140,#35150,#35160);
#35180=CYLINDRICAL_SURFACE('',#35170,0.15);
#35190=ORIENTED_EDGE('',*,*,#33250,.F.);
#35200=CARTESIAN_POINT('',(-2.01235294117647,-0.479411764705881,5.685));
#35210=DIRECTION('',(0.,-3.70074341541718E-16,1.));
#35220=VECTOR('',#35210,1.);
#35230=LINE('',#35200,#35220);
#35240=EDGE_CURVE('',#34540,#33150,#35230,.T.);
#35250=ORIENTED_EDGE('',*,*,#35240,.T.);
#35260=ORIENTED_EDGE('',*,*,#34550,.F.);
#35270=ORIENTED_EDGE('',*,*,#35070,.T.);
#35280=EDGE_LOOP('',(#35270,#35260,#35250,#35190));
#35290=FACE_OUTER_BOUND('',#35280,.T.);
#35300=ADVANCED_FACE('',(#35290),#35180,.T.);
#35310=CARTESIAN_POINT('',(-2.03588235294118,-0.523529411764704,5.895));
#35320=DIRECTION('',(0.88235294117647,-0.470588235294118,
-5.76285342975237E-17));
#35330=DIRECTION('',(0.470588235294118,0.88235294117647,
1.08053501807857E-16));
#35340=AXIS2_PLACEMENT_3D('',#35310,#35320,#35330);
#35350=PLANE('',#35340);
#35360=ORIENTED_EDGE('',*,*,#33160,.F.);
#35370=CARTESIAN_POINT('',(-2.03588235294118,-0.523529411764707,5.835));
#35380=DIRECTION('',(0.,0.,-1.));
#35390=VECTOR('',#35380,1.);
#35400=LINE('',#35370,#35390);
#35410=EDGE_CURVE('',#33070,#34620,#35400,.T.);
#35420=ORIENTED_EDGE('',*,*,#35410,.F.);
#35430=ORIENTED_EDGE('',*,*,#34630,.F.);
#35440=ORIENTED_EDGE('',*,*,#35240,.F.);
#35450=EDGE_LOOP('',(#35440,#35430,#35420,#35360));
#35460=FACE_OUTER_BOUND('',#35450,.T.);
#35470=ADVANCED_FACE('',(#35460),#35350,.F.);
#35480=CARTESIAN_POINT('',(-2.08,-0.499999999999998,5.895));
#35490=DIRECTION('',(0.,1.22460635382238E-16,-1.));
#35500=DIRECTION('',(1.,0.,0.));
#35510=AXIS2_PLACEMENT_3D('',#35480,#35490,#35500);
#35520=CYLINDRICAL_SURFACE('',#35510,0.05);
#35530=ORIENTED_EDGE('',*,*,#33080,.F.);
#35540=CARTESIAN_POINT('',(-2.08,-0.549999999999998,5.685));
#35550=DIRECTION('',(0.,-7.40148683083436E-16,1.));
#35560=VECTOR('',#35550,1.);
#35570=LINE('',#35540,#35560);
#35580=EDGE_CURVE('',#34710,#32980,#35570,.T.);
#35590=ORIENTED_EDGE('',*,*,#35580,.T.);
#35600=ORIENTED_EDGE('',*,*,#34720,.F.);
#35610=ORIENTED_EDGE('',*,*,#35410,.T.);
#35620=EDGE_LOOP('',(#35610,#35600,#35590,#35530));
#35630=FACE_OUTER_BOUND('',#35620,.T.);
#35640=ADVANCED_FACE('',(#35630),#35520,.F.);
#35650=CARTESIAN_POINT('',(-2.29376671489879,-0.549999999999998,5.895));
#35660=DIRECTION('',(0.,-1.,-1.22460635382238E-16));
#35670=DIRECTION('',(1.,0.,0.));
#35680=AXIS2_PLACEMENT_3D('',#35650,#35660,#35670);
#35690=PLANE('',#35680);
#35700=ORIENTED_EDGE('',*,*,#32990,.F.);
#35710=CARTESIAN_POINT('',(-2.34000000000001,-0.549999999999998,5.835));
#35720=DIRECTION('',(0.,0.,-1.));
#35730=VECTOR('',#35720,1.);
#35740=LINE('',#35710,#35730);
#35750=EDGE_CURVE('',#32900,#34790,#35740,.T.);
#35760=ORIENTED_EDGE('',*,*,#35750,.F.);
#35770=ORIENTED_EDGE('',*,*,#34800,.F.);
#35780=ORIENTED_EDGE('',*,*,#35580,.F.);
#35790=EDGE_LOOP('',(#35780,#35770,#35760,#35700));
#35800=FACE_OUTER_BOUND('',#35790,.T.);
#35810=ADVANCED_FACE('',(#35800),#35690,.F.);
#35820=CARTESIAN_POINT('',(-2.34000000000001,-0.764002400000001,
6.07476109676743));
#35830=DIRECTION('',(-1.,3.5527136788005E-15,4.35067574437077E-31));
#35840=DIRECTION('',(4.37905770101505E-46,1.22460635382238E-16,-1.));
#35850=AXIS2_PLACEMENT_3D('',#35820,#35830,#35840);
#35860=PLANE('',#35850);
#35870=ORIENTED_EDGE('',*,*,#35750,.T.);
#35880=ORIENTED_EDGE('',*,*,#32910,.F.);
#35890=ORIENTED_EDGE('',*,*,#34220,.T.);
#35900=ORIENTED_EDGE('',*,*,#34860,.F.);
#35910=EDGE_LOOP('',(#35900,#35890,#35880,#35870));
#35920=FACE_OUTER_BOUND('',#35910,.T.);
#35930=ADVANCED_FACE('',(#35920),#35860,.T.);
#35940=CARTESIAN_POINT('',(-2.97514578638867,-0.649999999999998,5.435));
#35950=DIRECTION('',(0.,-1.22460635382238E-16,1.));
#35960=DIRECTION('',(0.,1.,1.22460635382238E-16));
#35970=AXIS2_PLACEMENT_3D('',#35940,#35950,#35960);
#35980=PLANE('',#35970);
#35990=ORIENTED_EDGE('',*,*,#14050,.T.);
#36000=CARTESIAN_POINT('',(-1.88,-0.549999999999998,5.435));
#36010=DIRECTION('',(5.08487067330349E-17,9.53413251246905E-17,-1.));
#36020=DIRECTION('',(-0.882352941176983,0.470588235293157,0.));
#36030=AXIS2_PLACEMENT_3D('',#36000,#36010,#36020);
#36040=CIRCLE('',#36030,0.05);
#36050=CARTESIAN_POINT('',(-1.92411764705884,-0.526470588235317,5.435));
#36060=VERTEX_POINT('',#36050);
#36070=EDGE_CURVE('',#36060,#13960,#36040,.T.);
#36080=ORIENTED_EDGE('',*,*,#36070,.T.);
#36090=CARTESIAN_POINT('',(-1.94764705882354,-0.570588235294137,5.435));
#36100=DIRECTION('',(0.470588235294121,0.882352941176469,0.));
#36110=VECTOR('',#36100,1.);
#36120=LINE('',#36090,#36110);
#36130=CARTESIAN_POINT('',(-1.94764705882354,-0.570588235294127,5.435));
#36140=VERTEX_POINT('',#36130);
#36150=EDGE_CURVE('',#36140,#36060,#36120,.T.);
#36160=ORIENTED_EDGE('',*,*,#36150,.T.);
#36170=CARTESIAN_POINT('',(-2.08,-0.499999999999998,5.435));
#36180=DIRECTION('',(-2.17533787218539E-30,-3.8641763072629E-44,1.));
#36190=DIRECTION('',(1.77635683940025E-14,-1.,0.));
#36200=AXIS2_PLACEMENT_3D('',#36170,#36180,#36190);
#36210=CIRCLE('',#36200,0.15);
#36220=CARTESIAN_POINT('',(-2.08,-0.649999999999998,5.435));
#36230=VERTEX_POINT('',#36220);
#36240=EDGE_CURVE('',#36230,#36140,#36210,.T.);
#36250=ORIENTED_EDGE('',*,*,#36240,.T.);
#36260=CARTESIAN_POINT('',(-2.34000000000001,-0.649999999999998,5.435));
#36270=DIRECTION('',(1.,0.,0.));
#36280=VECTOR('',#36270,1.);
#36290=LINE('',#36260,#36280);
#36300=CARTESIAN_POINT('',(-2.34000000000001,-0.649999999999998,5.435));
#36310=VERTEX_POINT('',#36300);
#36320=EDGE_CURVE('',#36310,#36230,#36290,.T.);
#36330=ORIENTED_EDGE('',*,*,#36320,.T.);
#36340=CARTESIAN_POINT('',(-2.34000000000001,-0.549999999999998,5.435));
#36350=DIRECTION('',(0.,-1.,0.));
#36360=VECTOR('',#36350,1.);
#36370=LINE('',#36340,#36360);
#36380=CARTESIAN_POINT('',(-2.34000000000001,-0.549999999999998,5.435));
#36390=VERTEX_POINT('',#36380);
#36400=EDGE_CURVE('',#36390,#36310,#36370,.T.);
#36410=ORIENTED_EDGE('',*,*,#36400,.T.);
#36420=CARTESIAN_POINT('',(-2.08,-0.549999999999998,5.435));
#36430=DIRECTION('',(-1.,0.,0.));
#36440=VECTOR('',#36430,1.);
#36450=LINE('',#36420,#36440);
#36460=CARTESIAN_POINT('',(-2.08,-0.549999999999998,5.435));
#36470=VERTEX_POINT('',#36460);
#36480=EDGE_CURVE('',#36470,#36390,#36450,.T.);
#36490=ORIENTED_EDGE('',*,*,#36480,.T.);
#36500=CARTESIAN_POINT('',(-2.08,-0.499999999999998,5.435));
#36510=DIRECTION('',(5.08487067331431E-17,9.53413251245293E-17,-1.));
#36520=DIRECTION('',(0.882352941176237,-0.470588235294556,0.));
#36530=AXIS2_PLACEMENT_3D('',#36500,#36510,#36520);
#36540=CIRCLE('',#36530,0.05);
#36550=CARTESIAN_POINT('',(-2.03588235294119,-0.523529411764715,5.435));
#36560=VERTEX_POINT('',#36550);
#36570=EDGE_CURVE('',#36560,#36470,#36540,.T.);
#36580=ORIENTED_EDGE('',*,*,#36570,.T.);
#36590=CARTESIAN_POINT('',(-2.01235294117648,-0.479411764705892,5.435));
#36600=DIRECTION('',(-0.470588235294125,-0.882352941176466,0.));
#36610=VECTOR('',#36600,1.);
#36620=LINE('',#36590,#36610);
#36630=CARTESIAN_POINT('',(-2.01235294117647,-0.479411764705886,5.435));
#36640=VERTEX_POINT('',#36630);
#36650=EDGE_CURVE('',#36640,#36560,#36620,.T.);
#36660=ORIENTED_EDGE('',*,*,#36650,.T.);
#36670=CARTESIAN_POINT('',(-1.88,-0.549999999999998,5.435));
#36680=DIRECTION('',(0.,-0.,1.));
#36690=DIRECTION('',(0.,1.,0.));
#36700=AXIS2_PLACEMENT_3D('',#36670,#36680,#36690);
#36710=CIRCLE('',#36700,0.15);
#36720=CARTESIAN_POINT('',(-1.88,-0.399999999999998,5.435));
#36730=VERTEX_POINT('',#36720);
#36740=EDGE_CURVE('',#36730,#36640,#36710,.T.);
#36750=ORIENTED_EDGE('',*,*,#36740,.T.);
#36760=CARTESIAN_POINT('',(-1.78,-0.399999999999998,5.435));
#36770=DIRECTION('',(-1.,0.,0.));
#36780=VECTOR('',#36770,1.);
#36790=LINE('',#36760,#36780);
#36800=EDGE_CURVE('',#22110,#36730,#36790,.T.);
#36810=ORIENTED_EDGE('',*,*,#36800,.T.);
#36820=ORIENTED_EDGE('',*,*,#22120,.F.);
#36830=EDGE_LOOP('',(#36820,#36810,#36750,#36660,#36580,#36490,#36410,
#36330,#36250,#36160,#36080,#35990));
#36840=FACE_OUTER_BOUND('',#36830,.T.);
#36850=ADVANCED_FACE('',(#36840),#35980,.T.);
#36860=CARTESIAN_POINT('',(-1.88,-0.549999999999998,5.495));
#36870=DIRECTION('',(0.,1.22460635382238E-16,-1.));
#36880=DIRECTION('',(1.,0.,0.));
#36890=AXIS2_PLACEMENT_3D('',#36860,#36870,#36880);
#36900=CYLINDRICAL_SURFACE('',#36890,0.05);
#36910=ORIENTED_EDGE('',*,*,#36070,.F.);
#36920=ORIENTED_EDGE('',*,*,#13970,.T.);
#36930=CARTESIAN_POINT('',(-1.88,-0.549999999999998,5.285));
#36940=DIRECTION('',(1.63150340413904E-30,-2.17359917283538E-44,1.));
#36950=DIRECTION('',(1.33226762955019E-14,1.,0.));
#36960=AXIS2_PLACEMENT_3D('',#36930,#36940,#36950);
#36970=CIRCLE('',#36960,0.05);
#36980=CARTESIAN_POINT('',(-1.92411764705883,-0.526470588235302,5.285));
#36990=VERTEX_POINT('',#36980);
#37000=EDGE_CURVE('',#13880,#36990,#36970,.T.);
#37010=ORIENTED_EDGE('',*,*,#37000,.F.);
#37020=CARTESIAN_POINT('',(-1.92411764705883,-0.526470588235299,5.435));
#37030=DIRECTION('',(0.,7.4014868308344E-16,-1.));
#37040=VECTOR('',#37030,1.);
#37050=LINE('',#37020,#37040);
#37060=EDGE_CURVE('',#36060,#36990,#37050,.T.);
#37070=ORIENTED_EDGE('',*,*,#37060,.T.);
#37080=EDGE_LOOP('',(#37070,#37010,#36920,#36910));
#37090=FACE_OUTER_BOUND('',#37080,.T.);
#37100=ADVANCED_FACE('',(#37090),#36900,.F.);
#37110=CARTESIAN_POINT('',(-1.92411764705883,-0.526470588235293,5.495));
#37120=DIRECTION('',(-0.88235294117647,0.470588235294118,
5.76285342975237E-17));
#37130=DIRECTION('',(-0.470588235294118,-0.88235294117647,
-1.08053501807857E-16));
#37140=AXIS2_PLACEMENT_3D('',#37110,#37120,#37130);
#37150=PLANE('',#37140);
#37160=ORIENTED_EDGE('',*,*,#36150,.F.);
#37170=ORIENTED_EDGE('',*,*,#37060,.F.);
#37180=CARTESIAN_POINT('',(-1.92411764705884,-0.526470588235308,5.285));
#37190=DIRECTION('',(-0.470588235294121,-0.882352941176469,0.));
#37200=VECTOR('',#37190,1.);
#37210=LINE('',#37180,#37200);
#37220=CARTESIAN_POINT('',(-1.94764705882355,-0.570588235294148,5.285));
#37230=VERTEX_POINT('',#37220);
#37240=EDGE_CURVE('',#36990,#37230,#37210,.T.);
#37250=ORIENTED_EDGE('',*,*,#37240,.F.);
#37260=CARTESIAN_POINT('',(-1.94764705882353,-0.570588235294116,5.285));
#37270=DIRECTION('',(0.,0.,1.));
#37280=VECTOR('',#37270,1.);
#37290=LINE('',#37260,#37280);
#37300=EDGE_CURVE('',#37230,#36140,#37290,.T.);
#37310=ORIENTED_EDGE('',*,*,#37300,.F.);
#37320=EDGE_LOOP('',(#37310,#37250,#37170,#37160));
#37330=FACE_OUTER_BOUND('',#37320,.T.);
#37340=ADVANCED_FACE('',(#37330),#37150,.F.);
#37350=CARTESIAN_POINT('',(-2.08,-0.499999999999998,5.495));
#37360=DIRECTION('',(0.,1.22460635382238E-16,-1.));
#37370=DIRECTION('',(1.,0.,0.));
#37380=AXIS2_PLACEMENT_3D('',#37350,#37360,#37370);
#37390=CYLINDRICAL_SURFACE('',#37380,0.15);
#37400=ORIENTED_EDGE('',*,*,#36240,.F.);
#37410=ORIENTED_EDGE('',*,*,#37300,.T.);
#37420=CARTESIAN_POINT('',(-2.08,-0.499999999999998,5.285));
#37430=DIRECTION('',(5.08487067331422E-17,9.53413251245305E-17,-1.));
#37440=DIRECTION('',(0.882352941176243,-0.470588235294545,0.));
#37450=AXIS2_PLACEMENT_3D('',#37420,#37430,#37440);
#37460=CIRCLE('',#37450,0.15);
#37470=CARTESIAN_POINT('',(-2.08,-0.649999999999998,5.285));
#37480=VERTEX_POINT('',#37470);
#37490=EDGE_CURVE('',#37230,#37480,#37460,.T.);
#37500=ORIENTED_EDGE('',*,*,#37490,.F.);
#37510=CARTESIAN_POINT('',(-2.08,-0.649999999999998,5.435));
#37520=DIRECTION('',(0.,7.4014868308344E-16,-1.));
#37530=VECTOR('',#37520,1.);
#37540=LINE('',#37510,#37530);
#37550=EDGE_CURVE('',#36230,#37480,#37540,.T.);
#37560=ORIENTED_EDGE('',*,*,#37550,.T.);
#37570=EDGE_LOOP('',(#37560,#37500,#37410,#37400));
#37580=FACE_OUTER_BOUND('',#37570,.T.);
#37590=ADVANCED_FACE('',(#37580),#37390,.T.);
#37600=CARTESIAN_POINT('',(-2.53376671489879,-0.649999999999998,5.495));
#37610=DIRECTION('',(6.47630097698008E-16,1.,1.22460635382238E-16));
#37620=DIRECTION('',(-1.,6.47630097698008E-16,7.93091932567587E-32));
#37630=AXIS2_PLACEMENT_3D('',#37600,#37610,#37620);
#37640=PLANE('',#37630);
#37650=CARTESIAN_POINT('',(-2.34000000000001,-0.649999999999998,5.285));
#37660=DIRECTION('',(0.,0.,1.));
#37670=VECTOR('',#37660,1.);
#37680=LINE('',#37650,#37670);
#37690=CARTESIAN_POINT('',(-2.34000000000001,-0.649999999999998,5.285));
#37700=VERTEX_POINT('',#37690);
#37710=EDGE_CURVE('',#37700,#36310,#37680,.T.);
#37720=ORIENTED_EDGE('',*,*,#37710,.F.);
#37730=ORIENTED_EDGE('',*,*,#36320,.F.);
#37740=ORIENTED_EDGE('',*,*,#37550,.F.);
#37750=CARTESIAN_POINT('',(-2.08,-0.649999999999998,5.285));
#37760=DIRECTION('',(-1.,0.,0.));
#37770=VECTOR('',#37760,1.);
#37780=LINE('',#37750,#37770);
#37790=EDGE_CURVE('',#37480,#37700,#37780,.T.);
#37800=ORIENTED_EDGE('',*,*,#37790,.F.);
#37810=EDGE_LOOP('',(#37800,#37740,#37730,#37720));
#37820=FACE_OUTER_BOUND('',#37810,.T.);
#37830=ADVANCED_FACE('',(#37820),#37640,.F.);
#37840=CARTESIAN_POINT('',(-2.97514578638867,-0.349999999999998,5.285));
#37850=DIRECTION('',(0.,1.22460635382238E-16,-1.));
#37860=DIRECTION('',(0.,-1.,-1.22460635382238E-16));
#37870=AXIS2_PLACEMENT_3D('',#37840,#37850,#37860);
#37880=PLANE('',#37870);
#37890=CARTESIAN_POINT('',(-1.88,-0.399999999999998,5.285));
#37900=DIRECTION('',(1.,0.,0.));
#37910=VECTOR('',#37900,1.);
#37920=LINE('',#37890,#37910);
#37930=CARTESIAN_POINT('',(-1.88,-0.399999999999998,5.285));
#37940=VERTEX_POINT('',#37930);
#37950=EDGE_CURVE('',#37940,#22190,#37920,.T.);
#37960=ORIENTED_EDGE('',*,*,#37950,.T.);
#37970=CARTESIAN_POINT('',(-1.88,-0.549999999999998,5.285));
#37980=DIRECTION('',(5.08487067331249E-17,9.53413251245563E-17,-1.));
#37990=DIRECTION('',(-0.882352941176362,0.470588235294321,
-6.16297582203915E-33));
#38000=AXIS2_PLACEMENT_3D('',#37970,#37980,#37990);
#38010=CIRCLE('',#38000,0.15);
#38020=CARTESIAN_POINT('',(-2.01235294117647,-0.479411764705864,5.285));
#38030=VERTEX_POINT('',#38020);
#38040=EDGE_CURVE('',#38030,#37940,#38010,.T.);
#38050=ORIENTED_EDGE('',*,*,#38040,.T.);
#38060=CARTESIAN_POINT('',(-2.03588235294116,-0.523529411764681,5.285));
#38070=DIRECTION('',(0.470588235294122,0.882352941176468,0.));
#38080=VECTOR('',#38070,1.);
#38090=LINE('',#38060,#38080);
#38100=CARTESIAN_POINT('',(-2.03588235294117,-0.523529411764693,5.285));
#38110=VERTEX_POINT('',#38100);
#38120=EDGE_CURVE('',#38110,#38030,#38090,.T.);
#38130=ORIENTED_EDGE('',*,*,#38120,.T.);
#38140=CARTESIAN_POINT('',(-2.08,-0.499999999999998,5.285));
#38150=DIRECTION('',(-0.,0.,1.));
#38160=DIRECTION('',(0.,-1.,0.));
#38170=AXIS2_PLACEMENT_3D('',#38140,#38150,#38160);
#38180=CIRCLE('',#38170,0.05);
#38190=CARTESIAN_POINT('',(-2.08,-0.549999999999998,5.285));
#38200=VERTEX_POINT('',#38190);
#38210=EDGE_CURVE('',#38200,#38110,#38180,.T.);
#38220=ORIENTED_EDGE('',*,*,#38210,.T.);
#38230=CARTESIAN_POINT('',(-2.34000000000001,-0.549999999999998,5.285));
#38240=DIRECTION('',(1.,0.,0.));
#38250=VECTOR('',#38240,1.);
#38260=LINE('',#38230,#38250);
#38270=CARTESIAN_POINT('',(-2.34000000000001,-0.549999999999998,5.285));
#38280=VERTEX_POINT('',#38270);
#38290=EDGE_CURVE('',#38280,#38200,#38260,.T.);
#38300=ORIENTED_EDGE('',*,*,#38290,.T.);
#38310=CARTESIAN_POINT('',(-2.34000000000001,-0.649999999999998,5.285));
#38320=DIRECTION('',(0.,1.,0.));
#38330=VECTOR('',#38320,1.);
#38340=LINE('',#38310,#38330);
#38350=EDGE_CURVE('',#37700,#38280,#38340,.T.);
#38360=ORIENTED_EDGE('',*,*,#38350,.T.);
#38370=ORIENTED_EDGE('',*,*,#37790,.T.);
#38380=ORIENTED_EDGE('',*,*,#37490,.T.);
#38390=ORIENTED_EDGE('',*,*,#37240,.T.);
#38400=ORIENTED_EDGE('',*,*,#37000,.T.);
#38410=ORIENTED_EDGE('',*,*,#13890,.T.);
#38420=ORIENTED_EDGE('',*,*,#22260,.F.);
#38430=EDGE_LOOP('',(#38420,#38410,#38400,#38390,#38380,#38370,#38360,
#38300,#38220,#38130,#38050,#37960));
#38440=FACE_OUTER_BOUND('',#38430,.T.);
#38450=ADVANCED_FACE('',(#38440),#37880,.T.);
#38460=CARTESIAN_POINT('',(-1.88,-0.399999999999998,5.495));
#38470=DIRECTION('',(0.,-1.,-1.22460635382238E-16));
#38480=DIRECTION('',(1.,0.,0.));
#38490=AXIS2_PLACEMENT_3D('',#38460,#38470,#38480);
#38500=PLANE('',#38490);
#38510=ORIENTED_EDGE('',*,*,#36800,.F.);
#38520=CARTESIAN_POINT('',(-1.88,-0.399999999999998,5.435));
#38530=DIRECTION('',(0.,0.,-1.));
#38540=VECTOR('',#38530,1.);
#38550=LINE('',#38520,#38540);
#38560=EDGE_CURVE('',#36730,#37940,#38550,.T.);
#38570=ORIENTED_EDGE('',*,*,#38560,.F.);
#38580=ORIENTED_EDGE('',*,*,#37950,.F.);
#38590=ORIENTED_EDGE('',*,*,#22200,.T.);
#38600=EDGE_LOOP('',(#38590,#38580,#38570,#38510));
#38610=FACE_OUTER_BOUND('',#38600,.T.);
#38620=ADVANCED_FACE('',(#38610),#38500,.F.);
#38630=CARTESIAN_POINT('',(-1.88,-0.549999999999998,5.495));
#38640=DIRECTION('',(0.,1.22460635382238E-16,-1.));
#38650=DIRECTION('',(1.,0.,0.));
#38660=AXIS2_PLACEMENT_3D('',#38630,#38640,#38650);
#38670=CYLINDRICAL_SURFACE('',#38660,0.15);
#38680=ORIENTED_EDGE('',*,*,#36740,.F.);
#38690=CARTESIAN_POINT('',(-2.01235294117647,-0.479411764705881,5.285));
#38700=DIRECTION('',(0.,0.,1.));
#38710=VECTOR('',#38700,1.);
#38720=LINE('',#38690,#38710);
#38730=EDGE_CURVE('',#38030,#36640,#38720,.T.);
#38740=ORIENTED_EDGE('',*,*,#38730,.T.);
#38750=ORIENTED_EDGE('',*,*,#38040,.F.);
#38760=ORIENTED_EDGE('',*,*,#38560,.T.);
#38770=EDGE_LOOP('',(#38760,#38750,#38740,#38680));
#38780=FACE_OUTER_BOUND('',#38770,.T.);
#38790=ADVANCED_FACE('',(#38780),#38670,.T.);
#38800=CARTESIAN_POINT('',(-2.03588235294118,-0.523529411764704,5.495));
#38810=DIRECTION('',(0.88235294117647,-0.470588235294118,
-5.76285342975237E-17));
#38820=DIRECTION('',(0.470588235294118,0.88235294117647,
1.08053501807857E-16));
#38830=AXIS2_PLACEMENT_3D('',#38800,#38810,#38820);
#38840=PLANE('',#38830);
#38850=ORIENTED_EDGE('',*,*,#36650,.F.);
#38860=CARTESIAN_POINT('',(-2.03588235294118,-0.523529411764707,5.435));
#38870=DIRECTION('',(0.,0.,-1.));
#38880=VECTOR('',#38870,1.);
#38890=LINE('',#38860,#38880);
#38900=EDGE_CURVE('',#36560,#38110,#38890,.T.);
#38910=ORIENTED_EDGE('',*,*,#38900,.F.);
#38920=ORIENTED_EDGE('',*,*,#38120,.F.);
#38930=ORIENTED_EDGE('',*,*,#38730,.F.);
#38940=EDGE_LOOP('',(#38930,#38920,#38910,#38850));
#38950=FACE_OUTER_BOUND('',#38940,.T.);
#38960=ADVANCED_FACE('',(#38950),#38840,.F.);
#38970=CARTESIAN_POINT('',(-2.08,-0.499999999999998,5.495));
#38980=DIRECTION('',(0.,1.22460635382238E-16,-1.));
#38990=DIRECTION('',(1.,0.,0.));
#39000=AXIS2_PLACEMENT_3D('',#38970,#38980,#38990);
#39010=CYLINDRICAL_SURFACE('',#39000,0.05);
#39020=ORIENTED_EDGE('',*,*,#36570,.F.);
#39030=CARTESIAN_POINT('',(-2.08,-0.549999999999998,5.285));
#39040=DIRECTION('',(0.,-7.4014868308344E-16,1.));
#39050=VECTOR('',#39040,1.);
#39060=LINE('',#39030,#39050);
#39070=EDGE_CURVE('',#38200,#36470,#39060,.T.);
#39080=ORIENTED_EDGE('',*,*,#39070,.T.);
#39090=ORIENTED_EDGE('',*,*,#38210,.F.);
#39100=ORIENTED_EDGE('',*,*,#38900,.T.);
#39110=EDGE_LOOP('',(#39100,#39090,#39080,#39020));
#39120=FACE_OUTER_BOUND('',#39110,.T.);
#39130=ADVANCED_FACE('',(#39120),#39010,.F.);
#39140=CARTESIAN_POINT('',(-2.29376671489879,-0.549999999999998,5.495));
#39150=DIRECTION('',(0.,-1.,-1.22460635382238E-16));
#39160=DIRECTION('',(1.,0.,0.));
#39170=AXIS2_PLACEMENT_3D('',#39140,#39150,#39160);
#39180=PLANE('',#39170);
#39190=ORIENTED_EDGE('',*,*,#36480,.F.);
#39200=CARTESIAN_POINT('',(-2.34000000000001,-0.549999999999998,5.435));
#39210=DIRECTION('',(0.,0.,-1.));
#39220=VECTOR('',#39210,1.);
#39230=LINE('',#39200,#39220);
#39240=EDGE_CURVE('',#36390,#38280,#39230,.T.);
#39250=ORIENTED_EDGE('',*,*,#39240,.F.);
#39260=ORIENTED_EDGE('',*,*,#38290,.F.);
#39270=ORIENTED_EDGE('',*,*,#39070,.F.);
#39280=EDGE_LOOP('',(#39270,#39260,#39250,#39190));
#39290=FACE_OUTER_BOUND('',#39280,.T.);
#39300=ADVANCED_FACE('',(#39290),#39180,.F.);
#39310=CARTESIAN_POINT('',(-2.34000000000001,-0.764002400000001,
5.67476109676743));
#39320=DIRECTION('',(-1.,3.5527136788005E-15,4.35067574437077E-31));
#39330=DIRECTION('',(4.37905770101505E-46,1.22460635382238E-16,-1.));
#39340=AXIS2_PLACEMENT_3D('',#39310,#39320,#39330);
#39350=PLANE('',#39340);
#39360=ORIENTED_EDGE('',*,*,#39240,.T.);
#39370=ORIENTED_EDGE('',*,*,#36400,.F.);
#39380=ORIENTED_EDGE('',*,*,#37710,.T.);
#39390=ORIENTED_EDGE('',*,*,#38350,.F.);
#39400=EDGE_LOOP('',(#39390,#39380,#39370,#39360));
#39410=FACE_OUTER_BOUND('',#39400,.T.);
#39420=ADVANCED_FACE('',(#39410),#39350,.T.);
#39430=CARTESIAN_POINT('',(-2.97514578638867,-0.649999999999998,5.035));
#39440=DIRECTION('',(0.,-1.22460635382238E-16,1.));
#39450=DIRECTION('',(0.,1.,1.22460635382238E-16));
#39460=AXIS2_PLACEMENT_3D('',#39430,#39440,#39450);
#39470=PLANE('',#39460);
#39480=ORIENTED_EDGE('',*,*,#13730,.T.);
#39490=ORIENTED_EDGE('',*,*,#19470,.T.);
#39500=ORIENTED_EDGE('',*,*,#19790,.T.);
#39510=ORIENTED_EDGE('',*,*,#20110,.T.);
#39520=ORIENTED_EDGE('',*,*,#20510,.T.);
#39530=CARTESIAN_POINT('',(-2.34000000000001,-0.549999999999998,5.035));
#39540=DIRECTION('',(0.,-1.,0.));
#39550=VECTOR('',#39540,1.);
#39560=LINE('',#39530,#39550);
#39570=CARTESIAN_POINT('',(-2.34000000000001,-0.549999999999998,5.035));
#39580=VERTEX_POINT('',#39570);
#39590=EDGE_CURVE('',#39580,#20440,#39560,.T.);
#39600=ORIENTED_EDGE('',*,*,#39590,.T.);
#39610=CARTESIAN_POINT('',(-2.08,-0.549999999999998,5.035));
#39620=DIRECTION('',(-1.,0.,0.));
#39630=VECTOR('',#39620,1.);
#39640=LINE('',#39610,#39630);
#39650=CARTESIAN_POINT('',(-2.08,-0.549999999999998,5.035));
#39660=VERTEX_POINT('',#39650);
#39670=EDGE_CURVE('',#39660,#39580,#39640,.T.);
#39680=ORIENTED_EDGE('',*,*,#39670,.T.);
#39690=CARTESIAN_POINT('',(-2.08,-0.499999999999998,5.035));
#39700=DIRECTION('',(5.08487067331596E-17,9.53413251245046E-17,-1.));
#39710=DIRECTION('',(0.882352941176123,-0.47058823529477,
-6.16297582203915E-33));
#39720=AXIS2_PLACEMENT_3D('',#39690,#39700,#39710);
#39730=CIRCLE('',#39720,0.05);
#39740=CARTESIAN_POINT('',(-2.03588235294119,-0.52352941176472,5.035));
#39750=VERTEX_POINT('',#39740);
#39760=EDGE_CURVE('',#39750,#39660,#39730,.T.);
#39770=ORIENTED_EDGE('',*,*,#39760,.T.);
#39780=CARTESIAN_POINT('',(-2.01235294117649,-0.479411764705907,5.035));
#39790=DIRECTION('',(-0.470588235294114,-0.882352941176472,0.));
#39800=VECTOR('',#39790,1.);
#39810=LINE('',#39780,#39800);
#39820=CARTESIAN_POINT('',(-2.01235294117648,-0.479411764705895,5.035));
#39830=VERTEX_POINT('',#39820);
#39840=EDGE_CURVE('',#39830,#39750,#39810,.T.);
#39850=ORIENTED_EDGE('',*,*,#39840,.T.);
#39860=CARTESIAN_POINT('',(-1.88,-0.549999999999998,5.035));
#39870=DIRECTION('',(0.,-0.,1.));
#39880=DIRECTION('',(0.,1.,0.));
#39890=AXIS2_PLACEMENT_3D('',#39860,#39870,#39880);
#39900=CIRCLE('',#39890,0.15);
#39910=CARTESIAN_POINT('',(-1.88,-0.399999999999998,5.035));
#39920=VERTEX_POINT('',#39910);
#39930=EDGE_CURVE('',#39920,#39830,#39900,.T.);
#39940=ORIENTED_EDGE('',*,*,#39930,.T.);
#39950=CARTESIAN_POINT('',(-1.78,-0.399999999999998,5.035));
#39960=DIRECTION('',(-1.,0.,0.));
#39970=VECTOR('',#39960,1.);
#39980=LINE('',#39950,#39970);
#39990=EDGE_CURVE('',#22340,#39920,#39980,.T.);
#40000=ORIENTED_EDGE('',*,*,#39990,.T.);
#40010=ORIENTED_EDGE('',*,*,#22350,.F.);
#40020=EDGE_LOOP('',(#40010,#40000,#39940,#39850,#39770,#39680,#39600,
#39520,#39510,#39500,#39490,#39480));
#40030=FACE_OUTER_BOUND('',#40020,.T.);
#40040=ADVANCED_FACE('',(#40030),#39470,.T.);
#40050=CARTESIAN_POINT('',(-2.34000000000001,-0.764002400000001,
5.27476109676743));
#40060=DIRECTION('',(-1.,3.5527136788005E-15,4.35067574437077E-31));
#40070=DIRECTION('',(4.37905770101505E-46,1.22460635382238E-16,-1.));
#40080=AXIS2_PLACEMENT_3D('',#40050,#40060,#40070);
#40090=PLANE('',#40080);
#40100=CARTESIAN_POINT('',(-2.34000000000001,-0.549999999999998,5.035));
#40110=DIRECTION('',(0.,0.,-1.));
#40120=VECTOR('',#40110,1.);
#40130=LINE('',#40100,#40120);
#40140=EDGE_CURVE('',#39580,#21090,#40130,.T.);
#40150=ORIENTED_EDGE('',*,*,#40140,.T.);
#40160=ORIENTED_EDGE('',*,*,#39590,.F.);
#40170=ORIENTED_EDGE('',*,*,#20450,.T.);
#40180=ORIENTED_EDGE('',*,*,#21160,.F.);
#40190=EDGE_LOOP('',(#40180,#40170,#40160,#40150));
#40200=FACE_OUTER_BOUND('',#40190,.T.);
#40210=ADVANCED_FACE('',(#40200),#40090,.T.);
#40220=CARTESIAN_POINT('',(-2.29376671489879,-0.549999999999998,5.095));
#40230=DIRECTION('',(0.,-1.,-1.22460635382238E-16));
#40240=DIRECTION('',(1.,0.,0.));
#40250=AXIS2_PLACEMENT_3D('',#40220,#40230,#40240);
#40260=PLANE('',#40250);
#40270=ORIENTED_EDGE('',*,*,#39670,.F.);
#40280=ORIENTED_EDGE('',*,*,#40140,.F.);
#40290=ORIENTED_EDGE('',*,*,#21100,.F.);
#40300=CARTESIAN_POINT('',(-2.08,-0.549999999999998,4.885));
#40310=DIRECTION('',(0.,-7.40148683083436E-16,1.));
#40320=VECTOR('',#40310,1.);
#40330=LINE('',#40300,#40320);
#40340=EDGE_CURVE('',#21010,#39660,#40330,.T.);
#40350=ORIENTED_EDGE('',*,*,#40340,.F.);
#40360=EDGE_LOOP('',(#40350,#40290,#40280,#40270));
#40370=FACE_OUTER_BOUND('',#40360,.T.);
#40380=ADVANCED_FACE('',(#40370),#40260,.F.);
#40390=CARTESIAN_POINT('',(-2.08,-0.499999999999998,5.095));
#40400=DIRECTION('',(0.,1.22460635382238E-16,-1.));
#40410=DIRECTION('',(1.,0.,0.));
#40420=AXIS2_PLACEMENT_3D('',#40390,#40400,#40410);
#40430=CYLINDRICAL_SURFACE('',#40420,0.05);
#40440=ORIENTED_EDGE('',*,*,#39760,.F.);
#40450=ORIENTED_EDGE('',*,*,#40340,.T.);
#40460=ORIENTED_EDGE('',*,*,#21020,.F.);
#40470=CARTESIAN_POINT('',(-2.03588235294118,-0.523529411764707,5.035));
#40480=DIRECTION('',(0.,0.,-1.));
#40490=VECTOR('',#40480,1.);
#40500=LINE('',#40470,#40490);
#40510=EDGE_CURVE('',#39750,#20920,#40500,.T.);
#40520=ORIENTED_EDGE('',*,*,#40510,.T.);
#40530=EDGE_LOOP('',(#40520,#40460,#40450,#40440));
#40540=FACE_OUTER_BOUND('',#40530,.T.);
#40550=ADVANCED_FACE('',(#40540),#40430,.F.);
#40560=CARTESIAN_POINT('',(-2.03588235294118,-0.523529411764704,5.095));
#40570=DIRECTION('',(0.88235294117647,-0.470588235294118,
-5.76285342975237E-17));
#40580=DIRECTION('',(0.470588235294118,0.88235294117647,
1.08053501807857E-16));
#40590=AXIS2_PLACEMENT_3D('',#40560,#40570,#40580);
#40600=PLANE('',#40590);
#40610=ORIENTED_EDGE('',*,*,#39840,.F.);
#40620=ORIENTED_EDGE('',*,*,#40510,.F.);
#40630=ORIENTED_EDGE('',*,*,#20930,.F.);
#40640=CARTESIAN_POINT('',(-2.01235294117647,-0.479411764705881,4.885));
#40650=DIRECTION('',(0.,-3.70074341541718E-16,1.));
#40660=VECTOR('',#40650,1.);
#40670=LINE('',#40640,#40660);
#40680=EDGE_CURVE('',#20840,#39830,#40670,.T.);
#40690=ORIENTED_EDGE('',*,*,#40680,.F.);
#40700=EDGE_LOOP('',(#40690,#40630,#40620,#40610));
#40710=FACE_OUTER_BOUND('',#40700,.T.);
#40720=ADVANCED_FACE('',(#40710),#40600,.F.);
#40730=CARTESIAN_POINT('',(-1.88,-0.549999999999998,5.095));
#40740=DIRECTION('',(0.,1.22460635382238E-16,-1.));
#40750=DIRECTION('',(1.,0.,0.));
#40760=AXIS2_PLACEMENT_3D('',#40730,#40740,#40750);
#40770=CYLINDRICAL_SURFACE('',#40760,0.15);
#40780=ORIENTED_EDGE('',*,*,#39930,.F.);
#40790=ORIENTED_EDGE('',*,*,#40680,.T.);
#40800=ORIENTED_EDGE('',*,*,#20850,.F.);
#40810=CARTESIAN_POINT('',(-1.88,-0.399999999999998,5.035));
#40820=DIRECTION('',(0.,0.,-1.));
#40830=VECTOR('',#40820,1.);
#40840=LINE('',#40810,#40830);
#40850=EDGE_CURVE('',#39920,#20730,#40840,.T.);
#40860=ORIENTED_EDGE('',*,*,#40850,.T.);
#40870=EDGE_LOOP('',(#40860,#40800,#40790,#40780));
#40880=FACE_OUTER_BOUND('',#40870,.T.);
#40890=ADVANCED_FACE('',(#40880),#40770,.T.);
#40900=CARTESIAN_POINT('',(-1.88,-0.399999999999998,5.095));
#40910=DIRECTION('',(0.,-1.,-1.22460635382238E-16));
#40920=DIRECTION('',(1.,0.,0.));
#40930=AXIS2_PLACEMENT_3D('',#40900,#40910,#40920);
#40940=PLANE('',#40930);
#40950=ORIENTED_EDGE('',*,*,#39990,.F.);
#40960=ORIENTED_EDGE('',*,*,#40850,.F.);
#40970=ORIENTED_EDGE('',*,*,#20760,.F.);
#40980=ORIENTED_EDGE('',*,*,#22410,.T.);
#40990=EDGE_LOOP('',(#40980,#40970,#40960,#40950));
#41000=FACE_OUTER_BOUND('',#40990,.T.);
#41010=ADVANCED_FACE('',(#41000),#40940,.F.);
#41020=CARTESIAN_POINT('',(-2.97514578638867,-0.649999999999998,4.635));
#41030=DIRECTION('',(0.,-1.22460635382238E-16,1.));
#41040=DIRECTION('',(0.,1.,1.22460635382238E-16));
#41050=AXIS2_PLACEMENT_3D('',#41020,#41030,#41040);
#41060=PLANE('',#41050);
#41070=ORIENTED_EDGE('',*,*,#19080,.T.);
#41080=CARTESIAN_POINT('',(-1.88,-0.549999999999998,4.635));
#41090=DIRECTION('',(5.08487067330349E-17,9.53413251246905E-17,-1.));
#41100=DIRECTION('',(-0.882352941176983,0.470588235293157,0.));
#41110=AXIS2_PLACEMENT_3D('',#41080,#41090,#41100);
#41120=CIRCLE('',#41110,0.05);
#41130=CARTESIAN_POINT('',(-1.92411764705884,-0.526470588235317,4.635));
#41140=VERTEX_POINT('',#41130);
#41150=EDGE_CURVE('',#41140,#18990,#41120,.T.);
#41160=ORIENTED_EDGE('',*,*,#41150,.T.);
#41170=CARTESIAN_POINT('',(-1.94764705882354,-0.570588235294137,4.635));
#41180=DIRECTION('',(0.470588235294121,0.882352941176469,0.));
#41190=VECTOR('',#41180,1.);
#41200=LINE('',#41170,#41190);
#41210=CARTESIAN_POINT('',(-1.94764705882354,-0.570588235294127,4.635));
#41220=VERTEX_POINT('',#41210);
#41230=EDGE_CURVE('',#41220,#41140,#41200,.T.);
#41240=ORIENTED_EDGE('',*,*,#41230,.T.);
#41250=CARTESIAN_POINT('',(-2.08,-0.499999999999998,4.635));
#41260=DIRECTION('',(-2.17533787218539E-30,-3.8641763072629E-44,1.));
#41270=DIRECTION('',(1.77635683940025E-14,-1.,0.));
#41280=AXIS2_PLACEMENT_3D('',#41250,#41260,#41270);
#41290=CIRCLE('',#41280,0.15);
#41300=CARTESIAN_POINT('',(-2.08,-0.649999999999998,4.635));
#41310=VERTEX_POINT('',#41300);
#41320=EDGE_CURVE('',#41310,#41220,#41290,.T.);
#41330=ORIENTED_EDGE('',*,*,#41320,.T.);
#41340=CARTESIAN_POINT('',(-2.34000000000001,-0.649999999999998,4.635));
#41350=DIRECTION('',(1.,0.,0.));
#41360=VECTOR('',#41350,1.);
#41370=LINE('',#41340,#41360);
#41380=CARTESIAN_POINT('',(-2.34000000000001,-0.649999999999998,4.635));
#41390=VERTEX_POINT('',#41380);
#41400=EDGE_CURVE('',#41390,#41310,#41370,.T.);
#41410=ORIENTED_EDGE('',*,*,#41400,.T.);
#41420=CARTESIAN_POINT('',(-2.34000000000001,-0.549999999999998,4.635));
#41430=DIRECTION('',(0.,-1.,0.));
#41440=VECTOR('',#41430,1.);
#41450=LINE('',#41420,#41440);
#41460=CARTESIAN_POINT('',(-2.34000000000001,-0.549999999999998,4.635));
#41470=VERTEX_POINT('',#41460);
#41480=EDGE_CURVE('',#41470,#41390,#41450,.T.);
#41490=ORIENTED_EDGE('',*,*,#41480,.T.);
#41500=CARTESIAN_POINT('',(-2.08,-0.549999999999998,4.635));
#41510=DIRECTION('',(-1.,0.,0.));
#41520=VECTOR('',#41510,1.);
#41530=LINE('',#41500,#41520);
#41540=CARTESIAN_POINT('',(-2.08,-0.549999999999998,4.635));
#41550=VERTEX_POINT('',#41540);
#41560=EDGE_CURVE('',#41550,#41470,#41530,.T.);
#41570=ORIENTED_EDGE('',*,*,#41560,.T.);
#41580=CARTESIAN_POINT('',(-2.08,-0.499999999999998,4.635));
#41590=DIRECTION('',(5.08487067331358E-17,9.53413251245402E-17,-1.));
#41600=DIRECTION('',(0.882352941176287,-0.470588235294461,0.));
#41610=AXIS2_PLACEMENT_3D('',#41580,#41590,#41600);
#41620=CIRCLE('',#41610,0.05);
#41630=CARTESIAN_POINT('',(-2.03588235294118,-0.523529411764713,4.635));
#41640=VERTEX_POINT('',#41630);
#41650=EDGE_CURVE('',#41640,#41550,#41620,.T.);
#41660=ORIENTED_EDGE('',*,*,#41650,.T.);
#41670=CARTESIAN_POINT('',(-2.01235294117648,-0.479411764705892,4.635));
#41680=DIRECTION('',(-0.470588235294113,-0.882352941176473,0.));
#41690=VECTOR('',#41680,1.);
#41700=LINE('',#41670,#41690);
#41710=CARTESIAN_POINT('',(-2.01235294117647,-0.479411764705886,4.635));
#41720=VERTEX_POINT('',#41710);
#41730=EDGE_CURVE('',#41720,#41640,#41700,.T.);
#41740=ORIENTED_EDGE('',*,*,#41730,.T.);
#41750=CARTESIAN_POINT('',(-1.88,-0.549999999999998,4.635));
#41760=DIRECTION('',(0.,-0.,1.));
#41770=DIRECTION('',(0.,1.,0.));
#41780=AXIS2_PLACEMENT_3D('',#41750,#41760,#41770);
#41790=CIRCLE('',#41780,0.15);
#41800=CARTESIAN_POINT('',(-1.88,-0.399999999999998,4.635));
#41810=VERTEX_POINT('',#41800);
#41820=EDGE_CURVE('',#41810,#41720,#41790,.T.);
#41830=ORIENTED_EDGE('',*,*,#41820,.T.);
#41840=CARTESIAN_POINT('',(-1.78,-0.399999999999998,4.635));
#41850=DIRECTION('',(-1.,0.,0.));
#41860=VECTOR('',#41850,1.);
#41870=LINE('',#41840,#41860);
#41880=EDGE_CURVE('',#22500,#41810,#41870,.T.);
#41890=ORIENTED_EDGE('',*,*,#41880,.T.);
#41900=ORIENTED_EDGE('',*,*,#22510,.F.);
#41910=EDGE_LOOP('',(#41900,#41890,#41830,#41740,#41660,#41570,#41490,
#41410,#41330,#41240,#41160,#41070));
#41920=FACE_OUTER_BOUND('',#41910,.T.);
#41930=ADVANCED_FACE('',(#41920),#41060,.T.);
#41940=CARTESIAN_POINT('',(-1.88,-0.549999999999998,4.695));
#41950=DIRECTION('',(0.,1.22460635382238E-16,-1.));
#41960=DIRECTION('',(1.,0.,0.));
#41970=AXIS2_PLACEMENT_3D('',#41940,#41950,#41960);
#41980=CYLINDRICAL_SURFACE('',#41970,0.05);
#41990=ORIENTED_EDGE('',*,*,#41150,.F.);
#42000=ORIENTED_EDGE('',*,*,#19000,.T.);
#42010=CARTESIAN_POINT('',(-1.88,-0.549999999999998,4.485));
#42020=DIRECTION('',(1.63150340413904E-30,-2.17359917283538E-44,1.));
#42030=DIRECTION('',(1.33226762955019E-14,1.,0.));
#42040=AXIS2_PLACEMENT_3D('',#42010,#42020,#42030);
#42050=CIRCLE('',#42040,0.05);
#42060=CARTESIAN_POINT('',(-1.92411764705883,-0.526470588235302,4.485));
#42070=VERTEX_POINT('',#42060);
#42080=EDGE_CURVE('',#18910,#42070,#42050,.T.);
#42090=ORIENTED_EDGE('',*,*,#42080,.F.);
#42100=CARTESIAN_POINT('',(-1.92411764705883,-0.526470588235299,4.635));
#42110=DIRECTION('',(0.,7.4014868308344E-16,-1.));
#42120=VECTOR('',#42110,1.);
#42130=LINE('',#42100,#42120);
#42140=EDGE_CURVE('',#41140,#42070,#42130,.T.);
#42150=ORIENTED_EDGE('',*,*,#42140,.T.);
#42160=EDGE_LOOP('',(#42150,#42090,#42000,#41990));
#42170=FACE_OUTER_BOUND('',#42160,.T.);
#42180=ADVANCED_FACE('',(#42170),#41980,.F.);
#42190=CARTESIAN_POINT('',(-1.92411764705883,-0.526470588235293,4.695));
#42200=DIRECTION('',(-0.88235294117647,0.470588235294118,
5.76285342975237E-17));
#42210=DIRECTION('',(-0.470588235294118,-0.88235294117647,
-1.08053501807857E-16));
#42220=AXIS2_PLACEMENT_3D('',#42190,#42200,#42210);
#42230=PLANE('',#42220);
#42240=ORIENTED_EDGE('',*,*,#41230,.F.);
#42250=ORIENTED_EDGE('',*,*,#42140,.F.);
#42260=CARTESIAN_POINT('',(-1.92411764705884,-0.526470588235308,4.485));
#42270=DIRECTION('',(-0.470588235294119,-0.88235294117647,0.));
#42280=VECTOR('',#42270,1.);
#42290=LINE('',#42260,#42280);
#42300=CARTESIAN_POINT('',(-1.94764705882355,-0.570588235294148,4.485));
#42310=VERTEX_POINT('',#42300);
#42320=EDGE_CURVE('',#42070,#42310,#42290,.T.);
#42330=ORIENTED_EDGE('',*,*,#42320,.F.);
#42340=CARTESIAN_POINT('',(-1.94764705882353,-0.570588235294116,4.485));
#42350=DIRECTION('',(0.,0.,1.));
#42360=VECTOR('',#42350,1.);
#42370=LINE('',#42340,#42360);
#42380=EDGE_CURVE('',#42310,#41220,#42370,.T.);
#42390=ORIENTED_EDGE('',*,*,#42380,.F.);
#42400=EDGE_LOOP('',(#42390,#42330,#42250,#42240));
#42410=FACE_OUTER_BOUND('',#42400,.T.);
#42420=ADVANCED_FACE('',(#42410),#42230,.F.);
#42430=CARTESIAN_POINT('',(-2.08,-0.499999999999998,4.695));
#42440=DIRECTION('',(0.,1.22460635382238E-16,-1.));
#42450=DIRECTION('',(1.,0.,0.));
#42460=AXIS2_PLACEMENT_3D('',#42430,#42440,#42450);
#42470=CYLINDRICAL_SURFACE('',#42460,0.15);
#42480=ORIENTED_EDGE('',*,*,#41320,.F.);
#42490=ORIENTED_EDGE('',*,*,#42380,.T.);
#42500=CARTESIAN_POINT('',(-2.08,-0.499999999999998,4.485));
#42510=DIRECTION('',(5.08487067331419E-17,9.5341325124531E-17,-1.));
#42520=DIRECTION('',(0.882352941176245,-0.470588235294541,0.));
#42530=AXIS2_PLACEMENT_3D('',#42500,#42510,#42520);
#42540=CIRCLE('',#42530,0.15);
#42550=CARTESIAN_POINT('',(-2.08,-0.649999999999998,4.485));
#42560=VERTEX_POINT('',#42550);
#42570=EDGE_CURVE('',#42310,#42560,#42540,.T.);
#42580=ORIENTED_EDGE('',*,*,#42570,.F.);
#42590=CARTESIAN_POINT('',(-2.08,-0.649999999999998,4.635));
#42600=DIRECTION('',(0.,7.4014868308344E-16,-1.));
#42610=VECTOR('',#42600,1.);
#42620=LINE('',#42590,#42610);
#42630=EDGE_CURVE('',#41310,#42560,#42620,.T.);
#42640=ORIENTED_EDGE('',*,*,#42630,.T.);
#42650=EDGE_LOOP('',(#42640,#42580,#42490,#42480));
#42660=FACE_OUTER_BOUND('',#42650,.T.);
#42670=ADVANCED_FACE('',(#42660),#42470,.T.);
#42680=CARTESIAN_POINT('',(-2.53376671489879,-0.649999999999998,4.695));
#42690=DIRECTION('',(6.47630097698008E-16,1.,1.22460635382238E-16));
#42700=DIRECTION('',(-1.,6.47630097698008E-16,7.93091932567587E-32));
#42710=AXIS2_PLACEMENT_3D('',#42680,#42690,#42700);
#42720=PLANE('',#42710);
#42730=CARTESIAN_POINT('',(-2.34000000000001,-0.649999999999998,4.485));
#42740=DIRECTION('',(0.,0.,1.));
#42750=VECTOR('',#42740,1.);
#42760=LINE('',#42730,#42750);
#42770=CARTESIAN_POINT('',(-2.34000000000001,-0.649999999999998,4.485));
#42780=VERTEX_POINT('',#42770);
#42790=EDGE_CURVE('',#42780,#41390,#42760,.T.);
#42800=ORIENTED_EDGE('',*,*,#42790,.F.);
#42810=ORIENTED_EDGE('',*,*,#41400,.F.);
#42820=ORIENTED_EDGE('',*,*,#42630,.F.);
#42830=CARTESIAN_POINT('',(-2.08,-0.649999999999998,4.485));
#42840=DIRECTION('',(-1.,0.,0.));
#42850=VECTOR('',#42840,1.);
#42860=LINE('',#42830,#42850);
#42870=EDGE_CURVE('',#42560,#42780,#42860,.T.);
#42880=ORIENTED_EDGE('',*,*,#42870,.F.);
#42890=EDGE_LOOP('',(#42880,#42820,#42810,#42800));
#42900=FACE_OUTER_BOUND('',#42890,.T.);
#42910=ADVANCED_FACE('',(#42900),#42720,.F.);
#42920=CARTESIAN_POINT('',(-2.97514578638867,-0.349999999999998,4.485));
#42930=DIRECTION('',(0.,1.22460635382238E-16,-1.));
#42940=DIRECTION('',(0.,-1.,-1.22460635382238E-16));
#42950=AXIS2_PLACEMENT_3D('',#42920,#42930,#42940);
#42960=PLANE('',#42950);
#42970=CARTESIAN_POINT('',(-1.88,-0.399999999999998,4.485));
#42980=DIRECTION('',(1.,0.,0.));
#42990=VECTOR('',#42980,1.);
#43000=LINE('',#42970,#42990);
#43010=CARTESIAN_POINT('',(-1.88,-0.399999999999998,4.485));
#43020=VERTEX_POINT('',#43010);
#43030=EDGE_CURVE('',#43020,#22580,#43000,.T.);
#43040=ORIENTED_EDGE('',*,*,#43030,.T.);
#43050=CARTESIAN_POINT('',(-1.88,-0.549999999999998,4.485));
#43060=DIRECTION('',(5.08487067331249E-17,9.53413251245563E-17,-1.));
#43070=DIRECTION('',(-0.882352941176362,0.470588235294321,
-6.16297582203915E-33));
#43080=AXIS2_PLACEMENT_3D('',#43050,#43060,#43070);
#43090=CIRCLE('',#43080,0.15);
#43100=CARTESIAN_POINT('',(-2.01235294117647,-0.479411764705864,4.485));
#43110=VERTEX_POINT('',#43100);
#43120=EDGE_CURVE('',#43110,#43020,#43090,.T.);
#43130=ORIENTED_EDGE('',*,*,#43120,.T.);
#43140=CARTESIAN_POINT('',(-2.03588235294116,-0.523529411764681,4.485));
#43150=DIRECTION('',(0.470588235294122,0.882352941176468,0.));
#43160=VECTOR('',#43150,1.);
#43170=LINE('',#43140,#43160);
#43180=CARTESIAN_POINT('',(-2.03588235294117,-0.523529411764693,4.485));
#43190=VERTEX_POINT('',#43180);
#43200=EDGE_CURVE('',#43190,#43110,#43170,.T.);
#43210=ORIENTED_EDGE('',*,*,#43200,.T.);
#43220=CARTESIAN_POINT('',(-2.08,-0.499999999999998,4.485));
#43230=DIRECTION('',(-0.,0.,1.));
#43240=DIRECTION('',(0.,-1.,0.));
#43250=AXIS2_PLACEMENT_3D('',#43220,#43230,#43240);
#43260=CIRCLE('',#43250,0.05);
#43270=CARTESIAN_POINT('',(-2.08,-0.549999999999998,4.485));
#43280=VERTEX_POINT('',#43270);
#43290=EDGE_CURVE('',#43280,#43190,#43260,.T.);
#43300=ORIENTED_EDGE('',*,*,#43290,.T.);
#43310=CARTESIAN_POINT('',(-2.34000000000001,-0.549999999999998,4.485));
#43320=DIRECTION('',(1.,0.,0.));
#43330=VECTOR('',#43320,1.);
#43340=LINE('',#43310,#43330);
#43350=CARTESIAN_POINT('',(-2.34000000000001,-0.549999999999998,4.485));
#43360=VERTEX_POINT('',#43350);
#43370=EDGE_CURVE('',#43360,#43280,#43340,.T.);
#43380=ORIENTED_EDGE('',*,*,#43370,.T.);
#43390=CARTESIAN_POINT('',(-2.34000000000001,-0.649999999999998,4.485));
#43400=DIRECTION('',(0.,1.,0.));
#43410=VECTOR('',#43400,1.);
#43420=LINE('',#43390,#43410);
#43430=EDGE_CURVE('',#42780,#43360,#43420,.T.);
#43440=ORIENTED_EDGE('',*,*,#43430,.T.);
#43450=ORIENTED_EDGE('',*,*,#42870,.T.);
#43460=ORIENTED_EDGE('',*,*,#42570,.T.);
#43470=ORIENTED_EDGE('',*,*,#42320,.T.);
#43480=ORIENTED_EDGE('',*,*,#42080,.T.);
#43490=ORIENTED_EDGE('',*,*,#18920,.T.);
#43500=ORIENTED_EDGE('',*,*,#22650,.F.);
#43510=EDGE_LOOP('',(#43500,#43490,#43480,#43470,#43460,#43450,#43440,
#43380,#43300,#43210,#43130,#43040));
#43520=FACE_OUTER_BOUND('',#43510,.T.);
#43530=ADVANCED_FACE('',(#43520),#42960,.T.);
#43540=CARTESIAN_POINT('',(-1.88,-0.399999999999998,4.695));
#43550=DIRECTION('',(0.,-1.,-1.22460635382238E-16));
#43560=DIRECTION('',(1.,0.,0.));
#43570=AXIS2_PLACEMENT_3D('',#43540,#43550,#43560);
#43580=PLANE('',#43570);
#43590=ORIENTED_EDGE('',*,*,#41880,.F.);
#43600=CARTESIAN_POINT('',(-1.88,-0.399999999999998,4.635));
#43610=DIRECTION('',(0.,0.,-1.));
#43620=VECTOR('',#43610,1.);
#43630=LINE('',#43600,#43620);
#43640=EDGE_CURVE('',#41810,#43020,#43630,.T.);
#43650=ORIENTED_EDGE('',*,*,#43640,.F.);
#43660=ORIENTED_EDGE('',*,*,#43030,.F.);
#43670=ORIENTED_EDGE('',*,*,#22590,.T.);
#43680=EDGE_LOOP('',(#43670,#43660,#43650,#43590));
#43690=FACE_OUTER_BOUND('',#43680,.T.);
#43700=ADVANCED_FACE('',(#43690),#43580,.F.);
#43710=CARTESIAN_POINT('',(-1.88,-0.549999999999998,4.695));
#43720=DIRECTION('',(0.,1.22460635382238E-16,-1.));
#43730=DIRECTION('',(1.,0.,0.));
#43740=AXIS2_PLACEMENT_3D('',#43710,#43720,#43730);
#43750=CYLINDRICAL_SURFACE('',#43740,0.15);
#43760=ORIENTED_EDGE('',*,*,#41820,.F.);
#43770=CARTESIAN_POINT('',(-2.01235294117647,-0.479411764705881,4.485));
#43780=DIRECTION('',(0.,0.,1.));
#43790=VECTOR('',#43780,1.);
#43800=LINE('',#43770,#43790);
#43810=EDGE_CURVE('',#43110,#41720,#43800,.T.);
#43820=ORIENTED_EDGE('',*,*,#43810,.T.);
#43830=ORIENTED_EDGE('',*,*,#43120,.F.);
#43840=ORIENTED_EDGE('',*,*,#43640,.T.);
#43850=EDGE_LOOP('',(#43840,#43830,#43820,#43760));
#43860=FACE_OUTER_BOUND('',#43850,.T.);
#43870=ADVANCED_FACE('',(#43860),#43750,.T.);
#43880=CARTESIAN_POINT('',(-2.03588235294118,-0.523529411764704,4.695));
#43890=DIRECTION('',(0.88235294117647,-0.470588235294118,
-5.76285342975237E-17));
#43900=DIRECTION('',(0.470588235294118,0.88235294117647,
1.08053501807857E-16));
#43910=AXIS2_PLACEMENT_3D('',#43880,#43890,#43900);
#43920=PLANE('',#43910);
#43930=ORIENTED_EDGE('',*,*,#41730,.F.);
#43940=CARTESIAN_POINT('',(-2.03588235294118,-0.523529411764707,4.635));
#43950=DIRECTION('',(0.,0.,-1.));
#43960=VECTOR('',#43950,1.);
#43970=LINE('',#43940,#43960);
#43980=EDGE_CURVE('',#41640,#43190,#43970,.T.);
#43990=ORIENTED_EDGE('',*,*,#43980,.F.);
#44000=ORIENTED_EDGE('',*,*,#43200,.F.);
#44010=ORIENTED_EDGE('',*,*,#43810,.F.);
#44020=EDGE_LOOP('',(#44010,#44000,#43990,#43930));
#44030=FACE_OUTER_BOUND('',#44020,.T.);
#44040=ADVANCED_FACE('',(#44030),#43920,.F.);
#44050=CARTESIAN_POINT('',(-2.08,-0.499999999999998,4.695));
#44060=DIRECTION('',(0.,1.22460635382238E-16,-1.));
#44070=DIRECTION('',(1.,0.,0.));
#44080=AXIS2_PLACEMENT_3D('',#44050,#44060,#44070);
#44090=CYLINDRICAL_SURFACE('',#44080,0.05);
#44100=ORIENTED_EDGE('',*,*,#41650,.F.);
#44110=CARTESIAN_POINT('',(-2.08,-0.549999999999998,4.485));
#44120=DIRECTION('',(0.,-7.4014868308344E-16,1.));
#44130=VECTOR('',#44120,1.);
#44140=LINE('',#44110,#44130);
#44150=EDGE_CURVE('',#43280,#41550,#44140,.T.);
#44160=ORIENTED_EDGE('',*,*,#44150,.T.);
#44170=ORIENTED_EDGE('',*,*,#43290,.F.);
#44180=ORIENTED_EDGE('',*,*,#43980,.T.);
#44190=EDGE_LOOP('',(#44180,#44170,#44160,#44100));
#44200=FACE_OUTER_BOUND('',#44190,.T.);
#44210=ADVANCED_FACE('',(#44200),#44090,.F.);
#44220=CARTESIAN_POINT('',(-2.29376671489879,-0.549999999999998,4.695));
#44230=DIRECTION('',(0.,-1.,-1.22460635382238E-16));
#44240=DIRECTION('',(1.,0.,0.));
#44250=AXIS2_PLACEMENT_3D('',#44220,#44230,#44240);
#44260=PLANE('',#44250);
#44270=ORIENTED_EDGE('',*,*,#41560,.F.);
#44280=CARTESIAN_POINT('',(-2.34000000000001,-0.549999999999998,4.635));
#44290=DIRECTION('',(0.,0.,-1.));
#44300=VECTOR('',#44290,1.);
#44310=LINE('',#44280,#44300);
#44320=EDGE_CURVE('',#41470,#43360,#44310,.T.);
#44330=ORIENTED_EDGE('',*,*,#44320,.F.);
#44340=ORIENTED_EDGE('',*,*,#43370,.F.);
#44350=ORIENTED_EDGE('',*,*,#44150,.F.);
#44360=EDGE_LOOP('',(#44350,#44340,#44330,#44270));
#44370=FACE_OUTER_BOUND('',#44360,.T.);
#44380=ADVANCED_FACE('',(#44370),#44260,.F.);
#44390=CARTESIAN_POINT('',(-2.34000000000001,-0.764002400000001,
4.87476109676743));
#44400=DIRECTION('',(-1.,3.5527136788005E-15,4.35067574437077E-31));
#44410=DIRECTION('',(4.37905770101505E-46,1.22460635382238E-16,-1.));
#44420=AXIS2_PLACEMENT_3D('',#44390,#44400,#44410);
#44430=PLANE('',#44420);
#44440=ORIENTED_EDGE('',*,*,#44320,.T.);
#44450=ORIENTED_EDGE('',*,*,#41480,.F.);
#44460=ORIENTED_EDGE('',*,*,#42790,.T.);
#44470=ORIENTED_EDGE('',*,*,#43430,.F.);
#44480=EDGE_LOOP('',(#44470,#44460,#44450,#44440));
#44490=FACE_OUTER_BOUND('',#44480,.T.);
#44500=ADVANCED_FACE('',(#44490),#44430,.T.);
#44510=CARTESIAN_POINT('',(-2.97514578638867,-0.649999999999998,4.235));
#44520=DIRECTION('',(0.,-1.22460635382238E-16,1.));
#44530=DIRECTION('',(0.,1.,1.22460635382238E-16));
#44540=AXIS2_PLACEMENT_3D('',#44510,#44520,#44530);
#44550=PLANE('',#44540);
#44560=ORIENTED_EDGE('',*,*,#18760,.T.);
#44570=CARTESIAN_POINT('',(-1.88,-0.549999999999998,4.235));
#44580=DIRECTION('',(5.08487067330162E-17,9.53413251247184E-17,-1.));
#44590=DIRECTION('',(-0.882352941177112,0.470588235292915,0.));
#44600=AXIS2_PLACEMENT_3D('',#44570,#44580,#44590);
#44610=CIRCLE('',#44600,0.05);
#44620=CARTESIAN_POINT('',(-1.92411764705884,-0.526470588235319,4.235));
#44630=VERTEX_POINT('',#44620);
#44640=EDGE_CURVE('',#44630,#18670,#44610,.T.);
#44650=ORIENTED_EDGE('',*,*,#44640,.T.);
#44660=CARTESIAN_POINT('',(-1.94764705882355,-0.570588235294155,4.235));
#44670=DIRECTION('',(0.470588235294116,0.882352941176471,0.));
#44680=VECTOR('',#44670,1.);
#44690=LINE('',#44660,#44680);
#44700=CARTESIAN_POINT('',(-1.94764705882354,-0.570588235294136,4.235));
#44710=VERTEX_POINT('',#44700);
#44720=EDGE_CURVE('',#44710,#44630,#44690,.T.);
#44730=ORIENTED_EDGE('',*,*,#44720,.T.);
#44740=CARTESIAN_POINT('',(-2.08,-0.499999999999998,4.235));
#44750=DIRECTION('',(-2.17533787218539E-30,-3.8641763072629E-44,1.));
#44760=DIRECTION('',(1.77635683940025E-14,-1.,0.));
#44770=AXIS2_PLACEMENT_3D('',#44740,#44750,#44760);
#44780=CIRCLE('',#44770,0.15);
#44790=CARTESIAN_POINT('',(-2.08,-0.649999999999998,4.235));
#44800=VERTEX_POINT('',#44790);
#44810=EDGE_CURVE('',#44800,#44710,#44780,.T.);
#44820=ORIENTED_EDGE('',*,*,#44810,.T.);
#44830=CARTESIAN_POINT('',(-2.34000000000001,-0.649999999999998,4.235));
#44840=DIRECTION('',(1.,0.,0.));
#44850=VECTOR('',#44840,1.);
#44860=LINE('',#44830,#44850);
#44870=CARTESIAN_POINT('',(-2.34000000000001,-0.649999999999998,4.235));
#44880=VERTEX_POINT('',#44870);
#44890=EDGE_CURVE('',#44880,#44800,#44860,.T.);
#44900=ORIENTED_EDGE('',*,*,#44890,.T.);
#44910=CARTESIAN_POINT('',(-2.34000000000001,-0.549999999999998,4.235));
#44920=DIRECTION('',(0.,-1.,0.));
#44930=VECTOR('',#44920,1.);
#44940=LINE('',#44910,#44930);
#44950=CARTESIAN_POINT('',(-2.34000000000001,-0.549999999999998,4.235));
#44960=VERTEX_POINT('',#44950);
#44970=EDGE_CURVE('',#44960,#44880,#44940,.T.);
#44980=ORIENTED_EDGE('',*,*,#44970,.T.);
#44990=CARTESIAN_POINT('',(-2.08,-0.549999999999998,4.235));
#45000=DIRECTION('',(-1.,0.,0.));
#45010=VECTOR('',#45000,1.);
#45020=LINE('',#44990,#45010);
#45030=CARTESIAN_POINT('',(-2.08,-0.549999999999998,4.235));
#45040=VERTEX_POINT('',#45030);
#45050=EDGE_CURVE('',#45040,#44960,#45020,.T.);
#45060=ORIENTED_EDGE('',*,*,#45050,.T.);
#45070=CARTESIAN_POINT('',(-2.08,-0.499999999999998,4.235));
#45080=DIRECTION('',(5.08487067331261E-17,9.53413251245545E-17,-1.));
#45090=DIRECTION('',(0.882352941176354,-0.470588235294337,0.));
#45100=AXIS2_PLACEMENT_3D('',#45070,#45080,#45090);
#45110=CIRCLE('',#45100,0.05);
#45120=CARTESIAN_POINT('',(-2.03588235294118,-0.52352941176471,4.235));
#45130=VERTEX_POINT('',#45120);
#45140=EDGE_CURVE('',#45130,#45040,#45110,.T.);
#45150=ORIENTED_EDGE('',*,*,#45140,.T.);
#45160=CARTESIAN_POINT('',(-2.01235294117647,-0.479411764705878,4.235));
#45170=DIRECTION('',(-0.470588235294118,-0.88235294117647,0.));
#45180=VECTOR('',#45170,1.);
#45190=LINE('',#45160,#45180);
#45200=CARTESIAN_POINT('',(-2.01235294117647,-0.479411764705879,4.235));
#45210=VERTEX_POINT('',#45200);
#45220=EDGE_CURVE('',#45210,#45130,#45190,.T.);
#45230=ORIENTED_EDGE('',*,*,#45220,.T.);
#45240=CARTESIAN_POINT('',(-1.88,-0.549999999999998,4.235));
#45250=DIRECTION('',(0.,-0.,1.));
#45260=DIRECTION('',(0.,1.,0.));
#45270=AXIS2_PLACEMENT_3D('',#45240,#45250,#45260);
#45280=CIRCLE('',#45270,0.15);
#45290=CARTESIAN_POINT('',(-1.88,-0.399999999999998,4.235));
#45300=VERTEX_POINT('',#45290);
#45310=EDGE_CURVE('',#45300,#45210,#45280,.T.);
#45320=ORIENTED_EDGE('',*,*,#45310,.T.);
#45330=CARTESIAN_POINT('',(-1.78,-0.399999999999998,4.235));
#45340=DIRECTION('',(-1.,0.,0.));
#45350=VECTOR('',#45340,1.);
#45360=LINE('',#45330,#45350);
#45370=EDGE_CURVE('',#22730,#45300,#45360,.T.);
#45380=ORIENTED_EDGE('',*,*,#45370,.T.);
#45390=ORIENTED_EDGE('',*,*,#22740,.F.);
#45400=EDGE_LOOP('',(#45390,#45380,#45320,#45230,#45150,#45060,#44980,
#44900,#44820,#44730,#44650,#44560));
#45410=FACE_OUTER_BOUND('',#45400,.T.);
#45420=ADVANCED_FACE('',(#45410),#44550,.T.);
#45430=CARTESIAN_POINT('',(-1.88,-0.549999999999998,4.295));
#45440=DIRECTION('',(0.,1.22460635382238E-16,-1.));
#45450=DIRECTION('',(1.,0.,0.));
#45460=AXIS2_PLACEMENT_3D('',#45430,#45440,#45450);
#45470=CYLINDRICAL_SURFACE('',#45460,0.05);
#45480=ORIENTED_EDGE('',*,*,#44640,.F.);
#45490=ORIENTED_EDGE('',*,*,#18680,.T.);
#45500=CARTESIAN_POINT('',(-1.88,-0.549999999999998,4.085));
#45510=DIRECTION('',(1.63150340413904E-30,-2.17359917283538E-44,1.));
#45520=DIRECTION('',(1.33226762955019E-14,1.,0.));
#45530=AXIS2_PLACEMENT_3D('',#45500,#45510,#45520);
#45540=CIRCLE('',#45530,0.05);
#45550=CARTESIAN_POINT('',(-1.92411764705885,-0.526470588235334,4.085));
#45560=VERTEX_POINT('',#45550);
#45570=EDGE_CURVE('',#18590,#45560,#45540,.T.);
#45580=ORIENTED_EDGE('',*,*,#45570,.F.);
#45590=CARTESIAN_POINT('',(-1.92411764705882,-0.526470588235291,4.235));
#45600=DIRECTION('',(0.,0.,-1.));
#45610=VECTOR('',#45600,1.);
#45620=LINE('',#45590,#45610);
#45630=EDGE_CURVE('',#44630,#45560,#45620,.T.);
#45640=ORIENTED_EDGE('',*,*,#45630,.T.);
#45650=EDGE_LOOP('',(#45640,#45580,#45490,#45480));
#45660=FACE_OUTER_BOUND('',#45650,.T.);
#45670=ADVANCED_FACE('',(#45660),#45470,.F.);
#45680=CARTESIAN_POINT('',(-1.92411764705883,-0.526470588235292,4.295));
#45690=DIRECTION('',(-0.88235294117647,0.470588235294118,
5.76285342975237E-17));
#45700=DIRECTION('',(-0.470588235294118,-0.88235294117647,
-1.08053501807857E-16));
#45710=AXIS2_PLACEMENT_3D('',#45680,#45690,#45700);
#45720=PLANE('',#45710);
#45730=ORIENTED_EDGE('',*,*,#44720,.F.);
#45740=ORIENTED_EDGE('',*,*,#45630,.F.);
#45750=CARTESIAN_POINT('',(-1.92411764705888,-0.526470588235377,4.085));
#45760=DIRECTION('',(-0.470588235294122,-0.882352941176468,0.));
#45770=VECTOR('',#45760,1.);
#45780=LINE('',#45750,#45770);
#45790=CARTESIAN_POINT('',(-1.94764705882358,-0.570588235294204,4.085));
#45800=VERTEX_POINT('',#45790);
#45810=EDGE_CURVE('',#45560,#45800,#45780,.T.);
#45820=ORIENTED_EDGE('',*,*,#45810,.F.);
#45830=CARTESIAN_POINT('',(-1.94764705882353,-0.570588235294116,4.085));
#45840=DIRECTION('',(0.,-7.40148683083436E-16,1.));
#45850=VECTOR('',#45840,1.);
#45860=LINE('',#45830,#45850);
#45870=EDGE_CURVE('',#45800,#44710,#45860,.T.);
#45880=ORIENTED_EDGE('',*,*,#45870,.F.);
#45890=EDGE_LOOP('',(#45880,#45820,#45740,#45730));
#45900=FACE_OUTER_BOUND('',#45890,.T.);
#45910=ADVANCED_FACE('',(#45900),#45720,.F.);
#45920=CARTESIAN_POINT('',(-2.08,-0.499999999999998,4.295));
#45930=DIRECTION('',(0.,1.22460635382238E-16,-1.));
#45940=DIRECTION('',(1.,0.,0.));
#45950=AXIS2_PLACEMENT_3D('',#45920,#45930,#45940);
#45960=CYLINDRICAL_SURFACE('',#45950,0.15);
#45970=ORIENTED_EDGE('',*,*,#44810,.F.);
#45980=ORIENTED_EDGE('',*,*,#45870,.T.);
#45990=CARTESIAN_POINT('',(-2.08,-0.499999999999998,4.085));
#46000=DIRECTION('',(5.08487067332001E-17,9.53413251244442E-17,-1.));
#46010=DIRECTION('',(0.882352941175843,-0.470588235295294,
-6.16297582203915E-33));
#46020=AXIS2_PLACEMENT_3D('',#45990,#46000,#46010);
#46030=CIRCLE('',#46020,0.15);
#46040=CARTESIAN_POINT('',(-2.08,-0.649999999999998,4.085));
#46050=VERTEX_POINT('',#46040);
#46060=EDGE_CURVE('',#45800,#46050,#46030,.T.);
#46070=ORIENTED_EDGE('',*,*,#46060,.F.);
#46080=CARTESIAN_POINT('',(-2.08,-0.649999999999998,4.235));
#46090=DIRECTION('',(0.,7.40148683083436E-16,-1.));
#46100=VECTOR('',#46090,1.);
#46110=LINE('',#46080,#46100);
#46120=EDGE_CURVE('',#44800,#46050,#46110,.T.);
#46130=ORIENTED_EDGE('',*,*,#46120,.T.);
#46140=EDGE_LOOP('',(#46130,#46070,#45980,#45970));
#46150=FACE_OUTER_BOUND('',#46140,.T.);
#46160=ADVANCED_FACE('',(#46150),#45960,.T.);
#46170=CARTESIAN_POINT('',(-2.53376671489879,-0.649999999999998,4.295));
#46180=DIRECTION('',(6.47630097698008E-16,1.,1.22460635382238E-16));
#46190=DIRECTION('',(-1.,6.47630097698008E-16,7.93091932567587E-32));
#46200=AXIS2_PLACEMENT_3D('',#46170,#46180,#46190);
#46210=PLANE('',#46200);
#46220=CARTESIAN_POINT('',(-2.34000000000001,-0.649999999999998,4.085));
#46230=DIRECTION('',(0.,0.,1.));
#46240=VECTOR('',#46230,1.);
#46250=LINE('',#46220,#46240);
#46260=CARTESIAN_POINT('',(-2.34000000000001,-0.649999999999998,4.085));
#46270=VERTEX_POINT('',#46260);
#46280=EDGE_CURVE('',#46270,#44880,#46250,.T.);
#46290=ORIENTED_EDGE('',*,*,#46280,.F.);
#46300=ORIENTED_EDGE('',*,*,#44890,.F.);
#46310=ORIENTED_EDGE('',*,*,#46120,.F.);
#46320=CARTESIAN_POINT('',(-2.08,-0.649999999999998,4.085));
#46330=DIRECTION('',(-1.,0.,0.));
#46340=VECTOR('',#46330,1.);
#46350=LINE('',#46320,#46340);
#46360=EDGE_CURVE('',#46050,#46270,#46350,.T.);
#46370=ORIENTED_EDGE('',*,*,#46360,.F.);
#46380=EDGE_LOOP('',(#46370,#46310,#46300,#46290));
#46390=FACE_OUTER_BOUND('',#46380,.T.);
#46400=ADVANCED_FACE('',(#46390),#46210,.F.);
#46410=CARTESIAN_POINT('',(-2.97514578638867,-0.349999999999998,4.085));
#46420=DIRECTION('',(0.,1.22460635382238E-16,-1.));
#46430=DIRECTION('',(0.,-1.,-1.22460635382238E-16));
#46440=AXIS2_PLACEMENT_3D('',#46410,#46420,#46430);
#46450=PLANE('',#46440);
#46460=CARTESIAN_POINT('',(-1.88,-0.399999999999998,4.085));
#46470=DIRECTION('',(1.,0.,0.));
#46480=VECTOR('',#46470,1.);
#46490=LINE('',#46460,#46480);
#46500=CARTESIAN_POINT('',(-1.88,-0.399999999999998,4.085));
#46510=VERTEX_POINT('',#46500);
#46520=EDGE_CURVE('',#46510,#22810,#46490,.T.);
#46530=ORIENTED_EDGE('',*,*,#46520,.T.);
#46540=CARTESIAN_POINT('',(-1.88,-0.549999999999998,4.085));
#46550=DIRECTION('',(5.08487067330649E-17,9.53413251246458E-17,-1.));
#46560=DIRECTION('',(-0.882352941176776,0.470588235293545,
-6.16297582203915E-33));
#46570=AXIS2_PLACEMENT_3D('',#46540,#46550,#46560);
#46580=CIRCLE('',#46570,0.15);
#46590=CARTESIAN_POINT('',(-2.0123529411765,-0.479411764705922,4.085));
#46600=VERTEX_POINT('',#46590);
#46610=EDGE_CURVE('',#46600,#46510,#46580,.T.);
#46620=ORIENTED_EDGE('',*,*,#46610,.T.);
#46630=CARTESIAN_POINT('',(-2.0358823529412,-0.523529411764745,4.085));
#46640=DIRECTION('',(0.470588235294125,0.882352941176467,0.));
#46650=VECTOR('',#46640,1.);
#46660=LINE('',#46630,#46650);
#46670=CARTESIAN_POINT('',(-2.03588235294119,-0.523529411764727,4.085));
#46680=VERTEX_POINT('',#46670);
#46690=EDGE_CURVE('',#46680,#46600,#46660,.T.);
#46700=ORIENTED_EDGE('',*,*,#46690,.T.);
#46710=CARTESIAN_POINT('',(-2.08,-0.499999999999998,4.085));
#46720=DIRECTION('',(-0.,0.,1.));
#46730=DIRECTION('',(0.,-1.,0.));
#46740=AXIS2_PLACEMENT_3D('',#46710,#46720,#46730);
#46750=CIRCLE('',#46740,0.05);
#46760=CARTESIAN_POINT('',(-2.08,-0.549999999999998,4.085));
#46770=VERTEX_POINT('',#46760);
#46780=EDGE_CURVE('',#46770,#46680,#46750,.T.);
#46790=ORIENTED_EDGE('',*,*,#46780,.T.);
#46800=CARTESIAN_POINT('',(-2.34000000000001,-0.549999999999998,4.085));
#46810=DIRECTION('',(1.,0.,0.));
#46820=VECTOR('',#46810,1.);
#46830=LINE('',#46800,#46820);
#46840=CARTESIAN_POINT('',(-2.34000000000001,-0.549999999999998,4.085));
#46850=VERTEX_POINT('',#46840);
#46860=EDGE_CURVE('',#46850,#46770,#46830,.T.);
#46870=ORIENTED_EDGE('',*,*,#46860,.T.);
#46880=CARTESIAN_POINT('',(-2.34000000000001,-0.649999999999998,4.085));
#46890=DIRECTION('',(0.,1.,0.));
#46900=VECTOR('',#46890,1.);
#46910=LINE('',#46880,#46900);
#46920=EDGE_CURVE('',#46270,#46850,#46910,.T.);
#46930=ORIENTED_EDGE('',*,*,#46920,.T.);
#46940=ORIENTED_EDGE('',*,*,#46360,.T.);
#46950=ORIENTED_EDGE('',*,*,#46060,.T.);
#46960=ORIENTED_EDGE('',*,*,#45810,.T.);
#46970=ORIENTED_EDGE('',*,*,#45570,.T.);
#46980=ORIENTED_EDGE('',*,*,#18600,.T.);
#46990=ORIENTED_EDGE('',*,*,#22880,.F.);
#47000=EDGE_LOOP('',(#46990,#46980,#46970,#46960,#46950,#46940,#46930,
#46870,#46790,#46700,#46620,#46530));
#47010=FACE_OUTER_BOUND('',#47000,.T.);
#47020=ADVANCED_FACE('',(#47010),#46450,.T.);
#47030=CARTESIAN_POINT('',(-1.88,-0.399999999999998,4.295));
#47040=DIRECTION('',(0.,-1.,-1.22460635382238E-16));
#47050=DIRECTION('',(1.,0.,0.));
#47060=AXIS2_PLACEMENT_3D('',#47030,#47040,#47050);
#47070=PLANE('',#47060);
#47080=ORIENTED_EDGE('',*,*,#45370,.F.);
#47090=CARTESIAN_POINT('',(-1.88,-0.399999999999998,4.235));
#47100=DIRECTION('',(0.,0.,-1.));
#47110=VECTOR('',#47100,1.);
#47120=LINE('',#47090,#47110);
#47130=EDGE_CURVE('',#45300,#46510,#47120,.T.);
#47140=ORIENTED_EDGE('',*,*,#47130,.F.);
#47150=ORIENTED_EDGE('',*,*,#46520,.F.);
#47160=ORIENTED_EDGE('',*,*,#22820,.T.);
#47170=EDGE_LOOP('',(#47160,#47150,#47140,#47080));
#47180=FACE_OUTER_BOUND('',#47170,.T.);
#47190=ADVANCED_FACE('',(#47180),#47070,.F.);
#47200=CARTESIAN_POINT('',(-1.88,-0.549999999999998,4.295));
#47210=DIRECTION('',(0.,1.22460635382238E-16,-1.));
#47220=DIRECTION('',(1.,0.,0.));
#47230=AXIS2_PLACEMENT_3D('',#47200,#47210,#47220);
#47240=CYLINDRICAL_SURFACE('',#47230,0.15);
#47250=ORIENTED_EDGE('',*,*,#45310,.F.);
#47260=CARTESIAN_POINT('',(-2.01235294117647,-0.479411764705881,4.085));
#47270=DIRECTION('',(0.,-3.70074341541718E-16,1.));
#47280=VECTOR('',#47270,1.);
#47290=LINE('',#47260,#47280);
#47300=EDGE_CURVE('',#46600,#45210,#47290,.T.);
#47310=ORIENTED_EDGE('',*,*,#47300,.T.);
#47320=ORIENTED_EDGE('',*,*,#46610,.F.);
#47330=ORIENTED_EDGE('',*,*,#47130,.T.);
#47340=EDGE_LOOP('',(#47330,#47320,#47310,#47250));
#47350=FACE_OUTER_BOUND('',#47340,.T.);
#47360=ADVANCED_FACE('',(#47350),#47240,.T.);
#47370=CARTESIAN_POINT('',(-2.03588235294118,-0.523529411764704,4.295));
#47380=DIRECTION('',(0.88235294117647,-0.470588235294118,
-5.76285342975237E-17));
#47390=DIRECTION('',(0.470588235294118,0.88235294117647,
1.08053501807857E-16));
#47400=AXIS2_PLACEMENT_3D('',#47370,#47380,#47390);
#47410=PLANE('',#47400);
#47420=ORIENTED_EDGE('',*,*,#45220,.F.);
#47430=CARTESIAN_POINT('',(-2.03588235294118,-0.523529411764707,4.235));
#47440=DIRECTION('',(0.,7.40148683083436E-16,-1.));
#47450=VECTOR('',#47440,1.);
#47460=LINE('',#47430,#47450);
#47470=EDGE_CURVE('',#45130,#46680,#47460,.T.);
#47480=ORIENTED_EDGE('',*,*,#47470,.F.);
#47490=ORIENTED_EDGE('',*,*,#46690,.F.);
#47500=ORIENTED_EDGE('',*,*,#47300,.F.);
#47510=EDGE_LOOP('',(#47500,#47490,#47480,#47420));
#47520=FACE_OUTER_BOUND('',#47510,.T.);
#47530=ADVANCED_FACE('',(#47520),#47410,.F.);
#47540=CARTESIAN_POINT('',(-2.08,-0.499999999999998,4.295));
#47550=DIRECTION('',(0.,1.22460635382238E-16,-1.));
#47560=DIRECTION('',(1.,0.,0.));
#47570=AXIS2_PLACEMENT_3D('',#47540,#47550,#47560);
#47580=CYLINDRICAL_SURFACE('',#47570,0.05);
#47590=ORIENTED_EDGE('',*,*,#45140,.F.);
#47600=CARTESIAN_POINT('',(-2.08,-0.549999999999998,4.085));
#47610=DIRECTION('',(0.,-7.40148683083436E-16,1.));
#47620=VECTOR('',#47610,1.);
#47630=LINE('',#47600,#47620);
#47640=EDGE_CURVE('',#46770,#45040,#47630,.T.);
#47650=ORIENTED_EDGE('',*,*,#47640,.T.);
#47660=ORIENTED_EDGE('',*,*,#46780,.F.);
#47670=ORIENTED_EDGE('',*,*,#47470,.T.);
#47680=EDGE_LOOP('',(#47670,#47660,#47650,#47590));
#47690=FACE_OUTER_BOUND('',#47680,.T.);
#47700=ADVANCED_FACE('',(#47690),#47580,.F.);
#47710=CARTESIAN_POINT('',(-2.29376671489879,-0.549999999999998,4.295));
#47720=DIRECTION('',(0.,-1.,-1.22460635382238E-16));
#47730=DIRECTION('',(1.,0.,0.));
#47740=AXIS2_PLACEMENT_3D('',#47710,#47720,#47730);
#47750=PLANE('',#47740);
#47760=ORIENTED_EDGE('',*,*,#45050,.F.);
#47770=CARTESIAN_POINT('',(-2.34000000000001,-0.549999999999998,4.235));
#47780=DIRECTION('',(0.,0.,-1.));
#47790=VECTOR('',#47780,1.);
#47800=LINE('',#47770,#47790);
#47810=EDGE_CURVE('',#44960,#46850,#47800,.T.);
#47820=ORIENTED_EDGE('',*,*,#47810,.F.);
#47830=ORIENTED_EDGE('',*,*,#46860,.F.);
#47840=ORIENTED_EDGE('',*,*,#47640,.F.);
#47850=EDGE_LOOP('',(#47840,#47830,#47820,#47760));
#47860=FACE_OUTER_BOUND('',#47850,.T.);
#47870=ADVANCED_FACE('',(#47860),#47750,.F.);
#47880=CARTESIAN_POINT('',(-2.34000000000001,-0.764002400000001,
4.47476109676743));
#47890=DIRECTION('',(-1.,3.5527136788005E-15,4.35067574437077E-31));
#47900=DIRECTION('',(4.37905770101505E-46,1.22460635382238E-16,-1.));
#47910=AXIS2_PLACEMENT_3D('',#47880,#47890,#47900);
#47920=PLANE('',#47910);
#47930=ORIENTED_EDGE('',*,*,#47810,.T.);
#47940=ORIENTED_EDGE('',*,*,#44970,.F.);
#47950=ORIENTED_EDGE('',*,*,#46280,.T.);
#47960=ORIENTED_EDGE('',*,*,#46920,.F.);
#47970=EDGE_LOOP('',(#47960,#47950,#47940,#47930));
#47980=FACE_OUTER_BOUND('',#47970,.T.);
#47990=ADVANCED_FACE('',(#47980),#47920,.T.);
#48000=CARTESIAN_POINT('',(-2.97514578638867,-0.649999999999998,3.835));
#48010=DIRECTION('',(0.,-1.22460635382238E-16,1.));
#48020=DIRECTION('',(0.,1.,1.22460635382238E-16));
#48030=AXIS2_PLACEMENT_3D('',#48000,#48010,#48020);
#48040=PLANE('',#48030);
#48050=ORIENTED_EDGE('',*,*,#18440,.T.);
#48060=CARTESIAN_POINT('',(-1.88,-0.549999999999998,3.835));
#48070=DIRECTION('',(5.08487067330172E-17,9.5341325124717E-17,-1.));
#48080=DIRECTION('',(-0.882352941177106,0.470588235292927,
-6.16297582203915E-33));
#48090=AXIS2_PLACEMENT_3D('',#48060,#48070,#48080);
#48100=CIRCLE('',#48090,0.05);
#48110=CARTESIAN_POINT('',(-1.92411764705884,-0.526470588235319,3.835));
#48120=VERTEX_POINT('',#48110);
#48130=EDGE_CURVE('',#48120,#18350,#48100,.T.);
#48140=ORIENTED_EDGE('',*,*,#48130,.T.);
#48150=CARTESIAN_POINT('',(-1.94764705882355,-0.570588235294144,3.835));
#48160=DIRECTION('',(0.470588235294121,0.882352941176469,0.));
#48170=VECTOR('',#48160,1.);
#48180=LINE('',#48150,#48170);
#48190=CARTESIAN_POINT('',(-1.94764705882354,-0.570588235294131,3.835));
#48200=VERTEX_POINT('',#48190);
#48210=EDGE_CURVE('',#48200,#48120,#48180,.T.);
#48220=ORIENTED_EDGE('',*,*,#48210,.T.);
#48230=CARTESIAN_POINT('',(-2.08,-0.499999999999998,3.835));
#48240=DIRECTION('',(-2.17533787218539E-30,-3.8641763072629E-44,1.));
#48250=DIRECTION('',(1.77635683940025E-14,-1.,0.));
#48260=AXIS2_PLACEMENT_3D('',#48230,#48240,#48250);
#48270=CIRCLE('',#48260,0.15);
#48280=CARTESIAN_POINT('',(-2.08,-0.649999999999998,3.835));
#48290=VERTEX_POINT('',#48280);
#48300=EDGE_CURVE('',#48290,#48200,#48270,.T.);
#48310=ORIENTED_EDGE('',*,*,#48300,.T.);
#48320=CARTESIAN_POINT('',(-2.34000000000001,-0.649999999999998,3.835));
#48330=DIRECTION('',(1.,0.,0.));
#48340=VECTOR('',#48330,1.);
#48350=LINE('',#48320,#48340);
#48360=CARTESIAN_POINT('',(-2.34000000000001,-0.649999999999998,3.835));
#48370=VERTEX_POINT('',#48360);
#48380=EDGE_CURVE('',#48370,#48290,#48350,.T.);
#48390=ORIENTED_EDGE('',*,*,#48380,.T.);
#48400=CARTESIAN_POINT('',(-2.34000000000001,-0.549999999999998,3.835));
#48410=DIRECTION('',(0.,-1.,0.));
#48420=VECTOR('',#48410,1.);
#48430=LINE('',#48400,#48420);
#48440=CARTESIAN_POINT('',(-2.34000000000001,-0.549999999999998,3.835));
#48450=VERTEX_POINT('',#48440);
#48460=EDGE_CURVE('',#48450,#48370,#48430,.T.);
#48470=ORIENTED_EDGE('',*,*,#48460,.T.);
#48480=CARTESIAN_POINT('',(-2.08,-0.549999999999998,3.835));
#48490=DIRECTION('',(-1.,0.,0.));
#48500=VECTOR('',#48490,1.);
#48510=LINE('',#48480,#48500);
#48520=CARTESIAN_POINT('',(-2.08,-0.549999999999998,3.835));
#48530=VERTEX_POINT('',#48520);
#48540=EDGE_CURVE('',#48530,#48450,#48510,.T.);
#48550=ORIENTED_EDGE('',*,*,#48540,.T.);
#48560=CARTESIAN_POINT('',(-2.08,-0.499999999999998,3.835));
#48570=DIRECTION('',(5.08487067331261E-17,9.53413251245545E-17,-1.));
#48580=DIRECTION('',(0.882352941176354,-0.470588235294337,0.));
#48590=AXIS2_PLACEMENT_3D('',#48560,#48570,#48580);
#48600=CIRCLE('',#48590,0.05);
#48610=CARTESIAN_POINT('',(-2.03588235294118,-0.52352941176471,3.835));
#48620=VERTEX_POINT('',#48610);
#48630=EDGE_CURVE('',#48620,#48530,#48600,.T.);
#48640=ORIENTED_EDGE('',*,*,#48630,.T.);
#48650=CARTESIAN_POINT('',(-2.01235294117647,-0.479411764705878,3.835));
#48660=DIRECTION('',(-0.470588235294118,-0.88235294117647,0.));
#48670=VECTOR('',#48660,1.);
#48680=LINE('',#48650,#48670);
#48690=CARTESIAN_POINT('',(-2.01235294117647,-0.479411764705879,3.835));
#48700=VERTEX_POINT('',#48690);
#48710=EDGE_CURVE('',#48700,#48620,#48680,.T.);
#48720=ORIENTED_EDGE('',*,*,#48710,.T.);
#48730=CARTESIAN_POINT('',(-1.88,-0.549999999999998,3.835));
#48740=DIRECTION('',(0.,-0.,1.));
#48750=DIRECTION('',(0.,1.,0.));
#48760=AXIS2_PLACEMENT_3D('',#48730,#48740,#48750);
#48770=CIRCLE('',#48760,0.15);
#48780=CARTESIAN_POINT('',(-1.88,-0.399999999999998,3.835));
#48790=VERTEX_POINT('',#48780);
#48800=EDGE_CURVE('',#48790,#48700,#48770,.T.);
#48810=ORIENTED_EDGE('',*,*,#48800,.T.);
#48820=CARTESIAN_POINT('',(-1.78,-0.399999999999998,3.835));
#48830=DIRECTION('',(-1.,0.,0.));
#48840=VECTOR('',#48830,1.);
#48850=LINE('',#48820,#48840);
#48860=EDGE_CURVE('',#22960,#48790,#48850,.T.);
#48870=ORIENTED_EDGE('',*,*,#48860,.T.);
#48880=ORIENTED_EDGE('',*,*,#22970,.F.);
#48890=EDGE_LOOP('',(#48880,#48870,#48810,#48720,#48640,#48550,#48470,
#48390,#48310,#48220,#48140,#48050));
#48900=FACE_OUTER_BOUND('',#48890,.T.);
#48910=ADVANCED_FACE('',(#48900),#48040,.T.);
#48920=CARTESIAN_POINT('',(-1.88,-0.549999999999998,3.895));
#48930=DIRECTION('',(0.,1.22460635382238E-16,-1.));
#48940=DIRECTION('',(1.,0.,0.));
#48950=AXIS2_PLACEMENT_3D('',#48920,#48930,#48940);
#48960=CYLINDRICAL_SURFACE('',#48950,0.05);
#48970=ORIENTED_EDGE('',*,*,#48130,.F.);
#48980=ORIENTED_EDGE('',*,*,#18360,.T.);
#48990=CARTESIAN_POINT('',(-1.88,-0.549999999999998,3.685));
#49000=DIRECTION('',(1.63150340413904E-30,-2.17359917283538E-44,1.));
#49010=DIRECTION('',(1.33226762955019E-14,1.,0.));
#49020=AXIS2_PLACEMENT_3D('',#48990,#49000,#49010);
#49030=CIRCLE('',#49020,0.05);
#49040=CARTESIAN_POINT('',(-1.92411764705885,-0.526470588235334,3.685));
#49050=VERTEX_POINT('',#49040);
#49060=EDGE_CURVE('',#18270,#49050,#49030,.T.);
#49070=ORIENTED_EDGE('',*,*,#49060,.F.);
#49080=CARTESIAN_POINT('',(-1.92411764705882,-0.526470588235291,3.835));
#49090=DIRECTION('',(0.,0.,-1.));
#49100=VECTOR('',#49090,1.);
#49110=LINE('',#49080,#49100);
#49120=EDGE_CURVE('',#48120,#49050,#49110,.T.);
#49130=ORIENTED_EDGE('',*,*,#49120,.T.);
#49140=EDGE_LOOP('',(#49130,#49070,#48980,#48970));
#49150=FACE_OUTER_BOUND('',#49140,.T.);
#49160=ADVANCED_FACE('',(#49150),#48960,.F.);
#49170=CARTESIAN_POINT('',(-1.92411764705883,-0.526470588235292,3.895));
#49180=DIRECTION('',(-0.88235294117647,0.470588235294118,
5.76285342975237E-17));
#49190=DIRECTION('',(-0.470588235294118,-0.88235294117647,
-1.08053501807857E-16));
#49200=AXIS2_PLACEMENT_3D('',#49170,#49180,#49190);
#49210=PLANE('',#49200);
#49220=ORIENTED_EDGE('',*,*,#48210,.F.);
#49230=ORIENTED_EDGE('',*,*,#49120,.F.);
#49240=CARTESIAN_POINT('',(-1.92411764705888,-0.526470588235377,3.685));
#49250=DIRECTION('',(-0.470588235294117,-0.882352941176471,0.));
#49260=VECTOR('',#49250,1.);
#49270=LINE('',#49240,#49260);
#49280=CARTESIAN_POINT('',(-1.94764705882358,-0.570588235294204,3.685));
#49290=VERTEX_POINT('',#49280);
#49300=EDGE_CURVE('',#49050,#49290,#49270,.T.);
#49310=ORIENTED_EDGE('',*,*,#49300,.F.);
#49320=CARTESIAN_POINT('',(-1.94764705882353,-0.570588235294116,3.685));
#49330=DIRECTION('',(0.,0.,1.));
#49340=VECTOR('',#49330,1.);
#49350=LINE('',#49320,#49340);
#49360=EDGE_CURVE('',#49290,#48200,#49350,.T.);
#49370=ORIENTED_EDGE('',*,*,#49360,.F.);
#49380=EDGE_LOOP('',(#49370,#49310,#49230,#49220));
#49390=FACE_OUTER_BOUND('',#49380,.T.);
#49400=ADVANCED_FACE('',(#49390),#49210,.F.);
#49410=CARTESIAN_POINT('',(-2.08,-0.499999999999998,3.895));
#49420=DIRECTION('',(0.,1.22460635382238E-16,-1.));
#49430=DIRECTION('',(1.,0.,0.));
#49440=AXIS2_PLACEMENT_3D('',#49410,#49420,#49430);
#49450=CYLINDRICAL_SURFACE('',#49440,0.15);
#49460=ORIENTED_EDGE('',*,*,#48300,.F.);
#49470=ORIENTED_EDGE('',*,*,#49360,.T.);
#49480=CARTESIAN_POINT('',(-2.08,-0.499999999999998,3.685));
#49490=DIRECTION('',(5.08487067331997E-17,9.53413251244449E-17,-1.));
#49500=DIRECTION('',(0.882352941175846,-0.470588235295288,0.));
#49510=AXIS2_PLACEMENT_3D('',#49480,#49490,#49500);
#49520=CIRCLE('',#49510,0.15);
#49530=CARTESIAN_POINT('',(-2.08,-0.649999999999998,3.685));
#49540=VERTEX_POINT('',#49530);
#49550=EDGE_CURVE('',#49290,#49540,#49520,.T.);
#49560=ORIENTED_EDGE('',*,*,#49550,.F.);
#49570=CARTESIAN_POINT('',(-2.08,-0.649999999999998,3.835));
#49580=DIRECTION('',(0.,7.40148683083438E-16,-1.));
#49590=VECTOR('',#49580,1.);
#49600=LINE('',#49570,#49590);
#49610=EDGE_CURVE('',#48290,#49540,#49600,.T.);
#49620=ORIENTED_EDGE('',*,*,#49610,.T.);
#49630=EDGE_LOOP('',(#49620,#49560,#49470,#49460));
#49640=FACE_OUTER_BOUND('',#49630,.T.);
#49650=ADVANCED_FACE('',(#49640),#49450,.T.);
#49660=CARTESIAN_POINT('',(-2.53376671489879,-0.649999999999998,3.895));
#49670=DIRECTION('',(6.47630097698008E-16,1.,1.22460635382238E-16));
#49680=DIRECTION('',(-1.,6.47630097698008E-16,7.93091932567587E-32));
#49690=AXIS2_PLACEMENT_3D('',#49660,#49670,#49680);
#49700=PLANE('',#49690);
#49710=CARTESIAN_POINT('',(-2.34000000000001,-0.649999999999998,3.685));
#49720=DIRECTION('',(0.,0.,1.));
#49730=VECTOR('',#49720,1.);
#49740=LINE('',#49710,#49730);
#49750=CARTESIAN_POINT('',(-2.34000000000001,-0.649999999999998,3.685));
#49760=VERTEX_POINT('',#49750);
#49770=EDGE_CURVE('',#49760,#48370,#49740,.T.);
#49780=ORIENTED_EDGE('',*,*,#49770,.F.);
#49790=ORIENTED_EDGE('',*,*,#48380,.F.);
#49800=ORIENTED_EDGE('',*,*,#49610,.F.);
#49810=CARTESIAN_POINT('',(-2.08,-0.649999999999998,3.685));
#49820=DIRECTION('',(-1.,0.,0.));
#49830=VECTOR('',#49820,1.);
#49840=LINE('',#49810,#49830);
#49850=EDGE_CURVE('',#49540,#49760,#49840,.T.);
#49860=ORIENTED_EDGE('',*,*,#49850,.F.);
#49870=EDGE_LOOP('',(#49860,#49800,#49790,#49780));
#49880=FACE_OUTER_BOUND('',#49870,.T.);
#49890=ADVANCED_FACE('',(#49880),#49700,.F.);
#49900=CARTESIAN_POINT('',(-2.97514578638867,-0.349999999999998,3.685));
#49910=DIRECTION('',(0.,1.22460635382238E-16,-1.));
#49920=DIRECTION('',(0.,-1.,-1.22460635382238E-16));
#49930=AXIS2_PLACEMENT_3D('',#49900,#49910,#49920);
#49940=PLANE('',#49930);
#49950=CARTESIAN_POINT('',(-1.88,-0.399999999999998,3.685));
#49960=DIRECTION('',(1.,0.,0.));
#49970=VECTOR('',#49960,1.);
#49980=LINE('',#49950,#49970);
#49990=CARTESIAN_POINT('',(-1.88,-0.399999999999998,3.685));
#50000=VERTEX_POINT('',#49990);
#50010=EDGE_CURVE('',#50000,#23040,#49980,.T.);
#50020=ORIENTED_EDGE('',*,*,#50010,.T.);
#50030=CARTESIAN_POINT('',(-1.88,-0.549999999999998,3.685));
#50040=DIRECTION('',(5.08487067330653E-17,9.53413251246452E-17,-1.));
#50050=DIRECTION('',(-0.882352941176773,0.47058823529355,0.));
#50060=AXIS2_PLACEMENT_3D('',#50030,#50040,#50050);
#50070=CIRCLE('',#50060,0.15);
#50080=CARTESIAN_POINT('',(-2.0123529411765,-0.479411764705922,3.685));
#50090=VERTEX_POINT('',#50080);
#50100=EDGE_CURVE('',#50090,#50000,#50070,.T.);
#50110=ORIENTED_EDGE('',*,*,#50100,.T.);
#50120=CARTESIAN_POINT('',(-2.0358823529412,-0.523529411764745,3.685));
#50130=DIRECTION('',(0.470588235294125,0.882352941176466,0.));
#50140=VECTOR('',#50130,1.);
#50150=LINE('',#50120,#50140);
#50160=CARTESIAN_POINT('',(-2.03588235294119,-0.523529411764727,3.685));
#50170=VERTEX_POINT('',#50160);
#50180=EDGE_CURVE('',#50170,#50090,#50150,.T.);
#50190=ORIENTED_EDGE('',*,*,#50180,.T.);
#50200=CARTESIAN_POINT('',(-2.08,-0.499999999999998,3.685));
#50210=DIRECTION('',(-0.,0.,1.));
#50220=DIRECTION('',(0.,-1.,0.));
#50230=AXIS2_PLACEMENT_3D('',#50200,#50210,#50220);
#50240=CIRCLE('',#50230,0.05);
#50250=CARTESIAN_POINT('',(-2.08,-0.549999999999998,3.685));
#50260=VERTEX_POINT('',#50250);
#50270=EDGE_CURVE('',#50260,#50170,#50240,.T.);
#50280=ORIENTED_EDGE('',*,*,#50270,.T.);
#50290=CARTESIAN_POINT('',(-2.34000000000001,-0.549999999999998,3.685));
#50300=DIRECTION('',(1.,0.,0.));
#50310=VECTOR('',#50300,1.);
#50320=LINE('',#50290,#50310);
#50330=CARTESIAN_POINT('',(-2.34000000000001,-0.549999999999998,3.685));
#50340=VERTEX_POINT('',#50330);
#50350=EDGE_CURVE('',#50340,#50260,#50320,.T.);
#50360=ORIENTED_EDGE('',*,*,#50350,.T.);
#50370=CARTESIAN_POINT('',(-2.34000000000001,-0.649999999999998,3.685));
#50380=DIRECTION('',(0.,1.,0.));
#50390=VECTOR('',#50380,1.);
#50400=LINE('',#50370,#50390);
#50410=EDGE_CURVE('',#49760,#50340,#50400,.T.);
#50420=ORIENTED_EDGE('',*,*,#50410,.T.);
#50430=ORIENTED_EDGE('',*,*,#49850,.T.);
#50440=ORIENTED_EDGE('',*,*,#49550,.T.);
#50450=ORIENTED_EDGE('',*,*,#49300,.T.);
#50460=ORIENTED_EDGE('',*,*,#49060,.T.);
#50470=ORIENTED_EDGE('',*,*,#18280,.T.);
#50480=ORIENTED_EDGE('',*,*,#23110,.F.);
#50490=EDGE_LOOP('',(#50480,#50470,#50460,#50450,#50440,#50430,#50420,
#50360,#50280,#50190,#50110,#50020));
#50500=FACE_OUTER_BOUND('',#50490,.T.);
#50510=ADVANCED_FACE('',(#50500),#49940,.T.);
#50520=CARTESIAN_POINT('',(-1.88,-0.399999999999998,3.895));
#50530=DIRECTION('',(0.,-1.,-1.22460635382238E-16));
#50540=DIRECTION('',(1.,0.,0.));
#50550=AXIS2_PLACEMENT_3D('',#50520,#50530,#50540);
#50560=PLANE('',#50550);
#50570=ORIENTED_EDGE('',*,*,#48860,.F.);
#50580=CARTESIAN_POINT('',(-1.88,-0.399999999999998,3.835));
#50590=DIRECTION('',(0.,0.,-1.));
#50600=VECTOR('',#50590,1.);
#50610=LINE('',#50580,#50600);
#50620=EDGE_CURVE('',#48790,#50000,#50610,.T.);
#50630=ORIENTED_EDGE('',*,*,#50620,.F.);
#50640=ORIENTED_EDGE('',*,*,#50010,.F.);
#50650=ORIENTED_EDGE('',*,*,#23050,.T.);
#50660=EDGE_LOOP('',(#50650,#50640,#50630,#50570));
#50670=FACE_OUTER_BOUND('',#50660,.T.);
#50680=ADVANCED_FACE('',(#50670),#50560,.F.);
#50690=CARTESIAN_POINT('',(-1.88,-0.549999999999998,3.895));
#50700=DIRECTION('',(0.,1.22460635382238E-16,-1.));
#50710=DIRECTION('',(1.,0.,0.));
#50720=AXIS2_PLACEMENT_3D('',#50690,#50700,#50710);
#50730=CYLINDRICAL_SURFACE('',#50720,0.15);
#50740=ORIENTED_EDGE('',*,*,#48800,.F.);
#50750=CARTESIAN_POINT('',(-2.01235294117647,-0.479411764705881,3.685));
#50760=DIRECTION('',(0.,0.,1.));
#50770=VECTOR('',#50760,1.);
#50780=LINE('',#50750,#50770);
#50790=EDGE_CURVE('',#50090,#48700,#50780,.T.);
#50800=ORIENTED_EDGE('',*,*,#50790,.T.);
#50810=ORIENTED_EDGE('',*,*,#50100,.F.);
#50820=ORIENTED_EDGE('',*,*,#50620,.T.);
#50830=EDGE_LOOP('',(#50820,#50810,#50800,#50740));
#50840=FACE_OUTER_BOUND('',#50830,.T.);
#50850=ADVANCED_FACE('',(#50840),#50730,.T.);
#50860=CARTESIAN_POINT('',(-2.03588235294118,-0.523529411764704,3.895));
#50870=DIRECTION('',(0.88235294117647,-0.470588235294118,
-5.76285342975237E-17));
#50880=DIRECTION('',(0.470588235294118,0.88235294117647,
1.08053501807857E-16));
#50890=AXIS2_PLACEMENT_3D('',#50860,#50870,#50880);
#50900=PLANE('',#50890);
#50910=ORIENTED_EDGE('',*,*,#48710,.F.);
#50920=CARTESIAN_POINT('',(-2.03588235294118,-0.523529411764707,3.835));
#50930=DIRECTION('',(0.,0.,-1.));
#50940=VECTOR('',#50930,1.);
#50950=LINE('',#50920,#50940);
#50960=EDGE_CURVE('',#48620,#50170,#50950,.T.);
#50970=ORIENTED_EDGE('',*,*,#50960,.F.);
#50980=ORIENTED_EDGE('',*,*,#50180,.F.);
#50990=ORIENTED_EDGE('',*,*,#50790,.F.);
#51000=EDGE_LOOP('',(#50990,#50980,#50970,#50910));
#51010=FACE_OUTER_BOUND('',#51000,.T.);
#51020=ADVANCED_FACE('',(#51010),#50900,.F.);
#51030=CARTESIAN_POINT('',(-2.08,-0.499999999999998,3.895));
#51040=DIRECTION('',(0.,1.22460635382238E-16,-1.));
#51050=DIRECTION('',(1.,0.,0.));
#51060=AXIS2_PLACEMENT_3D('',#51030,#51040,#51050);
#51070=CYLINDRICAL_SURFACE('',#51060,0.05);
#51080=ORIENTED_EDGE('',*,*,#48630,.F.);
#51090=CARTESIAN_POINT('',(-2.08,-0.549999999999998,3.685));
#51100=DIRECTION('',(0.,-7.40148683083438E-16,1.));
#51110=VECTOR('',#51100,1.);
#51120=LINE('',#51090,#51110);
#51130=EDGE_CURVE('',#50260,#48530,#51120,.T.);
#51140=ORIENTED_EDGE('',*,*,#51130,.T.);
#51150=ORIENTED_EDGE('',*,*,#50270,.F.);
#51160=ORIENTED_EDGE('',*,*,#50960,.T.);
#51170=EDGE_LOOP('',(#51160,#51150,#51140,#51080));
#51180=FACE_OUTER_BOUND('',#51170,.T.);
#51190=ADVANCED_FACE('',(#51180),#51070,.F.);
#51200=CARTESIAN_POINT('',(-2.29376671489879,-0.549999999999998,3.895));
#51210=DIRECTION('',(0.,-1.,-1.22460635382238E-16));
#51220=DIRECTION('',(1.,0.,0.));
#51230=AXIS2_PLACEMENT_3D('',#51200,#51210,#51220);
#51240=PLANE('',#51230);
#51250=ORIENTED_EDGE('',*,*,#48540,.F.);
#51260=CARTESIAN_POINT('',(-2.34000000000001,-0.549999999999998,3.835));
#51270=DIRECTION('',(0.,0.,-1.));
#51280=VECTOR('',#51270,1.);
#51290=LINE('',#51260,#51280);
#51300=EDGE_CURVE('',#48450,#50340,#51290,.T.);
#51310=ORIENTED_EDGE('',*,*,#51300,.F.);
#51320=ORIENTED_EDGE('',*,*,#50350,.F.);
#51330=ORIENTED_EDGE('',*,*,#51130,.F.);
#51340=EDGE_LOOP('',(#51330,#51320,#51310,#51250));
#51350=FACE_OUTER_BOUND('',#51340,.T.);
#51360=ADVANCED_FACE('',(#51350),#51240,.F.);
#51370=CARTESIAN_POINT('',(-2.34000000000001,-0.764002400000001,
4.07476109676743));
#51380=DIRECTION('',(-1.,3.5527136788005E-15,4.35067574437077E-31));
#51390=DIRECTION('',(4.37905770101505E-46,1.22460635382238E-16,-1.));
#51400=AXIS2_PLACEMENT_3D('',#51370,#51380,#51390);
#51410=PLANE('',#51400);
#51420=ORIENTED_EDGE('',*,*,#51300,.T.);
#51430=ORIENTED_EDGE('',*,*,#48460,.F.);
#51440=ORIENTED_EDGE('',*,*,#49770,.T.);
#51450=ORIENTED_EDGE('',*,*,#50410,.F.);
#51460=EDGE_LOOP('',(#51450,#51440,#51430,#51420));
#51470=FACE_OUTER_BOUND('',#51460,.T.);
#51480=ADVANCED_FACE('',(#51470),#51410,.T.);
#51490=CARTESIAN_POINT('',(-2.97514578638867,-0.649999999999998,3.435));
#51500=DIRECTION('',(0.,-1.22460635382238E-16,1.));
#51510=DIRECTION('',(0.,1.,1.22460635382238E-16));
#51520=AXIS2_PLACEMENT_3D('',#51490,#51500,#51510);
#51530=PLANE('',#51520);
#51540=ORIENTED_EDGE('',*,*,#18120,.T.);
#51550=CARTESIAN_POINT('',(-1.88,-0.549999999999998,3.435));
#51560=DIRECTION('',(5.08487067330177E-17,9.53413251247162E-17,-1.));
#51570=DIRECTION('',(-0.882352941177102,0.470588235292934,0.));
#51580=AXIS2_PLACEMENT_3D('',#51550,#51560,#51570);
#51590=CIRCLE('',#51580,0.05);
#51600=CARTESIAN_POINT('',(-1.92411764705884,-0.526470588235319,3.435));
#51610=VERTEX_POINT('',#51600);
#51620=EDGE_CURVE('',#51610,#18030,#51590,.T.);
#51630=ORIENTED_EDGE('',*,*,#51620,.T.);
#51640=CARTESIAN_POINT('',(-1.94764705882355,-0.570588235294155,3.435));
#51650=DIRECTION('',(0.470588235294119,0.88235294117647,0.));
#51660=VECTOR('',#51650,1.);
#51670=LINE('',#51640,#51660);
#51680=CARTESIAN_POINT('',(-1.94764705882354,-0.570588235294136,3.435));
#51690=VERTEX_POINT('',#51680);
#51700=EDGE_CURVE('',#51690,#51610,#51670,.T.);
#51710=ORIENTED_EDGE('',*,*,#51700,.T.);
#51720=CARTESIAN_POINT('',(-2.08,-0.499999999999998,3.435));
#51730=DIRECTION('',(-2.17533787218539E-30,-3.8641763072629E-44,1.));
#51740=DIRECTION('',(1.77635683940025E-14,-1.,0.));
#51750=AXIS2_PLACEMENT_3D('',#51720,#51730,#51740);
#51760=CIRCLE('',#51750,0.15);
#51770=CARTESIAN_POINT('',(-2.08,-0.649999999999998,3.435));
#51780=VERTEX_POINT('',#51770);
#51790=EDGE_CURVE('',#51780,#51690,#51760,.T.);
#51800=ORIENTED_EDGE('',*,*,#51790,.T.);
#51810=CARTESIAN_POINT('',(-2.34000000000001,-0.649999999999998,3.435));
#51820=DIRECTION('',(1.,0.,0.));
#51830=VECTOR('',#51820,1.);
#51840=LINE('',#51810,#51830);
#51850=CARTESIAN_POINT('',(-2.34000000000001,-0.649999999999998,3.435));
#51860=VERTEX_POINT('',#51850);
#51870=EDGE_CURVE('',#51860,#51780,#51840,.T.);
#51880=ORIENTED_EDGE('',*,*,#51870,.T.);
#51890=CARTESIAN_POINT('',(-2.34000000000001,-0.549999999999998,3.435));
#51900=DIRECTION('',(0.,-1.,0.));
#51910=VECTOR('',#51900,1.);
#51920=LINE('',#51890,#51910);
#51930=CARTESIAN_POINT('',(-2.34000000000001,-0.549999999999998,3.435));
#51940=VERTEX_POINT('',#51930);
#51950=EDGE_CURVE('',#51940,#51860,#51920,.T.);
#51960=ORIENTED_EDGE('',*,*,#51950,.T.);
#51970=CARTESIAN_POINT('',(-2.08,-0.549999999999998,3.435));
#51980=DIRECTION('',(-1.,0.,0.));
#51990=VECTOR('',#51980,1.);
#52000=LINE('',#51970,#51990);
#52010=CARTESIAN_POINT('',(-2.08,-0.549999999999998,3.435));
#52020=VERTEX_POINT('',#52010);
#52030=EDGE_CURVE('',#52020,#51940,#52000,.T.);
#52040=ORIENTED_EDGE('',*,*,#52030,.T.);
#52050=CARTESIAN_POINT('',(-2.08,-0.499999999999998,3.435));
#52060=DIRECTION('',(5.08487067331279E-17,9.53413251245519E-17,-1.));
#52070=DIRECTION('',(0.882352941176342,-0.470588235294359,0.));
#52080=AXIS2_PLACEMENT_3D('',#52050,#52060,#52070);
#52090=CIRCLE('',#52080,0.05);
#52100=CARTESIAN_POINT('',(-2.03588235294118,-0.52352941176471,3.435));
#52110=VERTEX_POINT('',#52100);
#52120=EDGE_CURVE('',#52110,#52020,#52090,.T.);
#52130=ORIENTED_EDGE('',*,*,#52120,.T.);
#52140=CARTESIAN_POINT('',(-2.01235294117647,-0.479411764705878,3.435));
#52150=DIRECTION('',(-0.470588235294124,-0.882352941176467,0.));
#52160=VECTOR('',#52150,1.);
#52170=LINE('',#52140,#52160);
#52180=CARTESIAN_POINT('',(-2.01235294117647,-0.479411764705879,3.435));
#52190=VERTEX_POINT('',#52180);
#52200=EDGE_CURVE('',#52190,#52110,#52170,.T.);
#52210=ORIENTED_EDGE('',*,*,#52200,.T.);
#52220=CARTESIAN_POINT('',(-1.88,-0.549999999999998,3.435));
#52230=DIRECTION('',(0.,-0.,1.));
#52240=DIRECTION('',(0.,1.,0.));
#52250=AXIS2_PLACEMENT_3D('',#52220,#52230,#52240);
#52260=CIRCLE('',#52250,0.15);
#52270=CARTESIAN_POINT('',(-1.88,-0.399999999999998,3.435));
#52280=VERTEX_POINT('',#52270);
#52290=EDGE_CURVE('',#52280,#52190,#52260,.T.);
#52300=ORIENTED_EDGE('',*,*,#52290,.T.);
#52310=CARTESIAN_POINT('',(-1.78,-0.399999999999998,3.435));
#52320=DIRECTION('',(-1.,0.,0.));
#52330=VECTOR('',#52320,1.);
#52340=LINE('',#52310,#52330);
#52350=EDGE_CURVE('',#23190,#52280,#52340,.T.);
#52360=ORIENTED_EDGE('',*,*,#52350,.T.);
#52370=ORIENTED_EDGE('',*,*,#23200,.F.);
#52380=EDGE_LOOP('',(#52370,#52360,#52300,#52210,#52130,#52040,#51960,
#51880,#51800,#51710,#51630,#51540));
#52390=FACE_OUTER_BOUND('',#52380,.T.);
#52400=ADVANCED_FACE('',(#52390),#51530,.T.);
#52410=CARTESIAN_POINT('',(-1.88,-0.549999999999998,3.495));
#52420=DIRECTION('',(0.,1.22460635382238E-16,-1.));
#52430=DIRECTION('',(1.,0.,0.));
#52440=AXIS2_PLACEMENT_3D('',#52410,#52420,#52430);
#52450=CYLINDRICAL_SURFACE('',#52440,0.05);
#52460=ORIENTED_EDGE('',*,*,#51620,.F.);
#52470=ORIENTED_EDGE('',*,*,#18040,.T.);
#52480=CARTESIAN_POINT('',(-1.88,-0.549999999999998,3.285));
#52490=DIRECTION('',(1.63150340413904E-30,-2.17359917283538E-44,1.));
#52500=DIRECTION('',(1.33226762955019E-14,1.,0.));
#52510=AXIS2_PLACEMENT_3D('',#52480,#52490,#52500);
#52520=CIRCLE('',#52510,0.05);
#52530=CARTESIAN_POINT('',(-1.92411764705885,-0.526470588235334,3.285));
#52540=VERTEX_POINT('',#52530);
#52550=EDGE_CURVE('',#17950,#52540,#52520,.T.);
#52560=ORIENTED_EDGE('',*,*,#52550,.F.);
#52570=CARTESIAN_POINT('',(-1.92411764705882,-0.526470588235291,3.435));
#52580=DIRECTION('',(0.,0.,-1.));
#52590=VECTOR('',#52580,1.);
#52600=LINE('',#52570,#52590);
#52610=EDGE_CURVE('',#51610,#52540,#52600,.T.);
#52620=ORIENTED_EDGE('',*,*,#52610,.T.);
#52630=EDGE_LOOP('',(#52620,#52560,#52470,#52460));
#52640=FACE_OUTER_BOUND('',#52630,.T.);
#52650=ADVANCED_FACE('',(#52640),#52450,.F.);
#52660=CARTESIAN_POINT('',(-1.92411764705883,-0.526470588235292,3.495));
#52670=DIRECTION('',(-0.88235294117647,0.470588235294118,
5.76285342975237E-17));
#52680=DIRECTION('',(-0.470588235294118,-0.88235294117647,
-1.08053501807857E-16));
#52690=AXIS2_PLACEMENT_3D('',#52660,#52670,#52680);
#52700=PLANE('',#52690);
#52710=ORIENTED_EDGE('',*,*,#51700,.F.);
#52720=ORIENTED_EDGE('',*,*,#52610,.F.);
#52730=CARTESIAN_POINT('',(-1.92411764705888,-0.526470588235377,3.285));
#52740=DIRECTION('',(-0.470588235294117,-0.882352941176471,0.));
#52750=VECTOR('',#52740,1.);
#52760=LINE('',#52730,#52750);
#52770=CARTESIAN_POINT('',(-1.94764705882358,-0.570588235294204,3.285));
#52780=VERTEX_POINT('',#52770);
#52790=EDGE_CURVE('',#52540,#52780,#52760,.T.);
#52800=ORIENTED_EDGE('',*,*,#52790,.F.);
#52810=CARTESIAN_POINT('',(-1.94764705882353,-0.570588235294116,3.285));
#52820=DIRECTION('',(0.,0.,1.));
#52830=VECTOR('',#52820,1.);
#52840=LINE('',#52810,#52830);
#52850=EDGE_CURVE('',#52780,#51690,#52840,.T.);
#52860=ORIENTED_EDGE('',*,*,#52850,.F.);
#52870=EDGE_LOOP('',(#52860,#52800,#52720,#52710));
#52880=FACE_OUTER_BOUND('',#52870,.T.);
#52890=ADVANCED_FACE('',(#52880),#52700,.F.);
#52900=CARTESIAN_POINT('',(-2.08,-0.499999999999998,3.495));
#52910=DIRECTION('',(0.,1.22460635382238E-16,-1.));
#52920=DIRECTION('',(1.,0.,0.));
#52930=AXIS2_PLACEMENT_3D('',#52900,#52910,#52920);
#52940=CYLINDRICAL_SURFACE('',#52930,0.15);
#52950=ORIENTED_EDGE('',*,*,#51790,.F.);
#52960=ORIENTED_EDGE('',*,*,#52850,.T.);
#52970=CARTESIAN_POINT('',(-2.08,-0.499999999999998,3.285));
#52980=DIRECTION('',(5.08487067331997E-17,9.53413251244449E-17,-1.));
#52990=DIRECTION('',(0.882352941175846,-0.470588235295288,0.));
#53000=AXIS2_PLACEMENT_3D('',#52970,#52980,#52990);
#53010=CIRCLE('',#53000,0.15);
#53020=CARTESIAN_POINT('',(-2.08,-0.649999999999998,3.285));
#53030=VERTEX_POINT('',#53020);
#53040=EDGE_CURVE('',#52780,#53030,#53010,.T.);
#53050=ORIENTED_EDGE('',*,*,#53040,.F.);
#53060=CARTESIAN_POINT('',(-2.08,-0.649999999999998,3.435));
#53070=DIRECTION('',(0.,7.40148683083438E-16,-1.));
#53080=VECTOR('',#53070,1.);
#53090=LINE('',#53060,#53080);
#53100=EDGE_CURVE('',#51780,#53030,#53090,.T.);
#53110=ORIENTED_EDGE('',*,*,#53100,.T.);
#53120=EDGE_LOOP('',(#53110,#53050,#52960,#52950));
#53130=FACE_OUTER_BOUND('',#53120,.T.);
#53140=ADVANCED_FACE('',(#53130),#52940,.T.);
#53150=CARTESIAN_POINT('',(-2.53376671489879,-0.649999999999998,3.495));
#53160=DIRECTION('',(6.47630097698008E-16,1.,1.22460635382238E-16));
#53170=DIRECTION('',(-1.,6.47630097698008E-16,7.93091932567587E-32));
#53180=AXIS2_PLACEMENT_3D('',#53150,#53160,#53170);
#53190=PLANE('',#53180);
#53200=CARTESIAN_POINT('',(-2.34000000000001,-0.649999999999998,3.285));
#53210=DIRECTION('',(0.,0.,1.));
#53220=VECTOR('',#53210,1.);
#53230=LINE('',#53200,#53220);
#53240=CARTESIAN_POINT('',(-2.34000000000001,-0.649999999999998,3.285));
#53250=VERTEX_POINT('',#53240);
#53260=EDGE_CURVE('',#53250,#51860,#53230,.T.);
#53270=ORIENTED_EDGE('',*,*,#53260,.F.);
#53280=ORIENTED_EDGE('',*,*,#51870,.F.);
#53290=ORIENTED_EDGE('',*,*,#53100,.F.);
#53300=CARTESIAN_POINT('',(-2.08,-0.649999999999998,3.285));
#53310=DIRECTION('',(-1.,0.,0.));
#53320=VECTOR('',#53310,1.);
#53330=LINE('',#53300,#53320);
#53340=EDGE_CURVE('',#53030,#53250,#53330,.T.);
#53350=ORIENTED_EDGE('',*,*,#53340,.F.);
#53360=EDGE_LOOP('',(#53350,#53290,#53280,#53270));
#53370=FACE_OUTER_BOUND('',#53360,.T.);
#53380=ADVANCED_FACE('',(#53370),#53190,.F.);
#53390=CARTESIAN_POINT('',(-2.97514578638867,-0.349999999999998,3.285));
#53400=DIRECTION('',(0.,1.22460635382238E-16,-1.));
#53410=DIRECTION('',(0.,-1.,-1.22460635382238E-16));
#53420=AXIS2_PLACEMENT_3D('',#53390,#53400,#53410);
#53430=PLANE('',#53420);
#53440=CARTESIAN_POINT('',(-1.88,-0.399999999999998,3.285));
#53450=DIRECTION('',(1.,0.,0.));
#53460=VECTOR('',#53450,1.);
#53470=LINE('',#53440,#53460);
#53480=CARTESIAN_POINT('',(-1.88,-0.399999999999998,3.285));
#53490=VERTEX_POINT('',#53480);
#53500=EDGE_CURVE('',#53490,#23270,#53470,.T.);
#53510=ORIENTED_EDGE('',*,*,#53500,.T.);
#53520=CARTESIAN_POINT('',(-1.88,-0.549999999999998,3.285));
#53530=DIRECTION('',(5.08487067330637E-17,9.53413251246476E-17,-1.));
#53540=DIRECTION('',(-0.882352941176785,0.470588235293529,
6.16297582203916E-33));
#53550=AXIS2_PLACEMENT_3D('',#53520,#53530,#53540);
#53560=CIRCLE('',#53550,0.15);
#53570=CARTESIAN_POINT('',(-2.0123529411765,-0.479411764705923,3.285));
#53580=VERTEX_POINT('',#53570);
#53590=EDGE_CURVE('',#53580,#53490,#53560,.T.);
#53600=ORIENTED_EDGE('',*,*,#53590,.T.);
#53610=CARTESIAN_POINT('',(-2.03588235294121,-0.523529411764747,3.285));
#53620=DIRECTION('',(0.470588235294132,0.882352941176463,0.));
#53630=VECTOR('',#53620,1.);
#53640=LINE('',#53610,#53630);
#53650=CARTESIAN_POINT('',(-2.03588235294119,-0.523529411764728,3.285));
#53660=VERTEX_POINT('',#53650);
#53670=EDGE_CURVE('',#53660,#53580,#53640,.T.);
#53680=ORIENTED_EDGE('',*,*,#53670,.T.);
#53690=CARTESIAN_POINT('',(-2.08,-0.499999999999998,3.285));
#53700=DIRECTION('',(-0.,0.,1.));
#53710=DIRECTION('',(0.,-1.,0.));
#53720=AXIS2_PLACEMENT_3D('',#53690,#53700,#53710);
#53730=CIRCLE('',#53720,0.05);
#53740=CARTESIAN_POINT('',(-2.08,-0.549999999999998,3.285));
#53750=VERTEX_POINT('',#53740);
#53760=EDGE_CURVE('',#53750,#53660,#53730,.T.);
#53770=ORIENTED_EDGE('',*,*,#53760,.T.);
#53780=CARTESIAN_POINT('',(-2.34000000000001,-0.549999999999998,3.285));
#53790=DIRECTION('',(1.,0.,0.));
#53800=VECTOR('',#53790,1.);
#53810=LINE('',#53780,#53800);
#53820=CARTESIAN_POINT('',(-2.34000000000001,-0.549999999999998,3.285));
#53830=VERTEX_POINT('',#53820);
#53840=EDGE_CURVE('',#53830,#53750,#53810,.T.);
#53850=ORIENTED_EDGE('',*,*,#53840,.T.);
#53860=CARTESIAN_POINT('',(-2.34000000000001,-0.649999999999998,3.285));
#53870=DIRECTION('',(0.,1.,0.));
#53880=VECTOR('',#53870,1.);
#53890=LINE('',#53860,#53880);
#53900=EDGE_CURVE('',#53250,#53830,#53890,.T.);
#53910=ORIENTED_EDGE('',*,*,#53900,.T.);
#53920=ORIENTED_EDGE('',*,*,#53340,.T.);
#53930=ORIENTED_EDGE('',*,*,#53040,.T.);
#53940=ORIENTED_EDGE('',*,*,#52790,.T.);
#53950=ORIENTED_EDGE('',*,*,#52550,.T.);
#53960=ORIENTED_EDGE('',*,*,#17960,.T.);
#53970=ORIENTED_EDGE('',*,*,#23340,.F.);
#53980=EDGE_LOOP('',(#53970,#53960,#53950,#53940,#53930,#53920,#53910,
#53850,#53770,#53680,#53600,#53510));
#53990=FACE_OUTER_BOUND('',#53980,.T.);
#54000=ADVANCED_FACE('',(#53990),#53430,.T.);
#54010=CARTESIAN_POINT('',(-1.88,-0.399999999999998,3.495));
#54020=DIRECTION('',(0.,-1.,-1.22460635382238E-16));
#54030=DIRECTION('',(1.,0.,0.));
#54040=AXIS2_PLACEMENT_3D('',#54010,#54020,#54030);
#54050=PLANE('',#54040);
#54060=ORIENTED_EDGE('',*,*,#52350,.F.);
#54070=CARTESIAN_POINT('',(-1.88,-0.399999999999998,3.435));
#54080=DIRECTION('',(0.,0.,-1.));
#54090=VECTOR('',#54080,1.);
#54100=LINE('',#54070,#54090);
#54110=EDGE_CURVE('',#52280,#53490,#54100,.T.);
#54120=ORIENTED_EDGE('',*,*,#54110,.F.);
#54130=ORIENTED_EDGE('',*,*,#53500,.F.);
#54140=ORIENTED_EDGE('',*,*,#23280,.T.);
#54150=EDGE_LOOP('',(#54140,#54130,#54120,#54060));
#54160=FACE_OUTER_BOUND('',#54150,.T.);
#54170=ADVANCED_FACE('',(#54160),#54050,.F.);
#54180=CARTESIAN_POINT('',(-1.88,-0.549999999999998,3.495));
#54190=DIRECTION('',(0.,1.22460635382238E-16,-1.));
#54200=DIRECTION('',(1.,0.,0.));
#54210=AXIS2_PLACEMENT_3D('',#54180,#54190,#54200);
#54220=CYLINDRICAL_SURFACE('',#54210,0.15);
#54230=ORIENTED_EDGE('',*,*,#52290,.F.);
#54240=CARTESIAN_POINT('',(-2.01235294117647,-0.479411764705881,3.285));
#54250=DIRECTION('',(0.,-3.70074341541719E-16,1.));
#54260=VECTOR('',#54250,1.);
#54270=LINE('',#54240,#54260);
#54280=EDGE_CURVE('',#53580,#52190,#54270,.T.);
#54290=ORIENTED_EDGE('',*,*,#54280,.T.);
#54300=ORIENTED_EDGE('',*,*,#53590,.F.);
#54310=ORIENTED_EDGE('',*,*,#54110,.T.);
#54320=EDGE_LOOP('',(#54310,#54300,#54290,#54230));
#54330=FACE_OUTER_BOUND('',#54320,.T.);
#54340=ADVANCED_FACE('',(#54330),#54220,.T.);
#54350=CARTESIAN_POINT('',(-2.03588235294118,-0.523529411764704,3.495));
#54360=DIRECTION('',(0.88235294117647,-0.470588235294118,
-5.76285342975237E-17));
#54370=DIRECTION('',(0.470588235294118,0.88235294117647,
1.08053501807857E-16));
#54380=AXIS2_PLACEMENT_3D('',#54350,#54360,#54370);
#54390=PLANE('',#54380);
#54400=ORIENTED_EDGE('',*,*,#52200,.F.);
#54410=CARTESIAN_POINT('',(-2.03588235294118,-0.523529411764707,3.435));
#54420=DIRECTION('',(0.,0.,-1.));
#54430=VECTOR('',#54420,1.);
#54440=LINE('',#54410,#54430);
#54450=EDGE_CURVE('',#52110,#53660,#54440,.T.);
#54460=ORIENTED_EDGE('',*,*,#54450,.F.);
#54470=ORIENTED_EDGE('',*,*,#53670,.F.);
#54480=ORIENTED_EDGE('',*,*,#54280,.F.);
#54490=EDGE_LOOP('',(#54480,#54470,#54460,#54400));
#54500=FACE_OUTER_BOUND('',#54490,.T.);
#54510=ADVANCED_FACE('',(#54500),#54390,.F.);
#54520=CARTESIAN_POINT('',(-2.08,-0.499999999999998,3.495));
#54530=DIRECTION('',(0.,1.22460635382238E-16,-1.));
#54540=DIRECTION('',(1.,0.,0.));
#54550=AXIS2_PLACEMENT_3D('',#54520,#54530,#54540);
#54560=CYLINDRICAL_SURFACE('',#54550,0.05);
#54570=ORIENTED_EDGE('',*,*,#52120,.F.);
#54580=CARTESIAN_POINT('',(-2.08,-0.549999999999998,3.285));
#54590=DIRECTION('',(0.,-7.40148683083438E-16,1.));
#54600=VECTOR('',#54590,1.);
#54610=LINE('',#54580,#54600);
#54620=EDGE_CURVE('',#53750,#52020,#54610,.T.);
#54630=ORIENTED_EDGE('',*,*,#54620,.T.);
#54640=ORIENTED_EDGE('',*,*,#53760,.F.);
#54650=ORIENTED_EDGE('',*,*,#54450,.T.);
#54660=EDGE_LOOP('',(#54650,#54640,#54630,#54570));
#54670=FACE_OUTER_BOUND('',#54660,.T.);
#54680=ADVANCED_FACE('',(#54670),#54560,.F.);
#54690=CARTESIAN_POINT('',(-2.29376671489879,-0.549999999999998,3.495));
#54700=DIRECTION('',(0.,-1.,-1.22460635382238E-16));
#54710=DIRECTION('',(1.,0.,0.));
#54720=AXIS2_PLACEMENT_3D('',#54690,#54700,#54710);
#54730=PLANE('',#54720);
#54740=ORIENTED_EDGE('',*,*,#52030,.F.);
#54750=CARTESIAN_POINT('',(-2.34000000000001,-0.549999999999998,3.435));
#54760=DIRECTION('',(0.,0.,-1.));
#54770=VECTOR('',#54760,1.);
#54780=LINE('',#54750,#54770);
#54790=EDGE_CURVE('',#51940,#53830,#54780,.T.);
#54800=ORIENTED_EDGE('',*,*,#54790,.F.);
#54810=ORIENTED_EDGE('',*,*,#53840,.F.);
#54820=ORIENTED_EDGE('',*,*,#54620,.F.);
#54830=EDGE_LOOP('',(#54820,#54810,#54800,#54740));
#54840=FACE_OUTER_BOUND('',#54830,.T.);
#54850=ADVANCED_FACE('',(#54840),#54730,.F.);
#54860=CARTESIAN_POINT('',(-2.34000000000001,-0.764002400000001,
3.67476109676743));
#54870=DIRECTION('',(-1.,3.5527136788005E-15,4.35067574437077E-31));
#54880=DIRECTION('',(4.37905770101505E-46,1.22460635382238E-16,-1.));
#54890=AXIS2_PLACEMENT_3D('',#54860,#54870,#54880);
#54900=PLANE('',#54890);
#54910=ORIENTED_EDGE('',*,*,#54790,.T.);
#54920=ORIENTED_EDGE('',*,*,#51950,.F.);
#54930=ORIENTED_EDGE('',*,*,#53260,.T.);
#54940=ORIENTED_EDGE('',*,*,#53900,.F.);
#54950=EDGE_LOOP('',(#54940,#54930,#54920,#54910));
#54960=FACE_OUTER_BOUND('',#54950,.T.);
#54970=ADVANCED_FACE('',(#54960),#54900,.T.);
#54980=CARTESIAN_POINT('',(-2.97514578638867,-0.649999999999998,3.035));
#54990=DIRECTION('',(0.,-1.22460635382238E-16,1.));
#55000=DIRECTION('',(0.,1.,1.22460635382238E-16));
#55010=AXIS2_PLACEMENT_3D('',#54980,#54990,#55000);
#55020=PLANE('',#55010);
#55030=ORIENTED_EDGE('',*,*,#17800,.T.);
#55040=CARTESIAN_POINT('',(-1.88,-0.549999999999998,3.035));
#55050=DIRECTION('',(5.08487067330172E-17,9.5341325124717E-17,-1.));
#55060=DIRECTION('',(-0.882352941177106,0.470588235292927,
-6.16297582203915E-33));
#55070=AXIS2_PLACEMENT_3D('',#55040,#55050,#55060);
#55080=CIRCLE('',#55070,0.05);
#55090=CARTESIAN_POINT('',(-1.92411764705884,-0.526470588235319,3.035));
#55100=VERTEX_POINT('',#55090);
#55110=EDGE_CURVE('',#55100,#17710,#55080,.T.);
#55120=ORIENTED_EDGE('',*,*,#55110,.T.);
#55130=CARTESIAN_POINT('',(-1.94764705882355,-0.570588235294144,3.035));
#55140=DIRECTION('',(0.470588235294121,0.882352941176469,0.));
#55150=VECTOR('',#55140,1.);
#55160=LINE('',#55130,#55150);
#55170=CARTESIAN_POINT('',(-1.94764705882354,-0.570588235294131,3.035));
#55180=VERTEX_POINT('',#55170);
#55190=EDGE_CURVE('',#55180,#55100,#55160,.T.);
#55200=ORIENTED_EDGE('',*,*,#55190,.T.);
#55210=CARTESIAN_POINT('',(-2.08,-0.499999999999998,3.035));
#55220=DIRECTION('',(-2.17533787218539E-30,-3.8641763072629E-44,1.));
#55230=DIRECTION('',(1.77635683940025E-14,-1.,0.));
#55240=AXIS2_PLACEMENT_3D('',#55210,#55220,#55230);
#55250=CIRCLE('',#55240,0.15);
#55260=CARTESIAN_POINT('',(-2.08,-0.649999999999998,3.035));
#55270=VERTEX_POINT('',#55260);
#55280=EDGE_CURVE('',#55270,#55180,#55250,.T.);
#55290=ORIENTED_EDGE('',*,*,#55280,.T.);
#55300=CARTESIAN_POINT('',(-2.34000000000001,-0.649999999999998,3.035));
#55310=DIRECTION('',(1.,0.,0.));
#55320=VECTOR('',#55310,1.);
#55330=LINE('',#55300,#55320);
#55340=CARTESIAN_POINT('',(-2.34000000000001,-0.649999999999998,3.035));
#55350=VERTEX_POINT('',#55340);
#55360=EDGE_CURVE('',#55350,#55270,#55330,.T.);
#55370=ORIENTED_EDGE('',*,*,#55360,.T.);
#55380=CARTESIAN_POINT('',(-2.34000000000001,-0.549999999999998,3.035));
#55390=DIRECTION('',(0.,-1.,0.));
#55400=VECTOR('',#55390,1.);
#55410=LINE('',#55380,#55400);
#55420=CARTESIAN_POINT('',(-2.34000000000001,-0.549999999999998,3.035));
#55430=VERTEX_POINT('',#55420);
#55440=EDGE_CURVE('',#55430,#55350,#55410,.T.);
#55450=ORIENTED_EDGE('',*,*,#55440,.T.);
#55460=CARTESIAN_POINT('',(-2.08,-0.549999999999998,3.035));
#55470=DIRECTION('',(-1.,0.,0.));
#55480=VECTOR('',#55470,1.);
#55490=LINE('',#55460,#55480);
#55500=CARTESIAN_POINT('',(-2.08,-0.549999999999998,3.035));
#55510=VERTEX_POINT('',#55500);
#55520=EDGE_CURVE('',#55510,#55430,#55490,.T.);
#55530=ORIENTED_EDGE('',*,*,#55520,.T.);
#55540=CARTESIAN_POINT('',(-2.08,-0.499999999999998,3.035));
#55550=DIRECTION('',(5.08487067331261E-17,9.53413251245545E-17,-1.));
#55560=DIRECTION('',(0.882352941176354,-0.470588235294337,0.));
#55570=AXIS2_PLACEMENT_3D('',#55540,#55550,#55560);
#55580=CIRCLE('',#55570,0.05);
#55590=CARTESIAN_POINT('',(-2.03588235294118,-0.52352941176471,3.035));
#55600=VERTEX_POINT('',#55590);
#55610=EDGE_CURVE('',#55600,#55510,#55580,.T.);
#55620=ORIENTED_EDGE('',*,*,#55610,.T.);
#55630=CARTESIAN_POINT('',(-2.01235294117647,-0.479411764705878,3.035));
#55640=DIRECTION('',(-0.470588235294118,-0.88235294117647,0.));
#55650=VECTOR('',#55640,1.);
#55660=LINE('',#55630,#55650);
#55670=CARTESIAN_POINT('',(-2.01235294117647,-0.479411764705879,3.035));
#55680=VERTEX_POINT('',#55670);
#55690=EDGE_CURVE('',#55680,#55600,#55660,.T.);
#55700=ORIENTED_EDGE('',*,*,#55690,.T.);
#55710=CARTESIAN_POINT('',(-1.88,-0.549999999999998,3.035));
#55720=DIRECTION('',(0.,-0.,1.));
#55730=DIRECTION('',(0.,1.,0.));
#55740=AXIS2_PLACEMENT_3D('',#55710,#55720,#55730);
#55750=CIRCLE('',#55740,0.15);
#55760=CARTESIAN_POINT('',(-1.88,-0.399999999999998,3.035));
#55770=VERTEX_POINT('',#55760);
#55780=EDGE_CURVE('',#55770,#55680,#55750,.T.);
#55790=ORIENTED_EDGE('',*,*,#55780,.T.);
#55800=CARTESIAN_POINT('',(-1.78,-0.399999999999998,3.035));
#55810=DIRECTION('',(-1.,0.,0.));
#55820=VECTOR('',#55810,1.);
#55830=LINE('',#55800,#55820);
#55840=EDGE_CURVE('',#23420,#55770,#55830,.T.);
#55850=ORIENTED_EDGE('',*,*,#55840,.T.);
#55860=ORIENTED_EDGE('',*,*,#23430,.F.);
#55870=EDGE_LOOP('',(#55860,#55850,#55790,#55700,#55620,#55530,#55450,
#55370,#55290,#55200,#55120,#55030));
#55880=FACE_OUTER_BOUND('',#55870,.T.);
#55890=ADVANCED_FACE('',(#55880),#55020,.T.);
#55900=CARTESIAN_POINT('',(-1.88,-0.549999999999998,3.095));
#55910=DIRECTION('',(0.,1.22460635382238E-16,-1.));
#55920=DIRECTION('',(1.,0.,0.));
#55930=AXIS2_PLACEMENT_3D('',#55900,#55910,#55920);
#55940=CYLINDRICAL_SURFACE('',#55930,0.05);
#55950=ORIENTED_EDGE('',*,*,#55110,.F.);
#55960=ORIENTED_EDGE('',*,*,#17720,.T.);
#55970=CARTESIAN_POINT('',(-1.88,-0.549999999999998,2.885));
#55980=DIRECTION('',(1.63150340413904E-30,-2.17359917283538E-44,1.));
#55990=DIRECTION('',(1.33226762955019E-14,1.,0.));
#56000=AXIS2_PLACEMENT_3D('',#55970,#55980,#55990);
#56010=CIRCLE('',#56000,0.05);
#56020=CARTESIAN_POINT('',(-1.92411764705885,-0.526470588235334,2.885));
#56030=VERTEX_POINT('',#56020);
#56040=EDGE_CURVE('',#17630,#56030,#56010,.T.);
#56050=ORIENTED_EDGE('',*,*,#56040,.F.);
#56060=CARTESIAN_POINT('',(-1.92411764705882,-0.526470588235291,3.035));
#56070=DIRECTION('',(0.,0.,-1.));
#56080=VECTOR('',#56070,1.);
#56090=LINE('',#56060,#56080);
#56100=EDGE_CURVE('',#55100,#56030,#56090,.T.);
#56110=ORIENTED_EDGE('',*,*,#56100,.T.);
#56120=EDGE_LOOP('',(#56110,#56050,#55960,#55950));
#56130=FACE_OUTER_BOUND('',#56120,.T.);
#56140=ADVANCED_FACE('',(#56130),#55940,.F.);
#56150=CARTESIAN_POINT('',(-1.92411764705883,-0.526470588235292,3.095));
#56160=DIRECTION('',(-0.88235294117647,0.470588235294118,
5.76285342975237E-17));
#56170=DIRECTION('',(-0.470588235294118,-0.88235294117647,
-1.08053501807857E-16));
#56180=AXIS2_PLACEMENT_3D('',#56150,#56160,#56170);
#56190=PLANE('',#56180);
#56200=ORIENTED_EDGE('',*,*,#55190,.F.);
#56210=ORIENTED_EDGE('',*,*,#56100,.F.);
#56220=CARTESIAN_POINT('',(-1.92411764705888,-0.526470588235377,2.885));
#56230=DIRECTION('',(-0.470588235294117,-0.882352941176471,0.));
#56240=VECTOR('',#56230,1.);
#56250=LINE('',#56220,#56240);
#56260=CARTESIAN_POINT('',(-1.94764705882358,-0.570588235294204,2.885));
#56270=VERTEX_POINT('',#56260);
#56280=EDGE_CURVE('',#56030,#56270,#56250,.T.);
#56290=ORIENTED_EDGE('',*,*,#56280,.F.);
#56300=CARTESIAN_POINT('',(-1.94764705882353,-0.570588235294116,2.885));
#56310=DIRECTION('',(0.,0.,1.));
#56320=VECTOR('',#56310,1.);
#56330=LINE('',#56300,#56320);
#56340=EDGE_CURVE('',#56270,#55180,#56330,.T.);
#56350=ORIENTED_EDGE('',*,*,#56340,.F.);
#56360=EDGE_LOOP('',(#56350,#56290,#56210,#56200));
#56370=FACE_OUTER_BOUND('',#56360,.T.);
#56380=ADVANCED_FACE('',(#56370),#56190,.F.);
#56390=CARTESIAN_POINT('',(-2.08,-0.499999999999998,3.095));
#56400=DIRECTION('',(0.,1.22460635382238E-16,-1.));
#56410=DIRECTION('',(1.,0.,0.));
#56420=AXIS2_PLACEMENT_3D('',#56390,#56400,#56410);
#56430=CYLINDRICAL_SURFACE('',#56420,0.15);
#56440=ORIENTED_EDGE('',*,*,#55280,.F.);
#56450=ORIENTED_EDGE('',*,*,#56340,.T.);
#56460=CARTESIAN_POINT('',(-2.08,-0.499999999999998,2.885));
#56470=DIRECTION('',(5.08487067331997E-17,9.53413251244449E-17,-1.));
#56480=DIRECTION('',(0.882352941175846,-0.470588235295288,0.));
#56490=AXIS2_PLACEMENT_3D('',#56460,#56470,#56480);
#56500=CIRCLE('',#56490,0.15);
#56510=CARTESIAN_POINT('',(-2.08,-0.649999999999998,2.885));
#56520=VERTEX_POINT('',#56510);
#56530=EDGE_CURVE('',#56270,#56520,#56500,.T.);
#56540=ORIENTED_EDGE('',*,*,#56530,.F.);
#56550=CARTESIAN_POINT('',(-2.08,-0.649999999999998,3.035));
#56560=DIRECTION('',(0.,7.40148683083436E-16,-1.));
#56570=VECTOR('',#56560,1.);
#56580=LINE('',#56550,#56570);
#56590=EDGE_CURVE('',#55270,#56520,#56580,.T.);
#56600=ORIENTED_EDGE('',*,*,#56590,.T.);
#56610=EDGE_LOOP('',(#56600,#56540,#56450,#56440));
#56620=FACE_OUTER_BOUND('',#56610,.T.);
#56630=ADVANCED_FACE('',(#56620),#56430,.T.);
#56640=CARTESIAN_POINT('',(-2.53376671489879,-0.649999999999998,3.095));
#56650=DIRECTION('',(6.47630097698008E-16,1.,1.22460635382238E-16));
#56660=DIRECTION('',(-1.,6.47630097698008E-16,7.93091932567587E-32));
#56670=AXIS2_PLACEMENT_3D('',#56640,#56650,#56660);
#56680=PLANE('',#56670);
#56690=CARTESIAN_POINT('',(-2.34000000000001,-0.649999999999998,2.885));
#56700=DIRECTION('',(0.,0.,1.));
#56710=VECTOR('',#56700,1.);
#56720=LINE('',#56690,#56710);
#56730=CARTESIAN_POINT('',(-2.34000000000001,-0.649999999999998,2.885));
#56740=VERTEX_POINT('',#56730);
#56750=EDGE_CURVE('',#56740,#55350,#56720,.T.);
#56760=ORIENTED_EDGE('',*,*,#56750,.F.);
#56770=ORIENTED_EDGE('',*,*,#55360,.F.);
#56780=ORIENTED_EDGE('',*,*,#56590,.F.);
#56790=CARTESIAN_POINT('',(-2.08,-0.649999999999998,2.885));
#56800=DIRECTION('',(-1.,0.,0.));
#56810=VECTOR('',#56800,1.);
#56820=LINE('',#56790,#56810);
#56830=EDGE_CURVE('',#56520,#56740,#56820,.T.);
#56840=ORIENTED_EDGE('',*,*,#56830,.F.);
#56850=EDGE_LOOP('',(#56840,#56780,#56770,#56760));
#56860=FACE_OUTER_BOUND('',#56850,.T.);
#56870=ADVANCED_FACE('',(#56860),#56680,.F.);
#56880=CARTESIAN_POINT('',(-2.97514578638867,-0.349999999999998,2.885));
#56890=DIRECTION('',(0.,1.22460635382238E-16,-1.));
#56900=DIRECTION('',(0.,-1.,-1.22460635382238E-16));
#56910=AXIS2_PLACEMENT_3D('',#56880,#56890,#56900);
#56920=PLANE('',#56910);
#56930=CARTESIAN_POINT('',(-1.88,-0.399999999999998,2.885));
#56940=DIRECTION('',(1.,0.,0.));
#56950=VECTOR('',#56940,1.);
#56960=LINE('',#56930,#56950);
#56970=CARTESIAN_POINT('',(-1.88,-0.399999999999998,2.885));
#56980=VERTEX_POINT('',#56970);
#56990=EDGE_CURVE('',#56980,#23500,#56960,.T.);
#57000=ORIENTED_EDGE('',*,*,#56990,.T.);
#57010=CARTESIAN_POINT('',(-1.88,-0.549999999999998,2.885));
#57020=DIRECTION('',(5.08487067330649E-17,9.53413251246458E-17,-1.));
#57030=DIRECTION('',(-0.882352941176776,0.470588235293545,
-6.16297582203915E-33));
#57040=AXIS2_PLACEMENT_3D('',#57010,#57020,#57030);
#57050=CIRCLE('',#57040,0.15);
#57060=CARTESIAN_POINT('',(-2.0123529411765,-0.479411764705922,2.885));
#57070=VERTEX_POINT('',#57060);
#57080=EDGE_CURVE('',#57070,#56980,#57050,.T.);
#57090=ORIENTED_EDGE('',*,*,#57080,.T.);
#57100=CARTESIAN_POINT('',(-2.0358823529412,-0.523529411764745,2.885));
#57110=DIRECTION('',(0.470588235294125,0.882352941176467,0.));
#57120=VECTOR('',#57110,1.);
#57130=LINE('',#57100,#57120);
#57140=CARTESIAN_POINT('',(-2.03588235294119,-0.523529411764727,2.885));
#57150=VERTEX_POINT('',#57140);
#57160=EDGE_CURVE('',#57150,#57070,#57130,.T.);
#57170=ORIENTED_EDGE('',*,*,#57160,.T.);
#57180=CARTESIAN_POINT('',(-2.08,-0.499999999999998,2.885));
#57190=DIRECTION('',(-0.,0.,1.));
#57200=DIRECTION('',(0.,-1.,0.));
#57210=AXIS2_PLACEMENT_3D('',#57180,#57190,#57200);
#57220=CIRCLE('',#57210,0.05);
#57230=CARTESIAN_POINT('',(-2.08,-0.549999999999998,2.885));
#57240=VERTEX_POINT('',#57230);
#57250=EDGE_CURVE('',#57240,#57150,#57220,.T.);
#57260=ORIENTED_EDGE('',*,*,#57250,.T.);
#57270=CARTESIAN_POINT('',(-2.34000000000001,-0.549999999999998,2.885));
#57280=DIRECTION('',(1.,0.,0.));
#57290=VECTOR('',#57280,1.);
#57300=LINE('',#57270,#57290);
#57310=CARTESIAN_POINT('',(-2.34000000000001,-0.549999999999998,2.885));
#57320=VERTEX_POINT('',#57310);
#57330=EDGE_CURVE('',#57320,#57240,#57300,.T.);
#57340=ORIENTED_EDGE('',*,*,#57330,.T.);
#57350=CARTESIAN_POINT('',(-2.34000000000001,-0.649999999999998,2.885));
#57360=DIRECTION('',(0.,1.,0.));
#57370=VECTOR('',#57360,1.);
#57380=LINE('',#57350,#57370);
#57390=EDGE_CURVE('',#56740,#57320,#57380,.T.);
#57400=ORIENTED_EDGE('',*,*,#57390,.T.);
#57410=ORIENTED_EDGE('',*,*,#56830,.T.);
#57420=ORIENTED_EDGE('',*,*,#56530,.T.);
#57430=ORIENTED_EDGE('',*,*,#56280,.T.);
#57440=ORIENTED_EDGE('',*,*,#56040,.T.);
#57450=ORIENTED_EDGE('',*,*,#17640,.T.);
#57460=ORIENTED_EDGE('',*,*,#23570,.F.);
#57470=EDGE_LOOP('',(#57460,#57450,#57440,#57430,#57420,#57410,#57400,
#57340,#57260,#57170,#57090,#57000));
#57480=FACE_OUTER_BOUND('',#57470,.T.);
#57490=ADVANCED_FACE('',(#57480),#56920,.T.);
#57500=CARTESIAN_POINT('',(-1.88,-0.399999999999998,3.095));
#57510=DIRECTION('',(0.,-1.,-1.22460635382238E-16));
#57520=DIRECTION('',(1.,0.,0.));
#57530=AXIS2_PLACEMENT_3D('',#57500,#57510,#57520);
#57540=PLANE('',#57530);
#57550=ORIENTED_EDGE('',*,*,#55840,.F.);
#57560=CARTESIAN_POINT('',(-1.88,-0.399999999999998,3.035));
#57570=DIRECTION('',(0.,0.,-1.));
#57580=VECTOR('',#57570,1.);
#57590=LINE('',#57560,#57580);
#57600=EDGE_CURVE('',#55770,#56980,#57590,.T.);
#57610=ORIENTED_EDGE('',*,*,#57600,.F.);
#57620=ORIENTED_EDGE('',*,*,#56990,.F.);
#57630=ORIENTED_EDGE('',*,*,#23510,.T.);
#57640=EDGE_LOOP('',(#57630,#57620,#57610,#57550));
#57650=FACE_OUTER_BOUND('',#57640,.T.);
#57660=ADVANCED_FACE('',(#57650),#57540,.F.);
#57670=CARTESIAN_POINT('',(-1.88,-0.549999999999998,3.095));
#57680=DIRECTION('',(0.,1.22460635382238E-16,-1.));
#57690=DIRECTION('',(1.,0.,0.));
#57700=AXIS2_PLACEMENT_3D('',#57670,#57680,#57690);
#57710=CYLINDRICAL_SURFACE('',#57700,0.15);
#57720=ORIENTED_EDGE('',*,*,#55780,.F.);
#57730=CARTESIAN_POINT('',(-2.01235294117647,-0.479411764705881,2.885));
#57740=DIRECTION('',(0.,-3.70074341541718E-16,1.));
#57750=VECTOR('',#57740,1.);
#57760=LINE('',#57730,#57750);
#57770=EDGE_CURVE('',#57070,#55680,#57760,.T.);
#57780=ORIENTED_EDGE('',*,*,#57770,.T.);
#57790=ORIENTED_EDGE('',*,*,#57080,.F.);
#57800=ORIENTED_EDGE('',*,*,#57600,.T.);
#57810=EDGE_LOOP('',(#57800,#57790,#57780,#57720));
#57820=FACE_OUTER_BOUND('',#57810,.T.);
#57830=ADVANCED_FACE('',(#57820),#57710,.T.);
#57840=CARTESIAN_POINT('',(-2.03588235294118,-0.523529411764704,3.095));
#57850=DIRECTION('',(0.88235294117647,-0.470588235294118,
-5.76285342975237E-17));
#57860=DIRECTION('',(0.470588235294118,0.88235294117647,
1.08053501807857E-16));
#57870=AXIS2_PLACEMENT_3D('',#57840,#57850,#57860);
#57880=PLANE('',#57870);
#57890=ORIENTED_EDGE('',*,*,#55690,.F.);
#57900=CARTESIAN_POINT('',(-2.03588235294118,-0.523529411764707,3.035));
#57910=DIRECTION('',(0.,0.,-1.));
#57920=VECTOR('',#57910,1.);
#57930=LINE('',#57900,#57920);
#57940=EDGE_CURVE('',#55600,#57150,#57930,.T.);
#57950=ORIENTED_EDGE('',*,*,#57940,.F.);
#57960=ORIENTED_EDGE('',*,*,#57160,.F.);
#57970=ORIENTED_EDGE('',*,*,#57770,.F.);
#57980=EDGE_LOOP('',(#57970,#57960,#57950,#57890));
#57990=FACE_OUTER_BOUND('',#57980,.T.);
#58000=ADVANCED_FACE('',(#57990),#57880,.F.);
#58010=CARTESIAN_POINT('',(-2.08,-0.499999999999998,3.095));
#58020=DIRECTION('',(0.,1.22460635382238E-16,-1.));
#58030=DIRECTION('',(1.,0.,0.));
#58040=AXIS2_PLACEMENT_3D('',#58010,#58020,#58030);
#58050=CYLINDRICAL_SURFACE('',#58040,0.05);
#58060=ORIENTED_EDGE('',*,*,#55610,.F.);
#58070=CARTESIAN_POINT('',(-2.08,-0.549999999999998,2.885));
#58080=DIRECTION('',(0.,-7.40148683083436E-16,1.));
#58090=VECTOR('',#58080,1.);
#58100=LINE('',#58070,#58090);
#58110=EDGE_CURVE('',#57240,#55510,#58100,.T.);
#58120=ORIENTED_EDGE('',*,*,#58110,.T.);
#58130=ORIENTED_EDGE('',*,*,#57250,.F.);
#58140=ORIENTED_EDGE('',*,*,#57940,.T.);
#58150=EDGE_LOOP('',(#58140,#58130,#58120,#58060));
#58160=FACE_OUTER_BOUND('',#58150,.T.);
#58170=ADVANCED_FACE('',(#58160),#58050,.F.);
#58180=CARTESIAN_POINT('',(-2.29376671489879,-0.549999999999998,3.095));
#58190=DIRECTION('',(0.,-1.,-1.22460635382238E-16));
#58200=DIRECTION('',(1.,0.,0.));
#58210=AXIS2_PLACEMENT_3D('',#58180,#58190,#58200);
#58220=PLANE('',#58210);
#58230=ORIENTED_EDGE('',*,*,#55520,.F.);
#58240=CARTESIAN_POINT('',(-2.34000000000001,-0.549999999999998,3.035));
#58250=DIRECTION('',(0.,0.,-1.));
#58260=VECTOR('',#58250,1.);
#58270=LINE('',#58240,#58260);
#58280=EDGE_CURVE('',#55430,#57320,#58270,.T.);
#58290=ORIENTED_EDGE('',*,*,#58280,.F.);
#58300=ORIENTED_EDGE('',*,*,#57330,.F.);
#58310=ORIENTED_EDGE('',*,*,#58110,.F.);
#58320=EDGE_LOOP('',(#58310,#58300,#58290,#58230));
#58330=FACE_OUTER_BOUND('',#58320,.T.);
#58340=ADVANCED_FACE('',(#58330),#58220,.F.);
#58350=CARTESIAN_POINT('',(-2.34000000000001,-0.764002400000001,
3.27476109676743));
#58360=DIRECTION('',(-1.,3.5527136788005E-15,4.35067574437077E-31));
#58370=DIRECTION('',(4.37905770101505E-46,1.22460635382238E-16,-1.));
#58380=AXIS2_PLACEMENT_3D('',#58350,#58360,#58370);
#58390=PLANE('',#58380);
#58400=ORIENTED_EDGE('',*,*,#58280,.T.);
#58410=ORIENTED_EDGE('',*,*,#55440,.F.);
#58420=ORIENTED_EDGE('',*,*,#56750,.T.);
#58430=ORIENTED_EDGE('',*,*,#57390,.F.);
#58440=EDGE_LOOP('',(#58430,#58420,#58410,#58400));
#58450=FACE_OUTER_BOUND('',#58440,.T.);
#58460=ADVANCED_FACE('',(#58450),#58390,.T.);
#58470=CARTESIAN_POINT('',(-2.97514578638867,-0.649999999999998,2.635));
#58480=DIRECTION('',(0.,-1.22460635382238E-16,1.));
#58490=DIRECTION('',(0.,1.,1.22460635382238E-16));
#58500=AXIS2_PLACEMENT_3D('',#58470,#58480,#58490);
#58510=PLANE('',#58500);
#58520=ORIENTED_EDGE('',*,*,#17480,.T.);
#58530=CARTESIAN_POINT('',(-1.88,-0.549999999999998,2.635));
#58540=DIRECTION('',(5.08487067330172E-17,9.5341325124717E-17,-1.));
#58550=DIRECTION('',(-0.882352941177106,0.470588235292927,
-6.16297582203915E-33));
#58560=AXIS2_PLACEMENT_3D('',#58530,#58540,#58550);
#58570=CIRCLE('',#58560,0.05);
#58580=CARTESIAN_POINT('',(-1.92411764705884,-0.526470588235319,2.635));
#58590=VERTEX_POINT('',#58580);
#58600=EDGE_CURVE('',#58590,#17390,#58570,.T.);
#58610=ORIENTED_EDGE('',*,*,#58600,.T.);
#58620=CARTESIAN_POINT('',(-1.94764705882355,-0.570588235294144,2.635));
#58630=DIRECTION('',(0.470588235294121,0.882352941176469,0.));
#58640=VECTOR('',#58630,1.);
#58650=LINE('',#58620,#58640);
#58660=CARTESIAN_POINT('',(-1.94764705882354,-0.570588235294131,2.635));
#58670=VERTEX_POINT('',#58660);
#58680=EDGE_CURVE('',#58670,#58590,#58650,.T.);
#58690=ORIENTED_EDGE('',*,*,#58680,.T.);
#58700=CARTESIAN_POINT('',(-2.08,-0.499999999999998,2.635));
#58710=DIRECTION('',(-7.97623886467975E-30,-5.19517036865346E-43,1.));
#58720=DIRECTION('',(6.51330841113425E-14,-1.,0.));
#58730=AXIS2_PLACEMENT_3D('',#58700,#58710,#58720);
#58740=CIRCLE('',#58730,0.15);
#58750=CARTESIAN_POINT('',(-2.08,-0.649999999999997,2.635));
#58760=VERTEX_POINT('',#58750);
#58770=EDGE_CURVE('',#58760,#58670,#58740,.T.);
#58780=ORIENTED_EDGE('',*,*,#58770,.T.);
#58790=CARTESIAN_POINT('',(-2.34000000000001,-0.649999999999997,2.635));
#58800=DIRECTION('',(1.,0.,0.));
#58810=VECTOR('',#58800,1.);
#58820=LINE('',#58790,#58810);
#58830=CARTESIAN_POINT('',(-2.34000000000001,-0.649999999999997,2.635));
#58840=VERTEX_POINT('',#58830);
#58850=EDGE_CURVE('',#58840,#58760,#58820,.T.);
#58860=ORIENTED_EDGE('',*,*,#58850,.T.);
#58870=CARTESIAN_POINT('',(-2.34000000000001,-0.549999999999998,2.635));
#58880=DIRECTION('',(0.,-1.,0.));
#58890=VECTOR('',#58880,1.);
#58900=LINE('',#58870,#58890);
#58910=CARTESIAN_POINT('',(-2.34000000000001,-0.549999999999998,2.635));
#58920=VERTEX_POINT('',#58910);
#58930=EDGE_CURVE('',#58920,#58840,#58900,.T.);
#58940=ORIENTED_EDGE('',*,*,#58930,.T.);
#58950=CARTESIAN_POINT('',(-2.08,-0.549999999999998,2.635));
#58960=DIRECTION('',(-1.,0.,0.));
#58970=VECTOR('',#58960,1.);
#58980=LINE('',#58950,#58970);
#58990=CARTESIAN_POINT('',(-2.08,-0.549999999999998,2.635));
#59000=VERTEX_POINT('',#58990);
#59010=EDGE_CURVE('',#59000,#58920,#58980,.T.);
#59020=ORIENTED_EDGE('',*,*,#59010,.T.);
#59030=CARTESIAN_POINT('',(-2.08,-0.499999999999998,2.635));
#59040=DIRECTION('',(5.08487067331354E-17,9.53413251245408E-17,-1.));
#59050=DIRECTION('',(0.88235294117629,-0.470588235294456,
-6.16297582203915E-33));
#59060=AXIS2_PLACEMENT_3D('',#59030,#59040,#59050);
#59070=CIRCLE('',#59060,0.05);
#59080=CARTESIAN_POINT('',(-2.03588235294118,-0.523529411764713,2.635));
#59090=VERTEX_POINT('',#59080);
#59100=EDGE_CURVE('',#59090,#59000,#59070,.T.);
#59110=ORIENTED_EDGE('',*,*,#59100,.T.);
#59120=CARTESIAN_POINT('',(-2.01235294117647,-0.479411764705883,2.635));
#59130=DIRECTION('',(-0.470588235294116,-0.882352941176471,0.));
#59140=VECTOR('',#59130,1.);
#59150=LINE('',#59120,#59140);
#59160=CARTESIAN_POINT('',(-2.01235294117647,-0.479411764705882,2.635));
#59170=VERTEX_POINT('',#59160);
#59180=EDGE_CURVE('',#59170,#59090,#59150,.T.);
#59190=ORIENTED_EDGE('',*,*,#59180,.T.);
#59200=CARTESIAN_POINT('',(-1.88,-0.549999999999998,2.635));
#59210=DIRECTION('',(0.,-0.,1.));
#59220=DIRECTION('',(0.,1.,0.));
#59230=AXIS2_PLACEMENT_3D('',#59200,#59210,#59220);
#59240=CIRCLE('',#59230,0.15);
#59250=CARTESIAN_POINT('',(-1.88,-0.399999999999998,2.635));
#59260=VERTEX_POINT('',#59250);
#59270=EDGE_CURVE('',#59260,#59170,#59240,.T.);
#59280=ORIENTED_EDGE('',*,*,#59270,.T.);
#59290=CARTESIAN_POINT('',(-1.78,-0.399999999999998,2.635));
#59300=DIRECTION('',(-1.,0.,0.));
#59310=VECTOR('',#59300,1.);
#59320=LINE('',#59290,#59310);
#59330=EDGE_CURVE('',#23650,#59260,#59320,.T.);
#59340=ORIENTED_EDGE('',*,*,#59330,.T.);
#59350=ORIENTED_EDGE('',*,*,#23660,.F.);
#59360=EDGE_LOOP('',(#59350,#59340,#59280,#59190,#59110,#59020,#58940,
#58860,#58780,#58690,#58610,#58520));
#59370=FACE_OUTER_BOUND('',#59360,.T.);
#59380=ADVANCED_FACE('',(#59370),#58510,.T.);
#59390=CARTESIAN_POINT('',(-1.88,-0.549999999999998,2.695));
#59400=DIRECTION('',(0.,1.22460635382238E-16,-1.));
#59410=DIRECTION('',(1.,0.,0.));
#59420=AXIS2_PLACEMENT_3D('',#59390,#59400,#59410);
#59430=CYLINDRICAL_SURFACE('',#59420,0.05);
#59440=ORIENTED_EDGE('',*,*,#58600,.F.);
#59450=ORIENTED_EDGE('',*,*,#17400,.T.);
#59460=CARTESIAN_POINT('',(-1.88,-0.549999999999998,2.485));
#59470=DIRECTION('',(1.63150340413904E-30,-2.17359917283538E-44,1.));
#59480=DIRECTION('',(1.33226762955019E-14,1.,0.));
#59490=AXIS2_PLACEMENT_3D('',#59460,#59470,#59480);
#59500=CIRCLE('',#59490,0.05);
#59510=CARTESIAN_POINT('',(-1.92411764705885,-0.526470588235334,2.485));
#59520=VERTEX_POINT('',#59510);
#59530=EDGE_CURVE('',#17310,#59520,#59500,.T.);
#59540=ORIENTED_EDGE('',*,*,#59530,.F.);
#59550=CARTESIAN_POINT('',(-1.92411764705882,-0.526470588235291,2.635));
#59560=DIRECTION('',(0.,0.,-1.));
#59570=VECTOR('',#59560,1.);
#59580=LINE('',#59550,#59570);
#59590=EDGE_CURVE('',#58590,#59520,#59580,.T.);
#59600=ORIENTED_EDGE('',*,*,#59590,.T.);
#59610=EDGE_LOOP('',(#59600,#59540,#59450,#59440));
#59620=FACE_OUTER_BOUND('',#59610,.T.);
#59630=ADVANCED_FACE('',(#59620),#59430,.F.);
#59640=CARTESIAN_POINT('',(-1.92411764705883,-0.526470588235292,2.695));
#59650=DIRECTION('',(-0.88235294117647,0.470588235294118,
5.76285342975237E-17));
#59660=DIRECTION('',(-0.470588235294118,-0.88235294117647,
-1.08053501807857E-16));
#59670=AXIS2_PLACEMENT_3D('',#59640,#59650,#59660);
#59680=PLANE('',#59670);
#59690=ORIENTED_EDGE('',*,*,#58680,.F.);
#59700=ORIENTED_EDGE('',*,*,#59590,.F.);
#59710=CARTESIAN_POINT('',(-1.92411764705888,-0.526470588235377,2.485));
#59720=DIRECTION('',(-0.470588235294117,-0.882352941176471,0.));
#59730=VECTOR('',#59720,1.);
#59740=LINE('',#59710,#59730);
#59750=CARTESIAN_POINT('',(-1.94764705882358,-0.570588235294204,2.485));
#59760=VERTEX_POINT('',#59750);
#59770=EDGE_CURVE('',#59520,#59760,#59740,.T.);
#59780=ORIENTED_EDGE('',*,*,#59770,.F.);
#59790=CARTESIAN_POINT('',(-1.94764705882353,-0.570588235294116,2.485));
#59800=DIRECTION('',(0.,0.,1.));
#59810=VECTOR('',#59800,1.);
#59820=LINE('',#59790,#59810);
#59830=EDGE_CURVE('',#59760,#58670,#59820,.T.);
#59840=ORIENTED_EDGE('',*,*,#59830,.F.);
#59850=EDGE_LOOP('',(#59840,#59780,#59700,#59690));
#59860=FACE_OUTER_BOUND('',#59850,.T.);
#59870=ADVANCED_FACE('',(#59860),#59680,.F.);
#59880=CARTESIAN_POINT('',(-2.08,-0.499999999999998,2.695));
#59890=DIRECTION('',(0.,1.22460635382238E-16,-1.));
#59900=DIRECTION('',(1.,0.,0.));
#59910=AXIS2_PLACEMENT_3D('',#59880,#59890,#59900);
#59920=CYLINDRICAL_SURFACE('',#59910,0.15);
#59930=ORIENTED_EDGE('',*,*,#58770,.F.);
#59940=ORIENTED_EDGE('',*,*,#59830,.T.);
#59950=CARTESIAN_POINT('',(-2.08,-0.499999999999998,2.485));
#59960=DIRECTION('',(5.08487067331997E-17,9.53413251244449E-17,-1.));
#59970=DIRECTION('',(0.882352941175846,-0.470588235295288,0.));
#59980=AXIS2_PLACEMENT_3D('',#59950,#59960,#59970);
#59990=CIRCLE('',#59980,0.15);
#60000=CARTESIAN_POINT('',(-2.08,-0.649999999999997,2.485));
#60010=VERTEX_POINT('',#60000);
#60020=EDGE_CURVE('',#59760,#60010,#59990,.T.);
#60030=ORIENTED_EDGE('',*,*,#60020,.F.);
#60040=CARTESIAN_POINT('',(-2.08,-0.649999999999998,2.635));
#60050=DIRECTION('',(0.,7.40148683083438E-16,-1.));
#60060=VECTOR('',#60050,1.);
#60070=LINE('',#60040,#60060);
#60080=EDGE_CURVE('',#58760,#60010,#60070,.T.);
#60090=ORIENTED_EDGE('',*,*,#60080,.T.);
#60100=EDGE_LOOP('',(#60090,#60030,#59940,#59930));
#60110=FACE_OUTER_BOUND('',#60100,.T.);
#60120=ADVANCED_FACE('',(#60110),#59920,.T.);
#60130=CARTESIAN_POINT('',(-2.53376671489879,-0.649999999999997,2.695));
#60140=DIRECTION('',(6.47630097698008E-16,1.,1.22460635382238E-16));
#60150=DIRECTION('',(-1.,6.47630097698008E-16,7.93091932567587E-32));
#60160=AXIS2_PLACEMENT_3D('',#60130,#60140,#60150);
#60170=PLANE('',#60160);
#60180=CARTESIAN_POINT('',(-2.34000000000001,-0.649999999999997,2.485));
#60190=DIRECTION('',(0.,0.,1.));
#60200=VECTOR('',#60190,1.);
#60210=LINE('',#60180,#60200);
#60220=CARTESIAN_POINT('',(-2.34000000000001,-0.649999999999997,2.485));
#60230=VERTEX_POINT('',#60220);
#60240=EDGE_CURVE('',#60230,#58840,#60210,.T.);
#60250=ORIENTED_EDGE('',*,*,#60240,.F.);
#60260=ORIENTED_EDGE('',*,*,#58850,.F.);
#60270=ORIENTED_EDGE('',*,*,#60080,.F.);
#60280=CARTESIAN_POINT('',(-2.07999999999999,-0.649999999999997,2.485));
#60290=DIRECTION('',(-1.,0.,0.));
#60300=VECTOR('',#60290,1.);
#60310=LINE('',#60280,#60300);
#60320=EDGE_CURVE('',#60010,#60230,#60310,.T.);
#60330=ORIENTED_EDGE('',*,*,#60320,.F.);
#60340=EDGE_LOOP('',(#60330,#60270,#60260,#60250));
#60350=FACE_OUTER_BOUND('',#60340,.T.);
#60360=ADVANCED_FACE('',(#60350),#60170,.F.);
#60370=CARTESIAN_POINT('',(-2.97514578638867,-0.349999999999998,2.485));
#60380=DIRECTION('',(0.,1.22460635382238E-16,-1.));
#60390=DIRECTION('',(0.,-1.,-1.22460635382238E-16));
#60400=AXIS2_PLACEMENT_3D('',#60370,#60380,#60390);
#60410=PLANE('',#60400);
#60420=CARTESIAN_POINT('',(-1.88,-0.399999999999998,2.485));
#60430=DIRECTION('',(1.,0.,0.));
#60440=VECTOR('',#60430,1.);
#60450=LINE('',#60420,#60440);
#60460=CARTESIAN_POINT('',(-1.88,-0.399999999999998,2.485));
#60470=VERTEX_POINT('',#60460);
#60480=EDGE_CURVE('',#60470,#23730,#60450,.T.);
#60490=ORIENTED_EDGE('',*,*,#60480,.T.);
#60500=CARTESIAN_POINT('',(-1.88,-0.549999999999998,2.485));
#60510=DIRECTION('',(5.08487067330564E-17,9.53413251246585E-17,-1.));
#60520=DIRECTION('',(-0.882352941176835,0.470588235293435,
6.16297582203915E-33));
#60530=AXIS2_PLACEMENT_3D('',#60500,#60510,#60520);
#60540=CIRCLE('',#60530,0.15);
#60550=CARTESIAN_POINT('',(-2.0123529411765,-0.47941176470593,2.485));
#60560=VERTEX_POINT('',#60550);
#60570=EDGE_CURVE('',#60560,#60470,#60540,.T.);
#60580=ORIENTED_EDGE('',*,*,#60570,.T.);
#60590=CARTESIAN_POINT('',(-2.03588235294121,-0.523529411764753,2.485));
#60600=DIRECTION('',(0.470588235294114,0.882352941176472,0.));
#60610=VECTOR('',#60600,1.);
#60620=LINE('',#60590,#60610);
#60630=CARTESIAN_POINT('',(-2.03588235294119,-0.523529411764732,2.485));
#60640=VERTEX_POINT('',#60630);
#60650=EDGE_CURVE('',#60640,#60560,#60620,.T.);
#60660=ORIENTED_EDGE('',*,*,#60650,.T.);
#60670=CARTESIAN_POINT('',(-2.08,-0.499999999999998,2.485));
#60680=DIRECTION('',(-0.,0.,1.));
#60690=DIRECTION('',(0.,-1.,0.));
#60700=AXIS2_PLACEMENT_3D('',#60670,#60680,#60690);
#60710=CIRCLE('',#60700,0.05);
#60720=CARTESIAN_POINT('',(-2.08,-0.549999999999998,2.485));
#60730=VERTEX_POINT('',#60720);
#60740=EDGE_CURVE('',#60730,#60640,#60710,.T.);
#60750=ORIENTED_EDGE('',*,*,#60740,.T.);
#60760=CARTESIAN_POINT('',(-2.34000000000001,-0.549999999999998,2.485));
#60770=DIRECTION('',(1.,0.,0.));
#60780=VECTOR('',#60770,1.);
#60790=LINE('',#60760,#60780);
#60800=CARTESIAN_POINT('',(-2.34000000000001,-0.549999999999998,2.485));
#60810=VERTEX_POINT('',#60800);
#60820=EDGE_CURVE('',#60810,#60730,#60790,.T.);
#60830=ORIENTED_EDGE('',*,*,#60820,.T.);
#60840=CARTESIAN_POINT('',(-2.34000000000001,-0.649999999999997,2.485));
#60850=DIRECTION('',(0.,1.,0.));
#60860=VECTOR('',#60850,1.);
#60870=LINE('',#60840,#60860);
#60880=EDGE_CURVE('',#60230,#60810,#60870,.T.);
#60890=ORIENTED_EDGE('',*,*,#60880,.T.);
#60900=ORIENTED_EDGE('',*,*,#60320,.T.);
#60910=ORIENTED_EDGE('',*,*,#60020,.T.);
#60920=ORIENTED_EDGE('',*,*,#59770,.T.);
#60930=ORIENTED_EDGE('',*,*,#59530,.T.);
#60940=ORIENTED_EDGE('',*,*,#17320,.T.);
#60950=ORIENTED_EDGE('',*,*,#23800,.F.);
#60960=EDGE_LOOP('',(#60950,#60940,#60930,#60920,#60910,#60900,#60890,
#60830,#60750,#60660,#60580,#60490));
#60970=FACE_OUTER_BOUND('',#60960,.T.);
#60980=ADVANCED_FACE('',(#60970),#60410,.T.);
#60990=CARTESIAN_POINT('',(-1.88,-0.399999999999998,2.695));
#61000=DIRECTION('',(0.,-1.,-1.22460635382238E-16));
#61010=DIRECTION('',(1.,0.,0.));
#61020=AXIS2_PLACEMENT_3D('',#60990,#61000,#61010);
#61030=PLANE('',#61020);
#61040=ORIENTED_EDGE('',*,*,#59330,.F.);
#61050=CARTESIAN_POINT('',(-1.88,-0.399999999999998,2.635));
#61060=DIRECTION('',(0.,0.,-1.));
#61070=VECTOR('',#61060,1.);
#61080=LINE('',#61050,#61070);
#61090=EDGE_CURVE('',#59260,#60470,#61080,.T.);
#61100=ORIENTED_EDGE('',*,*,#61090,.F.);
#61110=ORIENTED_EDGE('',*,*,#60480,.F.);
#61120=ORIENTED_EDGE('',*,*,#23740,.T.);
#61130=EDGE_LOOP('',(#61120,#61110,#61100,#61040));
#61140=FACE_OUTER_BOUND('',#61130,.T.);
#61150=ADVANCED_FACE('',(#61140),#61030,.F.);
#61160=CARTESIAN_POINT('',(-1.88,-0.549999999999998,2.695));
#61170=DIRECTION('',(0.,1.22460635382238E-16,-1.));
#61180=DIRECTION('',(1.,0.,0.));
#61190=AXIS2_PLACEMENT_3D('',#61160,#61170,#61180);
#61200=CYLINDRICAL_SURFACE('',#61190,0.15);
#61210=ORIENTED_EDGE('',*,*,#59270,.F.);
#61220=CARTESIAN_POINT('',(-2.01235294117647,-0.47941176470588,2.485));
#61230=DIRECTION('',(0.,-3.70074341541719E-16,1.));
#61240=VECTOR('',#61230,1.);
#61250=LINE('',#61220,#61240);
#61260=EDGE_CURVE('',#60560,#59170,#61250,.T.);
#61270=ORIENTED_EDGE('',*,*,#61260,.T.);
#61280=ORIENTED_EDGE('',*,*,#60570,.F.);
#61290=ORIENTED_EDGE('',*,*,#61090,.T.);
#61300=EDGE_LOOP('',(#61290,#61280,#61270,#61210));
#61310=FACE_OUTER_BOUND('',#61300,.T.);
#61320=ADVANCED_FACE('',(#61310),#61200,.T.);
#61330=CARTESIAN_POINT('',(-2.03588235294118,-0.523529411764704,2.695));
#61340=DIRECTION('',(0.88235294117647,-0.470588235294118,
-5.76285342975237E-17));
#61350=DIRECTION('',(0.470588235294118,0.88235294117647,
1.08053501807857E-16));
#61360=AXIS2_PLACEMENT_3D('',#61330,#61340,#61350);
#61370=PLANE('',#61360);
#61380=ORIENTED_EDGE('',*,*,#59180,.F.);
#61390=CARTESIAN_POINT('',(-2.03588235294118,-0.523529411764707,2.635));
#61400=DIRECTION('',(0.,0.,-1.));
#61410=VECTOR('',#61400,1.);
#61420=LINE('',#61390,#61410);
#61430=EDGE_CURVE('',#59090,#60640,#61420,.T.);
#61440=ORIENTED_EDGE('',*,*,#61430,.F.);
#61450=ORIENTED_EDGE('',*,*,#60650,.F.);
#61460=ORIENTED_EDGE('',*,*,#61260,.F.);
#61470=EDGE_LOOP('',(#61460,#61450,#61440,#61380));
#61480=FACE_OUTER_BOUND('',#61470,.T.);
#61490=ADVANCED_FACE('',(#61480),#61370,.F.);
#61500=CARTESIAN_POINT('',(-2.08,-0.499999999999998,2.695));
#61510=DIRECTION('',(0.,1.22460635382238E-16,-1.));
#61520=DIRECTION('',(1.,0.,0.));
#61530=AXIS2_PLACEMENT_3D('',#61500,#61510,#61520);
#61540=CYLINDRICAL_SURFACE('',#61530,0.05);
#61550=ORIENTED_EDGE('',*,*,#59100,.F.);
#61560=CARTESIAN_POINT('',(-2.08,-0.549999999999998,2.485));
#61570=DIRECTION('',(0.,-7.40148683083438E-16,1.));
#61580=VECTOR('',#61570,1.);
#61590=LINE('',#61560,#61580);
#61600=EDGE_CURVE('',#60730,#59000,#61590,.T.);
#61610=ORIENTED_EDGE('',*,*,#61600,.T.);
#61620=ORIENTED_EDGE('',*,*,#60740,.F.);
#61630=ORIENTED_EDGE('',*,*,#61430,.T.);
#61640=EDGE_LOOP('',(#61630,#61620,#61610,#61550));
#61650=FACE_OUTER_BOUND('',#61640,.T.);
#61660=ADVANCED_FACE('',(#61650),#61540,.F.);
#61670=CARTESIAN_POINT('',(-2.29376671489879,-0.549999999999998,2.695));
#61680=DIRECTION('',(0.,-1.,-1.22460635382238E-16));
#61690=DIRECTION('',(1.,0.,0.));
#61700=AXIS2_PLACEMENT_3D('',#61670,#61680,#61690);
#61710=PLANE('',#61700);
#61720=ORIENTED_EDGE('',*,*,#59010,.F.);
#61730=CARTESIAN_POINT('',(-2.34000000000001,-0.549999999999998,2.635));
#61740=DIRECTION('',(0.,0.,-1.));
#61750=VECTOR('',#61740,1.);
#61760=LINE('',#61730,#61750);
#61770=EDGE_CURVE('',#58920,#60810,#61760,.T.);
#61780=ORIENTED_EDGE('',*,*,#61770,.F.);
#61790=ORIENTED_EDGE('',*,*,#60820,.F.);
#61800=ORIENTED_EDGE('',*,*,#61600,.F.);
#61810=EDGE_LOOP('',(#61800,#61790,#61780,#61720));
#61820=FACE_OUTER_BOUND('',#61810,.T.);
#61830=ADVANCED_FACE('',(#61820),#61710,.F.);
#61840=CARTESIAN_POINT('',(-2.34000000000001,-0.7640024,2.87476109676743
));
#61850=DIRECTION('',(-1.,3.5527136788005E-15,4.35067574437077E-31));
#61860=DIRECTION('',(4.37905770101505E-46,1.22460635382238E-16,-1.));
#61870=AXIS2_PLACEMENT_3D('',#61840,#61850,#61860);
#61880=PLANE('',#61870);
#61890=ORIENTED_EDGE('',*,*,#61770,.T.);
#61900=ORIENTED_EDGE('',*,*,#58930,.F.);
#61910=ORIENTED_EDGE('',*,*,#60240,.T.);
#61920=ORIENTED_EDGE('',*,*,#60880,.F.);
#61930=EDGE_LOOP('',(#61920,#61910,#61900,#61890));
#61940=FACE_OUTER_BOUND('',#61930,.T.);
#61950=ADVANCED_FACE('',(#61940),#61880,.T.);
#61960=CARTESIAN_POINT('',(-2.97514578638867,-0.649999999999998,2.235));
#61970=DIRECTION('',(0.,-1.22460635382238E-16,1.));
#61980=DIRECTION('',(0.,1.,1.22460635382238E-16));
#61990=AXIS2_PLACEMENT_3D('',#61960,#61970,#61980);
#62000=PLANE('',#61990);
#62010=ORIENTED_EDGE('',*,*,#17160,.T.);
#62020=CARTESIAN_POINT('',(-1.88,-0.549999999999998,2.235));
#62030=DIRECTION('',(5.08487067330162E-17,9.53413251247184E-17,-1.));
#62040=DIRECTION('',(-0.882352941177112,0.470588235292915,0.));
#62050=AXIS2_PLACEMENT_3D('',#62020,#62030,#62040);
#62060=CIRCLE('',#62050,0.05);
#62070=CARTESIAN_POINT('',(-1.92411764705884,-0.526470588235319,2.235));
#62080=VERTEX_POINT('',#62070);
#62090=EDGE_CURVE('',#62080,#17070,#62060,.T.);
#62100=ORIENTED_EDGE('',*,*,#62090,.T.);
#62110=CARTESIAN_POINT('',(-1.94764705882355,-0.570588235294155,2.235));
#62120=DIRECTION('',(0.470588235294116,0.882352941176471,0.));
#62130=VECTOR('',#62120,1.);
#62140=LINE('',#62110,#62130);
#62150=CARTESIAN_POINT('',(-1.94764705882354,-0.570588235294136,2.235));
#62160=VERTEX_POINT('',#62150);
#62170=EDGE_CURVE('',#62160,#62080,#62140,.T.);
#62180=ORIENTED_EDGE('',*,*,#62170,.T.);
#62190=CARTESIAN_POINT('',(-2.08,-0.499999999999998,2.235));
#62200=DIRECTION('',(-7.97623886467975E-30,-5.19517036865346E-43,1.));
#62210=DIRECTION('',(6.51330841113425E-14,-1.,0.));
#62220=AXIS2_PLACEMENT_3D('',#62190,#62200,#62210);
#62230=CIRCLE('',#62220,0.15);
#62240=CARTESIAN_POINT('',(-2.08,-0.649999999999997,2.235));
#62250=VERTEX_POINT('',#62240);
#62260=EDGE_CURVE('',#62250,#62160,#62230,.T.);
#62270=ORIENTED_EDGE('',*,*,#62260,.T.);
#62280=CARTESIAN_POINT('',(-2.34000000000001,-0.649999999999997,2.235));
#62290=DIRECTION('',(1.,0.,0.));
#62300=VECTOR('',#62290,1.);
#62310=LINE('',#62280,#62300);
#62320=CARTESIAN_POINT('',(-2.34000000000001,-0.649999999999997,2.235));
#62330=VERTEX_POINT('',#62320);
#62340=EDGE_CURVE('',#62330,#62250,#62310,.T.);
#62350=ORIENTED_EDGE('',*,*,#62340,.T.);
#62360=CARTESIAN_POINT('',(-2.34000000000001,-0.549999999999998,2.235));
#62370=DIRECTION('',(0.,-1.,0.));
#62380=VECTOR('',#62370,1.);
#62390=LINE('',#62360,#62380);
#62400=CARTESIAN_POINT('',(-2.34000000000001,-0.549999999999998,2.235));
#62410=VERTEX_POINT('',#62400);
#62420=EDGE_CURVE('',#62410,#62330,#62390,.T.);
#62430=ORIENTED_EDGE('',*,*,#62420,.T.);
#62440=CARTESIAN_POINT('',(-2.08,-0.549999999999998,2.235));
#62450=DIRECTION('',(-1.,0.,0.));
#62460=VECTOR('',#62450,1.);
#62470=LINE('',#62440,#62460);
#62480=CARTESIAN_POINT('',(-2.08,-0.549999999999998,2.235));
#62490=VERTEX_POINT('',#62480);
#62500=EDGE_CURVE('',#62490,#62410,#62470,.T.);
#62510=ORIENTED_EDGE('',*,*,#62500,.T.);
#62520=CARTESIAN_POINT('',(-2.08,-0.499999999999998,2.235));
#62530=DIRECTION('',(5.08487067331344E-17,9.53413251245422E-17,-1.));
#62540=DIRECTION('',(0.882352941176297,-0.470588235294444,
6.16297582203915E-33));
#62550=AXIS2_PLACEMENT_3D('',#62520,#62530,#62540);
#62560=CIRCLE('',#62550,0.05);
#62570=CARTESIAN_POINT('',(-2.03588235294118,-0.523529411764712,2.235));
#62580=VERTEX_POINT('',#62570);
#62590=EDGE_CURVE('',#62580,#62490,#62560,.T.);
#62600=ORIENTED_EDGE('',*,*,#62590,.T.);
#62610=CARTESIAN_POINT('',(-2.01235294117647,-0.479411764705883,2.235));
#62620=DIRECTION('',(-0.470588235294114,-0.882352941176472,0.));
#62630=VECTOR('',#62620,1.);
#62640=LINE('',#62610,#62630);
#62650=CARTESIAN_POINT('',(-2.01235294117647,-0.479411764705882,2.235));
#62660=VERTEX_POINT('',#62650);
#62670=EDGE_CURVE('',#62660,#62580,#62640,.T.);
#62680=ORIENTED_EDGE('',*,*,#62670,.T.);
#62690=CARTESIAN_POINT('',(-1.88,-0.549999999999998,2.235));
#62700=DIRECTION('',(0.,-0.,1.));
#62710=DIRECTION('',(0.,1.,0.));
#62720=AXIS2_PLACEMENT_3D('',#62690,#62700,#62710);
#62730=CIRCLE('',#62720,0.15);
#62740=CARTESIAN_POINT('',(-1.88,-0.399999999999998,2.235));
#62750=VERTEX_POINT('',#62740);
#62760=EDGE_CURVE('',#62750,#62660,#62730,.T.);
#62770=ORIENTED_EDGE('',*,*,#62760,.T.);
#62780=CARTESIAN_POINT('',(-1.78,-0.399999999999998,2.235));
#62790=DIRECTION('',(-1.,0.,0.));
#62800=VECTOR('',#62790,1.);
#62810=LINE('',#62780,#62800);
#62820=EDGE_CURVE('',#23880,#62750,#62810,.T.);
#62830=ORIENTED_EDGE('',*,*,#62820,.T.);
#62840=ORIENTED_EDGE('',*,*,#23890,.F.);
#62850=EDGE_LOOP('',(#62840,#62830,#62770,#62680,#62600,#62510,#62430,
#62350,#62270,#62180,#62100,#62010));
#62860=FACE_OUTER_BOUND('',#62850,.T.);
#62870=ADVANCED_FACE('',(#62860),#62000,.T.);
#62880=CARTESIAN_POINT('',(-1.88,-0.549999999999998,2.295));
#62890=DIRECTION('',(0.,1.22460635382238E-16,-1.));
#62900=DIRECTION('',(1.,0.,0.));
#62910=AXIS2_PLACEMENT_3D('',#62880,#62890,#62900);
#62920=CYLINDRICAL_SURFACE('',#62910,0.05);
#62930=ORIENTED_EDGE('',*,*,#62090,.F.);
#62940=ORIENTED_EDGE('',*,*,#17080,.T.);
#62950=CARTESIAN_POINT('',(-1.88,-0.549999999999998,2.085));
#62960=DIRECTION('',(1.63150340413904E-30,-2.17359917283538E-44,1.));
#62970=DIRECTION('',(1.33226762955019E-14,1.,0.));
#62980=AXIS2_PLACEMENT_3D('',#62950,#62960,#62970);
#62990=CIRCLE('',#62980,0.05);
#63000=CARTESIAN_POINT('',(-1.92411764705885,-0.526470588235334,2.085));
#63010=VERTEX_POINT('',#63000);
#63020=EDGE_CURVE('',#16990,#63010,#62990,.T.);
#63030=ORIENTED_EDGE('',*,*,#63020,.F.);
#63040=CARTESIAN_POINT('',(-1.92411764705882,-0.526470588235291,2.235));
#63050=DIRECTION('',(0.,0.,-1.));
#63060=VECTOR('',#63050,1.);
#63070=LINE('',#63040,#63060);
#63080=EDGE_CURVE('',#62080,#63010,#63070,.T.);
#63090=ORIENTED_EDGE('',*,*,#63080,.T.);
#63100=EDGE_LOOP('',(#63090,#63030,#62940,#62930));
#63110=FACE_OUTER_BOUND('',#63100,.T.);
#63120=ADVANCED_FACE('',(#63110),#62920,.F.);
#63130=CARTESIAN_POINT('',(-1.92411764705883,-0.526470588235292,2.295));
#63140=DIRECTION('',(-0.88235294117647,0.470588235294118,
5.76285342975237E-17));
#63150=DIRECTION('',(-0.470588235294118,-0.88235294117647,
-1.08053501807857E-16));
#63160=AXIS2_PLACEMENT_3D('',#63130,#63140,#63150);
#63170=PLANE('',#63160);
#63180=ORIENTED_EDGE('',*,*,#62170,.F.);
#63190=ORIENTED_EDGE('',*,*,#63080,.F.);
#63200=CARTESIAN_POINT('',(-1.92411764705888,-0.526470588235377,2.085));
#63210=DIRECTION('',(-0.470588235294117,-0.882352941176471,0.));
#63220=VECTOR('',#63210,1.);
#63230=LINE('',#63200,#63220);
#63240=CARTESIAN_POINT('',(-1.94764705882358,-0.570588235294204,2.085));
#63250=VERTEX_POINT('',#63240);
#63260=EDGE_CURVE('',#63010,#63250,#63230,.T.);
#63270=ORIENTED_EDGE('',*,*,#63260,.F.);
#63280=CARTESIAN_POINT('',(-1.94764705882353,-0.570588235294116,2.085));
#63290=DIRECTION('',(0.,0.,1.));
#63300=VECTOR('',#63290,1.);
#63310=LINE('',#63280,#63300);
#63320=EDGE_CURVE('',#63250,#62160,#63310,.T.);
#63330=ORIENTED_EDGE('',*,*,#63320,.F.);
#63340=EDGE_LOOP('',(#63330,#63270,#63190,#63180));
#63350=FACE_OUTER_BOUND('',#63340,.T.);
#63360=ADVANCED_FACE('',(#63350),#63170,.F.);
#63370=CARTESIAN_POINT('',(-2.08,-0.499999999999998,2.295));
#63380=DIRECTION('',(0.,1.22460635382238E-16,-1.));
#63390=DIRECTION('',(1.,0.,0.));
#63400=AXIS2_PLACEMENT_3D('',#63370,#63380,#63390);
#63410=CYLINDRICAL_SURFACE('',#63400,0.15);
#63420=ORIENTED_EDGE('',*,*,#62260,.F.);
#63430=ORIENTED_EDGE('',*,*,#63320,.T.);
#63440=CARTESIAN_POINT('',(-2.08,-0.499999999999998,2.085));
#63450=DIRECTION('',(5.08487067331997E-17,9.53413251244449E-17,-1.));
#63460=DIRECTION('',(0.882352941175846,-0.470588235295288,0.));
#63470=AXIS2_PLACEMENT_3D('',#63440,#63450,#63460);
#63480=CIRCLE('',#63470,0.15);
#63490=CARTESIAN_POINT('',(-2.08,-0.649999999999997,2.085));
#63500=VERTEX_POINT('',#63490);
#63510=EDGE_CURVE('',#63250,#63500,#63480,.T.);
#63520=ORIENTED_EDGE('',*,*,#63510,.F.);
#63530=CARTESIAN_POINT('',(-2.08,-0.649999999999998,2.235));
#63540=DIRECTION('',(0.,7.40148683083438E-16,-1.));
#63550=VECTOR('',#63540,1.);
#63560=LINE('',#63530,#63550);
#63570=EDGE_CURVE('',#62250,#63500,#63560,.T.);
#63580=ORIENTED_EDGE('',*,*,#63570,.T.);
#63590=EDGE_LOOP('',(#63580,#63520,#63430,#63420));
#63600=FACE_OUTER_BOUND('',#63590,.T.);
#63610=ADVANCED_FACE('',(#63600),#63410,.T.);
#63620=CARTESIAN_POINT('',(-2.53376671489879,-0.649999999999997,2.295));
#63630=DIRECTION('',(6.47630097698008E-16,1.,1.22460635382238E-16));
#63640=DIRECTION('',(-1.,6.47630097698008E-16,7.93091932567587E-32));
#63650=AXIS2_PLACEMENT_3D('',#63620,#63630,#63640);
#63660=PLANE('',#63650);
#63670=CARTESIAN_POINT('',(-2.34000000000001,-0.649999999999997,2.085));
#63680=DIRECTION('',(0.,0.,1.));
#63690=VECTOR('',#63680,1.);
#63700=LINE('',#63670,#63690);
#63710=CARTESIAN_POINT('',(-2.34000000000001,-0.649999999999997,2.085));
#63720=VERTEX_POINT('',#63710);
#63730=EDGE_CURVE('',#63720,#62330,#63700,.T.);
#63740=ORIENTED_EDGE('',*,*,#63730,.F.);
#63750=ORIENTED_EDGE('',*,*,#62340,.F.);
#63760=ORIENTED_EDGE('',*,*,#63570,.F.);
#63770=CARTESIAN_POINT('',(-2.07999999999999,-0.649999999999997,2.085));
#63780=DIRECTION('',(-1.,0.,0.));
#63790=VECTOR('',#63780,1.);
#63800=LINE('',#63770,#63790);
#63810=EDGE_CURVE('',#63500,#63720,#63800,.T.);
#63820=ORIENTED_EDGE('',*,*,#63810,.F.);
#63830=EDGE_LOOP('',(#63820,#63760,#63750,#63740));
#63840=FACE_OUTER_BOUND('',#63830,.T.);
#63850=ADVANCED_FACE('',(#63840),#63660,.F.);
#63860=CARTESIAN_POINT('',(-2.97514578638867,-0.349999999999998,2.085));
#63870=DIRECTION('',(0.,1.22460635382238E-16,-1.));
#63880=DIRECTION('',(0.,-1.,-1.22460635382238E-16));
#63890=AXIS2_PLACEMENT_3D('',#63860,#63870,#63880);
#63900=PLANE('',#63890);
#63910=CARTESIAN_POINT('',(-1.88,-0.399999999999998,2.085));
#63920=DIRECTION('',(1.,0.,0.));
#63930=VECTOR('',#63920,1.);
#63940=LINE('',#63910,#63930);
#63950=CARTESIAN_POINT('',(-1.88,-0.399999999999998,2.085));
#63960=VERTEX_POINT('',#63950);
#63970=EDGE_CURVE('',#63960,#23960,#63940,.T.);
#63980=ORIENTED_EDGE('',*,*,#63970,.T.);
#63990=CARTESIAN_POINT('',(-1.88,-0.549999999999998,2.085));
#64000=DIRECTION('',(5.08487067330646E-17,9.53413251246462E-17,-1.));
#64010=DIRECTION('',(-0.882352941176778,0.470588235293541,0.));
#64020=AXIS2_PLACEMENT_3D('',#63990,#64000,#64010);
#64030=CIRCLE('',#64020,0.15);
#64040=CARTESIAN_POINT('',(-2.0123529411765,-0.479411764705922,2.085));
#64050=VERTEX_POINT('',#64040);
#64060=EDGE_CURVE('',#64050,#63960,#64030,.T.);
#64070=ORIENTED_EDGE('',*,*,#64060,.T.);
#64080=CARTESIAN_POINT('',(-2.0358823529412,-0.523529411764745,2.085));
#64090=DIRECTION('',(0.470588235294129,0.882352941176464,0.));
#64100=VECTOR('',#64090,1.);
#64110=LINE('',#64080,#64100);
#64120=CARTESIAN_POINT('',(-2.03588235294119,-0.523529411764727,2.085));
#64130=VERTEX_POINT('',#64120);
#64140=EDGE_CURVE('',#64130,#64050,#64110,.T.);
#64150=ORIENTED_EDGE('',*,*,#64140,.T.);
#64160=CARTESIAN_POINT('',(-2.08,-0.499999999999998,2.085));
#64170=DIRECTION('',(-0.,0.,1.));
#64180=DIRECTION('',(0.,-1.,0.));
#64190=AXIS2_PLACEMENT_3D('',#64160,#64170,#64180);
#64200=CIRCLE('',#64190,0.05);
#64210=CARTESIAN_POINT('',(-2.08,-0.549999999999998,2.085));
#64220=VERTEX_POINT('',#64210);
#64230=EDGE_CURVE('',#64220,#64130,#64200,.T.);
#64240=ORIENTED_EDGE('',*,*,#64230,.T.);
#64250=CARTESIAN_POINT('',(-2.34000000000001,-0.549999999999998,2.085));
#64260=DIRECTION('',(1.,0.,0.));
#64270=VECTOR('',#64260,1.);
#64280=LINE('',#64250,#64270);
#64290=CARTESIAN_POINT('',(-2.34000000000001,-0.549999999999998,2.085));
#64300=VERTEX_POINT('',#64290);
#64310=EDGE_CURVE('',#64300,#64220,#64280,.T.);
#64320=ORIENTED_EDGE('',*,*,#64310,.T.);
#64330=CARTESIAN_POINT('',(-2.34000000000001,-0.649999999999997,2.085));
#64340=DIRECTION('',(0.,1.,0.));
#64350=VECTOR('',#64340,1.);
#64360=LINE('',#64330,#64350);
#64370=EDGE_CURVE('',#63720,#64300,#64360,.T.);
#64380=ORIENTED_EDGE('',*,*,#64370,.T.);
#64390=ORIENTED_EDGE('',*,*,#63810,.T.);
#64400=ORIENTED_EDGE('',*,*,#63510,.T.);
#64410=ORIENTED_EDGE('',*,*,#63260,.T.);
#64420=ORIENTED_EDGE('',*,*,#63020,.T.);
#64430=ORIENTED_EDGE('',*,*,#17000,.T.);
#64440=ORIENTED_EDGE('',*,*,#24030,.F.);
#64450=EDGE_LOOP('',(#64440,#64430,#64420,#64410,#64400,#64390,#64380,
#64320,#64240,#64150,#64070,#63980));
#64460=FACE_OUTER_BOUND('',#64450,.T.);
#64470=ADVANCED_FACE('',(#64460),#63900,.T.);
#64480=CARTESIAN_POINT('',(-1.88,-0.399999999999998,2.295));
#64490=DIRECTION('',(0.,-1.,-1.22460635382238E-16));
#64500=DIRECTION('',(1.,0.,0.));
#64510=AXIS2_PLACEMENT_3D('',#64480,#64490,#64500);
#64520=PLANE('',#64510);
#64530=ORIENTED_EDGE('',*,*,#62820,.F.);
#64540=CARTESIAN_POINT('',(-1.88,-0.399999999999998,2.235));
#64550=DIRECTION('',(0.,0.,-1.));
#64560=VECTOR('',#64550,1.);
#64570=LINE('',#64540,#64560);
#64580=EDGE_CURVE('',#62750,#63960,#64570,.T.);
#64590=ORIENTED_EDGE('',*,*,#64580,.F.);
#64600=ORIENTED_EDGE('',*,*,#63970,.F.);
#64610=ORIENTED_EDGE('',*,*,#23970,.T.);
#64620=EDGE_LOOP('',(#64610,#64600,#64590,#64530));
#64630=FACE_OUTER_BOUND('',#64620,.T.);
#64640=ADVANCED_FACE('',(#64630),#64520,.F.);
#64650=CARTESIAN_POINT('',(-1.88,-0.549999999999998,2.295));
#64660=DIRECTION('',(0.,1.22460635382238E-16,-1.));
#64670=DIRECTION('',(1.,0.,0.));
#64680=AXIS2_PLACEMENT_3D('',#64650,#64660,#64670);
#64690=CYLINDRICAL_SURFACE('',#64680,0.15);
#64700=ORIENTED_EDGE('',*,*,#62760,.F.);
#64710=CARTESIAN_POINT('',(-2.01235294117647,-0.47941176470588,2.085));
#64720=DIRECTION('',(0.,0.,1.));
#64730=VECTOR('',#64720,1.);
#64740=LINE('',#64710,#64730);
#64750=EDGE_CURVE('',#64050,#62660,#64740,.T.);
#64760=ORIENTED_EDGE('',*,*,#64750,.T.);
#64770=ORIENTED_EDGE('',*,*,#64060,.F.);
#64780=ORIENTED_EDGE('',*,*,#64580,.T.);
#64790=EDGE_LOOP('',(#64780,#64770,#64760,#64700));
#64800=FACE_OUTER_BOUND('',#64790,.T.);
#64810=ADVANCED_FACE('',(#64800),#64690,.T.);
#64820=CARTESIAN_POINT('',(-2.03588235294118,-0.523529411764704,2.295));
#64830=DIRECTION('',(0.88235294117647,-0.470588235294118,
-5.76285342975237E-17));
#64840=DIRECTION('',(0.470588235294118,0.88235294117647,
1.08053501807857E-16));
#64850=AXIS2_PLACEMENT_3D('',#64820,#64830,#64840);
#64860=PLANE('',#64850);
#64870=ORIENTED_EDGE('',*,*,#62670,.F.);
#64880=CARTESIAN_POINT('',(-2.03588235294118,-0.523529411764707,2.235));
#64890=DIRECTION('',(0.,0.,-1.));
#64900=VECTOR('',#64890,1.);
#64910=LINE('',#64880,#64900);
#64920=EDGE_CURVE('',#62580,#64130,#64910,.T.);
#64930=ORIENTED_EDGE('',*,*,#64920,.F.);
#64940=ORIENTED_EDGE('',*,*,#64140,.F.);
#64950=ORIENTED_EDGE('',*,*,#64750,.F.);
#64960=EDGE_LOOP('',(#64950,#64940,#64930,#64870));
#64970=FACE_OUTER_BOUND('',#64960,.T.);
#64980=ADVANCED_FACE('',(#64970),#64860,.F.);
#64990=CARTESIAN_POINT('',(-2.08,-0.499999999999998,2.295));
#65000=DIRECTION('',(0.,1.22460635382238E-16,-1.));
#65010=DIRECTION('',(1.,0.,0.));
#65020=AXIS2_PLACEMENT_3D('',#64990,#65000,#65010);
#65030=CYLINDRICAL_SURFACE('',#65020,0.05);
#65040=ORIENTED_EDGE('',*,*,#62590,.F.);
#65050=CARTESIAN_POINT('',(-2.08,-0.549999999999998,2.085));
#65060=DIRECTION('',(0.,-7.40148683083438E-16,1.));
#65070=VECTOR('',#65060,1.);
#65080=LINE('',#65050,#65070);
#65090=EDGE_CURVE('',#64220,#62490,#65080,.T.);
#65100=ORIENTED_EDGE('',*,*,#65090,.T.);
#65110=ORIENTED_EDGE('',*,*,#64230,.F.);
#65120=ORIENTED_EDGE('',*,*,#64920,.T.);
#65130=EDGE_LOOP('',(#65120,#65110,#65100,#65040));
#65140=FACE_OUTER_BOUND('',#65130,.T.);
#65150=ADVANCED_FACE('',(#65140),#65030,.F.);
#65160=CARTESIAN_POINT('',(-2.29376671489879,-0.549999999999998,2.295));
#65170=DIRECTION('',(0.,-1.,-1.22460635382238E-16));
#65180=DIRECTION('',(1.,0.,0.));
#65190=AXIS2_PLACEMENT_3D('',#65160,#65170,#65180);
#65200=PLANE('',#65190);
#65210=ORIENTED_EDGE('',*,*,#62500,.F.);
#65220=CARTESIAN_POINT('',(-2.34000000000001,-0.549999999999998,2.235));
#65230=DIRECTION('',(0.,0.,-1.));
#65240=VECTOR('',#65230,1.);
#65250=LINE('',#65220,#65240);
#65260=EDGE_CURVE('',#62410,#64300,#65250,.T.);
#65270=ORIENTED_EDGE('',*,*,#65260,.F.);
#65280=ORIENTED_EDGE('',*,*,#64310,.F.);
#65290=ORIENTED_EDGE('',*,*,#65090,.F.);
#65300=EDGE_LOOP('',(#65290,#65280,#65270,#65210));
#65310=FACE_OUTER_BOUND('',#65300,.T.);
#65320=ADVANCED_FACE('',(#65310),#65200,.F.);
#65330=CARTESIAN_POINT('',(-2.34000000000001,-0.7640024,2.47476109676743
));
#65340=DIRECTION('',(-1.,3.5527136788005E-15,4.35067574437077E-31));
#65350=DIRECTION('',(4.37905770101505E-46,1.22460635382238E-16,-1.));
#65360=AXIS2_PLACEMENT_3D('',#65330,#65340,#65350);
#65370=PLANE('',#65360);
#65380=ORIENTED_EDGE('',*,*,#65260,.T.);
#65390=ORIENTED_EDGE('',*,*,#62420,.F.);
#65400=ORIENTED_EDGE('',*,*,#63730,.T.);
#65410=ORIENTED_EDGE('',*,*,#64370,.F.);
#65420=EDGE_LOOP('',(#65410,#65400,#65390,#65380));
#65430=FACE_OUTER_BOUND('',#65420,.T.);
#65440=ADVANCED_FACE('',(#65430),#65370,.T.);
#65450=CARTESIAN_POINT('',(-2.97514578638867,-0.649999999999998,1.835));
#65460=DIRECTION('',(0.,-1.22460635382238E-16,1.));
#65470=DIRECTION('',(0.,1.,1.22460635382238E-16));
#65480=AXIS2_PLACEMENT_3D('',#65450,#65460,#65470);
#65490=PLANE('',#65480);
#65500=ORIENTED_EDGE('',*,*,#16840,.T.);
#65510=CARTESIAN_POINT('',(-1.88,-0.549999999999998,1.835));
#65520=DIRECTION('',(5.08487067330162E-17,9.53413251247184E-17,-1.));
#65530=DIRECTION('',(-0.882352941177112,0.470588235292915,0.));
#65540=AXIS2_PLACEMENT_3D('',#65510,#65520,#65530);
#65550=CIRCLE('',#65540,0.05);
#65560=CARTESIAN_POINT('',(-1.92411764705884,-0.526470588235319,1.835));
#65570=VERTEX_POINT('',#65560);
#65580=EDGE_CURVE('',#65570,#16750,#65550,.T.);
#65590=ORIENTED_EDGE('',*,*,#65580,.T.);
#65600=CARTESIAN_POINT('',(-1.94764705882355,-0.570588235294155,1.835));
#65610=DIRECTION('',(0.470588235294116,0.882352941176471,0.));
#65620=VECTOR('',#65610,1.);
#65630=LINE('',#65600,#65620);
#65640=CARTESIAN_POINT('',(-1.94764705882354,-0.570588235294136,1.835));
#65650=VERTEX_POINT('',#65640);
#65660=EDGE_CURVE('',#65650,#65570,#65630,.T.);
#65670=ORIENTED_EDGE('',*,*,#65660,.T.);
#65680=CARTESIAN_POINT('',(-2.08,-0.499999999999998,1.835));
#65690=DIRECTION('',(-7.97623886467975E-30,-5.19517036865346E-43,1.));
#65700=DIRECTION('',(6.51330841113425E-14,-1.,0.));
#65710=AXIS2_PLACEMENT_3D('',#65680,#65690,#65700);
#65720=CIRCLE('',#65710,0.15);
#65730=CARTESIAN_POINT('',(-2.08,-0.649999999999997,1.835));
#65740=VERTEX_POINT('',#65730);
#65750=EDGE_CURVE('',#65740,#65650,#65720,.T.);
#65760=ORIENTED_EDGE('',*,*,#65750,.T.);
#65770=CARTESIAN_POINT('',(-2.34000000000001,-0.649999999999997,1.835));
#65780=DIRECTION('',(1.,0.,0.));
#65790=VECTOR('',#65780,1.);
#65800=LINE('',#65770,#65790);
#65810=CARTESIAN_POINT('',(-2.34000000000001,-0.649999999999997,1.835));
#65820=VERTEX_POINT('',#65810);
#65830=EDGE_CURVE('',#65820,#65740,#65800,.T.);
#65840=ORIENTED_EDGE('',*,*,#65830,.T.);
#65850=CARTESIAN_POINT('',(-2.34000000000001,-0.549999999999998,1.835));
#65860=DIRECTION('',(0.,-1.,0.));
#65870=VECTOR('',#65860,1.);
#65880=LINE('',#65850,#65870);
#65890=CARTESIAN_POINT('',(-2.34000000000001,-0.549999999999998,1.835));
#65900=VERTEX_POINT('',#65890);
#65910=EDGE_CURVE('',#65900,#65820,#65880,.T.);
#65920=ORIENTED_EDGE('',*,*,#65910,.T.);
#65930=CARTESIAN_POINT('',(-2.08,-0.549999999999998,1.835));
#65940=DIRECTION('',(-1.,0.,0.));
#65950=VECTOR('',#65940,1.);
#65960=LINE('',#65930,#65950);
#65970=CARTESIAN_POINT('',(-2.08,-0.549999999999998,1.835));
#65980=VERTEX_POINT('',#65970);
#65990=EDGE_CURVE('',#65980,#65900,#65960,.T.);
#66000=ORIENTED_EDGE('',*,*,#65990,.T.);
#66010=CARTESIAN_POINT('',(-2.08,-0.499999999999998,1.835));
#66020=DIRECTION('',(5.08487067331354E-17,9.53413251245408E-17,-1.));
#66030=DIRECTION('',(0.88235294117629,-0.470588235294456,
-6.16297582203915E-33));
#66040=AXIS2_PLACEMENT_3D('',#66010,#66020,#66030);
#66050=CIRCLE('',#66040,0.05);
#66060=CARTESIAN_POINT('',(-2.03588235294118,-0.523529411764713,1.835));
#66070=VERTEX_POINT('',#66060);
#66080=EDGE_CURVE('',#66070,#65980,#66050,.T.);
#66090=ORIENTED_EDGE('',*,*,#66080,.T.);
#66100=CARTESIAN_POINT('',(-2.01235294117647,-0.479411764705883,1.835));
#66110=DIRECTION('',(-0.470588235294116,-0.882352941176471,0.));
#66120=VECTOR('',#66110,1.);
#66130=LINE('',#66100,#66120);
#66140=CARTESIAN_POINT('',(-2.01235294117647,-0.479411764705882,1.835));
#66150=VERTEX_POINT('',#66140);
#66160=EDGE_CURVE('',#66150,#66070,#66130,.T.);
#66170=ORIENTED_EDGE('',*,*,#66160,.T.);
#66180=CARTESIAN_POINT('',(-1.88,-0.549999999999998,1.835));
#66190=DIRECTION('',(0.,-0.,1.));
#66200=DIRECTION('',(0.,1.,0.));
#66210=AXIS2_PLACEMENT_3D('',#66180,#66190,#66200);
#66220=CIRCLE('',#66210,0.15);
#66230=CARTESIAN_POINT('',(-1.88,-0.399999999999998,1.835));
#66240=VERTEX_POINT('',#66230);
#66250=EDGE_CURVE('',#66240,#66150,#66220,.T.);
#66260=ORIENTED_EDGE('',*,*,#66250,.T.);
#66270=CARTESIAN_POINT('',(-1.78,-0.399999999999998,1.835));
#66280=DIRECTION('',(-1.,0.,0.));
#66290=VECTOR('',#66280,1.);
#66300=LINE('',#66270,#66290);
#66310=EDGE_CURVE('',#24110,#66240,#66300,.T.);
#66320=ORIENTED_EDGE('',*,*,#66310,.T.);
#66330=ORIENTED_EDGE('',*,*,#24120,.F.);
#66340=EDGE_LOOP('',(#66330,#66320,#66260,#66170,#66090,#66000,#65920,
#65840,#65760,#65670,#65590,#65500));
#66350=FACE_OUTER_BOUND('',#66340,.T.);
#66360=ADVANCED_FACE('',(#66350),#65490,.T.);
#66370=CARTESIAN_POINT('',(-1.88,-0.549999999999998,1.895));
#66380=DIRECTION('',(0.,1.22460635382238E-16,-1.));
#66390=DIRECTION('',(1.,0.,0.));
#66400=AXIS2_PLACEMENT_3D('',#66370,#66380,#66390);
#66410=CYLINDRICAL_SURFACE('',#66400,0.05);
#66420=ORIENTED_EDGE('',*,*,#65580,.F.);
#66430=ORIENTED_EDGE('',*,*,#16760,.T.);
#66440=CARTESIAN_POINT('',(-1.88,-0.549999999999998,1.685));
#66450=DIRECTION('',(1.63150340413904E-30,-2.17359917283538E-44,1.));
#66460=DIRECTION('',(1.33226762955019E-14,1.,0.));
#66470=AXIS2_PLACEMENT_3D('',#66440,#66450,#66460);
#66480=CIRCLE('',#66470,0.05);
#66490=CARTESIAN_POINT('',(-1.92411764705885,-0.526470588235334,1.685));
#66500=VERTEX_POINT('',#66490);
#66510=EDGE_CURVE('',#16670,#66500,#66480,.T.);
#66520=ORIENTED_EDGE('',*,*,#66510,.F.);
#66530=CARTESIAN_POINT('',(-1.92411764705882,-0.526470588235291,1.835));
#66540=DIRECTION('',(0.,0.,-1.));
#66550=VECTOR('',#66540,1.);
#66560=LINE('',#66530,#66550);
#66570=EDGE_CURVE('',#65570,#66500,#66560,.T.);
#66580=ORIENTED_EDGE('',*,*,#66570,.T.);
#66590=EDGE_LOOP('',(#66580,#66520,#66430,#66420));
#66600=FACE_OUTER_BOUND('',#66590,.T.);
#66610=ADVANCED_FACE('',(#66600),#66410,.F.);
#66620=CARTESIAN_POINT('',(-1.92411764705883,-0.526470588235292,1.895));
#66630=DIRECTION('',(-0.88235294117647,0.470588235294118,
5.76285342975237E-17));
#66640=DIRECTION('',(-0.470588235294118,-0.88235294117647,
-1.08053501807857E-16));
#66650=AXIS2_PLACEMENT_3D('',#66620,#66630,#66640);
#66660=PLANE('',#66650);
#66670=ORIENTED_EDGE('',*,*,#65660,.F.);
#66680=ORIENTED_EDGE('',*,*,#66570,.F.);
#66690=CARTESIAN_POINT('',(-1.92411764705888,-0.526470588235377,1.685));
#66700=DIRECTION('',(-0.470588235294122,-0.882352941176468,0.));
#66710=VECTOR('',#66700,1.);
#66720=LINE('',#66690,#66710);
#66730=CARTESIAN_POINT('',(-1.94764705882358,-0.570588235294204,1.685));
#66740=VERTEX_POINT('',#66730);
#66750=EDGE_CURVE('',#66500,#66740,#66720,.T.);
#66760=ORIENTED_EDGE('',*,*,#66750,.F.);
#66770=CARTESIAN_POINT('',(-1.94764705882353,-0.570588235294116,1.685));
#66780=DIRECTION('',(0.,0.,1.));
#66790=VECTOR('',#66780,1.);
#66800=LINE('',#66770,#66790);
#66810=EDGE_CURVE('',#66740,#65650,#66800,.T.);
#66820=ORIENTED_EDGE('',*,*,#66810,.F.);
#66830=EDGE_LOOP('',(#66820,#66760,#66680,#66670));
#66840=FACE_OUTER_BOUND('',#66830,.T.);
#66850=ADVANCED_FACE('',(#66840),#66660,.F.);
#66860=CARTESIAN_POINT('',(-2.08,-0.499999999999998,1.895));
#66870=DIRECTION('',(0.,1.22460635382238E-16,-1.));
#66880=DIRECTION('',(1.,0.,0.));
#66890=AXIS2_PLACEMENT_3D('',#66860,#66870,#66880);
#66900=CYLINDRICAL_SURFACE('',#66890,0.15);
#66910=ORIENTED_EDGE('',*,*,#65750,.F.);
#66920=ORIENTED_EDGE('',*,*,#66810,.T.);
#66930=CARTESIAN_POINT('',(-2.08,-0.499999999999998,1.685));
#66940=DIRECTION('',(5.08487067332001E-17,9.53413251244442E-17,-1.));
#66950=DIRECTION('',(0.882352941175843,-0.470588235295294,
-6.16297582203915E-33));
#66960=AXIS2_PLACEMENT_3D('',#66930,#66940,#66950);
#66970=CIRCLE('',#66960,0.15);
#66980=CARTESIAN_POINT('',(-2.08,-0.649999999999997,1.685));
#66990=VERTEX_POINT('',#66980);
#67000=EDGE_CURVE('',#66740,#66990,#66970,.T.);
#67010=ORIENTED_EDGE('',*,*,#67000,.F.);
#67020=CARTESIAN_POINT('',(-2.08,-0.649999999999998,1.835));
#67030=DIRECTION('',(0.,7.40148683083438E-16,-1.));
#67040=VECTOR('',#67030,1.);
#67050=LINE('',#67020,#67040);
#67060=EDGE_CURVE('',#65740,#66990,#67050,.T.);
#67070=ORIENTED_EDGE('',*,*,#67060,.T.);
#67080=EDGE_LOOP('',(#67070,#67010,#66920,#66910));
#67090=FACE_OUTER_BOUND('',#67080,.T.);
#67100=ADVANCED_FACE('',(#67090),#66900,.T.);
#67110=CARTESIAN_POINT('',(-2.53376671489879,-0.649999999999997,1.895));
#67120=DIRECTION('',(6.47630097698008E-16,1.,1.22460635382238E-16));
#67130=DIRECTION('',(-1.,6.47630097698008E-16,7.93091932567587E-32));
#67140=AXIS2_PLACEMENT_3D('',#67110,#67120,#67130);
#67150=PLANE('',#67140);
#67160=CARTESIAN_POINT('',(-2.34000000000001,-0.649999999999997,1.685));
#67170=DIRECTION('',(0.,0.,1.));
#67180=VECTOR('',#67170,1.);
#67190=LINE('',#67160,#67180);
#67200=CARTESIAN_POINT('',(-2.34000000000001,-0.649999999999997,1.685));
#67210=VERTEX_POINT('',#67200);
#67220=EDGE_CURVE('',#67210,#65820,#67190,.T.);
#67230=ORIENTED_EDGE('',*,*,#67220,.F.);
#67240=ORIENTED_EDGE('',*,*,#65830,.F.);
#67250=ORIENTED_EDGE('',*,*,#67060,.F.);
#67260=CARTESIAN_POINT('',(-2.07999999999999,-0.649999999999997,1.685));
#67270=DIRECTION('',(-1.,0.,0.));
#67280=VECTOR('',#67270,1.);
#67290=LINE('',#67260,#67280);
#67300=EDGE_CURVE('',#66990,#67210,#67290,.T.);
#67310=ORIENTED_EDGE('',*,*,#67300,.F.);
#67320=EDGE_LOOP('',(#67310,#67250,#67240,#67230));
#67330=FACE_OUTER_BOUND('',#67320,.T.);
#67340=ADVANCED_FACE('',(#67330),#67150,.F.);
#67350=CARTESIAN_POINT('',(-2.97514578638867,-0.349999999999998,1.685));
#67360=DIRECTION('',(0.,1.22460635382238E-16,-1.));
#67370=DIRECTION('',(0.,-1.,-1.22460635382238E-16));
#67380=AXIS2_PLACEMENT_3D('',#67350,#67360,#67370);
#67390=PLANE('',#67380);
#67400=CARTESIAN_POINT('',(-1.88,-0.399999999999998,1.685));
#67410=DIRECTION('',(1.,0.,0.));
#67420=VECTOR('',#67410,1.);
#67430=LINE('',#67400,#67420);
#67440=CARTESIAN_POINT('',(-1.88,-0.399999999999998,1.685));
#67450=VERTEX_POINT('',#67440);
#67460=EDGE_CURVE('',#67450,#24190,#67430,.T.);
#67470=ORIENTED_EDGE('',*,*,#67460,.T.);
#67480=CARTESIAN_POINT('',(-1.88,-0.549999999999998,1.685));
#67490=DIRECTION('',(5.08487067330631E-17,9.53413251246484E-17,-1.));
#67500=DIRECTION('',(-0.882352941176788,0.470588235293522,0.));
#67510=AXIS2_PLACEMENT_3D('',#67480,#67490,#67500);
#67520=CIRCLE('',#67510,0.15);
#67530=CARTESIAN_POINT('',(-2.0123529411765,-0.479411764705924,1.685));
#67540=VERTEX_POINT('',#67530);
#67550=EDGE_CURVE('',#67540,#67450,#67520,.T.);
#67560=ORIENTED_EDGE('',*,*,#67550,.T.);
#67570=CARTESIAN_POINT('',(-2.03588235294121,-0.523529411764747,1.685));
#67580=DIRECTION('',(0.470588235294127,0.882352941176466,0.));
#67590=VECTOR('',#67580,1.);
#67600=LINE('',#67570,#67590);
#67610=CARTESIAN_POINT('',(-2.03588235294119,-0.523529411764728,1.685));
#67620=VERTEX_POINT('',#67610);
#67630=EDGE_CURVE('',#67620,#67540,#67600,.T.);
#67640=ORIENTED_EDGE('',*,*,#67630,.T.);
#67650=CARTESIAN_POINT('',(-2.08,-0.499999999999998,1.685));
#67660=DIRECTION('',(-0.,0.,1.));
#67670=DIRECTION('',(0.,-1.,0.));
#67680=AXIS2_PLACEMENT_3D('',#67650,#67660,#67670);
#67690=CIRCLE('',#67680,0.05);
#67700=CARTESIAN_POINT('',(-2.08,-0.549999999999998,1.685));
#67710=VERTEX_POINT('',#67700);
#67720=EDGE_CURVE('',#67710,#67620,#67690,.T.);
#67730=ORIENTED_EDGE('',*,*,#67720,.T.);
#67740=CARTESIAN_POINT('',(-2.34000000000001,-0.549999999999998,1.685));
#67750=DIRECTION('',(1.,0.,0.));
#67760=VECTOR('',#67750,1.);
#67770=LINE('',#67740,#67760);
#67780=CARTESIAN_POINT('',(-2.34000000000001,-0.549999999999998,1.685));
#67790=VERTEX_POINT('',#67780);
#67800=EDGE_CURVE('',#67790,#67710,#67770,.T.);
#67810=ORIENTED_EDGE('',*,*,#67800,.T.);
#67820=CARTESIAN_POINT('',(-2.34000000000001,-0.649999999999997,1.685));
#67830=DIRECTION('',(0.,1.,0.));
#67840=VECTOR('',#67830,1.);
#67850=LINE('',#67820,#67840);
#67860=EDGE_CURVE('',#67210,#67790,#67850,.T.);
#67870=ORIENTED_EDGE('',*,*,#67860,.T.);
#67880=ORIENTED_EDGE('',*,*,#67300,.T.);
#67890=ORIENTED_EDGE('',*,*,#67000,.T.);
#67900=ORIENTED_EDGE('',*,*,#66750,.T.);
#67910=ORIENTED_EDGE('',*,*,#66510,.T.);
#67920=ORIENTED_EDGE('',*,*,#16680,.T.);
#67930=ORIENTED_EDGE('',*,*,#24260,.F.);
#67940=EDGE_LOOP('',(#67930,#67920,#67910,#67900,#67890,#67880,#67870,
#67810,#67730,#67640,#67560,#67470));
#67950=FACE_OUTER_BOUND('',#67940,.T.);
#67960=ADVANCED_FACE('',(#67950),#67390,.T.);
#67970=CARTESIAN_POINT('',(-1.88,-0.399999999999998,1.895));
#67980=DIRECTION('',(0.,-1.,-1.22460635382238E-16));
#67990=DIRECTION('',(1.,0.,0.));
#68000=AXIS2_PLACEMENT_3D('',#67970,#67980,#67990);
#68010=PLANE('',#68000);
#68020=ORIENTED_EDGE('',*,*,#66310,.F.);
#68030=CARTESIAN_POINT('',(-1.88,-0.399999999999998,1.835));
#68040=DIRECTION('',(0.,0.,-1.));
#68050=VECTOR('',#68040,1.);
#68060=LINE('',#68030,#68050);
#68070=EDGE_CURVE('',#66240,#67450,#68060,.T.);
#68080=ORIENTED_EDGE('',*,*,#68070,.F.);
#68090=ORIENTED_EDGE('',*,*,#67460,.F.);
#68100=ORIENTED_EDGE('',*,*,#24200,.T.);
#68110=EDGE_LOOP('',(#68100,#68090,#68080,#68020));
#68120=FACE_OUTER_BOUND('',#68110,.T.);
#68130=ADVANCED_FACE('',(#68120),#68010,.F.);
#68140=CARTESIAN_POINT('',(-1.88,-0.549999999999998,1.895));
#68150=DIRECTION('',(0.,1.22460635382238E-16,-1.));
#68160=DIRECTION('',(1.,0.,0.));
#68170=AXIS2_PLACEMENT_3D('',#68140,#68150,#68160);
#68180=CYLINDRICAL_SURFACE('',#68170,0.15);
#68190=ORIENTED_EDGE('',*,*,#66250,.F.);
#68200=CARTESIAN_POINT('',(-2.01235294117647,-0.47941176470588,1.685));
#68210=DIRECTION('',(0.,-3.70074341541719E-16,1.));
#68220=VECTOR('',#68210,1.);
#68230=LINE('',#68200,#68220);
#68240=EDGE_CURVE('',#67540,#66150,#68230,.T.);
#68250=ORIENTED_EDGE('',*,*,#68240,.T.);
#68260=ORIENTED_EDGE('',*,*,#67550,.F.);
#68270=ORIENTED_EDGE('',*,*,#68070,.T.);
#68280=EDGE_LOOP('',(#68270,#68260,#68250,#68190));
#68290=FACE_OUTER_BOUND('',#68280,.T.);
#68300=ADVANCED_FACE('',(#68290),#68180,.T.);
#68310=CARTESIAN_POINT('',(-2.03588235294118,-0.523529411764704,1.895));
#68320=DIRECTION('',(0.88235294117647,-0.470588235294118,
-5.76285342975237E-17));
#68330=DIRECTION('',(0.470588235294118,0.88235294117647,
1.08053501807857E-16));
#68340=AXIS2_PLACEMENT_3D('',#68310,#68320,#68330);
#68350=PLANE('',#68340);
#68360=ORIENTED_EDGE('',*,*,#66160,.F.);
#68370=CARTESIAN_POINT('',(-2.03588235294118,-0.523529411764707,1.835));
#68380=DIRECTION('',(0.,0.,-1.));
#68390=VECTOR('',#68380,1.);
#68400=LINE('',#68370,#68390);
#68410=EDGE_CURVE('',#66070,#67620,#68400,.T.);
#68420=ORIENTED_EDGE('',*,*,#68410,.F.);
#68430=ORIENTED_EDGE('',*,*,#67630,.F.);
#68440=ORIENTED_EDGE('',*,*,#68240,.F.);
#68450=EDGE_LOOP('',(#68440,#68430,#68420,#68360));
#68460=FACE_OUTER_BOUND('',#68450,.T.);
#68470=ADVANCED_FACE('',(#68460),#68350,.F.);
#68480=CARTESIAN_POINT('',(-2.08,-0.499999999999998,1.895));
#68490=DIRECTION('',(0.,1.22460635382238E-16,-1.));
#68500=DIRECTION('',(1.,0.,0.));
#68510=AXIS2_PLACEMENT_3D('',#68480,#68490,#68500);
#68520=CYLINDRICAL_SURFACE('',#68510,0.05);
#68530=ORIENTED_EDGE('',*,*,#66080,.F.);
#68540=CARTESIAN_POINT('',(-2.08,-0.549999999999998,1.685));
#68550=DIRECTION('',(0.,-7.40148683083438E-16,1.));
#68560=VECTOR('',#68550,1.);
#68570=LINE('',#68540,#68560);
#68580=EDGE_CURVE('',#67710,#65980,#68570,.T.);
#68590=ORIENTED_EDGE('',*,*,#68580,.T.);
#68600=ORIENTED_EDGE('',*,*,#67720,.F.);
#68610=ORIENTED_EDGE('',*,*,#68410,.T.);
#68620=EDGE_LOOP('',(#68610,#68600,#68590,#68530));
#68630=FACE_OUTER_BOUND('',#68620,.T.);
#68640=ADVANCED_FACE('',(#68630),#68520,.F.);
#68650=CARTESIAN_POINT('',(-2.29376671489879,-0.549999999999998,1.895));
#68660=DIRECTION('',(0.,-1.,-1.22460635382238E-16));
#68670=DIRECTION('',(1.,0.,0.));
#68680=AXIS2_PLACEMENT_3D('',#68650,#68660,#68670);
#68690=PLANE('',#68680);
#68700=ORIENTED_EDGE('',*,*,#65990,.F.);
#68710=CARTESIAN_POINT('',(-2.34000000000001,-0.549999999999998,1.835));
#68720=DIRECTION('',(0.,0.,-1.));
#68730=VECTOR('',#68720,1.);
#68740=LINE('',#68710,#68730);
#68750=EDGE_CURVE('',#65900,#67790,#68740,.T.);
#68760=ORIENTED_EDGE('',*,*,#68750,.F.);
#68770=ORIENTED_EDGE('',*,*,#67800,.F.);
#68780=ORIENTED_EDGE('',*,*,#68580,.F.);
#68790=EDGE_LOOP('',(#68780,#68770,#68760,#68700));
#68800=FACE_OUTER_BOUND('',#68790,.T.);
#68810=ADVANCED_FACE('',(#68800),#68690,.F.);
#68820=CARTESIAN_POINT('',(-2.34000000000001,-0.7640024,2.07476109676743
));
#68830=DIRECTION('',(-1.,3.5527136788005E-15,4.35067574437077E-31));
#68840=DIRECTION('',(4.37905770101505E-46,1.22460635382238E-16,-1.));
#68850=AXIS2_PLACEMENT_3D('',#68820,#68830,#68840);
#68860=PLANE('',#68850);
#68870=ORIENTED_EDGE('',*,*,#68750,.T.);
#68880=ORIENTED_EDGE('',*,*,#65910,.F.);
#68890=ORIENTED_EDGE('',*,*,#67220,.T.);
#68900=ORIENTED_EDGE('',*,*,#67860,.F.);
#68910=EDGE_LOOP('',(#68900,#68890,#68880,#68870));
#68920=FACE_OUTER_BOUND('',#68910,.T.);
#68930=ADVANCED_FACE('',(#68920),#68860,.T.);
#68940=CARTESIAN_POINT('',(-2.97514578638867,-0.649999999999998,1.435));
#68950=DIRECTION('',(0.,-1.22460635382238E-16,1.));
#68960=DIRECTION('',(0.,1.,1.22460635382238E-16));
#68970=AXIS2_PLACEMENT_3D('',#68940,#68950,#68960);
#68980=PLANE('',#68970);
#68990=ORIENTED_EDGE('',*,*,#16520,.T.);
#69000=CARTESIAN_POINT('',(-1.88,-0.549999999999998,1.435));
#69010=DIRECTION('',(5.08487067330098E-17,9.53413251247279E-17,-1.));
#69020=DIRECTION('',(-0.882352941177156,0.470588235292833,
-6.16297582203915E-33));
#69030=AXIS2_PLACEMENT_3D('',#69000,#69010,#69020);
#69040=CIRCLE('',#69030,0.05);
#69050=CARTESIAN_POINT('',(-1.92411764705885,-0.526470588235321,1.435));
#69060=VERTEX_POINT('',#69050);
#69070=EDGE_CURVE('',#69060,#16430,#69040,.T.);
#69080=ORIENTED_EDGE('',*,*,#69070,.T.);
#69090=CARTESIAN_POINT('',(-1.94764705882356,-0.570588235294159,1.435));
#69100=DIRECTION('',(0.470588235294115,0.882352941176472,0.));
#69110=VECTOR('',#69100,1.);
#69120=LINE('',#69090,#69110);
#69130=CARTESIAN_POINT('',(-1.94764705882354,-0.570588235294139,1.435));
#69140=VERTEX_POINT('',#69130);
#69150=EDGE_CURVE('',#69140,#69060,#69120,.T.);
#69160=ORIENTED_EDGE('',*,*,#69150,.T.);
#69170=CARTESIAN_POINT('',(-2.08,-0.499999999999998,1.435));
#69180=DIRECTION('',(-7.97623886467975E-30,-5.19517036865346E-43,1.));
#69190=DIRECTION('',(6.51330841113425E-14,-1.,0.));
#69200=AXIS2_PLACEMENT_3D('',#69170,#69180,#69190);
#69210=CIRCLE('',#69200,0.15);
#69220=CARTESIAN_POINT('',(-2.08,-0.649999999999997,1.435));
#69230=VERTEX_POINT('',#69220);
#69240=EDGE_CURVE('',#69230,#69140,#69210,.T.);
#69250=ORIENTED_EDGE('',*,*,#69240,.T.);
#69260=CARTESIAN_POINT('',(-2.34000000000001,-0.649999999999997,1.435));
#69270=DIRECTION('',(1.,0.,0.));
#69280=VECTOR('',#69270,1.);
#69290=LINE('',#69260,#69280);
#69300=CARTESIAN_POINT('',(-2.34000000000001,-0.649999999999997,1.435));
#69310=VERTEX_POINT('',#69300);
#69320=EDGE_CURVE('',#69310,#69230,#69290,.T.);
#69330=ORIENTED_EDGE('',*,*,#69320,.T.);
#69340=CARTESIAN_POINT('',(-2.34000000000001,-0.549999999999998,1.435));
#69350=DIRECTION('',(0.,-1.,0.));
#69360=VECTOR('',#69350,1.);
#69370=LINE('',#69340,#69360);
#69380=CARTESIAN_POINT('',(-2.34000000000001,-0.549999999999998,1.435));
#69390=VERTEX_POINT('',#69380);
#69400=EDGE_CURVE('',#69390,#69310,#69370,.T.);
#69410=ORIENTED_EDGE('',*,*,#69400,.T.);
#69420=CARTESIAN_POINT('',(-2.08,-0.549999999999998,1.435));
#69430=DIRECTION('',(-1.,0.,0.));
#69440=VECTOR('',#69430,1.);
#69450=LINE('',#69420,#69440);
#69460=CARTESIAN_POINT('',(-2.08,-0.549999999999998,1.435));
#69470=VERTEX_POINT('',#69460);
#69480=EDGE_CURVE('',#69470,#69390,#69450,.T.);
#69490=ORIENTED_EDGE('',*,*,#69480,.T.);
#69500=CARTESIAN_POINT('',(-2.08,-0.499999999999998,1.435));
#69510=DIRECTION('',(5.08487067331612E-17,9.53413251245022E-17,-1.));
#69520=DIRECTION('',(0.882352941176112,-0.470588235294791,0.));
#69530=AXIS2_PLACEMENT_3D('',#69500,#69510,#69520);
#69540=CIRCLE('',#69530,0.05);
#69550=CARTESIAN_POINT('',(-2.03588235294119,-0.523529411764721,1.435));
#69560=VERTEX_POINT('',#69550);
#69570=EDGE_CURVE('',#69560,#69470,#69540,.T.);
#69580=ORIENTED_EDGE('',*,*,#69570,.T.);
#69590=CARTESIAN_POINT('',(-2.01235294117649,-0.479411764705909,1.435));
#69600=DIRECTION('',(-0.470588235294118,-0.882352941176471,0.));
#69610=VECTOR('',#69600,1.);
#69620=LINE('',#69590,#69610);
#69630=CARTESIAN_POINT('',(-2.01235294117648,-0.479411764705896,1.435));
#69640=VERTEX_POINT('',#69630);
#69650=EDGE_CURVE('',#69640,#69560,#69620,.T.);
#69660=ORIENTED_EDGE('',*,*,#69650,.T.);
#69670=CARTESIAN_POINT('',(-1.88,-0.549999999999998,1.435));
#69680=DIRECTION('',(0.,-0.,1.));
#69690=DIRECTION('',(0.,1.,0.));
#69700=AXIS2_PLACEMENT_3D('',#69670,#69680,#69690);
#69710=CIRCLE('',#69700,0.15);
#69720=CARTESIAN_POINT('',(-1.88,-0.399999999999998,1.435));
#69730=VERTEX_POINT('',#69720);
#69740=EDGE_CURVE('',#69730,#69640,#69710,.T.);
#69750=ORIENTED_EDGE('',*,*,#69740,.T.);
#69760=CARTESIAN_POINT('',(-1.78,-0.399999999999998,1.435));
#69770=DIRECTION('',(-1.,0.,0.));
#69780=VECTOR('',#69770,1.);
#69790=LINE('',#69760,#69780);
#69800=EDGE_CURVE('',#24340,#69730,#69790,.T.);
#69810=ORIENTED_EDGE('',*,*,#69800,.T.);
#69820=ORIENTED_EDGE('',*,*,#24350,.F.);
#69830=EDGE_LOOP('',(#69820,#69810,#69750,#69660,#69580,#69490,#69410,
#69330,#69250,#69160,#69080,#68990));
#69840=FACE_OUTER_BOUND('',#69830,.T.);
#69850=ADVANCED_FACE('',(#69840),#68980,.T.);
#69860=CARTESIAN_POINT('',(-1.88,-0.549999999999998,1.495));
#69870=DIRECTION('',(0.,1.22460635382238E-16,-1.));
#69880=DIRECTION('',(1.,0.,0.));
#69890=AXIS2_PLACEMENT_3D('',#69860,#69870,#69880);
#69900=CYLINDRICAL_SURFACE('',#69890,0.05);
#69910=ORIENTED_EDGE('',*,*,#69070,.F.);
#69920=ORIENTED_EDGE('',*,*,#16440,.T.);
#69930=CARTESIAN_POINT('',(-1.88,-0.549999999999998,1.285));
#69940=DIRECTION('',(1.63150340413904E-30,-2.17359917283538E-44,1.));
#69950=DIRECTION('',(1.33226762955019E-14,1.,0.));
#69960=AXIS2_PLACEMENT_3D('',#69930,#69940,#69950);
#69970=CIRCLE('',#69960,0.05);
#69980=CARTESIAN_POINT('',(-1.92411764705885,-0.52647058823533,1.285));
#69990=VERTEX_POINT('',#69980);
#70000=EDGE_CURVE('',#16350,#69990,#69970,.T.);
#70010=ORIENTED_EDGE('',*,*,#70000,.F.);
#70020=CARTESIAN_POINT('',(-1.92411764705882,-0.526470588235291,1.435));
#70030=DIRECTION('',(0.,0.,-1.));
#70040=VECTOR('',#70030,1.);
#70050=LINE('',#70020,#70040);
#70060=EDGE_CURVE('',#69060,#69990,#70050,.T.);
#70070=ORIENTED_EDGE('',*,*,#70060,.T.);
#70080=EDGE_LOOP('',(#70070,#70010,#69920,#69910));
#70090=FACE_OUTER_BOUND('',#70080,.T.);
#70100=ADVANCED_FACE('',(#70090),#69900,.F.);
#70110=CARTESIAN_POINT('',(-1.92411764705883,-0.526470588235292,1.495));
#70120=DIRECTION('',(-0.88235294117647,0.470588235294118,
5.76285342975237E-17));
#70130=DIRECTION('',(-0.470588235294118,-0.88235294117647,
-1.08053501807857E-16));
#70140=AXIS2_PLACEMENT_3D('',#70110,#70120,#70130);
#70150=PLANE('',#70140);
#70160=ORIENTED_EDGE('',*,*,#69150,.F.);
#70170=ORIENTED_EDGE('',*,*,#70060,.F.);
#70180=CARTESIAN_POINT('',(-1.92411764705888,-0.526470588235369,1.285));
#70190=DIRECTION('',(-0.470588235294115,-0.882352941176472,0.));
#70200=VECTOR('',#70190,1.);
#70210=LINE('',#70180,#70200);
#70220=CARTESIAN_POINT('',(-1.94764705882358,-0.570588235294205,1.285));
#70230=VERTEX_POINT('',#70220);
#70240=EDGE_CURVE('',#69990,#70230,#70210,.T.);
#70250=ORIENTED_EDGE('',*,*,#70240,.F.);
#70260=CARTESIAN_POINT('',(-1.94764705882353,-0.570588235294116,1.285));
#70270=DIRECTION('',(0.,0.,1.));
#70280=VECTOR('',#70270,1.);
#70290=LINE('',#70260,#70280);
#70300=EDGE_CURVE('',#70230,#69140,#70290,.T.);
#70310=ORIENTED_EDGE('',*,*,#70300,.F.);
#70320=EDGE_LOOP('',(#70310,#70250,#70170,#70160));
#70330=FACE_OUTER_BOUND('',#70320,.T.);
#70340=ADVANCED_FACE('',(#70330),#70150,.F.);
#70350=CARTESIAN_POINT('',(-2.08,-0.499999999999998,1.495));
#70360=DIRECTION('',(0.,1.22460635382238E-16,-1.));
#70370=DIRECTION('',(1.,0.,0.));
#70380=AXIS2_PLACEMENT_3D('',#70350,#70360,#70370);
#70390=CYLINDRICAL_SURFACE('',#70380,0.15);
#70400=ORIENTED_EDGE('',*,*,#69240,.F.);
#70410=ORIENTED_EDGE('',*,*,#70300,.T.);
#70420=CARTESIAN_POINT('',(-2.08,-0.499999999999998,1.285));
#70430=DIRECTION('',(5.08487067332013E-17,9.53413251244424E-17,-1.));
#70440=DIRECTION('',(0.882352941175835,-0.470588235295309,
6.16297582203915E-33));
#70450=AXIS2_PLACEMENT_3D('',#70420,#70430,#70440);
#70460=CIRCLE('',#70450,0.15);
#70470=CARTESIAN_POINT('',(-2.08,-0.649999999999997,1.285));
#70480=VERTEX_POINT('',#70470);
#70490=EDGE_CURVE('',#70230,#70480,#70460,.T.);
#70500=ORIENTED_EDGE('',*,*,#70490,.F.);
#70510=CARTESIAN_POINT('',(-2.08,-0.649999999999998,1.435));
#70520=DIRECTION('',(0.,7.40148683083437E-16,-1.));
#70530=VECTOR('',#70520,1.);
#70540=LINE('',#70510,#70530);
#70550=EDGE_CURVE('',#69230,#70480,#70540,.T.);
#70560=ORIENTED_EDGE('',*,*,#70550,.T.);
#70570=EDGE_LOOP('',(#70560,#70500,#70410,#70400));
#70580=FACE_OUTER_BOUND('',#70570,.T.);
#70590=ADVANCED_FACE('',(#70580),#70390,.T.);
#70600=CARTESIAN_POINT('',(-2.53376671489879,-0.649999999999997,1.495));
#70610=DIRECTION('',(6.47630097698008E-16,1.,1.22460635382238E-16));
#70620=DIRECTION('',(-1.,6.47630097698008E-16,7.93091932567587E-32));
#70630=AXIS2_PLACEMENT_3D('',#70600,#70610,#70620);
#70640=PLANE('',#70630);
#70650=CARTESIAN_POINT('',(-2.34000000000001,-0.649999999999997,1.285));
#70660=DIRECTION('',(0.,0.,1.));
#70670=VECTOR('',#70660,1.);
#70680=LINE('',#70650,#70670);
#70690=CARTESIAN_POINT('',(-2.34000000000001,-0.649999999999997,1.285));
#70700=VERTEX_POINT('',#70690);
#70710=EDGE_CURVE('',#70700,#69310,#70680,.T.);
#70720=ORIENTED_EDGE('',*,*,#70710,.F.);
#70730=ORIENTED_EDGE('',*,*,#69320,.F.);
#70740=ORIENTED_EDGE('',*,*,#70550,.F.);
#70750=CARTESIAN_POINT('',(-2.07999999999999,-0.649999999999997,1.285));
#70760=DIRECTION('',(-1.,0.,0.));
#70770=VECTOR('',#70760,1.);
#70780=LINE('',#70750,#70770);
#70790=EDGE_CURVE('',#70480,#70700,#70780,.T.);
#70800=ORIENTED_EDGE('',*,*,#70790,.F.);
#70810=EDGE_LOOP('',(#70800,#70740,#70730,#70720));
#70820=FACE_OUTER_BOUND('',#70810,.T.);
#70830=ADVANCED_FACE('',(#70820),#70640,.F.);
#70840=CARTESIAN_POINT('',(-2.97514578638867,-0.349999999999998,1.285));
#70850=DIRECTION('',(0.,1.22460635382238E-16,-1.));
#70860=DIRECTION('',(0.,-1.,-1.22460635382238E-16));
#70870=AXIS2_PLACEMENT_3D('',#70840,#70850,#70860);
#70880=PLANE('',#70870);
#70890=CARTESIAN_POINT('',(-1.88,-0.399999999999998,1.285));
#70900=DIRECTION('',(1.,0.,0.));
#70910=VECTOR('',#70900,1.);
#70920=LINE('',#70890,#70910);
#70930=CARTESIAN_POINT('',(-1.88,-0.399999999999998,1.285));
#70940=VERTEX_POINT('',#70930);
#70950=EDGE_CURVE('',#70940,#24420,#70920,.T.);
#70960=ORIENTED_EDGE('',*,*,#70950,.T.);
#70970=CARTESIAN_POINT('',(-1.88,-0.549999999999998,1.285));
#70980=DIRECTION('',(5.08487067330655E-17,9.53413251246449E-17,-1.));
#70990=DIRECTION('',(-0.882352941176772,0.470588235293553,0.));
#71000=AXIS2_PLACEMENT_3D('',#70970,#70980,#70990);
#71010=CIRCLE('',#71000,0.15);
#71020=CARTESIAN_POINT('',(-2.0123529411765,-0.479411764705921,1.285));
#71030=VERTEX_POINT('',#71020);
#71040=EDGE_CURVE('',#71030,#70940,#71010,.T.);
#71050=ORIENTED_EDGE('',*,*,#71040,.T.);
#71060=CARTESIAN_POINT('',(-2.0358823529412,-0.523529411764745,1.285));
#71070=DIRECTION('',(0.470588235294129,0.882352941176464,0.));
#71080=VECTOR('',#71070,1.);
#71090=LINE('',#71060,#71080);
#71100=CARTESIAN_POINT('',(-2.03588235294119,-0.523529411764727,1.285));
#71110=VERTEX_POINT('',#71100);
#71120=EDGE_CURVE('',#71110,#71030,#71090,.T.);
#71130=ORIENTED_EDGE('',*,*,#71120,.T.);
#71140=CARTESIAN_POINT('',(-2.08,-0.499999999999998,1.285));
#71150=DIRECTION('',(-0.,0.,1.));
#71160=DIRECTION('',(0.,-1.,0.));
#71170=AXIS2_PLACEMENT_3D('',#71140,#71150,#71160);
#71180=CIRCLE('',#71170,0.05);
#71190=CARTESIAN_POINT('',(-2.08,-0.549999999999998,1.285));
#71200=VERTEX_POINT('',#71190);
#71210=EDGE_CURVE('',#71200,#71110,#71180,.T.);
#71220=ORIENTED_EDGE('',*,*,#71210,.T.);
#71230=CARTESIAN_POINT('',(-2.34000000000001,-0.549999999999998,1.285));
#71240=DIRECTION('',(1.,0.,0.));
#71250=VECTOR('',#71240,1.);
#71260=LINE('',#71230,#71250);
#71270=CARTESIAN_POINT('',(-2.34000000000001,-0.549999999999998,1.285));
#71280=VERTEX_POINT('',#71270);
#71290=EDGE_CURVE('',#71280,#71200,#71260,.T.);
#71300=ORIENTED_EDGE('',*,*,#71290,.T.);
#71310=CARTESIAN_POINT('',(-2.34000000000001,-0.649999999999997,1.285));
#71320=DIRECTION('',(0.,1.,0.));
#71330=VECTOR('',#71320,1.);
#71340=LINE('',#71310,#71330);
#71350=EDGE_CURVE('',#70700,#71280,#71340,.T.);
#71360=ORIENTED_EDGE('',*,*,#71350,.T.);
#71370=ORIENTED_EDGE('',*,*,#70790,.T.);
#71380=ORIENTED_EDGE('',*,*,#70490,.T.);
#71390=ORIENTED_EDGE('',*,*,#70240,.T.);
#71400=ORIENTED_EDGE('',*,*,#70000,.T.);
#71410=ORIENTED_EDGE('',*,*,#16360,.T.);
#71420=ORIENTED_EDGE('',*,*,#24490,.F.);
#71430=EDGE_LOOP('',(#71420,#71410,#71400,#71390,#71380,#71370,#71360,
#71300,#71220,#71130,#71050,#70960));
#71440=FACE_OUTER_BOUND('',#71430,.T.);
#71450=ADVANCED_FACE('',(#71440),#70880,.T.);
#71460=CARTESIAN_POINT('',(-1.88,-0.399999999999998,1.495));
#71470=DIRECTION('',(0.,-1.,-1.22460635382238E-16));
#71480=DIRECTION('',(1.,0.,0.));
#71490=AXIS2_PLACEMENT_3D('',#71460,#71470,#71480);
#71500=PLANE('',#71490);
#71510=ORIENTED_EDGE('',*,*,#69800,.F.);
#71520=CARTESIAN_POINT('',(-1.88,-0.399999999999998,1.435));
#71530=DIRECTION('',(0.,0.,-1.));
#71540=VECTOR('',#71530,1.);
#71550=LINE('',#71520,#71540);
#71560=EDGE_CURVE('',#69730,#70940,#71550,.T.);
#71570=ORIENTED_EDGE('',*,*,#71560,.F.);
#71580=ORIENTED_EDGE('',*,*,#70950,.F.);
#71590=ORIENTED_EDGE('',*,*,#24430,.T.);
#71600=EDGE_LOOP('',(#71590,#71580,#71570,#71510));
#71610=FACE_OUTER_BOUND('',#71600,.T.);
#71620=ADVANCED_FACE('',(#71610),#71500,.F.);
#71630=CARTESIAN_POINT('',(-1.88,-0.549999999999998,1.495));
#71640=DIRECTION('',(0.,1.22460635382238E-16,-1.));
#71650=DIRECTION('',(1.,0.,0.));
#71660=AXIS2_PLACEMENT_3D('',#71630,#71640,#71650);
#71670=CYLINDRICAL_SURFACE('',#71660,0.15);
#71680=ORIENTED_EDGE('',*,*,#69740,.F.);
#71690=CARTESIAN_POINT('',(-2.01235294117647,-0.47941176470588,1.285));
#71700=DIRECTION('',(0.,0.,1.));
#71710=VECTOR('',#71700,1.);
#71720=LINE('',#71690,#71710);
#71730=EDGE_CURVE('',#71030,#69640,#71720,.T.);
#71740=ORIENTED_EDGE('',*,*,#71730,.T.);
#71750=ORIENTED_EDGE('',*,*,#71040,.F.);
#71760=ORIENTED_EDGE('',*,*,#71560,.T.);
#71770=EDGE_LOOP('',(#71760,#71750,#71740,#71680));
#71780=FACE_OUTER_BOUND('',#71770,.T.);
#71790=ADVANCED_FACE('',(#71780),#71670,.T.);
#71800=CARTESIAN_POINT('',(-2.03588235294118,-0.523529411764704,1.495));
#71810=DIRECTION('',(0.88235294117647,-0.470588235294118,
-5.76285342975237E-17));
#71820=DIRECTION('',(0.470588235294118,0.88235294117647,
1.08053501807857E-16));
#71830=AXIS2_PLACEMENT_3D('',#71800,#71810,#71820);
#71840=PLANE('',#71830);
#71850=ORIENTED_EDGE('',*,*,#69650,.F.);
#71860=CARTESIAN_POINT('',(-2.03588235294118,-0.523529411764707,1.435));
#71870=DIRECTION('',(0.,0.,-1.));
#71880=VECTOR('',#71870,1.);
#71890=LINE('',#71860,#71880);
#71900=EDGE_CURVE('',#69560,#71110,#71890,.T.);
#71910=ORIENTED_EDGE('',*,*,#71900,.F.);
#71920=ORIENTED_EDGE('',*,*,#71120,.F.);
#71930=ORIENTED_EDGE('',*,*,#71730,.F.);
#71940=EDGE_LOOP('',(#71930,#71920,#71910,#71850));
#71950=FACE_OUTER_BOUND('',#71940,.T.);
#71960=ADVANCED_FACE('',(#71950),#71840,.F.);
#71970=CARTESIAN_POINT('',(-2.08,-0.499999999999998,1.495));
#71980=DIRECTION('',(0.,1.22460635382238E-16,-1.));
#71990=DIRECTION('',(1.,0.,0.));
#72000=AXIS2_PLACEMENT_3D('',#71970,#71980,#71990);
#72010=CYLINDRICAL_SURFACE('',#72000,0.05);
#72020=ORIENTED_EDGE('',*,*,#69570,.F.);
#72030=CARTESIAN_POINT('',(-2.08,-0.549999999999998,1.285));
#72040=DIRECTION('',(0.,-7.40148683083437E-16,1.));
#72050=VECTOR('',#72040,1.);
#72060=LINE('',#72030,#72050);
#72070=EDGE_CURVE('',#71200,#69470,#72060,.T.);
#72080=ORIENTED_EDGE('',*,*,#72070,.T.);
#72090=ORIENTED_EDGE('',*,*,#71210,.F.);
#72100=ORIENTED_EDGE('',*,*,#71900,.T.);
#72110=EDGE_LOOP('',(#72100,#72090,#72080,#72020));
#72120=FACE_OUTER_BOUND('',#72110,.T.);
#72130=ADVANCED_FACE('',(#72120),#72010,.F.);
#72140=CARTESIAN_POINT('',(-2.29376671489879,-0.549999999999998,1.495));
#72150=DIRECTION('',(0.,-1.,-1.22460635382238E-16));
#72160=DIRECTION('',(1.,0.,0.));
#72170=AXIS2_PLACEMENT_3D('',#72140,#72150,#72160);
#72180=PLANE('',#72170);
#72190=ORIENTED_EDGE('',*,*,#69480,.F.);
#72200=CARTESIAN_POINT('',(-2.34000000000001,-0.549999999999998,1.435));
#72210=DIRECTION('',(0.,0.,-1.));
#72220=VECTOR('',#72210,1.);
#72230=LINE('',#72200,#72220);
#72240=EDGE_CURVE('',#69390,#71280,#72230,.T.);
#72250=ORIENTED_EDGE('',*,*,#72240,.F.);
#72260=ORIENTED_EDGE('',*,*,#71290,.F.);
#72270=ORIENTED_EDGE('',*,*,#72070,.F.);
#72280=EDGE_LOOP('',(#72270,#72260,#72250,#72190));
#72290=FACE_OUTER_BOUND('',#72280,.T.);
#72300=ADVANCED_FACE('',(#72290),#72180,.F.);
#72310=CARTESIAN_POINT('',(-2.34000000000001,-0.7640024,1.67476109676743
));
#72320=DIRECTION('',(-1.,3.5527136788005E-15,4.35067574437077E-31));
#72330=DIRECTION('',(4.37905770101505E-46,1.22460635382238E-16,-1.));
#72340=AXIS2_PLACEMENT_3D('',#72310,#72320,#72330);
#72350=PLANE('',#72340);
#72360=ORIENTED_EDGE('',*,*,#72240,.T.);
#72370=ORIENTED_EDGE('',*,*,#69400,.F.);
#72380=ORIENTED_EDGE('',*,*,#70710,.T.);
#72390=ORIENTED_EDGE('',*,*,#71350,.F.);
#72400=EDGE_LOOP('',(#72390,#72380,#72370,#72360));
#72410=FACE_OUTER_BOUND('',#72400,.T.);
#72420=ADVANCED_FACE('',(#72410),#72350,.T.);
#72430=CARTESIAN_POINT('',(-2.97514578638867,-0.649999999999998,1.035));
#72440=DIRECTION('',(0.,-1.22460635382238E-16,1.));
#72450=DIRECTION('',(0.,1.,1.22460635382238E-16));
#72460=AXIS2_PLACEMENT_3D('',#72430,#72440,#72450);
#72470=PLANE('',#72460);
#72480=ORIENTED_EDGE('',*,*,#16200,.T.);
#72490=CARTESIAN_POINT('',(-1.88,-0.549999999999998,1.035));
#72500=DIRECTION('',(5.08487067330172E-17,9.5341325124717E-17,-1.));
#72510=DIRECTION('',(-0.882352941177106,0.470588235292927,
-6.16297582203915E-33));
#72520=AXIS2_PLACEMENT_3D('',#72490,#72500,#72510);
#72530=CIRCLE('',#72520,0.05);
#72540=CARTESIAN_POINT('',(-1.92411764705884,-0.526470588235319,1.035));
#72550=VERTEX_POINT('',#72540);
#72560=EDGE_CURVE('',#72550,#16110,#72530,.T.);
#72570=ORIENTED_EDGE('',*,*,#72560,.T.);
#72580=CARTESIAN_POINT('',(-1.94764705882355,-0.570588235294144,1.035));
#72590=DIRECTION('',(0.470588235294121,0.882352941176469,0.));
#72600=VECTOR('',#72590,1.);
#72610=LINE('',#72580,#72600);
#72620=CARTESIAN_POINT('',(-1.94764705882354,-0.570588235294131,1.035));
#72630=VERTEX_POINT('',#72620);
#72640=EDGE_CURVE('',#72630,#72550,#72610,.T.);
#72650=ORIENTED_EDGE('',*,*,#72640,.T.);
#72660=CARTESIAN_POINT('',(-2.08,-0.499999999999998,1.035));
#72670=DIRECTION('',(-7.97623886467975E-30,-5.19517036865346E-43,1.));
#72680=DIRECTION('',(6.51330841113425E-14,-1.,0.));
#72690=AXIS2_PLACEMENT_3D('',#72660,#72670,#72680);
#72700=CIRCLE('',#72690,0.15);
#72710=CARTESIAN_POINT('',(-2.08,-0.649999999999997,1.035));
#72720=VERTEX_POINT('',#72710);
#72730=EDGE_CURVE('',#72720,#72630,#72700,.T.);
#72740=ORIENTED_EDGE('',*,*,#72730,.T.);
#72750=CARTESIAN_POINT('',(-2.34000000000001,-0.649999999999997,1.035));
#72760=DIRECTION('',(1.,0.,0.));
#72770=VECTOR('',#72760,1.);
#72780=LINE('',#72750,#72770);
#72790=CARTESIAN_POINT('',(-2.34000000000001,-0.649999999999997,1.035));
#72800=VERTEX_POINT('',#72790);
#72810=EDGE_CURVE('',#72800,#72720,#72780,.T.);
#72820=ORIENTED_EDGE('',*,*,#72810,.T.);
#72830=CARTESIAN_POINT('',(-2.34000000000001,-0.549999999999998,1.035));
#72840=DIRECTION('',(0.,-1.,0.));
#72850=VECTOR('',#72840,1.);
#72860=LINE('',#72830,#72850);
#72870=CARTESIAN_POINT('',(-2.34000000000001,-0.549999999999998,1.035));
#72880=VERTEX_POINT('',#72870);
#72890=EDGE_CURVE('',#72880,#72800,#72860,.T.);
#72900=ORIENTED_EDGE('',*,*,#72890,.T.);
#72910=CARTESIAN_POINT('',(-2.08,-0.549999999999998,1.035));
#72920=DIRECTION('',(-1.,0.,0.));
#72930=VECTOR('',#72920,1.);
#72940=LINE('',#72910,#72930);
#72950=CARTESIAN_POINT('',(-2.08,-0.549999999999998,1.035));
#72960=VERTEX_POINT('',#72950);
#72970=EDGE_CURVE('',#72960,#72880,#72940,.T.);
#72980=ORIENTED_EDGE('',*,*,#72970,.T.);
#72990=CARTESIAN_POINT('',(-2.08,-0.499999999999998,1.035));
#73000=DIRECTION('',(5.08487067331344E-17,9.53413251245422E-17,-1.));
#73010=DIRECTION('',(0.882352941176297,-0.470588235294444,
6.16297582203915E-33));
#73020=AXIS2_PLACEMENT_3D('',#72990,#73000,#73010);
#73030=CIRCLE('',#73020,0.05);
#73040=CARTESIAN_POINT('',(-2.03588235294118,-0.523529411764712,1.035));
#73050=VERTEX_POINT('',#73040);
#73060=EDGE_CURVE('',#73050,#72960,#73030,.T.);
#73070=ORIENTED_EDGE('',*,*,#73060,.T.);
#73080=CARTESIAN_POINT('',(-2.01235294117647,-0.479411764705883,1.035));
#73090=DIRECTION('',(-0.470588235294114,-0.882352941176472,0.));
#73100=VECTOR('',#73090,1.);
#73110=LINE('',#73080,#73100);
#73120=CARTESIAN_POINT('',(-2.01235294117647,-0.479411764705882,1.035));
#73130=VERTEX_POINT('',#73120);
#73140=EDGE_CURVE('',#73130,#73050,#73110,.T.);
#73150=ORIENTED_EDGE('',*,*,#73140,.T.);
#73160=CARTESIAN_POINT('',(-1.88,-0.549999999999998,1.035));
#73170=DIRECTION('',(0.,-0.,1.));
#73180=DIRECTION('',(0.,1.,0.));
#73190=AXIS2_PLACEMENT_3D('',#73160,#73170,#73180);
#73200=CIRCLE('',#73190,0.15);
#73210=CARTESIAN_POINT('',(-1.88,-0.399999999999998,1.035));
#73220=VERTEX_POINT('',#73210);
#73230=EDGE_CURVE('',#73220,#73130,#73200,.T.);
#73240=ORIENTED_EDGE('',*,*,#73230,.T.);
#73250=CARTESIAN_POINT('',(-1.78,-0.399999999999998,1.035));
#73260=DIRECTION('',(-1.,0.,0.));
#73270=VECTOR('',#73260,1.);
#73280=LINE('',#73250,#73270);
#73290=EDGE_CURVE('',#24570,#73220,#73280,.T.);
#73300=ORIENTED_EDGE('',*,*,#73290,.T.);
#73310=ORIENTED_EDGE('',*,*,#24580,.F.);
#73320=EDGE_LOOP('',(#73310,#73300,#73240,#73150,#73070,#72980,#72900,
#72820,#72740,#72650,#72570,#72480));
#73330=FACE_OUTER_BOUND('',#73320,.T.);
#73340=ADVANCED_FACE('',(#73330),#72470,.T.);
#73350=CARTESIAN_POINT('',(-1.88,-0.549999999999998,1.095));
#73360=DIRECTION('',(0.,1.22460635382238E-16,-1.));
#73370=DIRECTION('',(1.,0.,0.));
#73380=AXIS2_PLACEMENT_3D('',#73350,#73360,#73370);
#73390=CYLINDRICAL_SURFACE('',#73380,0.05);
#73400=ORIENTED_EDGE('',*,*,#72560,.F.);
#73410=ORIENTED_EDGE('',*,*,#16120,.T.);
#73420=CARTESIAN_POINT('',(-1.88,-0.549999999999998,0.885));
#73430=DIRECTION('',(1.63150340413904E-30,-2.17359917283538E-44,1.));
#73440=DIRECTION('',(1.33226762955019E-14,1.,0.));
#73450=AXIS2_PLACEMENT_3D('',#73420,#73430,#73440);
#73460=CIRCLE('',#73450,0.05);
#73470=CARTESIAN_POINT('',(-1.92411764705885,-0.526470588235334,0.885));
#73480=VERTEX_POINT('',#73470);
#73490=EDGE_CURVE('',#16030,#73480,#73460,.T.);
#73500=ORIENTED_EDGE('',*,*,#73490,.F.);
#73510=CARTESIAN_POINT('',(-1.92411764705882,-0.526470588235291,1.035));
#73520=DIRECTION('',(0.,0.,-1.));
#73530=VECTOR('',#73520,1.);
#73540=LINE('',#73510,#73530);
#73550=EDGE_CURVE('',#72550,#73480,#73540,.T.);
#73560=ORIENTED_EDGE('',*,*,#73550,.T.);
#73570=EDGE_LOOP('',(#73560,#73500,#73410,#73400));
#73580=FACE_OUTER_BOUND('',#73570,.T.);
#73590=ADVANCED_FACE('',(#73580),#73390,.F.);
#73600=CARTESIAN_POINT('',(-1.92411764705883,-0.526470588235292,1.095));
#73610=DIRECTION('',(-0.88235294117647,0.470588235294118,
5.76285342975237E-17));
#73620=DIRECTION('',(-0.470588235294118,-0.88235294117647,
-1.08053501807857E-16));
#73630=AXIS2_PLACEMENT_3D('',#73600,#73610,#73620);
#73640=PLANE('',#73630);
#73650=ORIENTED_EDGE('',*,*,#72640,.F.);
#73660=ORIENTED_EDGE('',*,*,#73550,.F.);
#73670=CARTESIAN_POINT('',(-1.92411764705888,-0.526470588235377,0.885));
#73680=DIRECTION('',(-0.470588235294117,-0.882352941176471,0.));
#73690=VECTOR('',#73680,1.);
#73700=LINE('',#73670,#73690);
#73710=CARTESIAN_POINT('',(-1.94764705882358,-0.570588235294204,0.885));
#73720=VERTEX_POINT('',#73710);
#73730=EDGE_CURVE('',#73480,#73720,#73700,.T.);
#73740=ORIENTED_EDGE('',*,*,#73730,.F.);
#73750=CARTESIAN_POINT('',(-1.94764705882353,-0.570588235294116,0.885));
#73760=DIRECTION('',(0.,0.,1.));
#73770=VECTOR('',#73760,1.);
#73780=LINE('',#73750,#73770);
#73790=EDGE_CURVE('',#73720,#72630,#73780,.T.);
#73800=ORIENTED_EDGE('',*,*,#73790,.F.);
#73810=EDGE_LOOP('',(#73800,#73740,#73660,#73650));
#73820=FACE_OUTER_BOUND('',#73810,.T.);
#73830=ADVANCED_FACE('',(#73820),#73640,.F.);
#73840=CARTESIAN_POINT('',(-2.08,-0.499999999999998,1.095));
#73850=DIRECTION('',(0.,1.22460635382238E-16,-1.));
#73860=DIRECTION('',(1.,0.,0.));
#73870=AXIS2_PLACEMENT_3D('',#73840,#73850,#73860);
#73880=CYLINDRICAL_SURFACE('',#73870,0.15);
#73890=ORIENTED_EDGE('',*,*,#72730,.F.);
#73900=ORIENTED_EDGE('',*,*,#73790,.T.);
#73910=CARTESIAN_POINT('',(-2.08,-0.499999999999998,0.885));
#73920=DIRECTION('',(5.08487067331997E-17,9.53413251244449E-17,-1.));
#73930=DIRECTION('',(0.882352941175846,-0.470588235295288,0.));
#73940=AXIS2_PLACEMENT_3D('',#73910,#73920,#73930);
#73950=CIRCLE('',#73940,0.15);
#73960=CARTESIAN_POINT('',(-2.08,-0.649999999999997,0.885));
#73970=VERTEX_POINT('',#73960);
#73980=EDGE_CURVE('',#73720,#73970,#73950,.T.);
#73990=ORIENTED_EDGE('',*,*,#73980,.F.);
#74000=CARTESIAN_POINT('',(-2.08,-0.649999999999998,1.035));
#74010=DIRECTION('',(0.,7.40148683083438E-16,-1.));
#74020=VECTOR('',#74010,1.);
#74030=LINE('',#74000,#74020);
#74040=EDGE_CURVE('',#72720,#73970,#74030,.T.);
#74050=ORIENTED_EDGE('',*,*,#74040,.T.);
#74060=EDGE_LOOP('',(#74050,#73990,#73900,#73890));
#74070=FACE_OUTER_BOUND('',#74060,.T.);
#74080=ADVANCED_FACE('',(#74070),#73880,.T.);
#74090=CARTESIAN_POINT('',(-2.53376671489879,-0.649999999999997,1.095));
#74100=DIRECTION('',(6.47630097698008E-16,1.,1.22460635382238E-16));
#74110=DIRECTION('',(-1.,6.47630097698008E-16,7.93091932567587E-32));
#74120=AXIS2_PLACEMENT_3D('',#74090,#74100,#74110);
#74130=PLANE('',#74120);
#74140=CARTESIAN_POINT('',(-2.34000000000001,-0.649999999999997,0.885));
#74150=DIRECTION('',(0.,0.,1.));
#74160=VECTOR('',#74150,1.);
#74170=LINE('',#74140,#74160);
#74180=CARTESIAN_POINT('',(-2.34000000000001,-0.649999999999997,0.885));
#74190=VERTEX_POINT('',#74180);
#74200=EDGE_CURVE('',#74190,#72800,#74170,.T.);
#74210=ORIENTED_EDGE('',*,*,#74200,.F.);
#74220=ORIENTED_EDGE('',*,*,#72810,.F.);
#74230=ORIENTED_EDGE('',*,*,#74040,.F.);
#74240=CARTESIAN_POINT('',(-2.07999999999999,-0.649999999999997,0.885));
#74250=DIRECTION('',(-1.,0.,0.));
#74260=VECTOR('',#74250,1.);
#74270=LINE('',#74240,#74260);
#74280=EDGE_CURVE('',#73970,#74190,#74270,.T.);
#74290=ORIENTED_EDGE('',*,*,#74280,.F.);
#74300=EDGE_LOOP('',(#74290,#74230,#74220,#74210));
#74310=FACE_OUTER_BOUND('',#74300,.T.);
#74320=ADVANCED_FACE('',(#74310),#74130,.F.);
#74330=CARTESIAN_POINT('',(-2.97514578638867,-0.349999999999998,0.885));
#74340=DIRECTION('',(0.,1.22460635382238E-16,-1.));
#74350=DIRECTION('',(0.,-1.,-1.22460635382238E-16));
#74360=AXIS2_PLACEMENT_3D('',#74330,#74340,#74350);
#74370=PLANE('',#74360);
#74380=CARTESIAN_POINT('',(-1.88,-0.399999999999998,0.885));
#74390=DIRECTION('',(1.,0.,0.));
#74400=VECTOR('',#74390,1.);
#74410=LINE('',#74380,#74400);
#74420=CARTESIAN_POINT('',(-1.88,-0.399999999999998,0.885));
#74430=VERTEX_POINT('',#74420);
#74440=EDGE_CURVE('',#74430,#24650,#74410,.T.);
#74450=ORIENTED_EDGE('',*,*,#74440,.T.);
#74460=CARTESIAN_POINT('',(-1.88,-0.549999999999998,0.885));
#74470=DIRECTION('',(5.08487067330649E-17,9.53413251246458E-17,-1.));
#74480=DIRECTION('',(-0.882352941176776,0.470588235293544,0.));
#74490=AXIS2_PLACEMENT_3D('',#74460,#74470,#74480);
#74500=CIRCLE('',#74490,0.15);
#74510=CARTESIAN_POINT('',(-2.0123529411765,-0.479411764705922,0.885));
#74520=VERTEX_POINT('',#74510);
#74530=EDGE_CURVE('',#74520,#74430,#74500,.T.);
#74540=ORIENTED_EDGE('',*,*,#74530,.T.);
#74550=CARTESIAN_POINT('',(-2.0358823529412,-0.523529411764745,0.885));
#74560=DIRECTION('',(0.470588235294126,0.882352941176466,0.));
#74570=VECTOR('',#74560,1.);
#74580=LINE('',#74550,#74570);
#74590=CARTESIAN_POINT('',(-2.03588235294119,-0.523529411764727,0.885));
#74600=VERTEX_POINT('',#74590);
#74610=EDGE_CURVE('',#74600,#74520,#74580,.T.);
#74620=ORIENTED_EDGE('',*,*,#74610,.T.);
#74630=CARTESIAN_POINT('',(-2.08,-0.499999999999998,0.885));
#74640=DIRECTION('',(-0.,0.,1.));
#74650=DIRECTION('',(0.,-1.,0.));
#74660=AXIS2_PLACEMENT_3D('',#74630,#74640,#74650);
#74670=CIRCLE('',#74660,0.05);
#74680=CARTESIAN_POINT('',(-2.08,-0.549999999999998,0.885));
#74690=VERTEX_POINT('',#74680);
#74700=EDGE_CURVE('',#74690,#74600,#74670,.T.);
#74710=ORIENTED_EDGE('',*,*,#74700,.T.);
#74720=CARTESIAN_POINT('',(-2.34000000000001,-0.549999999999998,0.885));
#74730=DIRECTION('',(1.,0.,0.));
#74740=VECTOR('',#74730,1.);
#74750=LINE('',#74720,#74740);
#74760=CARTESIAN_POINT('',(-2.34000000000001,-0.549999999999998,0.885));
#74770=VERTEX_POINT('',#74760);
#74780=EDGE_CURVE('',#74770,#74690,#74750,.T.);
#74790=ORIENTED_EDGE('',*,*,#74780,.T.);
#74800=CARTESIAN_POINT('',(-2.34000000000001,-0.649999999999997,0.885));
#74810=DIRECTION('',(0.,1.,0.));
#74820=VECTOR('',#74810,1.);
#74830=LINE('',#74800,#74820);
#74840=EDGE_CURVE('',#74190,#74770,#74830,.T.);
#74850=ORIENTED_EDGE('',*,*,#74840,.T.);
#74860=ORIENTED_EDGE('',*,*,#74280,.T.);
#74870=ORIENTED_EDGE('',*,*,#73980,.T.);
#74880=ORIENTED_EDGE('',*,*,#73730,.T.);
#74890=ORIENTED_EDGE('',*,*,#73490,.T.);
#74900=ORIENTED_EDGE('',*,*,#16040,.T.);
#74910=ORIENTED_EDGE('',*,*,#24720,.F.);
#74920=EDGE_LOOP('',(#74910,#74900,#74890,#74880,#74870,#74860,#74850,
#74790,#74710,#74620,#74540,#74450));
#74930=FACE_OUTER_BOUND('',#74920,.T.);
#74940=ADVANCED_FACE('',(#74930),#74370,.T.);
#74950=CARTESIAN_POINT('',(-1.88,-0.399999999999998,1.095));
#74960=DIRECTION('',(0.,-1.,-1.22460635382238E-16));
#74970=DIRECTION('',(1.,0.,0.));
#74980=AXIS2_PLACEMENT_3D('',#74950,#74960,#74970);
#74990=PLANE('',#74980);
#75000=ORIENTED_EDGE('',*,*,#73290,.F.);
#75010=CARTESIAN_POINT('',(-1.88,-0.399999999999998,1.035));
#75020=DIRECTION('',(0.,0.,-1.));
#75030=VECTOR('',#75020,1.);
#75040=LINE('',#75010,#75030);
#75050=EDGE_CURVE('',#73220,#74430,#75040,.T.);
#75060=ORIENTED_EDGE('',*,*,#75050,.F.);
#75070=ORIENTED_EDGE('',*,*,#74440,.F.);
#75080=ORIENTED_EDGE('',*,*,#24660,.T.);
#75090=EDGE_LOOP('',(#75080,#75070,#75060,#75000));
#75100=FACE_OUTER_BOUND('',#75090,.T.);
#75110=ADVANCED_FACE('',(#75100),#74990,.F.);
#75120=CARTESIAN_POINT('',(-1.88,-0.549999999999998,1.095));
#75130=DIRECTION('',(0.,1.22460635382238E-16,-1.));
#75140=DIRECTION('',(1.,0.,0.));
#75150=AXIS2_PLACEMENT_3D('',#75120,#75130,#75140);
#75160=CYLINDRICAL_SURFACE('',#75150,0.15);
#75170=ORIENTED_EDGE('',*,*,#73230,.F.);
#75180=CARTESIAN_POINT('',(-2.01235294117647,-0.47941176470588,0.885));
#75190=DIRECTION('',(0.,-3.70074341541719E-16,1.));
#75200=VECTOR('',#75190,1.);
#75210=LINE('',#75180,#75200);
#75220=EDGE_CURVE('',#74520,#73130,#75210,.T.);
#75230=ORIENTED_EDGE('',*,*,#75220,.T.);
#75240=ORIENTED_EDGE('',*,*,#74530,.F.);
#75250=ORIENTED_EDGE('',*,*,#75050,.T.);
#75260=EDGE_LOOP('',(#75250,#75240,#75230,#75170));
#75270=FACE_OUTER_BOUND('',#75260,.T.);
#75280=ADVANCED_FACE('',(#75270),#75160,.T.);
#75290=CARTESIAN_POINT('',(-2.03588235294118,-0.523529411764704,1.095));
#75300=DIRECTION('',(0.88235294117647,-0.470588235294118,
-5.76285342975237E-17));
#75310=DIRECTION('',(0.470588235294118,0.88235294117647,
1.08053501807857E-16));
#75320=AXIS2_PLACEMENT_3D('',#75290,#75300,#75310);
#75330=PLANE('',#75320);
#75340=ORIENTED_EDGE('',*,*,#73140,.F.);
#75350=CARTESIAN_POINT('',(-2.03588235294118,-0.523529411764707,1.035));
#75360=DIRECTION('',(0.,0.,-1.));
#75370=VECTOR('',#75360,1.);
#75380=LINE('',#75350,#75370);
#75390=EDGE_CURVE('',#73050,#74600,#75380,.T.);
#75400=ORIENTED_EDGE('',*,*,#75390,.F.);
#75410=ORIENTED_EDGE('',*,*,#74610,.F.);
#75420=ORIENTED_EDGE('',*,*,#75220,.F.);
#75430=EDGE_LOOP('',(#75420,#75410,#75400,#75340));
#75440=FACE_OUTER_BOUND('',#75430,.T.);
#75450=ADVANCED_FACE('',(#75440),#75330,.F.);
#75460=CARTESIAN_POINT('',(-2.08,-0.499999999999998,1.095));
#75470=DIRECTION('',(0.,1.22460635382238E-16,-1.));
#75480=DIRECTION('',(1.,0.,0.));
#75490=AXIS2_PLACEMENT_3D('',#75460,#75470,#75480);
#75500=CYLINDRICAL_SURFACE('',#75490,0.05);
#75510=ORIENTED_EDGE('',*,*,#73060,.F.);
#75520=CARTESIAN_POINT('',(-2.08,-0.549999999999998,0.885));
#75530=DIRECTION('',(0.,-7.40148683083439E-16,1.));
#75540=VECTOR('',#75530,1.);
#75550=LINE('',#75520,#75540);
#75560=EDGE_CURVE('',#74690,#72960,#75550,.T.);
#75570=ORIENTED_EDGE('',*,*,#75560,.T.);
#75580=ORIENTED_EDGE('',*,*,#74700,.F.);
#75590=ORIENTED_EDGE('',*,*,#75390,.T.);
#75600=EDGE_LOOP('',(#75590,#75580,#75570,#75510));
#75610=FACE_OUTER_BOUND('',#75600,.T.);
#75620=ADVANCED_FACE('',(#75610),#75500,.F.);
#75630=CARTESIAN_POINT('',(-2.29376671489879,-0.549999999999998,1.095));
#75640=DIRECTION('',(0.,-1.,-1.22460635382238E-16));
#75650=DIRECTION('',(1.,0.,0.));
#75660=AXIS2_PLACEMENT_3D('',#75630,#75640,#75650);
#75670=PLANE('',#75660);
#75680=ORIENTED_EDGE('',*,*,#72970,.F.);
#75690=CARTESIAN_POINT('',(-2.34000000000001,-0.549999999999998,1.035));
#75700=DIRECTION('',(0.,0.,-1.));
#75710=VECTOR('',#75700,1.);
#75720=LINE('',#75690,#75710);
#75730=EDGE_CURVE('',#72880,#74770,#75720,.T.);
#75740=ORIENTED_EDGE('',*,*,#75730,.F.);
#75750=ORIENTED_EDGE('',*,*,#74780,.F.);
#75760=ORIENTED_EDGE('',*,*,#75560,.F.);
#75770=EDGE_LOOP('',(#75760,#75750,#75740,#75680));
#75780=FACE_OUTER_BOUND('',#75770,.T.);
#75790=ADVANCED_FACE('',(#75780),#75670,.F.);
#75800=CARTESIAN_POINT('',(-2.34000000000001,-0.7640024,1.27476109676743
));
#75810=DIRECTION('',(-1.,3.5527136788005E-15,4.35067574437077E-31));
#75820=DIRECTION('',(4.37905770101505E-46,1.22460635382238E-16,-1.));
#75830=AXIS2_PLACEMENT_3D('',#75800,#75810,#75820);
#75840=PLANE('',#75830);
#75850=ORIENTED_EDGE('',*,*,#75730,.T.);
#75860=ORIENTED_EDGE('',*,*,#72890,.F.);
#75870=ORIENTED_EDGE('',*,*,#74200,.T.);
#75880=ORIENTED_EDGE('',*,*,#74840,.F.);
#75890=EDGE_LOOP('',(#75880,#75870,#75860,#75850));
#75900=FACE_OUTER_BOUND('',#75890,.T.);
#75910=ADVANCED_FACE('',(#75900),#75840,.T.);
#75920=CARTESIAN_POINT('',(-2.97514578638867,-0.649999999999998,0.635));
#75930=DIRECTION('',(0.,-1.22460635382238E-16,1.));
#75940=DIRECTION('',(0.,1.,1.22460635382238E-16));
#75950=AXIS2_PLACEMENT_3D('',#75920,#75930,#75940);
#75960=PLANE('',#75950);
#75970=ORIENTED_EDGE('',*,*,#15880,.T.);
#75980=CARTESIAN_POINT('',(-1.88,-0.549999999999998,0.635));
#75990=DIRECTION('',(5.08487067330162E-17,9.53413251247184E-17,-1.));
#76000=DIRECTION('',(-0.882352941177112,0.470588235292915,0.));
#76010=AXIS2_PLACEMENT_3D('',#75980,#75990,#76000);
#76020=CIRCLE('',#76010,0.05);
#76030=CARTESIAN_POINT('',(-1.92411764705884,-0.526470588235319,0.635));
#76040=VERTEX_POINT('',#76030);
#76050=EDGE_CURVE('',#76040,#15790,#76020,.T.);
#76060=ORIENTED_EDGE('',*,*,#76050,.T.);
#76070=CARTESIAN_POINT('',(-1.94764705882355,-0.570588235294155,0.635));
#76080=DIRECTION('',(0.470588235294116,0.882352941176471,0.));
#76090=VECTOR('',#76080,1.);
#76100=LINE('',#76070,#76090);
#76110=CARTESIAN_POINT('',(-1.94764705882354,-0.570588235294136,0.635));
#76120=VERTEX_POINT('',#76110);
#76130=EDGE_CURVE('',#76120,#76040,#76100,.T.);
#76140=ORIENTED_EDGE('',*,*,#76130,.T.);
#76150=CARTESIAN_POINT('',(-2.08,-0.499999999999998,0.635));
#76160=DIRECTION('',(-7.97623886467975E-30,-5.19517036865346E-43,1.));
#76170=DIRECTION('',(6.51330841113425E-14,-1.,0.));
#76180=AXIS2_PLACEMENT_3D('',#76150,#76160,#76170);
#76190=CIRCLE('',#76180,0.15);
#76200=CARTESIAN_POINT('',(-2.08,-0.649999999999997,0.635));
#76210=VERTEX_POINT('',#76200);
#76220=EDGE_CURVE('',#76210,#76120,#76190,.T.);
#76230=ORIENTED_EDGE('',*,*,#76220,.T.);
#76240=CARTESIAN_POINT('',(-2.34000000000001,-0.649999999999997,0.635));
#76250=DIRECTION('',(1.,0.,0.));
#76260=VECTOR('',#76250,1.);
#76270=LINE('',#76240,#76260);
#76280=CARTESIAN_POINT('',(-2.34000000000001,-0.649999999999997,0.635));
#76290=VERTEX_POINT('',#76280);
#76300=EDGE_CURVE('',#76290,#76210,#76270,.T.);
#76310=ORIENTED_EDGE('',*,*,#76300,.T.);
#76320=CARTESIAN_POINT('',(-2.34000000000001,-0.549999999999998,0.635));
#76330=DIRECTION('',(0.,-1.,0.));
#76340=VECTOR('',#76330,1.);
#76350=LINE('',#76320,#76340);
#76360=CARTESIAN_POINT('',(-2.34000000000001,-0.549999999999998,0.635));
#76370=VERTEX_POINT('',#76360);
#76380=EDGE_CURVE('',#76370,#76290,#76350,.T.);
#76390=ORIENTED_EDGE('',*,*,#76380,.T.);
#76400=CARTESIAN_POINT('',(-2.08,-0.549999999999998,0.635));
#76410=DIRECTION('',(-1.,0.,0.));
#76420=VECTOR('',#76410,1.);
#76430=LINE('',#76400,#76420);
#76440=CARTESIAN_POINT('',(-2.08,-0.549999999999998,0.635));
#76450=VERTEX_POINT('',#76440);
#76460=EDGE_CURVE('',#76450,#76370,#76430,.T.);
#76470=ORIENTED_EDGE('',*,*,#76460,.T.);
#76480=CARTESIAN_POINT('',(-2.08,-0.499999999999998,0.635));
#76490=DIRECTION('',(5.08487067331344E-17,9.53413251245422E-17,-1.));
#76500=DIRECTION('',(0.882352941176297,-0.470588235294444,
6.16297582203915E-33));
#76510=AXIS2_PLACEMENT_3D('',#76480,#76490,#76500);
#76520=CIRCLE('',#76510,0.05);
#76530=CARTESIAN_POINT('',(-2.03588235294118,-0.523529411764712,0.635));
#76540=VERTEX_POINT('',#76530);
#76550=EDGE_CURVE('',#76540,#76450,#76520,.T.);
#76560=ORIENTED_EDGE('',*,*,#76550,.T.);
#76570=CARTESIAN_POINT('',(-2.01235294117647,-0.479411764705883,0.635));
#76580=DIRECTION('',(-0.470588235294114,-0.882352941176472,0.));
#76590=VECTOR('',#76580,1.);
#76600=LINE('',#76570,#76590);
#76610=CARTESIAN_POINT('',(-2.01235294117647,-0.479411764705882,0.635));
#76620=VERTEX_POINT('',#76610);
#76630=EDGE_CURVE('',#76620,#76540,#76600,.T.);
#76640=ORIENTED_EDGE('',*,*,#76630,.T.);
#76650=CARTESIAN_POINT('',(-1.88,-0.549999999999998,0.635));
#76660=DIRECTION('',(0.,-0.,1.));
#76670=DIRECTION('',(0.,1.,0.));
#76680=AXIS2_PLACEMENT_3D('',#76650,#76660,#76670);
#76690=CIRCLE('',#76680,0.15);
#76700=CARTESIAN_POINT('',(-1.88,-0.399999999999998,0.635));
#76710=VERTEX_POINT('',#76700);
#76720=EDGE_CURVE('',#76710,#76620,#76690,.T.);
#76730=ORIENTED_EDGE('',*,*,#76720,.T.);
#76740=CARTESIAN_POINT('',(-1.78,-0.399999999999998,0.635));
#76750=DIRECTION('',(-1.,0.,0.));
#76760=VECTOR('',#76750,1.);
#76770=LINE('',#76740,#76760);
#76780=EDGE_CURVE('',#24800,#76710,#76770,.T.);
#76790=ORIENTED_EDGE('',*,*,#76780,.T.);
#76800=ORIENTED_EDGE('',*,*,#24810,.F.);
#76810=EDGE_LOOP('',(#76800,#76790,#76730,#76640,#76560,#76470,#76390,
#76310,#76230,#76140,#76060,#75970));
#76820=FACE_OUTER_BOUND('',#76810,.T.);
#76830=ADVANCED_FACE('',(#76820),#75960,.T.);
#76840=CARTESIAN_POINT('',(-1.88,-0.549999999999998,0.695));
#76850=DIRECTION('',(0.,1.22460635382238E-16,-1.));
#76860=DIRECTION('',(1.,0.,0.));
#76870=AXIS2_PLACEMENT_3D('',#76840,#76850,#76860);
#76880=CYLINDRICAL_SURFACE('',#76870,0.05);
#76890=ORIENTED_EDGE('',*,*,#76050,.F.);
#76900=ORIENTED_EDGE('',*,*,#15800,.T.);
#76910=CARTESIAN_POINT('',(-1.88,-0.549999999999998,0.485));
#76920=DIRECTION('',(1.52273651052977E-29,-1.89344639055882E-42,1.));
#76930=DIRECTION('',(1.24344978758018E-13,1.,0.));
#76940=AXIS2_PLACEMENT_3D('',#76910,#76920,#76930);
#76950=CIRCLE('',#76940,0.05);
#76960=CARTESIAN_POINT('',(-1.92411764705885,-0.526470588235334,0.485));
#76970=VERTEX_POINT('',#76960);
#76980=EDGE_CURVE('',#15710,#76970,#76950,.T.);
#76990=ORIENTED_EDGE('',*,*,#76980,.F.);
#77000=CARTESIAN_POINT('',(-1.92411764705882,-0.526470588235291,0.635));
#77010=DIRECTION('',(0.,0.,-1.));
#77020=VECTOR('',#77010,1.);
#77030=LINE('',#77000,#77020);
#77040=EDGE_CURVE('',#76040,#76970,#77030,.T.);
#77050=ORIENTED_EDGE('',*,*,#77040,.T.);
#77060=EDGE_LOOP('',(#77050,#76990,#76900,#76890));
#77070=FACE_OUTER_BOUND('',#77060,.T.);
#77080=ADVANCED_FACE('',(#77070),#76880,.F.);
#77090=CARTESIAN_POINT('',(-1.92411764705883,-0.526470588235292,0.695));
#77100=DIRECTION('',(-0.88235294117647,0.470588235294118,
5.76285342975237E-17));
#77110=DIRECTION('',(-0.470588235294118,-0.88235294117647,
-1.08053501807857E-16));
#77120=AXIS2_PLACEMENT_3D('',#77090,#77100,#77110);
#77130=PLANE('',#77120);
#77140=ORIENTED_EDGE('',*,*,#76130,.F.);
#77150=ORIENTED_EDGE('',*,*,#77040,.F.);
#77160=CARTESIAN_POINT('',(-1.92411764705888,-0.526470588235377,0.485));
#77170=DIRECTION('',(-0.470588235294122,-0.882352941176468,0.));
#77180=VECTOR('',#77170,1.);
#77190=LINE('',#77160,#77180);
#77200=CARTESIAN_POINT('',(-1.94764705882358,-0.570588235294204,0.485));
#77210=VERTEX_POINT('',#77200);
#77220=EDGE_CURVE('',#76970,#77210,#77190,.T.);
#77230=ORIENTED_EDGE('',*,*,#77220,.F.);
#77240=CARTESIAN_POINT('',(-1.94764705882353,-0.570588235294116,0.485));
#77250=DIRECTION('',(0.,0.,1.));
#77260=VECTOR('',#77250,1.);
#77270=LINE('',#77240,#77260);
#77280=EDGE_CURVE('',#77210,#76120,#77270,.T.);
#77290=ORIENTED_EDGE('',*,*,#77280,.F.);
#77300=EDGE_LOOP('',(#77290,#77230,#77150,#77140));
#77310=FACE_OUTER_BOUND('',#77300,.T.);
#77320=ADVANCED_FACE('',(#77310),#77130,.F.);
#77330=CARTESIAN_POINT('',(-2.08,-0.499999999999998,0.695));
#77340=DIRECTION('',(0.,1.22460635382238E-16,-1.));
#77350=DIRECTION('',(1.,0.,0.));
#77360=AXIS2_PLACEMENT_3D('',#77330,#77340,#77350);
#77370=CYLINDRICAL_SURFACE('',#77360,0.15);
#77380=ORIENTED_EDGE('',*,*,#76220,.F.);
#77390=ORIENTED_EDGE('',*,*,#77280,.T.);
#77400=CARTESIAN_POINT('',(-2.08,-0.499999999999998,0.485));
#77410=DIRECTION('',(5.08487067332001E-17,9.53413251244442E-17,-1.));
#77420=DIRECTION('',(0.882352941175843,-0.470588235295294,
-6.16297582203915E-33));
#77430=AXIS2_PLACEMENT_3D('',#77400,#77410,#77420);
#77440=CIRCLE('',#77430,0.15);
#77450=CARTESIAN_POINT('',(-2.08,-0.649999999999997,0.485));
#77460=VERTEX_POINT('',#77450);
#77470=EDGE_CURVE('',#77210,#77460,#77440,.T.);
#77480=ORIENTED_EDGE('',*,*,#77470,.F.);
#77490=CARTESIAN_POINT('',(-2.08,-0.649999999999998,0.635));
#77500=DIRECTION('',(0.,7.40148683083437E-16,-1.));
#77510=VECTOR('',#77500,1.);
#77520=LINE('',#77490,#77510);
#77530=EDGE_CURVE('',#76210,#77460,#77520,.T.);
#77540=ORIENTED_EDGE('',*,*,#77530,.T.);
#77550=EDGE_LOOP('',(#77540,#77480,#77390,#77380));
#77560=FACE_OUTER_BOUND('',#77550,.T.);
#77570=ADVANCED_FACE('',(#77560),#77370,.T.);
#77580=CARTESIAN_POINT('',(-2.53376671489879,-0.649999999999997,0.695));
#77590=DIRECTION('',(6.47630097698008E-16,1.,1.22460635382238E-16));
#77600=DIRECTION('',(-1.,6.47630097698008E-16,7.93091932567587E-32));
#77610=AXIS2_PLACEMENT_3D('',#77580,#77590,#77600);
#77620=PLANE('',#77610);
#77630=CARTESIAN_POINT('',(-2.34000000000001,-0.649999999999997,0.485));
#77640=DIRECTION('',(0.,0.,1.));
#77650=VECTOR('',#77640,1.);
#77660=LINE('',#77630,#77650);
#77670=CARTESIAN_POINT('',(-2.34000000000001,-0.649999999999997,0.485));
#77680=VERTEX_POINT('',#77670);
#77690=EDGE_CURVE('',#77680,#76290,#77660,.T.);
#77700=ORIENTED_EDGE('',*,*,#77690,.F.);
#77710=ORIENTED_EDGE('',*,*,#76300,.F.);
#77720=ORIENTED_EDGE('',*,*,#77530,.F.);
#77730=CARTESIAN_POINT('',(-2.07999999999999,-0.649999999999997,0.485));
#77740=DIRECTION('',(-1.,0.,0.));
#77750=VECTOR('',#77740,1.);
#77760=LINE('',#77730,#77750);
#77770=EDGE_CURVE('',#77460,#77680,#77760,.T.);
#77780=ORIENTED_EDGE('',*,*,#77770,.F.);
#77790=EDGE_LOOP('',(#77780,#77720,#77710,#77700));
#77800=FACE_OUTER_BOUND('',#77790,.T.);
#77810=ADVANCED_FACE('',(#77800),#77620,.F.);
#77820=CARTESIAN_POINT('',(-2.97514578638867,-0.349999999999998,0.485));
#77830=DIRECTION('',(0.,1.22460635382238E-16,-1.));
#77840=DIRECTION('',(0.,-1.,-1.22460635382238E-16));
#77850=AXIS2_PLACEMENT_3D('',#77820,#77830,#77840);
#77860=PLANE('',#77850);
#77870=CARTESIAN_POINT('',(-1.88,-0.399999999999998,0.485));
#77880=DIRECTION('',(1.,0.,0.));
#77890=VECTOR('',#77880,1.);
#77900=LINE('',#77870,#77890);
#77910=CARTESIAN_POINT('',(-1.88,-0.399999999999998,0.485));
#77920=VERTEX_POINT('',#77910);
#77930=EDGE_CURVE('',#77920,#24880,#77900,.T.);
#77940=ORIENTED_EDGE('',*,*,#77930,.T.);
#77950=CARTESIAN_POINT('',(-1.88,-0.549999999999998,0.485));
#77960=DIRECTION('',(5.08487067330646E-17,9.53413251246462E-17,-1.));
#77970=DIRECTION('',(-0.882352941176778,0.470588235293541,0.));
#77980=AXIS2_PLACEMENT_3D('',#77950,#77960,#77970);
#77990=CIRCLE('',#77980,0.15);
#78000=CARTESIAN_POINT('',(-2.0123529411765,-0.479411764705922,0.485));
#78010=VERTEX_POINT('',#78000);
#78020=EDGE_CURVE('',#78010,#77920,#77990,.T.);
#78030=ORIENTED_EDGE('',*,*,#78020,.T.);
#78040=CARTESIAN_POINT('',(-2.0358823529412,-0.523529411764745,0.485));
#78050=DIRECTION('',(0.470588235294129,0.882352941176464,0.));
#78060=VECTOR('',#78050,1.);
#78070=LINE('',#78040,#78060);
#78080=CARTESIAN_POINT('',(-2.03588235294119,-0.523529411764727,0.485));
#78090=VERTEX_POINT('',#78080);
#78100=EDGE_CURVE('',#78090,#78010,#78070,.T.);
#78110=ORIENTED_EDGE('',*,*,#78100,.T.);
#78120=CARTESIAN_POINT('',(-2.08,-0.499999999999998,0.485));
#78130=DIRECTION('',(-0.,0.,1.));
#78140=DIRECTION('',(0.,-1.,0.));
#78150=AXIS2_PLACEMENT_3D('',#78120,#78130,#78140);
#78160=CIRCLE('',#78150,0.05);
#78170=CARTESIAN_POINT('',(-2.08,-0.549999999999998,0.485));
#78180=VERTEX_POINT('',#78170);
#78190=EDGE_CURVE('',#78180,#78090,#78160,.T.);
#78200=ORIENTED_EDGE('',*,*,#78190,.T.);
#78210=CARTESIAN_POINT('',(-2.34000000000001,-0.549999999999998,0.485));
#78220=DIRECTION('',(1.,0.,0.));
#78230=VECTOR('',#78220,1.);
#78240=LINE('',#78210,#78230);
#78250=CARTESIAN_POINT('',(-2.34000000000001,-0.549999999999998,0.485));
#78260=VERTEX_POINT('',#78250);
#78270=EDGE_CURVE('',#78260,#78180,#78240,.T.);
#78280=ORIENTED_EDGE('',*,*,#78270,.T.);
#78290=CARTESIAN_POINT('',(-2.34000000000001,-0.649999999999997,0.485));
#78300=DIRECTION('',(0.,1.,5.55111512312584E-16));
#78310=VECTOR('',#78300,1.);
#78320=LINE('',#78290,#78310);
#78330=EDGE_CURVE('',#77680,#78260,#78320,.T.);
#78340=ORIENTED_EDGE('',*,*,#78330,.T.);
#78350=ORIENTED_EDGE('',*,*,#77770,.T.);
#78360=ORIENTED_EDGE('',*,*,#77470,.T.);
#78370=ORIENTED_EDGE('',*,*,#77220,.T.);
#78380=ORIENTED_EDGE('',*,*,#76980,.T.);
#78390=ORIENTED_EDGE('',*,*,#15720,.T.);
#78400=ORIENTED_EDGE('',*,*,#24950,.F.);
#78410=EDGE_LOOP('',(#78400,#78390,#78380,#78370,#78360,#78350,#78340,
#78280,#78200,#78110,#78030,#77940));
#78420=FACE_OUTER_BOUND('',#78410,.T.);
#78430=ADVANCED_FACE('',(#78420),#77860,.T.);
#78440=CARTESIAN_POINT('',(-1.88,-0.399999999999998,0.695));
#78450=DIRECTION('',(0.,-1.,-1.22460635382238E-16));
#78460=DIRECTION('',(1.,0.,0.));
#78470=AXIS2_PLACEMENT_3D('',#78440,#78450,#78460);
#78480=PLANE('',#78470);
#78490=ORIENTED_EDGE('',*,*,#76780,.F.);
#78500=CARTESIAN_POINT('',(-1.88,-0.399999999999998,0.635));
#78510=DIRECTION('',(0.,0.,-1.));
#78520=VECTOR('',#78510,1.);
#78530=LINE('',#78500,#78520);
#78540=EDGE_CURVE('',#76710,#77920,#78530,.T.);
#78550=ORIENTED_EDGE('',*,*,#78540,.F.);
#78560=ORIENTED_EDGE('',*,*,#77930,.F.);
#78570=ORIENTED_EDGE('',*,*,#24890,.T.);
#78580=EDGE_LOOP('',(#78570,#78560,#78550,#78490));
#78590=FACE_OUTER_BOUND('',#78580,.T.);
#78600=ADVANCED_FACE('',(#78590),#78480,.F.);
#78610=CARTESIAN_POINT('',(-1.88,-0.549999999999998,0.695));
#78620=DIRECTION('',(0.,1.22460635382238E-16,-1.));
#78630=DIRECTION('',(1.,0.,0.));
#78640=AXIS2_PLACEMENT_3D('',#78610,#78620,#78630);
#78650=CYLINDRICAL_SURFACE('',#78640,0.15);
#78660=ORIENTED_EDGE('',*,*,#76720,.F.);
#78670=CARTESIAN_POINT('',(-2.01235294117647,-0.47941176470588,0.485));
#78680=DIRECTION('',(0.,0.,1.));
#78690=VECTOR('',#78680,1.);
#78700=LINE('',#78670,#78690);
#78710=EDGE_CURVE('',#78010,#76620,#78700,.T.);
#78720=ORIENTED_EDGE('',*,*,#78710,.T.);
#78730=ORIENTED_EDGE('',*,*,#78020,.F.);
#78740=ORIENTED_EDGE('',*,*,#78540,.T.);
#78750=EDGE_LOOP('',(#78740,#78730,#78720,#78660));
#78760=FACE_OUTER_BOUND('',#78750,.T.);
#78770=ADVANCED_FACE('',(#78760),#78650,.T.);
#78780=CARTESIAN_POINT('',(-2.03588235294118,-0.523529411764704,0.695));
#78790=DIRECTION('',(0.88235294117647,-0.470588235294118,
-5.76285342975237E-17));
#78800=DIRECTION('',(0.470588235294118,0.88235294117647,
1.08053501807857E-16));
#78810=AXIS2_PLACEMENT_3D('',#78780,#78790,#78800);
#78820=PLANE('',#78810);
#78830=ORIENTED_EDGE('',*,*,#76630,.F.);
#78840=CARTESIAN_POINT('',(-2.03588235294118,-0.523529411764707,0.635));
#78850=DIRECTION('',(0.,0.,-1.));
#78860=VECTOR('',#78850,1.);
#78870=LINE('',#78840,#78860);
#78880=EDGE_CURVE('',#76540,#78090,#78870,.T.);
#78890=ORIENTED_EDGE('',*,*,#78880,.F.);
#78900=ORIENTED_EDGE('',*,*,#78100,.F.);
#78910=ORIENTED_EDGE('',*,*,#78710,.F.);
#78920=EDGE_LOOP('',(#78910,#78900,#78890,#78830));
#78930=FACE_OUTER_BOUND('',#78920,.T.);
#78940=ADVANCED_FACE('',(#78930),#78820,.F.);
#78950=CARTESIAN_POINT('',(-2.08,-0.499999999999998,0.695));
#78960=DIRECTION('',(0.,1.22460635382238E-16,-1.));
#78970=DIRECTION('',(1.,0.,0.));
#78980=AXIS2_PLACEMENT_3D('',#78950,#78960,#78970);
#78990=CYLINDRICAL_SURFACE('',#78980,0.05);
#79000=ORIENTED_EDGE('',*,*,#76550,.F.);
#79010=CARTESIAN_POINT('',(-2.08,-0.549999999999998,0.485));
#79020=DIRECTION('',(0.,-7.40148683083438E-16,1.));
#79030=VECTOR('',#79020,1.);
#79040=LINE('',#79010,#79030);
#79050=EDGE_CURVE('',#78180,#76450,#79040,.T.);
#79060=ORIENTED_EDGE('',*,*,#79050,.T.);
#79070=ORIENTED_EDGE('',*,*,#78190,.F.);
#79080=ORIENTED_EDGE('',*,*,#78880,.T.);
#79090=EDGE_LOOP('',(#79080,#79070,#79060,#79000));
#79100=FACE_OUTER_BOUND('',#79090,.T.);
#79110=ADVANCED_FACE('',(#79100),#78990,.F.);
#79120=CARTESIAN_POINT('',(-2.29376671489879,-0.549999999999998,0.695));
#79130=DIRECTION('',(0.,-1.,-1.22460635382238E-16));
#79140=DIRECTION('',(1.,0.,0.));
#79150=AXIS2_PLACEMENT_3D('',#79120,#79130,#79140);
#79160=PLANE('',#79150);
#79170=ORIENTED_EDGE('',*,*,#76460,.F.);
#79180=CARTESIAN_POINT('',(-2.34000000000001,-0.549999999999998,0.635));
#79190=DIRECTION('',(0.,0.,-1.));
#79200=VECTOR('',#79190,1.);
#79210=LINE('',#79180,#79200);
#79220=EDGE_CURVE('',#76370,#78260,#79210,.T.);
#79230=ORIENTED_EDGE('',*,*,#79220,.F.);
#79240=ORIENTED_EDGE('',*,*,#78270,.F.);
#79250=ORIENTED_EDGE('',*,*,#79050,.F.);
#79260=EDGE_LOOP('',(#79250,#79240,#79230,#79170));
#79270=FACE_OUTER_BOUND('',#79260,.T.);
#79280=ADVANCED_FACE('',(#79270),#79160,.F.);
#79290=CARTESIAN_POINT('',(-2.34000000000001,-0.7640024,
0.874761096767429));
#79300=DIRECTION('',(-1.,3.5527136788005E-15,4.35067574437077E-31));
#79310=DIRECTION('',(4.37905770101505E-46,1.22460635382238E-16,-1.));
#79320=AXIS2_PLACEMENT_3D('',#79290,#79300,#79310);
#79330=PLANE('',#79320);
#79340=ORIENTED_EDGE('',*,*,#79220,.T.);
#79350=ORIENTED_EDGE('',*,*,#76380,.F.);
#79360=ORIENTED_EDGE('',*,*,#77690,.T.);
#79370=ORIENTED_EDGE('',*,*,#78330,.F.);
#79380=EDGE_LOOP('',(#79370,#79360,#79350,#79340));
#79390=FACE_OUTER_BOUND('',#79380,.T.);
#79400=ADVANCED_FACE('',(#79390),#79330,.T.);
#79410=CARTESIAN_POINT('',(-1.73,-0.03,0.05));
#79420=DIRECTION('',(-0.707106781186547,0.,-0.707106781186548));
#79430=DIRECTION('',(0.707106781186548,0.,-0.707106781186547));
#79440=AXIS2_PLACEMENT_3D('',#79410,#79420,#79430);
#79450=PLANE('',#79440);
#79460=ORIENTED_EDGE('',*,*,#15560,.F.);
#79470=ORIENTED_EDGE('',*,*,#13490,.F.);
#79480=ORIENTED_EDGE('',*,*,#13180,.F.);
#79490=ORIENTED_EDGE('',*,*,#840,.T.);
#79500=ORIENTED_EDGE('',*,*,#1070,.F.);
#79510=CARTESIAN_POINT('',(-1.72999999999999,0.490000000000004,
0.0499999999999936));
#79520=DIRECTION('',(-0.577350269189641,-0.577350269189604,
0.577350269189633));
#79530=VECTOR('',#79520,1.);
#79540=LINE('',#79510,#79530);
#79550=EDGE_CURVE('',#1060,#25030,#79540,.T.);
#79560=ORIENTED_EDGE('',*,*,#79550,.F.);
#79570=ORIENTED_EDGE('',*,*,#25040,.F.);
#79580=EDGE_LOOP('',(#79570,#79560,#79500,#79490,#79480,#79470,#79460));
#79590=FACE_OUTER_BOUND('',#79580,.T.);
#79600=ADVANCED_FACE('',(#79590),#79450,.T.);
#79610=CARTESIAN_POINT('',(-1.755,0.464999999999998,2.76));
#79620=DIRECTION('',(-0.707106781186525,0.70710678118657,0.));
#79630=DIRECTION('',(-0.70710678118657,-0.707106781186525,0.));
#79640=AXIS2_PLACEMENT_3D('',#79610,#79620,#79630);
#79650=PLANE('',#79640);
#79660=ORIENTED_EDGE('',*,*,#79550,.T.);
#79670=ORIENTED_EDGE('',*,*,#1390,.F.);
#79680=CARTESIAN_POINT('',(-1.78,0.44,7.42));
#79690=DIRECTION('',(0.577350269189641,0.577350269189604,
0.577350269189633));
#79700=VECTOR('',#79690,1.);
#79710=LINE('',#79680,#79700);
#79720=EDGE_CURVE('',#25110,#1300,#79710,.T.);
#79730=ORIENTED_EDGE('',*,*,#79720,.T.);
#79740=ORIENTED_EDGE('',*,*,#25120,.F.);
#79750=EDGE_LOOP('',(#79740,#79730,#79670,#79660));
#79760=FACE_OUTER_BOUND('',#79750,.T.);
#79770=ADVANCED_FACE('',(#79760),#79650,.T.);
#79780=CARTESIAN_POINT('',(-1.73,-0.03,7.47));
#79790=DIRECTION('',(-0.707106781186546,8.65927457071934E-17,
0.707106781186549));
#79800=DIRECTION('',(0.707106781186549,-9.81307786677361E-17,
0.707106781186546));
#79810=AXIS2_PLACEMENT_3D('',#79780,#79790,#79800);
#79820=PLANE('',#79810);
#79830=ORIENTED_EDGE('',*,*,#79720,.F.);
#79840=CARTESIAN_POINT('',(-1.73,0.489999999999997,7.47));
#79850=DIRECTION('',(0.577350269189633,-0.577350269189621,
0.577350269189623));
#79860=VECTOR('',#79850,1.);
#79870=LINE('',#79840,#79860);
#79880=CARTESIAN_POINT('',(-1.68,0.439999999999999,7.52));
#79890=VERTEX_POINT('',#79880);
#79900=EDGE_CURVE('',#1300,#79890,#79870,.T.);
#79910=ORIENTED_EDGE('',*,*,#79900,.F.);
#79920=CARTESIAN_POINT('',(-1.68,0.44,7.52));
#79930=DIRECTION('',(0.,-1.,0.));
#79940=VECTOR('',#79930,1.);
#79950=LINE('',#79920,#79940);
#79960=EDGE_CURVE('',#79890,#12900,#79950,.T.);
#79970=ORIENTED_EDGE('',*,*,#79960,.F.);
#79980=ORIENTED_EDGE('',*,*,#12930,.F.);
#79990=ORIENTED_EDGE('',*,*,#13400,.F.);
#80000=ORIENTED_EDGE('',*,*,#15470,.F.);
#80010=ORIENTED_EDGE('',*,*,#25180,.F.);
#80020=EDGE_LOOP('',(#80010,#80000,#79990,#79980,#79970,#79910,#79830));
#80030=FACE_OUTER_BOUND('',#80020,.T.);
#80040=ADVANCED_FACE('',(#80030),#79820,.T.);
#80050=CARTESIAN_POINT('',(-0.855000000000001,0.465,7.495));
#80060=DIRECTION('',(-2.42555518818687E-15,0.707106781186553,
0.707106781186542));
#80070=DIRECTION('',(3.14018491736753E-15,-0.707106781186542,
0.707106781186553));
#80080=AXIS2_PLACEMENT_3D('',#80050,#80060,#80070);
#80090=PLANE('',#80080);
#80100=CARTESIAN_POINT('',(0.02,0.490000000000006,7.47));
#80110=DIRECTION('',(-0.577350269189627,-0.577350269189624,
0.577350269189626));
#80120=VECTOR('',#80110,1.);
#80130=LINE('',#80100,#80120);
#80140=CARTESIAN_POINT('',(-0.0300000000000011,0.440000000000003,7.52));
#80150=VERTEX_POINT('',#80140);
#80160=EDGE_CURVE('',#1320,#80150,#80130,.T.);
#80170=ORIENTED_EDGE('',*,*,#80160,.F.);
#80180=CARTESIAN_POINT('',(-0.0300000000000009,0.44,7.52));
#80190=DIRECTION('',(-1.,1.34572487833352E-16,0.));
#80200=VECTOR('',#80190,1.);
#80210=LINE('',#80180,#80200);
#80220=EDGE_CURVE('',#80150,#79890,#80210,.T.);
#80230=ORIENTED_EDGE('',*,*,#80220,.F.);
#80240=ORIENTED_EDGE('',*,*,#79900,.T.);
#80250=ORIENTED_EDGE('',*,*,#1330,.F.);
#80260=EDGE_LOOP('',(#80250,#80240,#80230,#80170));
#80270=FACE_OUTER_BOUND('',#80260,.T.);
#80280=ADVANCED_FACE('',(#80270),#80090,.T.);
#80290=CARTESIAN_POINT('',(0.0199999999999994,-0.0299999999999969,7.47))
;
#80300=DIRECTION('',(-0.707106781186546,-2.42555518818684E-15,
-0.707106781186549));
#80310=DIRECTION('',(0.707106781186549,2.62499832936194E-15,
-0.707106781186546));
#80320=AXIS2_PLACEMENT_3D('',#80290,#80300,#80310);
#80330=PLANE('',#80320);
#80340=ORIENTED_EDGE('',*,*,#80160,.T.);
#80350=ORIENTED_EDGE('',*,*,#2670,.F.);
#80360=ORIENTED_EDGE('',*,*,#8350,.T.);
#80370=ORIENTED_EDGE('',*,*,#8520,.F.);
#80380=ORIENTED_EDGE('',*,*,#12670,.T.);
#80390=ORIENTED_EDGE('',*,*,#13070,.F.);
#80400=CARTESIAN_POINT('',(-0.0300000000000026,0.440000000000003,7.52));
#80410=DIRECTION('',(3.56952715249073E-15,-1.,0.));
#80420=VECTOR('',#80410,1.);
#80430=LINE('',#80400,#80420);
#80440=EDGE_CURVE('',#80150,#13000,#80430,.T.);
#80450=ORIENTED_EDGE('',*,*,#80440,.T.);
#80460=EDGE_LOOP('',(#80450,#80390,#80380,#80370,#80360,#80350,#80340));
#80470=FACE_OUTER_BOUND('',#80460,.T.);
#80480=ADVANCED_FACE('',(#80470),#80330,.F.);
#80490=CARTESIAN_POINT('',(-5.55111512312578E-17,0.,7.52));
#80500=DIRECTION('',(0.,0.,1.));
#80510=DIRECTION('',(1.,-1.22460635382238E-16,0.));
#80520=AXIS2_PLACEMENT_3D('',#80490,#80500,#80510);
#80530=PLANE('',#80520);
#80540=ORIENTED_EDGE('',*,*,#13010,.T.);
#80550=ORIENTED_EDGE('',*,*,#79960,.T.);
#80560=ORIENTED_EDGE('',*,*,#80220,.T.);
#80570=ORIENTED_EDGE('',*,*,#80440,.F.);
#80580=EDGE_LOOP('',(#80570,#80560,#80550,#80540));
#80590=FACE_OUTER_BOUND('',#80580,.T.);
#80600=ADVANCED_FACE('',(#80590),#80530,.T.);
#80610=CARTESIAN_POINT('',(-2.97514578638867,-0.649999999999999,7.035));
#80620=DIRECTION('',(0.,-1.22460635382238E-16,1.));
#80630=DIRECTION('',(0.,1.,1.22460635382238E-16));
#80640=AXIS2_PLACEMENT_3D('',#80610,#80620,#80630);
#80650=PLANE('',#80640);
#80660=ORIENTED_EDGE('',*,*,#15330,.T.);
#80670=CARTESIAN_POINT('',(-1.88,-0.549999999999999,7.035));
#80680=DIRECTION('',(5.08487067330165E-17,9.5341325124718E-17,-1.));
#80690=DIRECTION('',(-0.88235294117711,0.470588235292918,
6.16297582203915E-33));
#80700=AXIS2_PLACEMENT_3D('',#80670,#80680,#80690);
#80710=CIRCLE('',#80700,0.05);
#80720=CARTESIAN_POINT('',(-1.92411764705884,-0.52647058823532,7.035));
#80730=VERTEX_POINT('',#80720);
#80740=EDGE_CURVE('',#80730,#15240,#80710,.T.);
#80750=ORIENTED_EDGE('',*,*,#80740,.T.);
#80760=CARTESIAN_POINT('',(-1.94764705882356,-0.570588235294158,7.035));
#80770=DIRECTION('',(0.470588235294122,0.882352941176468,0.));
#80780=VECTOR('',#80770,1.);
#80790=LINE('',#80760,#80780);
#80800=CARTESIAN_POINT('',(-1.94764705882354,-0.570588235294139,7.035));
#80810=VERTEX_POINT('',#80800);
#80820=EDGE_CURVE('',#80810,#80730,#80790,.T.);
#80830=ORIENTED_EDGE('',*,*,#80820,.T.);
#80840=CARTESIAN_POINT('',(-2.08,-0.499999999999999,7.035));
#80850=DIRECTION('',(-1.95780408496685E-29,-3.12998280888295E-42,1.));
#80860=DIRECTION('',(1.59872115546023E-13,-1.,0.));
#80870=AXIS2_PLACEMENT_3D('',#80840,#80850,#80860);
#80880=CIRCLE('',#80870,0.15);
#80890=CARTESIAN_POINT('',(-2.07999999999999,-0.649999999999998,7.035));
#80900=VERTEX_POINT('',#80890);
#80910=EDGE_CURVE('',#80900,#80810,#80880,.T.);
#80920=ORIENTED_EDGE('',*,*,#80910,.T.);
#80930=CARTESIAN_POINT('',(-2.34000000000001,-0.649999999999998,7.035));
#80940=DIRECTION('',(1.,0.,0.));
#80950=VECTOR('',#80940,1.);
#80960=LINE('',#80930,#80950);
#80970=CARTESIAN_POINT('',(-2.34000000000001,-0.649999999999998,7.035));
#80980=VERTEX_POINT('',#80970);
#80990=EDGE_CURVE('',#80980,#80900,#80960,.T.);
#81000=ORIENTED_EDGE('',*,*,#80990,.T.);
#81010=CARTESIAN_POINT('',(-2.34000000000001,-0.549999999999999,7.035));
#81020=DIRECTION('',(0.,-1.,0.));
#81030=VECTOR('',#81020,1.);
#81040=LINE('',#81010,#81030);
#81050=CARTESIAN_POINT('',(-2.34000000000001,-0.549999999999999,7.035));
#81060=VERTEX_POINT('',#81050);
#81070=EDGE_CURVE('',#81060,#80980,#81040,.T.);
#81080=ORIENTED_EDGE('',*,*,#81070,.T.);
#81090=CARTESIAN_POINT('',(-2.08,-0.549999999999999,7.035));
#81100=DIRECTION('',(-1.,0.,0.));
#81110=VECTOR('',#81100,1.);
#81120=LINE('',#81090,#81110);
#81130=CARTESIAN_POINT('',(-2.08,-0.549999999999999,7.035));
#81140=VERTEX_POINT('',#81130);
#81150=EDGE_CURVE('',#81140,#81060,#81120,.T.);
#81160=ORIENTED_EDGE('',*,*,#81150,.T.);
#81170=CARTESIAN_POINT('',(-2.08,-0.499999999999999,7.035));
#81180=DIRECTION('',(5.08487067331395E-17,9.53413251245345E-17,-1.));
#81190=DIRECTION('',(0.882352941176261,-0.47058823529451,
6.16297582203915E-33));
#81200=AXIS2_PLACEMENT_3D('',#81170,#81180,#81190);
#81210=CIRCLE('',#81200,0.05);
#81220=CARTESIAN_POINT('',(-2.03588235294119,-0.523529411764715,7.035));
#81230=VERTEX_POINT('',#81220);
#81240=EDGE_CURVE('',#81230,#81140,#81210,.T.);
#81250=ORIENTED_EDGE('',*,*,#81240,.T.);
#81260=CARTESIAN_POINT('',(-2.01235294117647,-0.479411764705884,7.035));
#81270=DIRECTION('',(-0.470588235294123,-0.882352941176468,0.));
#81280=VECTOR('',#81270,1.);
#81290=LINE('',#81260,#81280);
#81300=CARTESIAN_POINT('',(-2.01235294117647,-0.479411764705883,7.035));
#81310=VERTEX_POINT('',#81300);
#81320=EDGE_CURVE('',#81310,#81230,#81290,.T.);
#81330=ORIENTED_EDGE('',*,*,#81320,.T.);
#81340=CARTESIAN_POINT('',(-1.88,-0.549999999999999,7.035));
#81350=DIRECTION('',(0.,-0.,1.));
#81360=DIRECTION('',(0.,1.,0.));
#81370=AXIS2_PLACEMENT_3D('',#81340,#81350,#81360);
#81380=CIRCLE('',#81370,0.15);
#81390=CARTESIAN_POINT('',(-1.88,-0.399999999999999,7.035));
#81400=VERTEX_POINT('',#81390);
#81410=EDGE_CURVE('',#81400,#81310,#81380,.T.);
#81420=ORIENTED_EDGE('',*,*,#81410,.T.);
#81430=CARTESIAN_POINT('',(-1.78,-0.399999999999999,7.035));
#81440=DIRECTION('',(-1.,0.,0.));
#81450=VECTOR('',#81440,1.);
#81460=LINE('',#81430,#81450);
#81470=EDGE_CURVE('',#25260,#81400,#81460,.T.);
#81480=ORIENTED_EDGE('',*,*,#81470,.T.);
#81490=ORIENTED_EDGE('',*,*,#25270,.F.);
#81500=EDGE_LOOP('',(#81490,#81480,#81420,#81330,#81250,#81160,#81080,
#81000,#80920,#80830,#80750,#80660));
#81510=FACE_OUTER_BOUND('',#81500,.T.);
#81520=ADVANCED_FACE('',(#81510),#80650,.T.);
#81530=CARTESIAN_POINT('',(-1.88,-0.549999999999999,7.095));
#81540=DIRECTION('',(0.,1.22460635382238E-16,-1.));
#81550=DIRECTION('',(1.,0.,0.));
#81560=AXIS2_PLACEMENT_3D('',#81530,#81540,#81550);
#81570=CYLINDRICAL_SURFACE('',#81560,0.05);
#81580=ORIENTED_EDGE('',*,*,#80740,.F.);
#81590=ORIENTED_EDGE('',*,*,#15250,.T.);
#81600=CARTESIAN_POINT('',(-1.88,-0.549999999999999,6.885));
#81610=DIRECTION('',(1.52273651052977E-29,-1.89344639055882E-42,1.));
#81620=DIRECTION('',(1.24344978758018E-13,1.,0.));
#81630=AXIS2_PLACEMENT_3D('',#81600,#81610,#81620);
#81640=CIRCLE('',#81630,0.05);
#81650=CARTESIAN_POINT('',(-1.92411764705885,-0.526470588235335,6.885));
#81660=VERTEX_POINT('',#81650);
#81670=EDGE_CURVE('',#15160,#81660,#81640,.T.);
#81680=ORIENTED_EDGE('',*,*,#81670,.F.);
#81690=CARTESIAN_POINT('',(-1.92411764705882,-0.526470588235292,7.035));
#81700=DIRECTION('',(0.,0.,-1.));
#81710=VECTOR('',#81700,1.);
#81720=LINE('',#81690,#81710);
#81730=EDGE_CURVE('',#80730,#81660,#81720,.T.);
#81740=ORIENTED_EDGE('',*,*,#81730,.T.);
#81750=EDGE_LOOP('',(#81740,#81680,#81590,#81580));
#81760=FACE_OUTER_BOUND('',#81750,.T.);
#81770=ADVANCED_FACE('',(#81760),#81570,.F.);
#81780=CARTESIAN_POINT('',(-1.92411764705883,-0.526470588235293,7.095));
#81790=DIRECTION('',(-0.88235294117647,0.470588235294118,
5.76285342975237E-17));
#81800=DIRECTION('',(-0.470588235294118,-0.88235294117647,
-1.08053501807857E-16));
#81810=AXIS2_PLACEMENT_3D('',#81780,#81790,#81800);
#81820=PLANE('',#81810);
#81830=ORIENTED_EDGE('',*,*,#80820,.F.);
#81840=ORIENTED_EDGE('',*,*,#81730,.F.);
#81850=CARTESIAN_POINT('',(-1.92411764705888,-0.526470588235378,6.885));
#81860=DIRECTION('',(-0.470588235294124,-0.882352941176467,0.));
#81870=VECTOR('',#81860,1.);
#81880=LINE('',#81850,#81870);
#81890=CARTESIAN_POINT('',(-1.94764705882358,-0.570588235294205,6.885));
#81900=VERTEX_POINT('',#81890);
#81910=EDGE_CURVE('',#81660,#81900,#81880,.T.);
#81920=ORIENTED_EDGE('',*,*,#81910,.F.);
#81930=CARTESIAN_POINT('',(-1.94764705882353,-0.570588235294117,6.885));
#81940=DIRECTION('',(0.,0.,1.));
#81950=VECTOR('',#81940,1.);
#81960=LINE('',#81930,#81950);
#81970=EDGE_CURVE('',#81900,#80810,#81960,.T.);
#81980=ORIENTED_EDGE('',*,*,#81970,.F.);
#81990=EDGE_LOOP('',(#81980,#81920,#81840,#81830));
#82000=FACE_OUTER_BOUND('',#81990,.T.);
#82010=ADVANCED_FACE('',(#82000),#81820,.F.);
#82020=CARTESIAN_POINT('',(-2.08,-0.499999999999999,7.095));
#82030=DIRECTION('',(0.,1.22460635382238E-16,-1.));
#82040=DIRECTION('',(1.,0.,0.));
#82050=AXIS2_PLACEMENT_3D('',#82020,#82030,#82040);
#82060=CYLINDRICAL_SURFACE('',#82050,0.15);
#82070=ORIENTED_EDGE('',*,*,#80910,.F.);
#82080=ORIENTED_EDGE('',*,*,#81970,.T.);
#82090=CARTESIAN_POINT('',(-2.08,-0.499999999999999,6.885));
#82100=DIRECTION('',(5.08487067332004E-17,9.53413251244438E-17,-1.));
#82110=DIRECTION('',(0.882352941175841,-0.470588235295297,0.));
#82120=AXIS2_PLACEMENT_3D('',#82090,#82100,#82110);
#82130=CIRCLE('',#82120,0.15);
#82140=CARTESIAN_POINT('',(-2.08,-0.649999999999998,6.885));
#82150=VERTEX_POINT('',#82140);
#82160=EDGE_CURVE('',#81900,#82150,#82130,.T.);
#82170=ORIENTED_EDGE('',*,*,#82160,.F.);
#82180=CARTESIAN_POINT('',(-2.08,-0.649999999999999,7.035));
#82190=DIRECTION('',(0.,0.,-1.));
#82200=VECTOR('',#82190,1.);
#82210=LINE('',#82180,#82200);
#82220=EDGE_CURVE('',#80900,#82150,#82210,.T.);
#82230=ORIENTED_EDGE('',*,*,#82220,.T.);
#82240=EDGE_LOOP('',(#82230,#82170,#82080,#82070));
#82250=FACE_OUTER_BOUND('',#82240,.T.);
#82260=ADVANCED_FACE('',(#82250),#82060,.T.);
#82270=CARTESIAN_POINT('',(-2.53376671489879,-0.649999999999998,7.095));
#82280=DIRECTION('',(6.47630097698008E-16,1.,1.22460635382238E-16));
#82290=DIRECTION('',(-1.,6.47630097698008E-16,7.93091932567587E-32));
#82300=AXIS2_PLACEMENT_3D('',#82270,#82280,#82290);
#82310=PLANE('',#82300);
#82320=CARTESIAN_POINT('',(-2.34000000000001,-0.649999999999998,6.885));
#82330=DIRECTION('',(0.,0.,1.));
#82340=VECTOR('',#82330,1.);
#82350=LINE('',#82320,#82340);
#82360=CARTESIAN_POINT('',(-2.34000000000001,-0.649999999999998,6.885));
#82370=VERTEX_POINT('',#82360);
#82380=EDGE_CURVE('',#82370,#80980,#82350,.T.);
#82390=ORIENTED_EDGE('',*,*,#82380,.F.);
#82400=ORIENTED_EDGE('',*,*,#80990,.F.);
#82410=ORIENTED_EDGE('',*,*,#82220,.F.);
#82420=CARTESIAN_POINT('',(-2.07999999999999,-0.649999999999998,6.885));
#82430=DIRECTION('',(-1.,0.,0.));
#82440=VECTOR('',#82430,1.);
#82450=LINE('',#82420,#82440);
#82460=EDGE_CURVE('',#82150,#82370,#82450,.T.);
#82470=ORIENTED_EDGE('',*,*,#82460,.F.);
#82480=EDGE_LOOP('',(#82470,#82410,#82400,#82390));
#82490=FACE_OUTER_BOUND('',#82480,.T.);
#82500=ADVANCED_FACE('',(#82490),#82310,.F.);
#82510=CARTESIAN_POINT('',(-2.97514578638867,-0.349999999999999,6.885));
#82520=DIRECTION('',(0.,1.22460635382238E-16,-1.));
#82530=DIRECTION('',(0.,-1.,-1.22460635382238E-16));
#82540=AXIS2_PLACEMENT_3D('',#82510,#82520,#82530);
#82550=PLANE('',#82540);
#82560=CARTESIAN_POINT('',(-1.88,-0.399999999999999,6.885));
#82570=DIRECTION('',(1.,0.,0.));
#82580=VECTOR('',#82570,1.);
#82590=LINE('',#82560,#82580);
#82600=CARTESIAN_POINT('',(-1.88,-0.399999999999999,6.885));
#82610=VERTEX_POINT('',#82600);
#82620=EDGE_CURVE('',#82610,#25340,#82590,.T.);
#82630=ORIENTED_EDGE('',*,*,#82620,.T.);
#82640=CARTESIAN_POINT('',(-1.88,-0.549999999999999,6.885));
#82650=DIRECTION('',(5.08487067330504E-17,9.53413251246674E-17,-1.));
#82660=DIRECTION('',(-0.882352941176876,0.470588235293357,0.));
#82670=AXIS2_PLACEMENT_3D('',#82640,#82650,#82660);
#82680=CIRCLE('',#82670,0.15);
#82690=CARTESIAN_POINT('',(-2.0123529411765,-0.479411764705937,6.885));
#82700=VERTEX_POINT('',#82690);
#82710=EDGE_CURVE('',#82700,#82610,#82680,.T.);
#82720=ORIENTED_EDGE('',*,*,#82710,.T.);
#82730=CARTESIAN_POINT('',(-2.03588235294121,-0.523529411764755,6.885));
#82740=DIRECTION('',(0.470588235294112,0.882352941176473,0.));
#82750=VECTOR('',#82740,1.);
#82760=LINE('',#82730,#82750);
#82770=CARTESIAN_POINT('',(-2.03588235294119,-0.523529411764733,6.885));
#82780=VERTEX_POINT('',#82770);
#82790=EDGE_CURVE('',#82780,#82700,#82760,.T.);
#82800=ORIENTED_EDGE('',*,*,#82790,.T.);
#82810=CARTESIAN_POINT('',(-2.08,-0.499999999999999,6.885));
#82820=DIRECTION('',(-0.,0.,1.));
#82830=DIRECTION('',(0.,-1.,0.));
#82840=AXIS2_PLACEMENT_3D('',#82810,#82820,#82830);
#82850=CIRCLE('',#82840,0.05);
#82860=CARTESIAN_POINT('',(-2.08,-0.549999999999999,6.885));
#82870=VERTEX_POINT('',#82860);
#82880=EDGE_CURVE('',#82870,#82780,#82850,.T.);
#82890=ORIENTED_EDGE('',*,*,#82880,.T.);
#82900=CARTESIAN_POINT('',(-2.34000000000001,-0.549999999999999,6.885));
#82910=DIRECTION('',(1.,0.,0.));
#82920=VECTOR('',#82910,1.);
#82930=LINE('',#82900,#82920);
#82940=CARTESIAN_POINT('',(-2.34000000000001,-0.549999999999999,6.885));
#82950=VERTEX_POINT('',#82940);
#82960=EDGE_CURVE('',#82950,#82870,#82930,.T.);
#82970=ORIENTED_EDGE('',*,*,#82960,.T.);
#82980=CARTESIAN_POINT('',(-2.34000000000001,-0.649999999999998,6.885));
#82990=DIRECTION('',(0.,1.,0.));
#83000=VECTOR('',#82990,1.);
#83010=LINE('',#82980,#83000);
#83020=EDGE_CURVE('',#82370,#82950,#83010,.T.);
#83030=ORIENTED_EDGE('',*,*,#83020,.T.);
#83040=ORIENTED_EDGE('',*,*,#82460,.T.);
#83050=ORIENTED_EDGE('',*,*,#82160,.T.);
#83060=ORIENTED_EDGE('',*,*,#81910,.T.);
#83070=ORIENTED_EDGE('',*,*,#81670,.T.);
#83080=ORIENTED_EDGE('',*,*,#15170,.T.);
#83090=ORIENTED_EDGE('',*,*,#25410,.F.);
#83100=EDGE_LOOP('',(#83090,#83080,#83070,#83060,#83050,#83040,#83030,
#82970,#82890,#82800,#82720,#82630));
#83110=FACE_OUTER_BOUND('',#83100,.T.);
#83120=ADVANCED_FACE('',(#83110),#82550,.T.);
#83130=CARTESIAN_POINT('',(-1.88,-0.399999999999999,7.095));
#83140=DIRECTION('',(0.,-1.,-1.22460635382238E-16));
#83150=DIRECTION('',(1.,0.,0.));
#83160=AXIS2_PLACEMENT_3D('',#83130,#83140,#83150);
#83170=PLANE('',#83160);
#83180=ORIENTED_EDGE('',*,*,#81470,.F.);
#83190=CARTESIAN_POINT('',(-1.88,-0.399999999999999,7.035));
#83200=DIRECTION('',(0.,0.,-1.));
#83210=VECTOR('',#83200,1.);
#83220=LINE('',#83190,#83210);
#83230=EDGE_CURVE('',#81400,#82610,#83220,.T.);
#83240=ORIENTED_EDGE('',*,*,#83230,.F.);
#83250=ORIENTED_EDGE('',*,*,#82620,.F.);
#83260=ORIENTED_EDGE('',*,*,#25350,.T.);
#83270=EDGE_LOOP('',(#83260,#83250,#83240,#83180));
#83280=FACE_OUTER_BOUND('',#83270,.T.);
#83290=ADVANCED_FACE('',(#83280),#83170,.F.);
#83300=CARTESIAN_POINT('',(-1.88,-0.549999999999999,7.095));
#83310=DIRECTION('',(0.,1.22460635382238E-16,-1.));
#83320=DIRECTION('',(1.,0.,0.));
#83330=AXIS2_PLACEMENT_3D('',#83300,#83310,#83320);
#83340=CYLINDRICAL_SURFACE('',#83330,0.15);
#83350=ORIENTED_EDGE('',*,*,#81410,.F.);
#83360=CARTESIAN_POINT('',(-2.01235294117647,-0.479411764705881,6.885));
#83370=DIRECTION('',(0.,0.,1.));
#83380=VECTOR('',#83370,1.);
#83390=LINE('',#83360,#83380);
#83400=EDGE_CURVE('',#82700,#81310,#83390,.T.);
#83410=ORIENTED_EDGE('',*,*,#83400,.T.);
#83420=ORIENTED_EDGE('',*,*,#82710,.F.);
#83430=ORIENTED_EDGE('',*,*,#83230,.T.);
#83440=EDGE_LOOP('',(#83430,#83420,#83410,#83350));
#83450=FACE_OUTER_BOUND('',#83440,.T.);
#83460=ADVANCED_FACE('',(#83450),#83340,.T.);
#83470=CARTESIAN_POINT('',(-2.03588235294118,-0.523529411764705,7.095));
#83480=DIRECTION('',(0.88235294117647,-0.470588235294118,
-5.76285342975237E-17));
#83490=DIRECTION('',(0.470588235294118,0.88235294117647,
1.08053501807857E-16));
#83500=AXIS2_PLACEMENT_3D('',#83470,#83480,#83490);
#83510=PLANE('',#83500);
#83520=ORIENTED_EDGE('',*,*,#81320,.F.);
#83530=CARTESIAN_POINT('',(-2.03588235294118,-0.523529411764708,7.035));
#83540=DIRECTION('',(0.,0.,-1.));
#83550=VECTOR('',#83540,1.);
#83560=LINE('',#83530,#83550);
#83570=EDGE_CURVE('',#81230,#82780,#83560,.T.);
#83580=ORIENTED_EDGE('',*,*,#83570,.F.);
#83590=ORIENTED_EDGE('',*,*,#82790,.F.);
#83600=ORIENTED_EDGE('',*,*,#83400,.F.);
#83610=EDGE_LOOP('',(#83600,#83590,#83580,#83520));
#83620=FACE_OUTER_BOUND('',#83610,.T.);
#83630=ADVANCED_FACE('',(#83620),#83510,.F.);
#83640=CARTESIAN_POINT('',(-2.08,-0.499999999999999,7.095));
#83650=DIRECTION('',(0.,1.22460635382238E-16,-1.));
#83660=DIRECTION('',(1.,0.,0.));
#83670=AXIS2_PLACEMENT_3D('',#83640,#83650,#83660);
#83680=CYLINDRICAL_SURFACE('',#83670,0.05);
#83690=ORIENTED_EDGE('',*,*,#81240,.F.);
#83700=CARTESIAN_POINT('',(-2.08,-0.549999999999999,6.885));
#83710=DIRECTION('',(0.,-7.40148683083436E-16,1.));
#83720=VECTOR('',#83710,1.);
#83730=LINE('',#83700,#83720);
#83740=EDGE_CURVE('',#82870,#81140,#83730,.T.);
#83750=ORIENTED_EDGE('',*,*,#83740,.T.);
#83760=ORIENTED_EDGE('',*,*,#82880,.F.);
#83770=ORIENTED_EDGE('',*,*,#83570,.T.);
#83780=EDGE_LOOP('',(#83770,#83760,#83750,#83690));
#83790=FACE_OUTER_BOUND('',#83780,.T.);
#83800=ADVANCED_FACE('',(#83790),#83680,.F.);
#83810=CARTESIAN_POINT('',(-2.29376671489879,-0.549999999999999,7.095));
#83820=DIRECTION('',(0.,-1.,-1.22460635382238E-16));
#83830=DIRECTION('',(1.,0.,0.));
#83840=AXIS2_PLACEMENT_3D('',#83810,#83820,#83830);
#83850=PLANE('',#83840);
#83860=ORIENTED_EDGE('',*,*,#81150,.F.);
#83870=CARTESIAN_POINT('',(-2.34000000000001,-0.549999999999999,7.035));
#83880=DIRECTION('',(0.,0.,-1.));
#83890=VECTOR('',#83880,1.);
#83900=LINE('',#83870,#83890);
#83910=EDGE_CURVE('',#81060,#82950,#83900,.T.);
#83920=ORIENTED_EDGE('',*,*,#83910,.F.);
#83930=ORIENTED_EDGE('',*,*,#82960,.F.);
#83940=ORIENTED_EDGE('',*,*,#83740,.F.);
#83950=EDGE_LOOP('',(#83940,#83930,#83920,#83860));
#83960=FACE_OUTER_BOUND('',#83950,.T.);
#83970=ADVANCED_FACE('',(#83960),#83850,.F.);
#83980=CARTESIAN_POINT('',(-2.34000000000001,-0.764002400000001,
7.27476109676743));
#83990=DIRECTION('',(-1.,3.5527136788005E-15,4.35067574437077E-31));
#84000=DIRECTION('',(4.37905770101505E-46,1.22460635382238E-16,-1.));
#84010=AXIS2_PLACEMENT_3D('',#83980,#83990,#84000);
#84020=PLANE('',#84010);
#84030=ORIENTED_EDGE('',*,*,#83910,.T.);
#84040=ORIENTED_EDGE('',*,*,#81070,.F.);
#84050=ORIENTED_EDGE('',*,*,#82380,.T.);
#84060=ORIENTED_EDGE('',*,*,#83020,.F.);
#84070=EDGE_LOOP('',(#84060,#84050,#84040,#84030));
#84080=FACE_OUTER_BOUND('',#84070,.T.);
#84090=ADVANCED_FACE('',(#84080),#84020,.T.);
#84100=CARTESIAN_POINT('',(1.26514578638866,-0.649999999999998,7.035));
#84110=DIRECTION('',(0.,0.,-1.));
#84120=DIRECTION('',(0.,1.,0.));
#84130=AXIS2_PLACEMENT_3D('',#84100,#84110,#84120);
#84140=PLANE('',#84130);
#84150=ORIENTED_EDGE('',*,*,#8210,.T.);
#84160=CARTESIAN_POINT('',(0.0700000000000008,-0.399999999999998,7.035))
;
#84170=DIRECTION('',(1.,0.,0.));
#84180=VECTOR('',#84170,1.);
#84190=LINE('',#84160,#84180);
#84200=CARTESIAN_POINT('',(0.17,-0.399999999999998,7.035));
#84210=VERTEX_POINT('',#84200);
#84220=EDGE_CURVE('',#8120,#84210,#84190,.T.);
#84230=ORIENTED_EDGE('',*,*,#84220,.F.);
#84240=CARTESIAN_POINT('',(0.17,-0.549999999999998,7.035));
#84250=DIRECTION('',(0.,-0.,1.));
#84260=DIRECTION('',(0.882352941176504,0.470588235294055,0.));
#84270=AXIS2_PLACEMENT_3D('',#84240,#84250,#84260);
#84280=CIRCLE('',#84270,0.15);
#84290=CARTESIAN_POINT('',(0.302352941176472,-0.479411764705885,7.035));
#84300=VERTEX_POINT('',#84290);
#84310=EDGE_CURVE('',#84300,#84210,#84280,.T.);
#84320=ORIENTED_EDGE('',*,*,#84310,.T.);
#84330=CARTESIAN_POINT('',(0.32588235294118,-0.523529411764709,7.035));
#84340=DIRECTION('',(-0.470588235294118,0.88235294117647,0.));
#84350=VECTOR('',#84340,1.);
#84360=LINE('',#84330,#84350);
#84370=CARTESIAN_POINT('',(0.325882352941178,-0.523529411764707,7.035));
#84380=VERTEX_POINT('',#84370);
#84390=EDGE_CURVE('',#84380,#84300,#84360,.T.);
#84400=ORIENTED_EDGE('',*,*,#84390,.T.);
#84410=CARTESIAN_POINT('',(0.37,-0.499999999999998,7.035));
#84420=DIRECTION('',(0.,0.,-1.));
#84430=DIRECTION('',(0.,-1.,0.));
#84440=AXIS2_PLACEMENT_3D('',#84410,#84420,#84430);
#84450=CIRCLE('',#84440,0.05);
#84460=CARTESIAN_POINT('',(0.37,-0.549999999999998,7.035));
#84470=VERTEX_POINT('',#84460);
#84480=EDGE_CURVE('',#84470,#84380,#84450,.T.);
#84490=ORIENTED_EDGE('',*,*,#84480,.T.);
#84500=CARTESIAN_POINT('',(0.37,-0.549999999999998,7.035));
#84510=DIRECTION('',(1.,0.,0.));
#84520=VECTOR('',#84510,1.);
#84530=LINE('',#84500,#84520);
#84540=CARTESIAN_POINT('',(0.630000000000002,-0.549999999999998,7.035));
#84550=VERTEX_POINT('',#84540);
#84560=EDGE_CURVE('',#84470,#84550,#84530,.T.);
#84570=ORIENTED_EDGE('',*,*,#84560,.F.);
#84580=CARTESIAN_POINT('',(0.630000000000002,-0.549999999999998,7.035));
#84590=DIRECTION('',(3.3306690738755E-15,-1.,0.));
#84600=VECTOR('',#84590,1.);
#84610=LINE('',#84580,#84600);
#84620=CARTESIAN_POINT('',(0.630000000000003,-0.649999999999997,7.035));
#84630=VERTEX_POINT('',#84620);
#84640=EDGE_CURVE('',#84550,#84630,#84610,.T.);
#84650=ORIENTED_EDGE('',*,*,#84640,.F.);
#84660=CARTESIAN_POINT('',(0.630000000000003,-0.649999999999997,7.035));
#84670=DIRECTION('',(-1.,-8.54017711250111E-16,0.));
#84680=VECTOR('',#84670,1.);
#84690=LINE('',#84660,#84680);
#84700=CARTESIAN_POINT('',(0.369999999999995,-0.649999999999998,7.035));
#84710=VERTEX_POINT('',#84700);
#84720=EDGE_CURVE('',#84630,#84710,#84690,.T.);
#84730=ORIENTED_EDGE('',*,*,#84720,.F.);
#84740=CARTESIAN_POINT('',(0.37,-0.499999999999998,7.035));
#84750=DIRECTION('',(0.,0.,1.));
#84760=DIRECTION('',(-0.88235294117646,-0.470588235294138,0.));
#84770=AXIS2_PLACEMENT_3D('',#84740,#84750,#84760);
#84780=CIRCLE('',#84770,0.15);
#84790=CARTESIAN_POINT('',(0.237647058823531,-0.570588235294117,7.035));
#84800=VERTEX_POINT('',#84790);
#84810=EDGE_CURVE('',#84800,#84710,#84780,.T.);
#84820=ORIENTED_EDGE('',*,*,#84810,.T.);
#84830=CARTESIAN_POINT('',(0.214117647058824,-0.526470588235293,7.035));
#84840=DIRECTION('',(0.470588235294112,-0.882352941176474,0.));
#84850=VECTOR('',#84840,1.);
#84860=LINE('',#84830,#84850);
#84870=CARTESIAN_POINT('',(0.214117647058824,-0.526470588235293,7.035));
#84880=VERTEX_POINT('',#84870);
#84890=EDGE_CURVE('',#84880,#84800,#84860,.T.);
#84900=ORIENTED_EDGE('',*,*,#84890,.T.);
#84910=CARTESIAN_POINT('',(0.17,-0.549999999999998,7.035));
#84920=DIRECTION('',(0.,0.,-1.));
#84930=DIRECTION('',(-2.19269047363468E-13,1.,0.));
#84940=AXIS2_PLACEMENT_3D('',#84910,#84920,#84930);
#84950=CIRCLE('',#84940,0.05);
#84960=EDGE_CURVE('',#8600,#84880,#84950,.T.);
#84970=ORIENTED_EDGE('',*,*,#84960,.T.);
#84980=ORIENTED_EDGE('',*,*,#8610,.F.);
#84990=EDGE_LOOP('',(#84980,#84970,#84900,#84820,#84730,#84650,#84570,
#84490,#84400,#84320,#84230,#84150));
#85000=FACE_OUTER_BOUND('',#84990,.T.);
#85010=ADVANCED_FACE('',(#85000),#84140,.F.);
#85020=CARTESIAN_POINT('',(0.17,-0.399999999999998,7.095));
#85030=DIRECTION('',(0.,1.,0.));
#85040=DIRECTION('',(-1.,0.,0.));
#85050=AXIS2_PLACEMENT_3D('',#85020,#85030,#85040);
#85060=PLANE('',#85050);
#85070=CARTESIAN_POINT('',(0.17,-0.399999999999998,6.885));
#85080=DIRECTION('',(-1.,0.,0.));
#85090=VECTOR('',#85080,1.);
#85100=LINE('',#85070,#85090);
#85110=CARTESIAN_POINT('',(0.17,-0.399999999999998,6.885));
#85120=VERTEX_POINT('',#85110);
#85130=EDGE_CURVE('',#85120,#8040,#85100,.T.);
#85140=ORIENTED_EDGE('',*,*,#85130,.T.);
#85150=CARTESIAN_POINT('',(0.17,-0.399999999999998,6.885));
#85160=DIRECTION('',(0.,0.,1.));
#85170=VECTOR('',#85160,1.);
#85180=LINE('',#85150,#85170);
#85190=EDGE_CURVE('',#85120,#84210,#85180,.T.);
#85200=ORIENTED_EDGE('',*,*,#85190,.F.);
#85210=ORIENTED_EDGE('',*,*,#84220,.T.);
#85220=ORIENTED_EDGE('',*,*,#8130,.F.);
#85230=EDGE_LOOP('',(#85220,#85210,#85200,#85140));
#85240=FACE_OUTER_BOUND('',#85230,.T.);
#85250=ADVANCED_FACE('',(#85240),#85060,.T.);
#85260=CARTESIAN_POINT('',(1.26514578638866,-0.349999999999998,6.885));
#85270=DIRECTION('',(0.,0.,1.));
#85280=DIRECTION('',(0.,-1.,0.));
#85290=AXIS2_PLACEMENT_3D('',#85260,#85270,#85280);
#85300=PLANE('',#85290);
#85310=ORIENTED_EDGE('',*,*,#8050,.T.);
#85320=ORIENTED_EDGE('',*,*,#8750,.F.);
#85330=CARTESIAN_POINT('',(0.17,-0.549999999999998,6.885));
#85340=DIRECTION('',(0.,-0.,1.));
#85350=DIRECTION('',(0.882352941176532,0.470588235294003,0.));
#85360=AXIS2_PLACEMENT_3D('',#85330,#85340,#85350);
#85370=CIRCLE('',#85360,0.05);
#85380=CARTESIAN_POINT('',(0.214117647058826,-0.526470588235295,6.885));
#85390=VERTEX_POINT('',#85380);
#85400=EDGE_CURVE('',#85390,#8680,#85370,.T.);
#85410=ORIENTED_EDGE('',*,*,#85400,.T.);
#85420=CARTESIAN_POINT('',(0.237647058823529,-0.570588235294116,6.885));
#85430=DIRECTION('',(-0.470588235294108,0.882352941176476,0.));
#85440=VECTOR('',#85430,1.);
#85450=LINE('',#85420,#85440);
#85460=CARTESIAN_POINT('',(0.23764705882353,-0.570588235294116,6.885));
#85470=VERTEX_POINT('',#85460);
#85480=EDGE_CURVE('',#85470,#85390,#85450,.T.);
#85490=ORIENTED_EDGE('',*,*,#85480,.T.);
#85500=CARTESIAN_POINT('',(0.37,-0.499999999999998,6.885));
#85510=DIRECTION('',(-0.,0.,-1.));
#85520=DIRECTION('',(-1.14723045877933E-13,-1.,0.));
#85530=AXIS2_PLACEMENT_3D('',#85500,#85510,#85520);
#85540=CIRCLE('',#85530,0.15);
#85550=CARTESIAN_POINT('',(0.369999999999991,-0.649999999999997,6.885));
#85560=VERTEX_POINT('',#85550);
#85570=EDGE_CURVE('',#85560,#85470,#85540,.T.);
#85580=ORIENTED_EDGE('',*,*,#85570,.T.);
#85590=CARTESIAN_POINT('',(0.37,-0.649999999999997,6.885));
#85600=DIRECTION('',(1.,8.54017711250111E-16,0.));
#85610=VECTOR('',#85600,1.);
#85620=LINE('',#85590,#85610);
#85630=CARTESIAN_POINT('',(0.630000000000003,-0.649999999999997,6.885));
#85640=VERTEX_POINT('',#85630);
#85650=EDGE_CURVE('',#85560,#85640,#85620,.T.);
#85660=ORIENTED_EDGE('',*,*,#85650,.F.);
#85670=CARTESIAN_POINT('',(0.630000000000003,-0.649999999999997,6.885));
#85680=DIRECTION('',(-3.3306690738755E-15,1.,0.));
#85690=VECTOR('',#85680,1.);
#85700=LINE('',#85670,#85690);
#85710=CARTESIAN_POINT('',(0.630000000000003,-0.549999999999998,6.885));
#85720=VERTEX_POINT('',#85710);
#85730=EDGE_CURVE('',#85640,#85720,#85700,.T.);
#85740=ORIENTED_EDGE('',*,*,#85730,.F.);
#85750=CARTESIAN_POINT('',(0.630000000000002,-0.549999999999998,6.885));
#85760=DIRECTION('',(-1.,0.,0.));
#85770=VECTOR('',#85760,1.);
#85780=LINE('',#85750,#85770);
#85790=CARTESIAN_POINT('',(0.37,-0.549999999999998,6.885));
#85800=VERTEX_POINT('',#85790);
#85810=EDGE_CURVE('',#85720,#85800,#85780,.T.);
#85820=ORIENTED_EDGE('',*,*,#85810,.F.);
#85830=CARTESIAN_POINT('',(0.37,-0.499999999999998,6.885));
#85840=DIRECTION('',(0.,0.,1.));
#85850=DIRECTION('',(-0.882352941176487,-0.470588235294087,0.));
#85860=AXIS2_PLACEMENT_3D('',#85830,#85840,#85850);
#85870=CIRCLE('',#85860,0.05);
#85880=CARTESIAN_POINT('',(0.325882352941176,-0.523529411764703,6.885));
#85890=VERTEX_POINT('',#85880);
#85900=EDGE_CURVE('',#85890,#85800,#85870,.T.);
#85910=ORIENTED_EDGE('',*,*,#85900,.T.);
#85920=CARTESIAN_POINT('',(0.302352941176469,-0.479411764705878,6.885));
#85930=DIRECTION('',(0.470588235294116,-0.882352941176471,0.));
#85940=VECTOR('',#85930,1.);
#85950=LINE('',#85920,#85940);
#85960=CARTESIAN_POINT('',(0.30235294117647,-0.479411764705879,6.885));
#85970=VERTEX_POINT('',#85960);
#85980=EDGE_CURVE('',#85970,#85890,#85950,.T.);
#85990=ORIENTED_EDGE('',*,*,#85980,.T.);
#86000=CARTESIAN_POINT('',(0.17,-0.549999999999998,6.885));
#86010=DIRECTION('',(0.,0.,-1.));
#86020=DIRECTION('',(-5.55111512312578E-16,1.,0.));
#86030=AXIS2_PLACEMENT_3D('',#86000,#86010,#86020);
#86040=CIRCLE('',#86030,0.15);
#86050=EDGE_CURVE('',#85120,#85970,#86040,.T.);
#86060=ORIENTED_EDGE('',*,*,#86050,.T.);
#86070=ORIENTED_EDGE('',*,*,#85130,.F.);
#86080=EDGE_LOOP('',(#86070,#86060,#85990,#85910,#85820,#85740,#85660,
#85580,#85490,#85410,#85320,#85310));
#86090=FACE_OUTER_BOUND('',#86080,.T.);
#86100=ADVANCED_FACE('',(#86090),#85300,.F.);
#86110=CARTESIAN_POINT('',(0.17,-0.549999999999998,7.095));
#86120=DIRECTION('',(0.,0.,-1.));
#86130=DIRECTION('',(-1.,0.,0.));
#86140=AXIS2_PLACEMENT_3D('',#86110,#86120,#86130);
#86150=CYLINDRICAL_SURFACE('',#86140,0.05);
#86160=CARTESIAN_POINT('',(0.214117647058824,-0.526470588235292,6.885));
#86170=DIRECTION('',(0.,0.,1.));
#86180=VECTOR('',#86170,1.);
#86190=LINE('',#86160,#86180);
#86200=EDGE_CURVE('',#85390,#84880,#86190,.T.);
#86210=ORIENTED_EDGE('',*,*,#86200,.T.);
#86220=ORIENTED_EDGE('',*,*,#85400,.F.);
#86230=ORIENTED_EDGE('',*,*,#8690,.T.);
#86240=ORIENTED_EDGE('',*,*,#84960,.F.);
#86250=EDGE_LOOP('',(#86240,#86230,#86220,#86210));
#86260=FACE_OUTER_BOUND('',#86250,.T.);
#86270=ADVANCED_FACE('',(#86260),#86150,.F.);
#86280=CARTESIAN_POINT('',(0.214117647058824,-0.526470588235292,7.095));
#86290=DIRECTION('',(-0.88235294117647,-0.470588235294118,0.));
#86300=DIRECTION('',(0.470588235294118,-0.88235294117647,0.));
#86310=AXIS2_PLACEMENT_3D('',#86280,#86290,#86300);
#86320=PLANE('',#86310);
#86330=CARTESIAN_POINT('',(0.237647058823529,-0.570588235294116,7.035));
#86340=DIRECTION('',(0.,0.,-1.));
#86350=VECTOR('',#86340,1.);
#86360=LINE('',#86330,#86350);
#86370=EDGE_CURVE('',#84800,#85470,#86360,.T.);
#86380=ORIENTED_EDGE('',*,*,#86370,.F.);
#86390=ORIENTED_EDGE('',*,*,#85480,.F.);
#86400=ORIENTED_EDGE('',*,*,#86200,.F.);
#86410=ORIENTED_EDGE('',*,*,#84890,.F.);
#86420=EDGE_LOOP('',(#86410,#86400,#86390,#86380));
#86430=FACE_OUTER_BOUND('',#86420,.T.);
#86440=ADVANCED_FACE('',(#86430),#86320,.T.);
#86450=CARTESIAN_POINT('',(0.37,-0.499999999999998,7.095));
#86460=DIRECTION('',(0.,0.,-1.));
#86470=DIRECTION('',(-1.,0.,0.));
#86480=AXIS2_PLACEMENT_3D('',#86450,#86460,#86470);
#86490=CYLINDRICAL_SURFACE('',#86480,0.15);
#86500=CARTESIAN_POINT('',(0.37,-0.649999999999998,6.885));
#86510=DIRECTION('',(0.,0.,1.));
#86520=VECTOR('',#86510,1.);
#86530=LINE('',#86500,#86520);
#86540=EDGE_CURVE('',#85560,#84710,#86530,.T.);
#86550=ORIENTED_EDGE('',*,*,#86540,.T.);
#86560=ORIENTED_EDGE('',*,*,#85570,.F.);
#86570=ORIENTED_EDGE('',*,*,#86370,.T.);
#86580=ORIENTED_EDGE('',*,*,#84810,.F.);
#86590=EDGE_LOOP('',(#86580,#86570,#86560,#86550));
#86600=FACE_OUTER_BOUND('',#86590,.T.);
#86610=ADVANCED_FACE('',(#86600),#86490,.T.);
#86620=CARTESIAN_POINT('',(0.823766714898784,-0.649999999999997,7.095));
#86630=DIRECTION('',(6.47630097698008E-16,-1.,0.));
#86640=DIRECTION('',(1.,6.47630097698008E-16,0.));
#86650=AXIS2_PLACEMENT_3D('',#86620,#86630,#86640);
#86660=PLANE('',#86650);
#86670=ORIENTED_EDGE('',*,*,#85650,.T.);
#86680=ORIENTED_EDGE('',*,*,#86540,.F.);
#86690=ORIENTED_EDGE('',*,*,#84720,.T.);
#86700=CARTESIAN_POINT('',(0.630000000000003,-0.649999999999997,6.885));
#86710=DIRECTION('',(0.,0.,1.));
#86720=VECTOR('',#86710,1.);
#86730=LINE('',#86700,#86720);
#86740=EDGE_CURVE('',#85640,#84630,#86730,.T.);
#86750=ORIENTED_EDGE('',*,*,#86740,.T.);
#86760=EDGE_LOOP('',(#86750,#86690,#86680,#86670));
#86770=FACE_OUTER_BOUND('',#86760,.T.);
#86780=ADVANCED_FACE('',(#86770),#86660,.T.);
#86790=CARTESIAN_POINT('',(0.630000000000003,-0.7640024,7.27476109676743
));
#86800=DIRECTION('',(-1.,-3.5527136788005E-15,0.));
#86810=DIRECTION('',(0.,0.,-1.));
#86820=AXIS2_PLACEMENT_3D('',#86790,#86800,#86810);
#86830=PLANE('',#86820);
#86840=ORIENTED_EDGE('',*,*,#85730,.T.);
#86850=ORIENTED_EDGE('',*,*,#86740,.F.);
#86860=ORIENTED_EDGE('',*,*,#84640,.T.);
#86870=CARTESIAN_POINT('',(0.630000000000002,-0.549999999999998,7.035));
#86880=DIRECTION('',(0.,0.,-1.));
#86890=VECTOR('',#86880,1.);
#86900=LINE('',#86870,#86890);
#86910=EDGE_CURVE('',#84550,#85720,#86900,.T.);
#86920=ORIENTED_EDGE('',*,*,#86910,.F.);
#86930=EDGE_LOOP('',(#86920,#86860,#86850,#86840));
#86940=FACE_OUTER_BOUND('',#86930,.T.);
#86950=ADVANCED_FACE('',(#86940),#86830,.F.);
#86960=CARTESIAN_POINT('',(0.583766714898784,-0.549999999999998,7.095));
#86970=DIRECTION('',(0.,1.,0.));
#86980=DIRECTION('',(-1.,0.,0.));
#86990=AXIS2_PLACEMENT_3D('',#86960,#86970,#86980);
#87000=PLANE('',#86990);
#87010=CARTESIAN_POINT('',(0.37,-0.549999999999998,7.035));
#87020=DIRECTION('',(0.,0.,-1.));
#87030=VECTOR('',#87020,1.);
#87040=LINE('',#87010,#87030);
#87050=EDGE_CURVE('',#84470,#85800,#87040,.T.);
#87060=ORIENTED_EDGE('',*,*,#87050,.F.);
#87070=ORIENTED_EDGE('',*,*,#85810,.T.);
#87080=ORIENTED_EDGE('',*,*,#86910,.T.);
#87090=ORIENTED_EDGE('',*,*,#84560,.T.);
#87100=EDGE_LOOP('',(#87090,#87080,#87070,#87060));
#87110=FACE_OUTER_BOUND('',#87100,.T.);
#87120=ADVANCED_FACE('',(#87110),#87000,.T.);
#87130=CARTESIAN_POINT('',(0.37,-0.499999999999998,7.095));
#87140=DIRECTION('',(0.,0.,-1.));
#87150=DIRECTION('',(-1.,0.,0.));
#87160=AXIS2_PLACEMENT_3D('',#87130,#87140,#87150);
#87170=CYLINDRICAL_SURFACE('',#87160,0.05);
#87180=CARTESIAN_POINT('',(0.325882352941176,-0.523529411764704,6.885));
#87190=DIRECTION('',(0.,0.,1.));
#87200=VECTOR('',#87190,1.);
#87210=LINE('',#87180,#87200);
#87220=EDGE_CURVE('',#85890,#84380,#87210,.T.);
#87230=ORIENTED_EDGE('',*,*,#87220,.T.);
#87240=ORIENTED_EDGE('',*,*,#85900,.F.);
#87250=ORIENTED_EDGE('',*,*,#87050,.T.);
#87260=ORIENTED_EDGE('',*,*,#84480,.F.);
#87270=EDGE_LOOP('',(#87260,#87250,#87240,#87230));
#87280=FACE_OUTER_BOUND('',#87270,.T.);
#87290=ADVANCED_FACE('',(#87280),#87170,.F.);
#87300=CARTESIAN_POINT('',(0.325882352941176,-0.523529411764704,7.095));
#87310=DIRECTION('',(0.88235294117647,0.470588235294118,0.));
#87320=DIRECTION('',(-0.470588235294118,0.88235294117647,0.));
#87330=AXIS2_PLACEMENT_3D('',#87300,#87310,#87320);
#87340=PLANE('',#87330);
#87350=CARTESIAN_POINT('',(0.30235294117647,-0.47941176470588,7.035));
#87360=DIRECTION('',(0.,0.,-1.));
#87370=VECTOR('',#87360,1.);
#87380=LINE('',#87350,#87370);
#87390=EDGE_CURVE('',#84300,#85970,#87380,.T.);
#87400=ORIENTED_EDGE('',*,*,#87390,.F.);
#87410=ORIENTED_EDGE('',*,*,#85980,.F.);
#87420=ORIENTED_EDGE('',*,*,#87220,.F.);
#87430=ORIENTED_EDGE('',*,*,#84390,.F.);
#87440=EDGE_LOOP('',(#87430,#87420,#87410,#87400));
#87450=FACE_OUTER_BOUND('',#87440,.T.);
#87460=ADVANCED_FACE('',(#87450),#87340,.T.);
#87470=CARTESIAN_POINT('',(0.17,-0.549999999999998,7.095));
#87480=DIRECTION('',(0.,0.,-1.));
#87490=DIRECTION('',(-1.,0.,0.));
#87500=AXIS2_PLACEMENT_3D('',#87470,#87480,#87490);
#87510=CYLINDRICAL_SURFACE('',#87500,0.15);
#87520=ORIENTED_EDGE('',*,*,#85190,.T.);
#87530=ORIENTED_EDGE('',*,*,#86050,.F.);
#87540=ORIENTED_EDGE('',*,*,#87390,.T.);
#87550=ORIENTED_EDGE('',*,*,#84310,.F.);
#87560=EDGE_LOOP('',(#87550,#87540,#87530,#87520));
#87570=FACE_OUTER_BOUND('',#87560,.T.);
#87580=ADVANCED_FACE('',(#87570),#87510,.T.);
#87590=CARTESIAN_POINT('',(1.26514578638866,-0.649999999999998,6.635));
#87600=DIRECTION('',(0.,0.,-1.));
#87610=DIRECTION('',(0.,1.,0.));
#87620=AXIS2_PLACEMENT_3D('',#87590,#87600,#87610);
#87630=PLANE('',#87620);
#87640=ORIENTED_EDGE('',*,*,#7890,.T.);
#87650=CARTESIAN_POINT('',(0.0700000000000008,-0.399999999999998,6.635))
;
#87660=DIRECTION('',(1.,0.,0.));
#87670=VECTOR('',#87660,1.);
#87680=LINE('',#87650,#87670);
#87690=CARTESIAN_POINT('',(0.17,-0.399999999999998,6.635));
#87700=VERTEX_POINT('',#87690);
#87710=EDGE_CURVE('',#7800,#87700,#87680,.T.);
#87720=ORIENTED_EDGE('',*,*,#87710,.F.);
#87730=CARTESIAN_POINT('',(0.17,-0.549999999999998,6.635));
#87740=DIRECTION('',(0.,-0.,1.));
#87750=DIRECTION('',(0.882352941176504,0.470588235294055,0.));
#87760=AXIS2_PLACEMENT_3D('',#87730,#87740,#87750);
#87770=CIRCLE('',#87760,0.15);
#87780=CARTESIAN_POINT('',(0.302352941176472,-0.479411764705885,6.635));
#87790=VERTEX_POINT('',#87780);
#87800=EDGE_CURVE('',#87790,#87700,#87770,.T.);
#87810=ORIENTED_EDGE('',*,*,#87800,.T.);
#87820=CARTESIAN_POINT('',(0.32588235294118,-0.523529411764709,6.635));
#87830=DIRECTION('',(-0.470588235294118,0.88235294117647,0.));
#87840=VECTOR('',#87830,1.);
#87850=LINE('',#87820,#87840);
#87860=CARTESIAN_POINT('',(0.325882352941178,-0.523529411764707,6.635));
#87870=VERTEX_POINT('',#87860);
#87880=EDGE_CURVE('',#87870,#87790,#87850,.T.);
#87890=ORIENTED_EDGE('',*,*,#87880,.T.);
#87900=CARTESIAN_POINT('',(0.37,-0.499999999999998,6.635));
#87910=DIRECTION('',(0.,0.,-1.));
#87920=DIRECTION('',(0.,-1.,0.));
#87930=AXIS2_PLACEMENT_3D('',#87900,#87910,#87920);
#87940=CIRCLE('',#87930,0.05);
#87950=CARTESIAN_POINT('',(0.37,-0.549999999999998,6.635));
#87960=VERTEX_POINT('',#87950);
#87970=EDGE_CURVE('',#87960,#87870,#87940,.T.);
#87980=ORIENTED_EDGE('',*,*,#87970,.T.);
#87990=CARTESIAN_POINT('',(0.37,-0.549999999999998,6.635));
#88000=DIRECTION('',(1.,0.,0.));
#88010=VECTOR('',#88000,1.);
#88020=LINE('',#87990,#88010);
#88030=CARTESIAN_POINT('',(0.630000000000002,-0.549999999999998,6.635));
#88040=VERTEX_POINT('',#88030);
#88050=EDGE_CURVE('',#87960,#88040,#88020,.T.);
#88060=ORIENTED_EDGE('',*,*,#88050,.F.);
#88070=CARTESIAN_POINT('',(0.630000000000002,-0.549999999999998,6.635));
#88080=DIRECTION('',(3.3306690738755E-15,-1.,0.));
#88090=VECTOR('',#88080,1.);
#88100=LINE('',#88070,#88090);
#88110=CARTESIAN_POINT('',(0.630000000000003,-0.649999999999997,6.635));
#88120=VERTEX_POINT('',#88110);
#88130=EDGE_CURVE('',#88040,#88120,#88100,.T.);
#88140=ORIENTED_EDGE('',*,*,#88130,.F.);
#88150=CARTESIAN_POINT('',(0.630000000000003,-0.649999999999997,6.635));
#88160=DIRECTION('',(-1.,-8.54017711250111E-16,0.));
#88170=VECTOR('',#88160,1.);
#88180=LINE('',#88150,#88170);
#88190=CARTESIAN_POINT('',(0.369999999999995,-0.649999999999998,6.635));
#88200=VERTEX_POINT('',#88190);
#88210=EDGE_CURVE('',#88120,#88200,#88180,.T.);
#88220=ORIENTED_EDGE('',*,*,#88210,.F.);
#88230=CARTESIAN_POINT('',(0.37,-0.499999999999998,6.635));
#88240=DIRECTION('',(0.,0.,1.));
#88250=DIRECTION('',(-0.882352941176459,-0.47058823529414,0.));
#88260=AXIS2_PLACEMENT_3D('',#88230,#88240,#88250);
#88270=CIRCLE('',#88260,0.15);
#88280=CARTESIAN_POINT('',(0.237647058823531,-0.570588235294117,6.635));
#88290=VERTEX_POINT('',#88280);
#88300=EDGE_CURVE('',#88290,#88200,#88270,.T.);
#88310=ORIENTED_EDGE('',*,*,#88300,.T.);
#88320=CARTESIAN_POINT('',(0.214117647058824,-0.526470588235293,6.635));
#88330=DIRECTION('',(0.470588235294114,-0.882352941176473,0.));
#88340=VECTOR('',#88330,1.);
#88350=LINE('',#88320,#88340);
#88360=CARTESIAN_POINT('',(0.214117647058824,-0.526470588235293,6.635));
#88370=VERTEX_POINT('',#88360);
#88380=EDGE_CURVE('',#88370,#88290,#88350,.T.);
#88390=ORIENTED_EDGE('',*,*,#88380,.T.);
#88400=CARTESIAN_POINT('',(0.17,-0.549999999999998,6.635));
#88410=DIRECTION('',(0.,0.,-1.));
#88420=DIRECTION('',(-2.19269047363468E-13,1.,0.));
#88430=AXIS2_PLACEMENT_3D('',#88400,#88410,#88420);
#88440=CIRCLE('',#88430,0.05);
#88450=EDGE_CURVE('',#8830,#88370,#88440,.T.);
#88460=ORIENTED_EDGE('',*,*,#88450,.T.);
#88470=ORIENTED_EDGE('',*,*,#8840,.F.);
#88480=EDGE_LOOP('',(#88470,#88460,#88390,#88310,#88220,#88140,#88060,
#87980,#87890,#87810,#87720,#87640));
#88490=FACE_OUTER_BOUND('',#88480,.T.);
#88500=ADVANCED_FACE('',(#88490),#87630,.F.);
#88510=CARTESIAN_POINT('',(0.17,-0.399999999999998,6.695));
#88520=DIRECTION('',(0.,1.,0.));
#88530=DIRECTION('',(-1.,0.,0.));
#88540=AXIS2_PLACEMENT_3D('',#88510,#88520,#88530);
#88550=PLANE('',#88540);
#88560=CARTESIAN_POINT('',(0.17,-0.399999999999998,6.485));
#88570=DIRECTION('',(-1.,0.,0.));
#88580=VECTOR('',#88570,1.);
#88590=LINE('',#88560,#88580);
#88600=CARTESIAN_POINT('',(0.17,-0.399999999999998,6.485));
#88610=VERTEX_POINT('',#88600);
#88620=EDGE_CURVE('',#88610,#7720,#88590,.T.);
#88630=ORIENTED_EDGE('',*,*,#88620,.T.);
#88640=CARTESIAN_POINT('',(0.17,-0.399999999999998,6.485));
#88650=DIRECTION('',(0.,0.,1.));
#88660=VECTOR('',#88650,1.);
#88670=LINE('',#88640,#88660);
#88680=EDGE_CURVE('',#88610,#87700,#88670,.T.);
#88690=ORIENTED_EDGE('',*,*,#88680,.F.);
#88700=ORIENTED_EDGE('',*,*,#87710,.T.);
#88710=ORIENTED_EDGE('',*,*,#7810,.F.);
#88720=EDGE_LOOP('',(#88710,#88700,#88690,#88630));
#88730=FACE_OUTER_BOUND('',#88720,.T.);
#88740=ADVANCED_FACE('',(#88730),#88550,.T.);
#88750=CARTESIAN_POINT('',(1.26514578638866,-0.349999999999998,6.485));
#88760=DIRECTION('',(0.,0.,1.));
#88770=DIRECTION('',(0.,-1.,0.));
#88780=AXIS2_PLACEMENT_3D('',#88750,#88760,#88770);
#88790=PLANE('',#88780);
#88800=ORIENTED_EDGE('',*,*,#7730,.T.);
#88810=ORIENTED_EDGE('',*,*,#8980,.F.);
#88820=CARTESIAN_POINT('',(0.17,-0.549999999999998,6.485));
#88830=DIRECTION('',(0.,-0.,1.));
#88840=DIRECTION('',(0.882352941176532,0.470588235294003,0.));
#88850=AXIS2_PLACEMENT_3D('',#88820,#88830,#88840);
#88860=CIRCLE('',#88850,0.05);
#88870=CARTESIAN_POINT('',(0.214117647058826,-0.526470588235295,6.485));
#88880=VERTEX_POINT('',#88870);
#88890=EDGE_CURVE('',#88880,#8910,#88860,.T.);
#88900=ORIENTED_EDGE('',*,*,#88890,.T.);
#88910=CARTESIAN_POINT('',(0.237647058823529,-0.570588235294116,6.485));
#88920=DIRECTION('',(-0.470588235294108,0.882352941176476,0.));
#88930=VECTOR('',#88920,1.);
#88940=LINE('',#88910,#88930);
#88950=CARTESIAN_POINT('',(0.23764705882353,-0.570588235294116,6.485));
#88960=VERTEX_POINT('',#88950);
#88970=EDGE_CURVE('',#88960,#88880,#88940,.T.);
#88980=ORIENTED_EDGE('',*,*,#88970,.T.);
#88990=CARTESIAN_POINT('',(0.37,-0.499999999999998,6.485));
#89000=DIRECTION('',(-0.,0.,-1.));
#89010=DIRECTION('',(-1.14723045877933E-13,-1.,0.));
#89020=AXIS2_PLACEMENT_3D('',#88990,#89000,#89010);
#89030=CIRCLE('',#89020,0.15);
#89040=CARTESIAN_POINT('',(0.369999999999991,-0.649999999999997,6.485));
#89050=VERTEX_POINT('',#89040);
#89060=EDGE_CURVE('',#89050,#88960,#89030,.T.);
#89070=ORIENTED_EDGE('',*,*,#89060,.T.);
#89080=CARTESIAN_POINT('',(0.37,-0.649999999999997,6.485));
#89090=DIRECTION('',(1.,8.54017711250111E-16,0.));
#89100=VECTOR('',#89090,1.);
#89110=LINE('',#89080,#89100);
#89120=CARTESIAN_POINT('',(0.630000000000003,-0.649999999999997,6.485));
#89130=VERTEX_POINT('',#89120);
#89140=EDGE_CURVE('',#89050,#89130,#89110,.T.);
#89150=ORIENTED_EDGE('',*,*,#89140,.F.);
#89160=CARTESIAN_POINT('',(0.630000000000003,-0.649999999999997,6.485));
#89170=DIRECTION('',(-3.3306690738755E-15,1.,0.));
#89180=VECTOR('',#89170,1.);
#89190=LINE('',#89160,#89180);
#89200=CARTESIAN_POINT('',(0.630000000000003,-0.549999999999998,6.485));
#89210=VERTEX_POINT('',#89200);
#89220=EDGE_CURVE('',#89130,#89210,#89190,.T.);
#89230=ORIENTED_EDGE('',*,*,#89220,.F.);
#89240=CARTESIAN_POINT('',(0.630000000000002,-0.549999999999998,6.485));
#89250=DIRECTION('',(-1.,0.,0.));
#89260=VECTOR('',#89250,1.);
#89270=LINE('',#89240,#89260);
#89280=CARTESIAN_POINT('',(0.37,-0.549999999999998,6.485));
#89290=VERTEX_POINT('',#89280);
#89300=EDGE_CURVE('',#89210,#89290,#89270,.T.);
#89310=ORIENTED_EDGE('',*,*,#89300,.F.);
#89320=CARTESIAN_POINT('',(0.37,-0.499999999999998,6.485));
#89330=DIRECTION('',(0.,0.,1.));
#89340=DIRECTION('',(-0.882352941176487,-0.470588235294087,0.));
#89350=AXIS2_PLACEMENT_3D('',#89320,#89330,#89340);
#89360=CIRCLE('',#89350,0.05);
#89370=CARTESIAN_POINT('',(0.325882352941176,-0.523529411764703,6.485));
#89380=VERTEX_POINT('',#89370);
#89390=EDGE_CURVE('',#89380,#89290,#89360,.T.);
#89400=ORIENTED_EDGE('',*,*,#89390,.T.);
#89410=CARTESIAN_POINT('',(0.302352941176469,-0.479411764705878,6.485));
#89420=DIRECTION('',(0.470588235294116,-0.882352941176471,0.));
#89430=VECTOR('',#89420,1.);
#89440=LINE('',#89410,#89430);
#89450=CARTESIAN_POINT('',(0.30235294117647,-0.479411764705879,6.485));
#89460=VERTEX_POINT('',#89450);
#89470=EDGE_CURVE('',#89460,#89380,#89440,.T.);
#89480=ORIENTED_EDGE('',*,*,#89470,.T.);
#89490=CARTESIAN_POINT('',(0.17,-0.549999999999998,6.485));
#89500=DIRECTION('',(0.,0.,-1.));
#89510=DIRECTION('',(-5.55111512312578E-16,1.,0.));
#89520=AXIS2_PLACEMENT_3D('',#89490,#89500,#89510);
#89530=CIRCLE('',#89520,0.15);
#89540=EDGE_CURVE('',#88610,#89460,#89530,.T.);
#89550=ORIENTED_EDGE('',*,*,#89540,.T.);
#89560=ORIENTED_EDGE('',*,*,#88620,.F.);
#89570=EDGE_LOOP('',(#89560,#89550,#89480,#89400,#89310,#89230,#89150,
#89070,#88980,#88900,#88810,#88800));
#89580=FACE_OUTER_BOUND('',#89570,.T.);
#89590=ADVANCED_FACE('',(#89580),#88790,.F.);
#89600=CARTESIAN_POINT('',(0.17,-0.549999999999998,6.695));
#89610=DIRECTION('',(0.,0.,-1.));
#89620=DIRECTION('',(-1.,0.,0.));
#89630=AXIS2_PLACEMENT_3D('',#89600,#89610,#89620);
#89640=CYLINDRICAL_SURFACE('',#89630,0.05);
#89650=CARTESIAN_POINT('',(0.214117647058824,-0.526470588235292,6.485));
#89660=DIRECTION('',(0.,0.,1.));
#89670=VECTOR('',#89660,1.);
#89680=LINE('',#89650,#89670);
#89690=EDGE_CURVE('',#88880,#88370,#89680,.T.);
#89700=ORIENTED_EDGE('',*,*,#89690,.T.);
#89710=ORIENTED_EDGE('',*,*,#88890,.F.);
#89720=ORIENTED_EDGE('',*,*,#8920,.T.);
#89730=ORIENTED_EDGE('',*,*,#88450,.F.);
#89740=EDGE_LOOP('',(#89730,#89720,#89710,#89700));
#89750=FACE_OUTER_BOUND('',#89740,.T.);
#89760=ADVANCED_FACE('',(#89750),#89640,.F.);
#89770=CARTESIAN_POINT('',(0.214117647058824,-0.526470588235292,6.695));
#89780=DIRECTION('',(-0.88235294117647,-0.470588235294118,0.));
#89790=DIRECTION('',(0.470588235294118,-0.88235294117647,0.));
#89800=AXIS2_PLACEMENT_3D('',#89770,#89780,#89790);
#89810=PLANE('',#89800);
#89820=CARTESIAN_POINT('',(0.237647058823529,-0.570588235294116,6.635));
#89830=DIRECTION('',(0.,0.,-1.));
#89840=VECTOR('',#89830,1.);
#89850=LINE('',#89820,#89840);
#89860=EDGE_CURVE('',#88290,#88960,#89850,.T.);
#89870=ORIENTED_EDGE('',*,*,#89860,.F.);
#89880=ORIENTED_EDGE('',*,*,#88970,.F.);
#89890=ORIENTED_EDGE('',*,*,#89690,.F.);
#89900=ORIENTED_EDGE('',*,*,#88380,.F.);
#89910=EDGE_LOOP('',(#89900,#89890,#89880,#89870));
#89920=FACE_OUTER_BOUND('',#89910,.T.);
#89930=ADVANCED_FACE('',(#89920),#89810,.T.);
#89940=CARTESIAN_POINT('',(0.37,-0.499999999999998,6.695));
#89950=DIRECTION('',(0.,0.,-1.));
#89960=DIRECTION('',(-1.,0.,0.));
#89970=AXIS2_PLACEMENT_3D('',#89940,#89950,#89960);
#89980=CYLINDRICAL_SURFACE('',#89970,0.15);
#89990=CARTESIAN_POINT('',(0.37,-0.649999999999998,6.485));
#90000=DIRECTION('',(0.,0.,1.));
#90010=VECTOR('',#90000,1.);
#90020=LINE('',#89990,#90010);
#90030=EDGE_CURVE('',#89050,#88200,#90020,.T.);
#90040=ORIENTED_EDGE('',*,*,#90030,.T.);
#90050=ORIENTED_EDGE('',*,*,#89060,.F.);
#90060=ORIENTED_EDGE('',*,*,#89860,.T.);
#90070=ORIENTED_EDGE('',*,*,#88300,.F.);
#90080=EDGE_LOOP('',(#90070,#90060,#90050,#90040));
#90090=FACE_OUTER_BOUND('',#90080,.T.);
#90100=ADVANCED_FACE('',(#90090),#89980,.T.);
#90110=CARTESIAN_POINT('',(0.823766714898784,-0.649999999999997,6.695));
#90120=DIRECTION('',(6.47630097698008E-16,-1.,0.));
#90130=DIRECTION('',(1.,6.47630097698008E-16,0.));
#90140=AXIS2_PLACEMENT_3D('',#90110,#90120,#90130);
#90150=PLANE('',#90140);
#90160=ORIENTED_EDGE('',*,*,#89140,.T.);
#90170=ORIENTED_EDGE('',*,*,#90030,.F.);
#90180=ORIENTED_EDGE('',*,*,#88210,.T.);
#90190=CARTESIAN_POINT('',(0.630000000000003,-0.649999999999997,6.485));
#90200=DIRECTION('',(0.,0.,1.));
#90210=VECTOR('',#90200,1.);
#90220=LINE('',#90190,#90210);
#90230=EDGE_CURVE('',#89130,#88120,#90220,.T.);
#90240=ORIENTED_EDGE('',*,*,#90230,.T.);
#90250=EDGE_LOOP('',(#90240,#90180,#90170,#90160));
#90260=FACE_OUTER_BOUND('',#90250,.T.);
#90270=ADVANCED_FACE('',(#90260),#90150,.T.);
#90280=CARTESIAN_POINT('',(0.630000000000003,-0.7640024,6.87476109676743
));
#90290=DIRECTION('',(-1.,-3.5527136788005E-15,0.));
#90300=DIRECTION('',(0.,0.,-1.));
#90310=AXIS2_PLACEMENT_3D('',#90280,#90290,#90300);
#90320=PLANE('',#90310);
#90330=ORIENTED_EDGE('',*,*,#89220,.T.);
#90340=ORIENTED_EDGE('',*,*,#90230,.F.);
#90350=ORIENTED_EDGE('',*,*,#88130,.T.);
#90360=CARTESIAN_POINT('',(0.630000000000002,-0.549999999999998,6.635));
#90370=DIRECTION('',(0.,0.,-1.));
#90380=VECTOR('',#90370,1.);
#90390=LINE('',#90360,#90380);
#90400=EDGE_CURVE('',#88040,#89210,#90390,.T.);
#90410=ORIENTED_EDGE('',*,*,#90400,.F.);
#90420=EDGE_LOOP('',(#90410,#90350,#90340,#90330));
#90430=FACE_OUTER_BOUND('',#90420,.T.);
#90440=ADVANCED_FACE('',(#90430),#90320,.F.);
#90450=CARTESIAN_POINT('',(0.583766714898784,-0.549999999999998,6.695));
#90460=DIRECTION('',(0.,1.,0.));
#90470=DIRECTION('',(-1.,0.,0.));
#90480=AXIS2_PLACEMENT_3D('',#90450,#90460,#90470);
#90490=PLANE('',#90480);
#90500=CARTESIAN_POINT('',(0.37,-0.549999999999998,6.635));
#90510=DIRECTION('',(0.,0.,-1.));
#90520=VECTOR('',#90510,1.);
#90530=LINE('',#90500,#90520);
#90540=EDGE_CURVE('',#87960,#89290,#90530,.T.);
#90550=ORIENTED_EDGE('',*,*,#90540,.F.);
#90560=ORIENTED_EDGE('',*,*,#89300,.T.);
#90570=ORIENTED_EDGE('',*,*,#90400,.T.);
#90580=ORIENTED_EDGE('',*,*,#88050,.T.);
#90590=EDGE_LOOP('',(#90580,#90570,#90560,#90550));
#90600=FACE_OUTER_BOUND('',#90590,.T.);
#90610=ADVANCED_FACE('',(#90600),#90490,.T.);
#90620=CARTESIAN_POINT('',(0.37,-0.499999999999998,6.695));
#90630=DIRECTION('',(0.,0.,-1.));
#90640=DIRECTION('',(-1.,0.,0.));
#90650=AXIS2_PLACEMENT_3D('',#90620,#90630,#90640);
#90660=CYLINDRICAL_SURFACE('',#90650,0.05);
#90670=CARTESIAN_POINT('',(0.325882352941176,-0.523529411764704,6.485));
#90680=DIRECTION('',(0.,0.,1.));
#90690=VECTOR('',#90680,1.);
#90700=LINE('',#90670,#90690);
#90710=EDGE_CURVE('',#89380,#87870,#90700,.T.);
#90720=ORIENTED_EDGE('',*,*,#90710,.T.);
#90730=ORIENTED_EDGE('',*,*,#89390,.F.);
#90740=ORIENTED_EDGE('',*,*,#90540,.T.);
#90750=ORIENTED_EDGE('',*,*,#87970,.F.);
#90760=EDGE_LOOP('',(#90750,#90740,#90730,#90720));
#90770=FACE_OUTER_BOUND('',#90760,.T.);
#90780=ADVANCED_FACE('',(#90770),#90660,.F.);
#90790=CARTESIAN_POINT('',(0.325882352941176,-0.523529411764704,6.695));
#90800=DIRECTION('',(0.88235294117647,0.470588235294118,0.));
#90810=DIRECTION('',(-0.470588235294118,0.88235294117647,0.));
#90820=AXIS2_PLACEMENT_3D('',#90790,#90800,#90810);
#90830=PLANE('',#90820);
#90840=CARTESIAN_POINT('',(0.30235294117647,-0.47941176470588,6.635));
#90850=DIRECTION('',(0.,0.,-1.));
#90860=VECTOR('',#90850,1.);
#90870=LINE('',#90840,#90860);
#90880=EDGE_CURVE('',#87790,#89460,#90870,.T.);
#90890=ORIENTED_EDGE('',*,*,#90880,.F.);
#90900=ORIENTED_EDGE('',*,*,#89470,.F.);
#90910=ORIENTED_EDGE('',*,*,#90710,.F.);
#90920=ORIENTED_EDGE('',*,*,#87880,.F.);
#90930=EDGE_LOOP('',(#90920,#90910,#90900,#90890));
#90940=FACE_OUTER_BOUND('',#90930,.T.);
#90950=ADVANCED_FACE('',(#90940),#90830,.T.);
#90960=CARTESIAN_POINT('',(0.17,-0.549999999999998,6.695));
#90970=DIRECTION('',(0.,0.,-1.));
#90980=DIRECTION('',(-1.,0.,0.));
#90990=AXIS2_PLACEMENT_3D('',#90960,#90970,#90980);
#91000=CYLINDRICAL_SURFACE('',#90990,0.15);
#91010=ORIENTED_EDGE('',*,*,#88680,.T.);
#91020=ORIENTED_EDGE('',*,*,#89540,.F.);
#91030=ORIENTED_EDGE('',*,*,#90880,.T.);
#91040=ORIENTED_EDGE('',*,*,#87800,.F.);
#91050=EDGE_LOOP('',(#91040,#91030,#91020,#91010));
#91060=FACE_OUTER_BOUND('',#91050,.T.);
#91070=ADVANCED_FACE('',(#91060),#91000,.T.);
#91080=CARTESIAN_POINT('',(1.26514578638866,-0.649999999999998,6.235));
#91090=DIRECTION('',(0.,0.,-1.));
#91100=DIRECTION('',(0.,1.,0.));
#91110=AXIS2_PLACEMENT_3D('',#91080,#91090,#91100);
#91120=PLANE('',#91110);
#91130=ORIENTED_EDGE('',*,*,#7570,.T.);
#91140=CARTESIAN_POINT('',(0.0700000000000008,-0.399999999999998,6.235))
;
#91150=DIRECTION('',(1.,0.,0.));
#91160=VECTOR('',#91150,1.);
#91170=LINE('',#91140,#91160);
#91180=CARTESIAN_POINT('',(0.17,-0.399999999999998,6.235));
#91190=VERTEX_POINT('',#91180);
#91200=EDGE_CURVE('',#7480,#91190,#91170,.T.);
#91210=ORIENTED_EDGE('',*,*,#91200,.F.);
#91220=CARTESIAN_POINT('',(0.17,-0.549999999999998,6.235));
#91230=DIRECTION('',(0.,-0.,1.));
#91240=DIRECTION('',(0.882352941176504,0.470588235294055,0.));
#91250=AXIS2_PLACEMENT_3D('',#91220,#91230,#91240);
#91260=CIRCLE('',#91250,0.15);
#91270=CARTESIAN_POINT('',(0.302352941176472,-0.479411764705885,6.235));
#91280=VERTEX_POINT('',#91270);
#91290=EDGE_CURVE('',#91280,#91190,#91260,.T.);
#91300=ORIENTED_EDGE('',*,*,#91290,.T.);
#91310=CARTESIAN_POINT('',(0.32588235294118,-0.523529411764709,6.235));
#91320=DIRECTION('',(-0.470588235294118,0.88235294117647,0.));
#91330=VECTOR('',#91320,1.);
#91340=LINE('',#91310,#91330);
#91350=CARTESIAN_POINT('',(0.325882352941178,-0.523529411764707,6.235));
#91360=VERTEX_POINT('',#91350);
#91370=EDGE_CURVE('',#91360,#91280,#91340,.T.);
#91380=ORIENTED_EDGE('',*,*,#91370,.T.);
#91390=CARTESIAN_POINT('',(0.37,-0.499999999999998,6.235));
#91400=DIRECTION('',(0.,0.,-1.));
#91410=DIRECTION('',(0.,-1.,0.));
#91420=AXIS2_PLACEMENT_3D('',#91390,#91400,#91410);
#91430=CIRCLE('',#91420,0.05);
#91440=CARTESIAN_POINT('',(0.37,-0.549999999999998,6.235));
#91450=VERTEX_POINT('',#91440);
#91460=EDGE_CURVE('',#91450,#91360,#91430,.T.);
#91470=ORIENTED_EDGE('',*,*,#91460,.T.);
#91480=CARTESIAN_POINT('',(0.37,-0.549999999999998,6.235));
#91490=DIRECTION('',(1.,0.,0.));
#91500=VECTOR('',#91490,1.);
#91510=LINE('',#91480,#91500);
#91520=CARTESIAN_POINT('',(0.630000000000002,-0.549999999999998,6.235));
#91530=VERTEX_POINT('',#91520);
#91540=EDGE_CURVE('',#91450,#91530,#91510,.T.);
#91550=ORIENTED_EDGE('',*,*,#91540,.F.);
#91560=CARTESIAN_POINT('',(0.630000000000002,-0.549999999999998,6.235));
#91570=DIRECTION('',(3.3306690738755E-15,-1.,0.));
#91580=VECTOR('',#91570,1.);
#91590=LINE('',#91560,#91580);
#91600=CARTESIAN_POINT('',(0.630000000000003,-0.649999999999997,6.235));
#91610=VERTEX_POINT('',#91600);
#91620=EDGE_CURVE('',#91530,#91610,#91590,.T.);
#91630=ORIENTED_EDGE('',*,*,#91620,.F.);
#91640=CARTESIAN_POINT('',(0.630000000000003,-0.649999999999997,6.235));
#91650=DIRECTION('',(-1.,-8.54017711250111E-16,0.));
#91660=VECTOR('',#91650,1.);
#91670=LINE('',#91640,#91660);
#91680=CARTESIAN_POINT('',(0.369999999999995,-0.649999999999998,6.235));
#91690=VERTEX_POINT('',#91680);
#91700=EDGE_CURVE('',#91610,#91690,#91670,.T.);
#91710=ORIENTED_EDGE('',*,*,#91700,.F.);
#91720=CARTESIAN_POINT('',(0.37,-0.499999999999998,6.235));
#91730=DIRECTION('',(0.,0.,1.));
#91740=DIRECTION('',(-0.882352941176442,-0.470588235294171,0.));
#91750=AXIS2_PLACEMENT_3D('',#91720,#91730,#91740);
#91760=CIRCLE('',#91750,0.15);
#91770=CARTESIAN_POINT('',(0.237647058823532,-0.570588235294119,6.235));
#91780=VERTEX_POINT('',#91770);
#91790=EDGE_CURVE('',#91780,#91690,#91760,.T.);
#91800=ORIENTED_EDGE('',*,*,#91790,.T.);
#91810=CARTESIAN_POINT('',(0.214117647058827,-0.526470588235297,6.235));
#91820=DIRECTION('',(0.470588235294116,-0.882352941176471,0.));
#91830=VECTOR('',#91820,1.);
#91840=LINE('',#91810,#91830);
#91850=CARTESIAN_POINT('',(0.214117647058825,-0.526470588235295,6.235));
#91860=VERTEX_POINT('',#91850);
#91870=EDGE_CURVE('',#91860,#91780,#91840,.T.);
#91880=ORIENTED_EDGE('',*,*,#91870,.T.);
#91890=CARTESIAN_POINT('',(0.17,-0.549999999999998,6.235));
#91900=DIRECTION('',(0.,0.,-1.));
#91910=DIRECTION('',(-2.19269047363468E-13,1.,0.));
#91920=AXIS2_PLACEMENT_3D('',#91890,#91900,#91910);
#91930=CIRCLE('',#91920,0.05);
#91940=EDGE_CURVE('',#9060,#91860,#91930,.T.);
#91950=ORIENTED_EDGE('',*,*,#91940,.T.);
#91960=ORIENTED_EDGE('',*,*,#9070,.F.);
#91970=EDGE_LOOP('',(#91960,#91950,#91880,#91800,#91710,#91630,#91550,
#91470,#91380,#91300,#91210,#91130));
#91980=FACE_OUTER_BOUND('',#91970,.T.);
#91990=ADVANCED_FACE('',(#91980),#91120,.F.);
#92000=CARTESIAN_POINT('',(0.17,-0.399999999999998,6.295));
#92010=DIRECTION('',(0.,1.,0.));
#92020=DIRECTION('',(-1.,0.,0.));
#92030=AXIS2_PLACEMENT_3D('',#92000,#92010,#92020);
#92040=PLANE('',#92030);
#92050=CARTESIAN_POINT('',(0.17,-0.399999999999998,6.085));
#92060=DIRECTION('',(-1.,0.,0.));
#92070=VECTOR('',#92060,1.);
#92080=LINE('',#92050,#92070);
#92090=CARTESIAN_POINT('',(0.17,-0.399999999999998,6.085));
#92100=VERTEX_POINT('',#92090);
#92110=EDGE_CURVE('',#92100,#7400,#92080,.T.);
#92120=ORIENTED_EDGE('',*,*,#92110,.T.);
#92130=CARTESIAN_POINT('',(0.17,-0.399999999999998,6.085));
#92140=DIRECTION('',(0.,0.,1.));
#92150=VECTOR('',#92140,1.);
#92160=LINE('',#92130,#92150);
#92170=EDGE_CURVE('',#92100,#91190,#92160,.T.);
#92180=ORIENTED_EDGE('',*,*,#92170,.F.);
#92190=ORIENTED_EDGE('',*,*,#91200,.T.);
#92200=ORIENTED_EDGE('',*,*,#7490,.F.);
#92210=EDGE_LOOP('',(#92200,#92190,#92180,#92120));
#92220=FACE_OUTER_BOUND('',#92210,.T.);
#92230=ADVANCED_FACE('',(#92220),#92040,.T.);
#92240=CARTESIAN_POINT('',(1.26514578638866,-0.349999999999998,6.085));
#92250=DIRECTION('',(0.,0.,1.));
#92260=DIRECTION('',(0.,-1.,0.));
#92270=AXIS2_PLACEMENT_3D('',#92240,#92250,#92260);
#92280=PLANE('',#92270);
#92290=ORIENTED_EDGE('',*,*,#7410,.T.);
#92300=ORIENTED_EDGE('',*,*,#9210,.F.);
#92310=CARTESIAN_POINT('',(0.17,-0.549999999999998,6.085));
#92320=DIRECTION('',(0.,-0.,1.));
#92330=DIRECTION('',(0.882352941176532,0.470588235294003,0.));
#92340=AXIS2_PLACEMENT_3D('',#92310,#92320,#92330);
#92350=CIRCLE('',#92340,0.05);
#92360=CARTESIAN_POINT('',(0.214117647058826,-0.526470588235295,6.085));
#92370=VERTEX_POINT('',#92360);
#92380=EDGE_CURVE('',#92370,#9140,#92350,.T.);
#92390=ORIENTED_EDGE('',*,*,#92380,.T.);
#92400=CARTESIAN_POINT('',(0.237647058823529,-0.570588235294116,6.085));
#92410=DIRECTION('',(-0.470588235294108,0.882352941176476,0.));
#92420=VECTOR('',#92410,1.);
#92430=LINE('',#92400,#92420);
#92440=CARTESIAN_POINT('',(0.23764705882353,-0.570588235294116,6.085));
#92450=VERTEX_POINT('',#92440);
#92460=EDGE_CURVE('',#92450,#92370,#92430,.T.);
#92470=ORIENTED_EDGE('',*,*,#92460,.T.);
#92480=CARTESIAN_POINT('',(0.37,-0.499999999999998,6.085));
#92490=DIRECTION('',(-0.,0.,-1.));
#92500=DIRECTION('',(-1.14723045877933E-13,-1.,0.));
#92510=AXIS2_PLACEMENT_3D('',#92480,#92490,#92500);
#92520=CIRCLE('',#92510,0.15);
#92530=CARTESIAN_POINT('',(0.369999999999991,-0.649999999999997,6.085));
#92540=VERTEX_POINT('',#92530);
#92550=EDGE_CURVE('',#92540,#92450,#92520,.T.);
#92560=ORIENTED_EDGE('',*,*,#92550,.T.);
#92570=CARTESIAN_POINT('',(0.37,-0.649999999999997,6.085));
#92580=DIRECTION('',(1.,8.54017711250111E-16,0.));
#92590=VECTOR('',#92580,1.);
#92600=LINE('',#92570,#92590);
#92610=CARTESIAN_POINT('',(0.630000000000003,-0.649999999999997,6.085));
#92620=VERTEX_POINT('',#92610);
#92630=EDGE_CURVE('',#92540,#92620,#92600,.T.);
#92640=ORIENTED_EDGE('',*,*,#92630,.F.);
#92650=CARTESIAN_POINT('',(0.630000000000003,-0.649999999999997,6.085));
#92660=DIRECTION('',(-3.3306690738755E-15,1.,0.));
#92670=VECTOR('',#92660,1.);
#92680=LINE('',#92650,#92670);
#92690=CARTESIAN_POINT('',(0.630000000000003,-0.549999999999998,6.085));
#92700=VERTEX_POINT('',#92690);
#92710=EDGE_CURVE('',#92620,#92700,#92680,.T.);
#92720=ORIENTED_EDGE('',*,*,#92710,.F.);
#92730=CARTESIAN_POINT('',(0.630000000000002,-0.549999999999998,6.085));
#92740=DIRECTION('',(-1.,0.,0.));
#92750=VECTOR('',#92740,1.);
#92760=LINE('',#92730,#92750);
#92770=CARTESIAN_POINT('',(0.37,-0.549999999999998,6.085));
#92780=VERTEX_POINT('',#92770);
#92790=EDGE_CURVE('',#92700,#92780,#92760,.T.);
#92800=ORIENTED_EDGE('',*,*,#92790,.F.);
#92810=CARTESIAN_POINT('',(0.37,-0.499999999999998,6.085));
#92820=DIRECTION('',(0.,0.,1.));
#92830=DIRECTION('',(-0.882352941176487,-0.470588235294087,0.));
#92840=AXIS2_PLACEMENT_3D('',#92810,#92820,#92830);
#92850=CIRCLE('',#92840,0.05);
#92860=CARTESIAN_POINT('',(0.325882352941176,-0.523529411764703,6.085));
#92870=VERTEX_POINT('',#92860);
#92880=EDGE_CURVE('',#92870,#92780,#92850,.T.);
#92890=ORIENTED_EDGE('',*,*,#92880,.T.);
#92900=CARTESIAN_POINT('',(0.302352941176469,-0.479411764705878,6.085));
#92910=DIRECTION('',(0.470588235294116,-0.882352941176471,0.));
#92920=VECTOR('',#92910,1.);
#92930=LINE('',#92900,#92920);
#92940=CARTESIAN_POINT('',(0.30235294117647,-0.479411764705879,6.085));
#92950=VERTEX_POINT('',#92940);
#92960=EDGE_CURVE('',#92950,#92870,#92930,.T.);
#92970=ORIENTED_EDGE('',*,*,#92960,.T.);
#92980=CARTESIAN_POINT('',(0.17,-0.549999999999998,6.085));
#92990=DIRECTION('',(0.,0.,-1.));
#93000=DIRECTION('',(-5.55111512312578E-16,1.,0.));
#93010=AXIS2_PLACEMENT_3D('',#92980,#92990,#93000);
#93020=CIRCLE('',#93010,0.15);
#93030=EDGE_CURVE('',#92100,#92950,#93020,.T.);
#93040=ORIENTED_EDGE('',*,*,#93030,.T.);
#93050=ORIENTED_EDGE('',*,*,#92110,.F.);
#93060=EDGE_LOOP('',(#93050,#93040,#92970,#92890,#92800,#92720,#92640,
#92560,#92470,#92390,#92300,#92290));
#93070=FACE_OUTER_BOUND('',#93060,.T.);
#93080=ADVANCED_FACE('',(#93070),#92280,.F.);
#93090=CARTESIAN_POINT('',(0.17,-0.549999999999998,6.295));
#93100=DIRECTION('',(0.,0.,-1.));
#93110=DIRECTION('',(-1.,0.,0.));
#93120=AXIS2_PLACEMENT_3D('',#93090,#93100,#93110);
#93130=CYLINDRICAL_SURFACE('',#93120,0.05);
#93140=CARTESIAN_POINT('',(0.214117647058824,-0.526470588235292,6.085));
#93150=DIRECTION('',(0.,0.,1.));
#93160=VECTOR('',#93150,1.);
#93170=LINE('',#93140,#93160);
#93180=EDGE_CURVE('',#92370,#91860,#93170,.T.);
#93190=ORIENTED_EDGE('',*,*,#93180,.T.);
#93200=ORIENTED_EDGE('',*,*,#92380,.F.);
#93210=ORIENTED_EDGE('',*,*,#9150,.T.);
#93220=ORIENTED_EDGE('',*,*,#91940,.F.);
#93230=EDGE_LOOP('',(#93220,#93210,#93200,#93190));
#93240=FACE_OUTER_BOUND('',#93230,.T.);
#93250=ADVANCED_FACE('',(#93240),#93130,.F.);
#93260=CARTESIAN_POINT('',(0.214117647058824,-0.526470588235292,6.295));
#93270=DIRECTION('',(-0.88235294117647,-0.470588235294118,0.));
#93280=DIRECTION('',(0.470588235294118,-0.88235294117647,0.));
#93290=AXIS2_PLACEMENT_3D('',#93260,#93270,#93280);
#93300=PLANE('',#93290);
#93310=CARTESIAN_POINT('',(0.237647058823529,-0.570588235294116,6.235));
#93320=DIRECTION('',(0.,0.,-1.));
#93330=VECTOR('',#93320,1.);
#93340=LINE('',#93310,#93330);
#93350=EDGE_CURVE('',#91780,#92450,#93340,.T.);
#93360=ORIENTED_EDGE('',*,*,#93350,.F.);
#93370=ORIENTED_EDGE('',*,*,#92460,.F.);
#93380=ORIENTED_EDGE('',*,*,#93180,.F.);
#93390=ORIENTED_EDGE('',*,*,#91870,.F.);
#93400=EDGE_LOOP('',(#93390,#93380,#93370,#93360));
#93410=FACE_OUTER_BOUND('',#93400,.T.);
#93420=ADVANCED_FACE('',(#93410),#93300,.T.);
#93430=CARTESIAN_POINT('',(0.37,-0.499999999999998,6.295));
#93440=DIRECTION('',(0.,0.,-1.));
#93450=DIRECTION('',(-1.,0.,0.));
#93460=AXIS2_PLACEMENT_3D('',#93430,#93440,#93450);
#93470=CYLINDRICAL_SURFACE('',#93460,0.15);
#93480=CARTESIAN_POINT('',(0.37,-0.649999999999998,6.085));
#93490=DIRECTION('',(0.,0.,1.));
#93500=VECTOR('',#93490,1.);
#93510=LINE('',#93480,#93500);
#93520=EDGE_CURVE('',#92540,#91690,#93510,.T.);
#93530=ORIENTED_EDGE('',*,*,#93520,.T.);
#93540=ORIENTED_EDGE('',*,*,#92550,.F.);
#93550=ORIENTED_EDGE('',*,*,#93350,.T.);
#93560=ORIENTED_EDGE('',*,*,#91790,.F.);
#93570=EDGE_LOOP('',(#93560,#93550,#93540,#93530));
#93580=FACE_OUTER_BOUND('',#93570,.T.);
#93590=ADVANCED_FACE('',(#93580),#93470,.T.);
#93600=CARTESIAN_POINT('',(0.823766714898784,-0.649999999999997,6.295));
#93610=DIRECTION('',(6.47630097698008E-16,-1.,0.));
#93620=DIRECTION('',(1.,6.47630097698008E-16,0.));
#93630=AXIS2_PLACEMENT_3D('',#93600,#93610,#93620);
#93640=PLANE('',#93630);
#93650=ORIENTED_EDGE('',*,*,#92630,.T.);
#93660=ORIENTED_EDGE('',*,*,#93520,.F.);
#93670=ORIENTED_EDGE('',*,*,#91700,.T.);
#93680=CARTESIAN_POINT('',(0.630000000000003,-0.649999999999997,6.085));
#93690=DIRECTION('',(0.,0.,1.));
#93700=VECTOR('',#93690,1.);
#93710=LINE('',#93680,#93700);
#93720=EDGE_CURVE('',#92620,#91610,#93710,.T.);
#93730=ORIENTED_EDGE('',*,*,#93720,.T.);
#93740=EDGE_LOOP('',(#93730,#93670,#93660,#93650));
#93750=FACE_OUTER_BOUND('',#93740,.T.);
#93760=ADVANCED_FACE('',(#93750),#93640,.T.);
#93770=CARTESIAN_POINT('',(0.630000000000003,-0.7640024,6.47476109676743
));
#93780=DIRECTION('',(-1.,-3.5527136788005E-15,0.));
#93790=DIRECTION('',(0.,0.,-1.));
#93800=AXIS2_PLACEMENT_3D('',#93770,#93780,#93790);
#93810=PLANE('',#93800);
#93820=ORIENTED_EDGE('',*,*,#92710,.T.);
#93830=ORIENTED_EDGE('',*,*,#93720,.F.);
#93840=ORIENTED_EDGE('',*,*,#91620,.T.);
#93850=CARTESIAN_POINT('',(0.630000000000002,-0.549999999999998,6.235));
#93860=DIRECTION('',(0.,0.,-1.));
#93870=VECTOR('',#93860,1.);
#93880=LINE('',#93850,#93870);
#93890=EDGE_CURVE('',#91530,#92700,#93880,.T.);
#93900=ORIENTED_EDGE('',*,*,#93890,.F.);
#93910=EDGE_LOOP('',(#93900,#93840,#93830,#93820));
#93920=FACE_OUTER_BOUND('',#93910,.T.);
#93930=ADVANCED_FACE('',(#93920),#93810,.F.);
#93940=CARTESIAN_POINT('',(0.583766714898784,-0.549999999999998,6.295));
#93950=DIRECTION('',(0.,1.,0.));
#93960=DIRECTION('',(-1.,0.,0.));
#93970=AXIS2_PLACEMENT_3D('',#93940,#93950,#93960);
#93980=PLANE('',#93970);
#93990=CARTESIAN_POINT('',(0.37,-0.549999999999998,6.235));
#94000=DIRECTION('',(0.,0.,-1.));
#94010=VECTOR('',#94000,1.);
#94020=LINE('',#93990,#94010);
#94030=EDGE_CURVE('',#91450,#92780,#94020,.T.);
#94040=ORIENTED_EDGE('',*,*,#94030,.F.);
#94050=ORIENTED_EDGE('',*,*,#92790,.T.);
#94060=ORIENTED_EDGE('',*,*,#93890,.T.);
#94070=ORIENTED_EDGE('',*,*,#91540,.T.);
#94080=EDGE_LOOP('',(#94070,#94060,#94050,#94040));
#94090=FACE_OUTER_BOUND('',#94080,.T.);
#94100=ADVANCED_FACE('',(#94090),#93980,.T.);
#94110=CARTESIAN_POINT('',(0.37,-0.499999999999998,6.295));
#94120=DIRECTION('',(0.,0.,-1.));
#94130=DIRECTION('',(-1.,0.,0.));
#94140=AXIS2_PLACEMENT_3D('',#94110,#94120,#94130);
#94150=CYLINDRICAL_SURFACE('',#94140,0.05);
#94160=CARTESIAN_POINT('',(0.325882352941176,-0.523529411764704,6.085));
#94170=DIRECTION('',(0.,0.,1.));
#94180=VECTOR('',#94170,1.);
#94190=LINE('',#94160,#94180);
#94200=EDGE_CURVE('',#92870,#91360,#94190,.T.);
#94210=ORIENTED_EDGE('',*,*,#94200,.T.);
#94220=ORIENTED_EDGE('',*,*,#92880,.F.);
#94230=ORIENTED_EDGE('',*,*,#94030,.T.);
#94240=ORIENTED_EDGE('',*,*,#91460,.F.);
#94250=EDGE_LOOP('',(#94240,#94230,#94220,#94210));
#94260=FACE_OUTER_BOUND('',#94250,.T.);
#94270=ADVANCED_FACE('',(#94260),#94150,.F.);
#94280=CARTESIAN_POINT('',(0.325882352941176,-0.523529411764704,6.295));
#94290=DIRECTION('',(0.88235294117647,0.470588235294118,0.));
#94300=DIRECTION('',(-0.470588235294118,0.88235294117647,0.));
#94310=AXIS2_PLACEMENT_3D('',#94280,#94290,#94300);
#94320=PLANE('',#94310);
#94330=CARTESIAN_POINT('',(0.30235294117647,-0.47941176470588,6.235));
#94340=DIRECTION('',(0.,0.,-1.));
#94350=VECTOR('',#94340,1.);
#94360=LINE('',#94330,#94350);
#94370=EDGE_CURVE('',#91280,#92950,#94360,.T.);
#94380=ORIENTED_EDGE('',*,*,#94370,.F.);
#94390=ORIENTED_EDGE('',*,*,#92960,.F.);
#94400=ORIENTED_EDGE('',*,*,#94200,.F.);
#94410=ORIENTED_EDGE('',*,*,#91370,.F.);
#94420=EDGE_LOOP('',(#94410,#94400,#94390,#94380));
#94430=FACE_OUTER_BOUND('',#94420,.T.);
#94440=ADVANCED_FACE('',(#94430),#94320,.T.);
#94450=CARTESIAN_POINT('',(0.17,-0.549999999999998,6.295));
#94460=DIRECTION('',(0.,0.,-1.));
#94470=DIRECTION('',(-1.,0.,0.));
#94480=AXIS2_PLACEMENT_3D('',#94450,#94460,#94470);
#94490=CYLINDRICAL_SURFACE('',#94480,0.15);
#94500=ORIENTED_EDGE('',*,*,#92170,.T.);
#94510=ORIENTED_EDGE('',*,*,#93030,.F.);
#94520=ORIENTED_EDGE('',*,*,#94370,.T.);
#94530=ORIENTED_EDGE('',*,*,#91290,.F.);
#94540=EDGE_LOOP('',(#94530,#94520,#94510,#94500));
#94550=FACE_OUTER_BOUND('',#94540,.T.);
#94560=ADVANCED_FACE('',(#94550),#94490,.T.);
#94570=CARTESIAN_POINT('',(1.26514578638866,-0.649999999999998,5.835));
#94580=DIRECTION('',(0.,0.,-1.));
#94590=DIRECTION('',(0.,1.,0.));
#94600=AXIS2_PLACEMENT_3D('',#94570,#94580,#94590);
#94610=PLANE('',#94600);
#94620=ORIENTED_EDGE('',*,*,#7250,.T.);
#94630=CARTESIAN_POINT('',(0.0700000000000008,-0.399999999999998,5.835))
;
#94640=DIRECTION('',(1.,0.,0.));
#94650=VECTOR('',#94640,1.);
#94660=LINE('',#94630,#94650);
#94670=CARTESIAN_POINT('',(0.17,-0.399999999999998,5.835));
#94680=VERTEX_POINT('',#94670);
#94690=EDGE_CURVE('',#7160,#94680,#94660,.T.);
#94700=ORIENTED_EDGE('',*,*,#94690,.F.);
#94710=CARTESIAN_POINT('',(0.17,-0.549999999999998,5.835));
#94720=DIRECTION('',(0.,-0.,1.));
#94730=DIRECTION('',(0.882352941176496,0.470588235294071,0.));
#94740=AXIS2_PLACEMENT_3D('',#94710,#94720,#94730);
#94750=CIRCLE('',#94740,0.15);
#94760=CARTESIAN_POINT('',(0.302352941176472,-0.479411764705884,5.835));
#94770=VERTEX_POINT('',#94760);
#94780=EDGE_CURVE('',#94770,#94680,#94750,.T.);
#94790=ORIENTED_EDGE('',*,*,#94780,.T.);
#94800=CARTESIAN_POINT('',(0.325882352941179,-0.523529411764707,5.835));
#94810=DIRECTION('',(-0.470588235294115,0.882352941176472,0.));
#94820=VECTOR('',#94810,1.);
#94830=LINE('',#94800,#94820);
#94840=CARTESIAN_POINT('',(0.325882352941177,-0.523529411764705,5.835));
#94850=VERTEX_POINT('',#94840);
#94860=EDGE_CURVE('',#94850,#94770,#94830,.T.);
#94870=ORIENTED_EDGE('',*,*,#94860,.T.);
#94880=CARTESIAN_POINT('',(0.37,-0.499999999999998,5.835));
#94890=DIRECTION('',(0.,0.,-1.));
#94900=DIRECTION('',(0.,-1.,0.));
#94910=AXIS2_PLACEMENT_3D('',#94880,#94890,#94900);
#94920=CIRCLE('',#94910,0.05);
#94930=CARTESIAN_POINT('',(0.37,-0.549999999999998,5.835));
#94940=VERTEX_POINT('',#94930);
#94950=EDGE_CURVE('',#94940,#94850,#94920,.T.);
#94960=ORIENTED_EDGE('',*,*,#94950,.T.);
#94970=CARTESIAN_POINT('',(0.37,-0.549999999999998,5.835));
#94980=DIRECTION('',(1.,0.,0.));
#94990=VECTOR('',#94980,1.);
#95000=LINE('',#94970,#94990);
#95010=CARTESIAN_POINT('',(0.630000000000002,-0.549999999999998,5.835));
#95020=VERTEX_POINT('',#95010);
#95030=EDGE_CURVE('',#94940,#95020,#95000,.T.);
#95040=ORIENTED_EDGE('',*,*,#95030,.F.);
#95050=CARTESIAN_POINT('',(0.630000000000002,-0.549999999999998,5.835));
#95060=DIRECTION('',(3.3306690738755E-15,-1.,0.));
#95070=VECTOR('',#95060,1.);
#95080=LINE('',#95050,#95070);
#95090=CARTESIAN_POINT('',(0.630000000000003,-0.649999999999997,5.835));
#95100=VERTEX_POINT('',#95090);
#95110=EDGE_CURVE('',#95020,#95100,#95080,.T.);
#95120=ORIENTED_EDGE('',*,*,#95110,.F.);
#95130=CARTESIAN_POINT('',(0.630000000000003,-0.649999999999997,5.835));
#95140=DIRECTION('',(-1.,-8.54017711250111E-16,0.));
#95150=VECTOR('',#95140,1.);
#95160=LINE('',#95130,#95150);
#95170=CARTESIAN_POINT('',(0.369999999999994,-0.649999999999998,5.835));
#95180=VERTEX_POINT('',#95170);
#95190=EDGE_CURVE('',#95100,#95180,#95160,.T.);
#95200=ORIENTED_EDGE('',*,*,#95190,.F.);
#95210=CARTESIAN_POINT('',(0.37,-0.499999999999998,5.835));
#95220=DIRECTION('',(0.,0.,1.));
#95230=DIRECTION('',(-0.88235294117644,-0.470588235294175,0.));
#95240=AXIS2_PLACEMENT_3D('',#95210,#95220,#95230);
#95250=CIRCLE('',#95240,0.15);
#95260=CARTESIAN_POINT('',(0.237647058823532,-0.57058823529412,5.835));
#95270=VERTEX_POINT('',#95260);
#95280=EDGE_CURVE('',#95270,#95180,#95250,.T.);
#95290=ORIENTED_EDGE('',*,*,#95280,.T.);
#95300=CARTESIAN_POINT('',(0.214117647058827,-0.526470588235297,5.835));
#95310=DIRECTION('',(0.470588235294119,-0.88235294117647,0.));
#95320=VECTOR('',#95310,1.);
#95330=LINE('',#95300,#95320);
#95340=CARTESIAN_POINT('',(0.214117647058825,-0.526470588235295,5.835));
#95350=VERTEX_POINT('',#95340);
#95360=EDGE_CURVE('',#95350,#95270,#95330,.T.);
#95370=ORIENTED_EDGE('',*,*,#95360,.T.);
#95380=CARTESIAN_POINT('',(0.17,-0.549999999999998,5.835));
#95390=DIRECTION('',(0.,0.,-1.));
#95400=DIRECTION('',(-2.19269047363468E-13,1.,0.));
#95410=AXIS2_PLACEMENT_3D('',#95380,#95390,#95400);
#95420=CIRCLE('',#95410,0.05);
#95430=EDGE_CURVE('',#9290,#95350,#95420,.T.);
#95440=ORIENTED_EDGE('',*,*,#95430,.T.);
#95450=ORIENTED_EDGE('',*,*,#9300,.F.);
#95460=EDGE_LOOP('',(#95450,#95440,#95370,#95290,#95200,#95120,#95040,
#94960,#94870,#94790,#94700,#94620));
#95470=FACE_OUTER_BOUND('',#95460,.T.);
#95480=ADVANCED_FACE('',(#95470),#94610,.F.);
#95490=CARTESIAN_POINT('',(0.17,-0.399999999999998,5.895));
#95500=DIRECTION('',(0.,1.,0.));
#95510=DIRECTION('',(-1.,0.,0.));
#95520=AXIS2_PLACEMENT_3D('',#95490,#95500,#95510);
#95530=PLANE('',#95520);
#95540=CARTESIAN_POINT('',(0.17,-0.399999999999998,5.685));
#95550=DIRECTION('',(-1.,0.,0.));
#95560=VECTOR('',#95550,1.);
#95570=LINE('',#95540,#95560);
#95580=CARTESIAN_POINT('',(0.17,-0.399999999999998,5.685));
#95590=VERTEX_POINT('',#95580);
#95600=EDGE_CURVE('',#95590,#7080,#95570,.T.);
#95610=ORIENTED_EDGE('',*,*,#95600,.T.);
#95620=CARTESIAN_POINT('',(0.17,-0.399999999999998,5.685));
#95630=DIRECTION('',(0.,0.,1.));
#95640=VECTOR('',#95630,1.);
#95650=LINE('',#95620,#95640);
#95660=EDGE_CURVE('',#95590,#94680,#95650,.T.);
#95670=ORIENTED_EDGE('',*,*,#95660,.F.);
#95680=ORIENTED_EDGE('',*,*,#94690,.T.);
#95690=ORIENTED_EDGE('',*,*,#7170,.F.);
#95700=EDGE_LOOP('',(#95690,#95680,#95670,#95610));
#95710=FACE_OUTER_BOUND('',#95700,.T.);
#95720=ADVANCED_FACE('',(#95710),#95530,.T.);
#95730=CARTESIAN_POINT('',(1.26514578638866,-0.349999999999998,5.685));
#95740=DIRECTION('',(0.,0.,1.));
#95750=DIRECTION('',(0.,-1.,0.));
#95760=AXIS2_PLACEMENT_3D('',#95730,#95740,#95750);
#95770=PLANE('',#95760);
#95780=ORIENTED_EDGE('',*,*,#7090,.T.);
#95790=ORIENTED_EDGE('',*,*,#9440,.F.);
#95800=CARTESIAN_POINT('',(0.17,-0.549999999999998,5.685));
#95810=DIRECTION('',(0.,-0.,1.));
#95820=DIRECTION('',(0.882352941176532,0.470588235294003,0.));
#95830=AXIS2_PLACEMENT_3D('',#95800,#95810,#95820);
#95840=CIRCLE('',#95830,0.05);
#95850=CARTESIAN_POINT('',(0.214117647058826,-0.526470588235295,5.685));
#95860=VERTEX_POINT('',#95850);
#95870=EDGE_CURVE('',#95860,#9370,#95840,.T.);
#95880=ORIENTED_EDGE('',*,*,#95870,.T.);
#95890=CARTESIAN_POINT('',(0.237647058823529,-0.570588235294116,5.685));
#95900=DIRECTION('',(-0.47058823529411,0.882352941176475,0.));
#95910=VECTOR('',#95900,1.);
#95920=LINE('',#95890,#95910);
#95930=CARTESIAN_POINT('',(0.23764705882353,-0.570588235294116,5.685));
#95940=VERTEX_POINT('',#95930);
#95950=EDGE_CURVE('',#95940,#95860,#95920,.T.);
#95960=ORIENTED_EDGE('',*,*,#95950,.T.);
#95970=CARTESIAN_POINT('',(0.37,-0.499999999999998,5.685));
#95980=DIRECTION('',(-0.,0.,-1.));
#95990=DIRECTION('',(-1.14723045877933E-13,-1.,0.));
#96000=AXIS2_PLACEMENT_3D('',#95970,#95980,#95990);
#96010=CIRCLE('',#96000,0.15);
#96020=CARTESIAN_POINT('',(0.369999999999991,-0.649999999999997,5.685));
#96030=VERTEX_POINT('',#96020);
#96040=EDGE_CURVE('',#96030,#95940,#96010,.T.);
#96050=ORIENTED_EDGE('',*,*,#96040,.T.);
#96060=CARTESIAN_POINT('',(0.37,-0.649999999999997,5.685));
#96070=DIRECTION('',(1.,8.54017711250111E-16,0.));
#96080=VECTOR('',#96070,1.);
#96090=LINE('',#96060,#96080);
#96100=CARTESIAN_POINT('',(0.630000000000003,-0.649999999999997,5.685));
#96110=VERTEX_POINT('',#96100);
#96120=EDGE_CURVE('',#96030,#96110,#96090,.T.);
#96130=ORIENTED_EDGE('',*,*,#96120,.F.);
#96140=CARTESIAN_POINT('',(0.630000000000003,-0.649999999999997,5.685));
#96150=DIRECTION('',(-3.3306690738755E-15,1.,0.));
#96160=VECTOR('',#96150,1.);
#96170=LINE('',#96140,#96160);
#96180=CARTESIAN_POINT('',(0.630000000000003,-0.549999999999998,5.685));
#96190=VERTEX_POINT('',#96180);
#96200=EDGE_CURVE('',#96110,#96190,#96170,.T.);
#96210=ORIENTED_EDGE('',*,*,#96200,.F.);
#96220=CARTESIAN_POINT('',(0.630000000000002,-0.549999999999998,5.685));
#96230=DIRECTION('',(-1.,0.,0.));
#96240=VECTOR('',#96230,1.);
#96250=LINE('',#96220,#96240);
#96260=CARTESIAN_POINT('',(0.37,-0.549999999999998,5.685));
#96270=VERTEX_POINT('',#96260);
#96280=EDGE_CURVE('',#96190,#96270,#96250,.T.);
#96290=ORIENTED_EDGE('',*,*,#96280,.F.);
#96300=CARTESIAN_POINT('',(0.37,-0.499999999999998,5.685));
#96310=DIRECTION('',(0.,0.,1.));
#96320=DIRECTION('',(-0.882352941176487,-0.470588235294087,0.));
#96330=AXIS2_PLACEMENT_3D('',#96300,#96310,#96320);
#96340=CIRCLE('',#96330,0.05);
#96350=CARTESIAN_POINT('',(0.325882352941176,-0.523529411764703,5.685));
#96360=VERTEX_POINT('',#96350);
#96370=EDGE_CURVE('',#96360,#96270,#96340,.T.);
#96380=ORIENTED_EDGE('',*,*,#96370,.T.);
#96390=CARTESIAN_POINT('',(0.302352941176469,-0.479411764705878,5.685));
#96400=DIRECTION('',(0.470588235294116,-0.882352941176471,0.));
#96410=VECTOR('',#96400,1.);
#96420=LINE('',#96390,#96410);
#96430=CARTESIAN_POINT('',(0.30235294117647,-0.479411764705879,5.685));
#96440=VERTEX_POINT('',#96430);
#96450=EDGE_CURVE('',#96440,#96360,#96420,.T.);
#96460=ORIENTED_EDGE('',*,*,#96450,.T.);
#96470=CARTESIAN_POINT('',(0.17,-0.549999999999998,5.685));
#96480=DIRECTION('',(0.,0.,-1.));
#96490=DIRECTION('',(-5.55111512312578E-16,1.,0.));
#96500=AXIS2_PLACEMENT_3D('',#96470,#96480,#96490);
#96510=CIRCLE('',#96500,0.15);
#96520=EDGE_CURVE('',#95590,#96440,#96510,.T.);
#96530=ORIENTED_EDGE('',*,*,#96520,.T.);
#96540=ORIENTED_EDGE('',*,*,#95600,.F.);
#96550=EDGE_LOOP('',(#96540,#96530,#96460,#96380,#96290,#96210,#96130,
#96050,#95960,#95880,#95790,#95780));
#96560=FACE_OUTER_BOUND('',#96550,.T.);
#96570=ADVANCED_FACE('',(#96560),#95770,.F.);
#96580=CARTESIAN_POINT('',(0.17,-0.549999999999998,5.895));
#96590=DIRECTION('',(0.,0.,-1.));
#96600=DIRECTION('',(-1.,0.,0.));
#96610=AXIS2_PLACEMENT_3D('',#96580,#96590,#96600);
#96620=CYLINDRICAL_SURFACE('',#96610,0.05);
#96630=CARTESIAN_POINT('',(0.214117647058824,-0.526470588235292,5.685));
#96640=DIRECTION('',(0.,0.,1.));
#96650=VECTOR('',#96640,1.);
#96660=LINE('',#96630,#96650);
#96670=EDGE_CURVE('',#95860,#95350,#96660,.T.);
#96680=ORIENTED_EDGE('',*,*,#96670,.T.);
#96690=ORIENTED_EDGE('',*,*,#95870,.F.);
#96700=ORIENTED_EDGE('',*,*,#9380,.T.);
#96710=ORIENTED_EDGE('',*,*,#95430,.F.);
#96720=EDGE_LOOP('',(#96710,#96700,#96690,#96680));
#96730=FACE_OUTER_BOUND('',#96720,.T.);
#96740=ADVANCED_FACE('',(#96730),#96620,.F.);
#96750=CARTESIAN_POINT('',(0.214117647058824,-0.526470588235292,5.895));
#96760=DIRECTION('',(-0.88235294117647,-0.470588235294118,0.));
#96770=DIRECTION('',(0.470588235294118,-0.88235294117647,0.));
#96780=AXIS2_PLACEMENT_3D('',#96750,#96760,#96770);
#96790=PLANE('',#96780);
#96800=CARTESIAN_POINT('',(0.237647058823529,-0.570588235294116,5.835));
#96810=DIRECTION('',(0.,0.,-1.));
#96820=VECTOR('',#96810,1.);
#96830=LINE('',#96800,#96820);
#96840=EDGE_CURVE('',#95270,#95940,#96830,.T.);
#96850=ORIENTED_EDGE('',*,*,#96840,.F.);
#96860=ORIENTED_EDGE('',*,*,#95950,.F.);
#96870=ORIENTED_EDGE('',*,*,#96670,.F.);
#96880=ORIENTED_EDGE('',*,*,#95360,.F.);
#96890=EDGE_LOOP('',(#96880,#96870,#96860,#96850));
#96900=FACE_OUTER_BOUND('',#96890,.T.);
#96910=ADVANCED_FACE('',(#96900),#96790,.T.);
#96920=CARTESIAN_POINT('',(0.37,-0.499999999999998,5.895));
#96930=DIRECTION('',(0.,0.,-1.));
#96940=DIRECTION('',(-1.,0.,0.));
#96950=AXIS2_PLACEMENT_3D('',#96920,#96930,#96940);
#96960=CYLINDRICAL_SURFACE('',#96950,0.15);
#96970=CARTESIAN_POINT('',(0.37,-0.649999999999998,5.685));
#96980=DIRECTION('',(0.,0.,1.));
#96990=VECTOR('',#96980,1.);
#97000=LINE('',#96970,#96990);
#97010=EDGE_CURVE('',#96030,#95180,#97000,.T.);
#97020=ORIENTED_EDGE('',*,*,#97010,.T.);
#97030=ORIENTED_EDGE('',*,*,#96040,.F.);
#97040=ORIENTED_EDGE('',*,*,#96840,.T.);
#97050=ORIENTED_EDGE('',*,*,#95280,.F.);
#97060=EDGE_LOOP('',(#97050,#97040,#97030,#97020));
#97070=FACE_OUTER_BOUND('',#97060,.T.);
#97080=ADVANCED_FACE('',(#97070),#96960,.T.);
#97090=CARTESIAN_POINT('',(0.823766714898784,-0.649999999999997,5.895));
#97100=DIRECTION('',(6.47630097698008E-16,-1.,0.));
#97110=DIRECTION('',(1.,6.47630097698008E-16,0.));
#97120=AXIS2_PLACEMENT_3D('',#97090,#97100,#97110);
#97130=PLANE('',#97120);
#97140=ORIENTED_EDGE('',*,*,#96120,.T.);
#97150=ORIENTED_EDGE('',*,*,#97010,.F.);
#97160=ORIENTED_EDGE('',*,*,#95190,.T.);
#97170=CARTESIAN_POINT('',(0.630000000000003,-0.649999999999997,5.685));
#97180=DIRECTION('',(0.,0.,1.));
#97190=VECTOR('',#97180,1.);
#97200=LINE('',#97170,#97190);
#97210=EDGE_CURVE('',#96110,#95100,#97200,.T.);
#97220=ORIENTED_EDGE('',*,*,#97210,.T.);
#97230=EDGE_LOOP('',(#97220,#97160,#97150,#97140));
#97240=FACE_OUTER_BOUND('',#97230,.T.);
#97250=ADVANCED_FACE('',(#97240),#97130,.T.);
#97260=CARTESIAN_POINT('',(0.630000000000003,-0.7640024,6.07476109676743
));
#97270=DIRECTION('',(-1.,-3.5527136788005E-15,0.));
#97280=DIRECTION('',(0.,0.,-1.));
#97290=AXIS2_PLACEMENT_3D('',#97260,#97270,#97280);
#97300=PLANE('',#97290);
#97310=ORIENTED_EDGE('',*,*,#96200,.T.);
#97320=ORIENTED_EDGE('',*,*,#97210,.F.);
#97330=ORIENTED_EDGE('',*,*,#95110,.T.);
#97340=CARTESIAN_POINT('',(0.630000000000002,-0.549999999999998,5.835));
#97350=DIRECTION('',(0.,0.,-1.));
#97360=VECTOR('',#97350,1.);
#97370=LINE('',#97340,#97360);
#97380=EDGE_CURVE('',#95020,#96190,#97370,.T.);
#97390=ORIENTED_EDGE('',*,*,#97380,.F.);
#97400=EDGE_LOOP('',(#97390,#97330,#97320,#97310));
#97410=FACE_OUTER_BOUND('',#97400,.T.);
#97420=ADVANCED_FACE('',(#97410),#97300,.F.);
#97430=CARTESIAN_POINT('',(0.583766714898784,-0.549999999999998,5.895));
#97440=DIRECTION('',(0.,1.,0.));
#97450=DIRECTION('',(-1.,0.,0.));
#97460=AXIS2_PLACEMENT_3D('',#97430,#97440,#97450);
#97470=PLANE('',#97460);
#97480=CARTESIAN_POINT('',(0.37,-0.549999999999998,5.835));
#97490=DIRECTION('',(0.,0.,-1.));
#97500=VECTOR('',#97490,1.);
#97510=LINE('',#97480,#97500);
#97520=EDGE_CURVE('',#94940,#96270,#97510,.T.);
#97530=ORIENTED_EDGE('',*,*,#97520,.F.);
#97540=ORIENTED_EDGE('',*,*,#96280,.T.);
#97550=ORIENTED_EDGE('',*,*,#97380,.T.);
#97560=ORIENTED_EDGE('',*,*,#95030,.T.);
#97570=EDGE_LOOP('',(#97560,#97550,#97540,#97530));
#97580=FACE_OUTER_BOUND('',#97570,.T.);
#97590=ADVANCED_FACE('',(#97580),#97470,.T.);
#97600=CARTESIAN_POINT('',(0.37,-0.499999999999998,5.895));
#97610=DIRECTION('',(0.,0.,-1.));
#97620=DIRECTION('',(-1.,0.,0.));
#97630=AXIS2_PLACEMENT_3D('',#97600,#97610,#97620);
#97640=CYLINDRICAL_SURFACE('',#97630,0.05);
#97650=CARTESIAN_POINT('',(0.325882352941176,-0.523529411764704,5.685));
#97660=DIRECTION('',(0.,0.,1.));
#97670=VECTOR('',#97660,1.);
#97680=LINE('',#97650,#97670);
#97690=EDGE_CURVE('',#96360,#94850,#97680,.T.);
#97700=ORIENTED_EDGE('',*,*,#97690,.T.);
#97710=ORIENTED_EDGE('',*,*,#96370,.F.);
#97720=ORIENTED_EDGE('',*,*,#97520,.T.);
#97730=ORIENTED_EDGE('',*,*,#94950,.F.);
#97740=EDGE_LOOP('',(#97730,#97720,#97710,#97700));
#97750=FACE_OUTER_BOUND('',#97740,.T.);
#97760=ADVANCED_FACE('',(#97750),#97640,.F.);
#97770=CARTESIAN_POINT('',(0.325882352941176,-0.523529411764704,5.895));
#97780=DIRECTION('',(0.88235294117647,0.470588235294118,0.));
#97790=DIRECTION('',(-0.470588235294118,0.88235294117647,0.));
#97800=AXIS2_PLACEMENT_3D('',#97770,#97780,#97790);
#97810=PLANE('',#97800);
#97820=CARTESIAN_POINT('',(0.30235294117647,-0.47941176470588,5.835));
#97830=DIRECTION('',(0.,0.,-1.));
#97840=VECTOR('',#97830,1.);
#97850=LINE('',#97820,#97840);
#97860=EDGE_CURVE('',#94770,#96440,#97850,.T.);
#97870=ORIENTED_EDGE('',*,*,#97860,.F.);
#97880=ORIENTED_EDGE('',*,*,#96450,.F.);
#97890=ORIENTED_EDGE('',*,*,#97690,.F.);
#97900=ORIENTED_EDGE('',*,*,#94860,.F.);
#97910=EDGE_LOOP('',(#97900,#97890,#97880,#97870));
#97920=FACE_OUTER_BOUND('',#97910,.T.);
#97930=ADVANCED_FACE('',(#97920),#97810,.T.);
#97940=CARTESIAN_POINT('',(0.17,-0.549999999999998,5.895));
#97950=DIRECTION('',(0.,0.,-1.));
#97960=DIRECTION('',(-1.,0.,0.));
#97970=AXIS2_PLACEMENT_3D('',#97940,#97950,#97960);
#97980=CYLINDRICAL_SURFACE('',#97970,0.15);
#97990=ORIENTED_EDGE('',*,*,#95660,.T.);
#98000=ORIENTED_EDGE('',*,*,#96520,.F.);
#98010=ORIENTED_EDGE('',*,*,#97860,.T.);
#98020=ORIENTED_EDGE('',*,*,#94780,.F.);
#98030=EDGE_LOOP('',(#98020,#98010,#98000,#97990));
#98040=FACE_OUTER_BOUND('',#98030,.T.);
#98050=ADVANCED_FACE('',(#98040),#97980,.T.);
#98060=CARTESIAN_POINT('',(1.26514578638866,-0.649999999999998,5.435));
#98070=DIRECTION('',(0.,0.,-1.));
#98080=DIRECTION('',(0.,1.,0.));
#98090=AXIS2_PLACEMENT_3D('',#98060,#98070,#98080);
#98100=PLANE('',#98090);
#98110=ORIENTED_EDGE('',*,*,#6930,.T.);
#98120=CARTESIAN_POINT('',(0.0700000000000008,-0.399999999999998,5.435))
;
#98130=DIRECTION('',(1.,0.,0.));
#98140=VECTOR('',#98130,1.);
#98150=LINE('',#98120,#98140);
#98160=CARTESIAN_POINT('',(0.17,-0.399999999999998,5.435));
#98170=VERTEX_POINT('',#98160);
#98180=EDGE_CURVE('',#6840,#98170,#98150,.T.);
#98190=ORIENTED_EDGE('',*,*,#98180,.F.);
#98200=CARTESIAN_POINT('',(0.17,-0.549999999999998,5.435));
#98210=DIRECTION('',(0.,-0.,1.));
#98220=DIRECTION('',(0.882352941176496,0.470588235294071,0.));
#98230=AXIS2_PLACEMENT_3D('',#98200,#98210,#98220);
#98240=CIRCLE('',#98230,0.15);
#98250=CARTESIAN_POINT('',(0.302352941176472,-0.479411764705884,5.435));
#98260=VERTEX_POINT('',#98250);
#98270=EDGE_CURVE('',#98260,#98170,#98240,.T.);
#98280=ORIENTED_EDGE('',*,*,#98270,.T.);
#98290=CARTESIAN_POINT('',(0.325882352941179,-0.523529411764707,5.435));
#98300=DIRECTION('',(-0.470588235294115,0.882352941176472,0.));
#98310=VECTOR('',#98300,1.);
#98320=LINE('',#98290,#98310);
#98330=CARTESIAN_POINT('',(0.325882352941177,-0.523529411764705,5.435));
#98340=VERTEX_POINT('',#98330);
#98350=EDGE_CURVE('',#98340,#98260,#98320,.T.);
#98360=ORIENTED_EDGE('',*,*,#98350,.T.);
#98370=CARTESIAN_POINT('',(0.37,-0.499999999999998,5.435));
#98380=DIRECTION('',(0.,0.,-1.));
#98390=DIRECTION('',(0.,-1.,0.));
#98400=AXIS2_PLACEMENT_3D('',#98370,#98380,#98390);
#98410=CIRCLE('',#98400,0.05);
#98420=CARTESIAN_POINT('',(0.37,-0.549999999999998,5.435));
#98430=VERTEX_POINT('',#98420);
#98440=EDGE_CURVE('',#98430,#98340,#98410,.T.);
#98450=ORIENTED_EDGE('',*,*,#98440,.T.);
#98460=CARTESIAN_POINT('',(0.37,-0.549999999999998,5.435));
#98470=DIRECTION('',(1.,0.,0.));
#98480=VECTOR('',#98470,1.);
#98490=LINE('',#98460,#98480);
#98500=CARTESIAN_POINT('',(0.630000000000002,-0.549999999999998,5.435));
#98510=VERTEX_POINT('',#98500);
#98520=EDGE_CURVE('',#98430,#98510,#98490,.T.);
#98530=ORIENTED_EDGE('',*,*,#98520,.F.);
#98540=CARTESIAN_POINT('',(0.630000000000002,-0.549999999999998,5.435));
#98550=DIRECTION('',(3.3306690738755E-15,-1.,0.));
#98560=VECTOR('',#98550,1.);
#98570=LINE('',#98540,#98560);
#98580=CARTESIAN_POINT('',(0.630000000000003,-0.649999999999997,5.435));
#98590=VERTEX_POINT('',#98580);
#98600=EDGE_CURVE('',#98510,#98590,#98570,.T.);
#98610=ORIENTED_EDGE('',*,*,#98600,.F.);
#98620=CARTESIAN_POINT('',(0.630000000000003,-0.649999999999997,5.435));
#98630=DIRECTION('',(-1.,-8.54017711250111E-16,0.));
#98640=VECTOR('',#98630,1.);
#98650=LINE('',#98620,#98640);
#98660=CARTESIAN_POINT('',(0.369999999999994,-0.649999999999998,5.435));
#98670=VERTEX_POINT('',#98660);
#98680=EDGE_CURVE('',#98590,#98670,#98650,.T.);
#98690=ORIENTED_EDGE('',*,*,#98680,.F.);
#98700=CARTESIAN_POINT('',(0.37,-0.499999999999998,5.435));
#98710=DIRECTION('',(0.,0.,1.));
#98720=DIRECTION('',(-0.88235294117644,-0.470588235294175,0.));
#98730=AXIS2_PLACEMENT_3D('',#98700,#98710,#98720);
#98740=CIRCLE('',#98730,0.15);
#98750=CARTESIAN_POINT('',(0.237647058823532,-0.57058823529412,5.435));
#98760=VERTEX_POINT('',#98750);
#98770=EDGE_CURVE('',#98760,#98670,#98740,.T.);
#98780=ORIENTED_EDGE('',*,*,#98770,.T.);
#98790=CARTESIAN_POINT('',(0.214117647058827,-0.526470588235297,5.435));
#98800=DIRECTION('',(0.470588235294119,-0.88235294117647,0.));
#98810=VECTOR('',#98800,1.);
#98820=LINE('',#98790,#98810);
#98830=CARTESIAN_POINT('',(0.214117647058825,-0.526470588235295,5.435));
#98840=VERTEX_POINT('',#98830);
#98850=EDGE_CURVE('',#98840,#98760,#98820,.T.);
#98860=ORIENTED_EDGE('',*,*,#98850,.T.);
#98870=CARTESIAN_POINT('',(0.17,-0.549999999999998,5.435));
#98880=DIRECTION('',(0.,0.,-1.));
#98890=DIRECTION('',(-2.19269047363468E-13,1.,0.));
#98900=AXIS2_PLACEMENT_3D('',#98870,#98880,#98890);
#98910=CIRCLE('',#98900,0.05);
#98920=EDGE_CURVE('',#9520,#98840,#98910,.T.);
#98930=ORIENTED_EDGE('',*,*,#98920,.T.);
#98940=ORIENTED_EDGE('',*,*,#9530,.F.);
#98950=EDGE_LOOP('',(#98940,#98930,#98860,#98780,#98690,#98610,#98530,
#98450,#98360,#98280,#98190,#98110));
#98960=FACE_OUTER_BOUND('',#98950,.T.);
#98970=ADVANCED_FACE('',(#98960),#98100,.F.);
#98980=CARTESIAN_POINT('',(0.17,-0.399999999999998,5.495));
#98990=DIRECTION('',(0.,1.,0.));
#99000=DIRECTION('',(-1.,0.,0.));
#99010=AXIS2_PLACEMENT_3D('',#98980,#98990,#99000);
#99020=PLANE('',#99010);
#99030=CARTESIAN_POINT('',(0.17,-0.399999999999998,5.285));
#99040=DIRECTION('',(-1.,0.,0.));
#99050=VECTOR('',#99040,1.);
#99060=LINE('',#99030,#99050);
#99070=CARTESIAN_POINT('',(0.17,-0.399999999999998,5.285));
#99080=VERTEX_POINT('',#99070);
#99090=EDGE_CURVE('',#99080,#6760,#99060,.T.);
#99100=ORIENTED_EDGE('',*,*,#99090,.T.);
#99110=CARTESIAN_POINT('',(0.17,-0.399999999999998,5.285));
#99120=DIRECTION('',(0.,0.,1.));
#99130=VECTOR('',#99120,1.);
#99140=LINE('',#99110,#99130);
#99150=EDGE_CURVE('',#99080,#98170,#99140,.T.);
#99160=ORIENTED_EDGE('',*,*,#99150,.F.);
#99170=ORIENTED_EDGE('',*,*,#98180,.T.);
#99180=ORIENTED_EDGE('',*,*,#6850,.F.);
#99190=EDGE_LOOP('',(#99180,#99170,#99160,#99100));
#99200=FACE_OUTER_BOUND('',#99190,.T.);
#99210=ADVANCED_FACE('',(#99200),#99020,.T.);
#99220=CARTESIAN_POINT('',(1.26514578638866,-0.349999999999998,5.285));
#99230=DIRECTION('',(0.,0.,1.));
#99240=DIRECTION('',(0.,-1.,0.));
#99250=AXIS2_PLACEMENT_3D('',#99220,#99230,#99240);
#99260=PLANE('',#99250);
#99270=ORIENTED_EDGE('',*,*,#6770,.T.);
#99280=ORIENTED_EDGE('',*,*,#9670,.F.);
#99290=CARTESIAN_POINT('',(0.17,-0.549999999999998,5.285));
#99300=DIRECTION('',(0.,-0.,1.));
#99310=DIRECTION('',(0.882352941176532,0.470588235294003,0.));
#99320=AXIS2_PLACEMENT_3D('',#99290,#99300,#99310);
#99330=CIRCLE('',#99320,0.05);
#99340=CARTESIAN_POINT('',(0.214117647058826,-0.526470588235295,5.285));
#99350=VERTEX_POINT('',#99340);
#99360=EDGE_CURVE('',#99350,#9600,#99330,.T.);
#99370=ORIENTED_EDGE('',*,*,#99360,.T.);
#99380=CARTESIAN_POINT('',(0.237647058823529,-0.570588235294116,5.285));
#99390=DIRECTION('',(-0.470588235294108,0.882352941176476,0.));
#99400=VECTOR('',#99390,1.);
#99410=LINE('',#99380,#99400);
#99420=CARTESIAN_POINT('',(0.23764705882353,-0.570588235294116,5.285));
#99430=VERTEX_POINT('',#99420);
#99440=EDGE_CURVE('',#99430,#99350,#99410,.T.);
#99450=ORIENTED_EDGE('',*,*,#99440,.T.);
#99460=CARTESIAN_POINT('',(0.37,-0.499999999999998,5.285));
#99470=DIRECTION('',(-0.,0.,-1.));
#99480=DIRECTION('',(-1.14723045877933E-13,-1.,0.));
#99490=AXIS2_PLACEMENT_3D('',#99460,#99470,#99480);
#99500=CIRCLE('',#99490,0.15);
#99510=CARTESIAN_POINT('',(0.369999999999991,-0.649999999999997,5.285));
#99520=VERTEX_POINT('',#99510);
#99530=EDGE_CURVE('',#99520,#99430,#99500,.T.);
#99540=ORIENTED_EDGE('',*,*,#99530,.T.);
#99550=CARTESIAN_POINT('',(0.37,-0.649999999999997,5.285));
#99560=DIRECTION('',(1.,8.54017711250111E-16,0.));
#99570=VECTOR('',#99560,1.);
#99580=LINE('',#99550,#99570);
#99590=CARTESIAN_POINT('',(0.630000000000003,-0.649999999999997,5.285));
#99600=VERTEX_POINT('',#99590);
#99610=EDGE_CURVE('',#99520,#99600,#99580,.T.);
#99620=ORIENTED_EDGE('',*,*,#99610,.F.);
#99630=CARTESIAN_POINT('',(0.630000000000003,-0.649999999999997,5.285));
#99640=DIRECTION('',(-3.3306690738755E-15,1.,0.));
#99650=VECTOR('',#99640,1.);
#99660=LINE('',#99630,#99650);
#99670=CARTESIAN_POINT('',(0.630000000000003,-0.549999999999998,5.285));
#99680=VERTEX_POINT('',#99670);
#99690=EDGE_CURVE('',#99600,#99680,#99660,.T.);
#99700=ORIENTED_EDGE('',*,*,#99690,.F.);
#99710=CARTESIAN_POINT('',(0.630000000000002,-0.549999999999998,5.285));
#99720=DIRECTION('',(-1.,0.,0.));
#99730=VECTOR('',#99720,1.);
#99740=LINE('',#99710,#99730);
#99750=CARTESIAN_POINT('',(0.37,-0.549999999999998,5.285));
#99760=VERTEX_POINT('',#99750);
#99770=EDGE_CURVE('',#99680,#99760,#99740,.T.);
#99780=ORIENTED_EDGE('',*,*,#99770,.F.);
#99790=CARTESIAN_POINT('',(0.37,-0.499999999999998,5.285));
#99800=DIRECTION('',(0.,0.,1.));
#99810=DIRECTION('',(-0.882352941176487,-0.470588235294087,0.));
#99820=AXIS2_PLACEMENT_3D('',#99790,#99800,#99810);
#99830=CIRCLE('',#99820,0.05);
#99840=CARTESIAN_POINT('',(0.325882352941176,-0.523529411764703,5.285));
#99850=VERTEX_POINT('',#99840);
#99860=EDGE_CURVE('',#99850,#99760,#99830,.T.);
#99870=ORIENTED_EDGE('',*,*,#99860,.T.);
#99880=CARTESIAN_POINT('',(0.302352941176469,-0.479411764705878,5.285));
#99890=DIRECTION('',(0.470588235294116,-0.882352941176471,0.));
#99900=VECTOR('',#99890,1.);
#99910=LINE('',#99880,#99900);
#99920=CARTESIAN_POINT('',(0.30235294117647,-0.479411764705879,5.285));
#99930=VERTEX_POINT('',#99920);
#99940=EDGE_CURVE('',#99930,#99850,#99910,.T.);
#99950=ORIENTED_EDGE('',*,*,#99940,.T.);
#99960=CARTESIAN_POINT('',(0.17,-0.549999999999998,5.285));
#99970=DIRECTION('',(0.,0.,-1.));
#99980=DIRECTION('',(-5.55111512312578E-16,1.,0.));
#99990=AXIS2_PLACEMENT_3D('',#99960,#99970,#99980);
#100000=CIRCLE('',#99990,0.15);
#100010=EDGE_CURVE('',#99080,#99930,#100000,.T.);
#100020=ORIENTED_EDGE('',*,*,#100010,.T.);
#100030=ORIENTED_EDGE('',*,*,#99090,.F.);
#100040=EDGE_LOOP('',(#100030,#100020,#99950,#99870,#99780,#99700,#99620
,#99540,#99450,#99370,#99280,#99270));
#100050=FACE_OUTER_BOUND('',#100040,.T.);
#100060=ADVANCED_FACE('',(#100050),#99260,.F.);
#100070=CARTESIAN_POINT('',(0.17,-0.549999999999998,5.495));
#100080=DIRECTION('',(0.,0.,-1.));
#100090=DIRECTION('',(-1.,0.,0.));
#100100=AXIS2_PLACEMENT_3D('',#100070,#100080,#100090);
#100110=CYLINDRICAL_SURFACE('',#100100,0.05);
#100120=CARTESIAN_POINT('',(0.214117647058824,-0.526470588235292,5.285))
;
#100130=DIRECTION('',(0.,0.,1.));
#100140=VECTOR('',#100130,1.);
#100150=LINE('',#100120,#100140);
#100160=EDGE_CURVE('',#99350,#98840,#100150,.T.);
#100170=ORIENTED_EDGE('',*,*,#100160,.T.);
#100180=ORIENTED_EDGE('',*,*,#99360,.F.);
#100190=ORIENTED_EDGE('',*,*,#9610,.T.);
#100200=ORIENTED_EDGE('',*,*,#98920,.F.);
#100210=EDGE_LOOP('',(#100200,#100190,#100180,#100170));
#100220=FACE_OUTER_BOUND('',#100210,.T.);
#100230=ADVANCED_FACE('',(#100220),#100110,.F.);
#100240=CARTESIAN_POINT('',(0.214117647058824,-0.526470588235292,5.495))
;
#100250=DIRECTION('',(-0.88235294117647,-0.470588235294118,0.));
#100260=DIRECTION('',(0.470588235294118,-0.88235294117647,0.));
#100270=AXIS2_PLACEMENT_3D('',#100240,#100250,#100260);
#100280=PLANE('',#100270);
#100290=CARTESIAN_POINT('',(0.237647058823529,-0.570588235294116,5.435))
;
#100300=DIRECTION('',(0.,0.,-1.));
#100310=VECTOR('',#100300,1.);
#100320=LINE('',#100290,#100310);
#100330=EDGE_CURVE('',#98760,#99430,#100320,.T.);
#100340=ORIENTED_EDGE('',*,*,#100330,.F.);
#100350=ORIENTED_EDGE('',*,*,#99440,.F.);
#100360=ORIENTED_EDGE('',*,*,#100160,.F.);
#100370=ORIENTED_EDGE('',*,*,#98850,.F.);
#100380=EDGE_LOOP('',(#100370,#100360,#100350,#100340));
#100390=FACE_OUTER_BOUND('',#100380,.T.);
#100400=ADVANCED_FACE('',(#100390),#100280,.T.);
#100410=CARTESIAN_POINT('',(0.37,-0.499999999999998,5.495));
#100420=DIRECTION('',(0.,0.,-1.));
#100430=DIRECTION('',(-1.,0.,0.));
#100440=AXIS2_PLACEMENT_3D('',#100410,#100420,#100430);
#100450=CYLINDRICAL_SURFACE('',#100440,0.15);
#100460=CARTESIAN_POINT('',(0.37,-0.649999999999998,5.285));
#100470=DIRECTION('',(0.,0.,1.));
#100480=VECTOR('',#100470,1.);
#100490=LINE('',#100460,#100480);
#100500=EDGE_CURVE('',#99520,#98670,#100490,.T.);
#100510=ORIENTED_EDGE('',*,*,#100500,.T.);
#100520=ORIENTED_EDGE('',*,*,#99530,.F.);
#100530=ORIENTED_EDGE('',*,*,#100330,.T.);
#100540=ORIENTED_EDGE('',*,*,#98770,.F.);
#100550=EDGE_LOOP('',(#100540,#100530,#100520,#100510));
#100560=FACE_OUTER_BOUND('',#100550,.T.);
#100570=ADVANCED_FACE('',(#100560),#100450,.T.);
#100580=CARTESIAN_POINT('',(0.823766714898784,-0.649999999999997,5.495))
;
#100590=DIRECTION('',(6.47630097698008E-16,-1.,0.));
#100600=DIRECTION('',(1.,6.47630097698008E-16,0.));
#100610=AXIS2_PLACEMENT_3D('',#100580,#100590,#100600);
#100620=PLANE('',#100610);
#100630=ORIENTED_EDGE('',*,*,#99610,.T.);
#100640=ORIENTED_EDGE('',*,*,#100500,.F.);
#100650=ORIENTED_EDGE('',*,*,#98680,.T.);
#100660=CARTESIAN_POINT('',(0.630000000000003,-0.649999999999997,5.285))
;
#100670=DIRECTION('',(0.,0.,1.));
#100680=VECTOR('',#100670,1.);
#100690=LINE('',#100660,#100680);
#100700=EDGE_CURVE('',#99600,#98590,#100690,.T.);
#100710=ORIENTED_EDGE('',*,*,#100700,.T.);
#100720=EDGE_LOOP('',(#100710,#100650,#100640,#100630));
#100730=FACE_OUTER_BOUND('',#100720,.T.);
#100740=ADVANCED_FACE('',(#100730),#100620,.T.);
#100750=CARTESIAN_POINT('',(0.630000000000003,-0.7640024,
5.67476109676743));
#100760=DIRECTION('',(-1.,-3.5527136788005E-15,0.));
#100770=DIRECTION('',(0.,0.,-1.));
#100780=AXIS2_PLACEMENT_3D('',#100750,#100760,#100770);
#100790=PLANE('',#100780);
#100800=ORIENTED_EDGE('',*,*,#99690,.T.);
#100810=ORIENTED_EDGE('',*,*,#100700,.F.);
#100820=ORIENTED_EDGE('',*,*,#98600,.T.);
#100830=CARTESIAN_POINT('',(0.630000000000002,-0.549999999999998,5.435))
;
#100840=DIRECTION('',(0.,0.,-1.));
#100850=VECTOR('',#100840,1.);
#100860=LINE('',#100830,#100850);
#100870=EDGE_CURVE('',#98510,#99680,#100860,.T.);
#100880=ORIENTED_EDGE('',*,*,#100870,.F.);
#100890=EDGE_LOOP('',(#100880,#100820,#100810,#100800));
#100900=FACE_OUTER_BOUND('',#100890,.T.);
#100910=ADVANCED_FACE('',(#100900),#100790,.F.);
#100920=CARTESIAN_POINT('',(0.583766714898784,-0.549999999999998,5.495))
;
#100930=DIRECTION('',(0.,1.,0.));
#100940=DIRECTION('',(-1.,0.,0.));
#100950=AXIS2_PLACEMENT_3D('',#100920,#100930,#100940);
#100960=PLANE('',#100950);
#100970=CARTESIAN_POINT('',(0.37,-0.549999999999998,5.435));
#100980=DIRECTION('',(0.,0.,-1.));
#100990=VECTOR('',#100980,1.);
#101000=LINE('',#100970,#100990);
#101010=EDGE_CURVE('',#98430,#99760,#101000,.T.);
#101020=ORIENTED_EDGE('',*,*,#101010,.F.);
#101030=ORIENTED_EDGE('',*,*,#99770,.T.);
#101040=ORIENTED_EDGE('',*,*,#100870,.T.);
#101050=ORIENTED_EDGE('',*,*,#98520,.T.);
#101060=EDGE_LOOP('',(#101050,#101040,#101030,#101020));
#101070=FACE_OUTER_BOUND('',#101060,.T.);
#101080=ADVANCED_FACE('',(#101070),#100960,.T.);
#101090=CARTESIAN_POINT('',(0.37,-0.499999999999998,5.495));
#101100=DIRECTION('',(0.,0.,-1.));
#101110=DIRECTION('',(-1.,0.,0.));
#101120=AXIS2_PLACEMENT_3D('',#101090,#101100,#101110);
#101130=CYLINDRICAL_SURFACE('',#101120,0.05);
#101140=CARTESIAN_POINT('',(0.325882352941176,-0.523529411764704,5.285))
;
#101150=DIRECTION('',(0.,0.,1.));
#101160=VECTOR('',#101150,1.);
#101170=LINE('',#101140,#101160);
#101180=EDGE_CURVE('',#99850,#98340,#101170,.T.);
#101190=ORIENTED_EDGE('',*,*,#101180,.T.);
#101200=ORIENTED_EDGE('',*,*,#99860,.F.);
#101210=ORIENTED_EDGE('',*,*,#101010,.T.);
#101220=ORIENTED_EDGE('',*,*,#98440,.F.);
#101230=EDGE_LOOP('',(#101220,#101210,#101200,#101190));
#101240=FACE_OUTER_BOUND('',#101230,.T.);
#101250=ADVANCED_FACE('',(#101240),#101130,.F.);
#101260=CARTESIAN_POINT('',(0.325882352941176,-0.523529411764704,5.495))
;
#101270=DIRECTION('',(0.88235294117647,0.470588235294118,0.));
#101280=DIRECTION('',(-0.470588235294118,0.88235294117647,0.));
#101290=AXIS2_PLACEMENT_3D('',#101260,#101270,#101280);
#101300=PLANE('',#101290);
#101310=CARTESIAN_POINT('',(0.30235294117647,-0.47941176470588,5.435));
#101320=DIRECTION('',(0.,0.,-1.));
#101330=VECTOR('',#101320,1.);
#101340=LINE('',#101310,#101330);
#101350=EDGE_CURVE('',#98260,#99930,#101340,.T.);
#101360=ORIENTED_EDGE('',*,*,#101350,.F.);
#101370=ORIENTED_EDGE('',*,*,#99940,.F.);
#101380=ORIENTED_EDGE('',*,*,#101180,.F.);
#101390=ORIENTED_EDGE('',*,*,#98350,.F.);
#101400=EDGE_LOOP('',(#101390,#101380,#101370,#101360));
#101410=FACE_OUTER_BOUND('',#101400,.T.);
#101420=ADVANCED_FACE('',(#101410),#101300,.T.);
#101430=CARTESIAN_POINT('',(0.17,-0.549999999999998,5.495));
#101440=DIRECTION('',(0.,0.,-1.));
#101450=DIRECTION('',(-1.,0.,0.));
#101460=AXIS2_PLACEMENT_3D('',#101430,#101440,#101450);
#101470=CYLINDRICAL_SURFACE('',#101460,0.15);
#101480=ORIENTED_EDGE('',*,*,#99150,.T.);
#101490=ORIENTED_EDGE('',*,*,#100010,.F.);
#101500=ORIENTED_EDGE('',*,*,#101350,.T.);
#101510=ORIENTED_EDGE('',*,*,#98270,.F.);
#101520=EDGE_LOOP('',(#101510,#101500,#101490,#101480));
#101530=FACE_OUTER_BOUND('',#101520,.T.);
#101540=ADVANCED_FACE('',(#101530),#101470,.T.);
#101550=CARTESIAN_POINT('',(1.26514578638866,-0.649999999999998,5.035));
#101560=DIRECTION('',(0.,0.,-1.));
#101570=DIRECTION('',(0.,1.,0.));
#101580=AXIS2_PLACEMENT_3D('',#101550,#101560,#101570);
#101590=PLANE('',#101580);
#101600=ORIENTED_EDGE('',*,*,#6610,.T.);
#101610=CARTESIAN_POINT('',(0.0700000000000008,-0.399999999999998,5.035)
);
#101620=DIRECTION('',(1.,0.,0.));
#101630=VECTOR('',#101620,1.);
#101640=LINE('',#101610,#101630);
#101650=CARTESIAN_POINT('',(0.17,-0.399999999999998,5.035));
#101660=VERTEX_POINT('',#101650);
#101670=EDGE_CURVE('',#6520,#101660,#101640,.T.);
#101680=ORIENTED_EDGE('',*,*,#101670,.F.);
#101690=CARTESIAN_POINT('',(0.17,-0.549999999999998,5.035));
#101700=DIRECTION('',(0.,-0.,1.));
#101710=DIRECTION('',(0.882352941176504,0.470588235294055,0.));
#101720=AXIS2_PLACEMENT_3D('',#101690,#101700,#101710);
#101730=CIRCLE('',#101720,0.15);
#101740=CARTESIAN_POINT('',(0.302352941176472,-0.479411764705885,5.035))
;
#101750=VERTEX_POINT('',#101740);
#101760=EDGE_CURVE('',#101750,#101660,#101730,.T.);
#101770=ORIENTED_EDGE('',*,*,#101760,.T.);
#101780=CARTESIAN_POINT('',(0.32588235294118,-0.523529411764709,5.035));
#101790=DIRECTION('',(-0.470588235294118,0.88235294117647,0.));
#101800=VECTOR('',#101790,1.);
#101810=LINE('',#101780,#101800);
#101820=CARTESIAN_POINT('',(0.325882352941178,-0.523529411764707,5.035))
;
#101830=VERTEX_POINT('',#101820);
#101840=EDGE_CURVE('',#101830,#101750,#101810,.T.);
#101850=ORIENTED_EDGE('',*,*,#101840,.T.);
#101860=CARTESIAN_POINT('',(0.37,-0.499999999999998,5.035));
#101870=DIRECTION('',(0.,0.,-1.));
#101880=DIRECTION('',(0.,-1.,0.));
#101890=AXIS2_PLACEMENT_3D('',#101860,#101870,#101880);
#101900=CIRCLE('',#101890,0.05);
#101910=CARTESIAN_POINT('',(0.37,-0.549999999999998,5.035));
#101920=VERTEX_POINT('',#101910);
#101930=EDGE_CURVE('',#101920,#101830,#101900,.T.);
#101940=ORIENTED_EDGE('',*,*,#101930,.T.);
#101950=CARTESIAN_POINT('',(0.37,-0.549999999999998,5.035));
#101960=DIRECTION('',(1.,0.,0.));
#101970=VECTOR('',#101960,1.);
#101980=LINE('',#101950,#101970);
#101990=CARTESIAN_POINT('',(0.630000000000002,-0.549999999999998,5.035))
;
#102000=VERTEX_POINT('',#101990);
#102010=EDGE_CURVE('',#101920,#102000,#101980,.T.);
#102020=ORIENTED_EDGE('',*,*,#102010,.F.);
#102030=CARTESIAN_POINT('',(0.630000000000002,-0.549999999999998,5.035))
;
#102040=DIRECTION('',(3.3306690738755E-15,-1.,0.));
#102050=VECTOR('',#102040,1.);
#102060=LINE('',#102030,#102050);
#102070=CARTESIAN_POINT('',(0.630000000000003,-0.649999999999997,5.035))
;
#102080=VERTEX_POINT('',#102070);
#102090=EDGE_CURVE('',#102000,#102080,#102060,.T.);
#102100=ORIENTED_EDGE('',*,*,#102090,.F.);
#102110=CARTESIAN_POINT('',(0.630000000000003,-0.649999999999997,5.035))
;
#102120=DIRECTION('',(-1.,-8.54017711250111E-16,0.));
#102130=VECTOR('',#102120,1.);
#102140=LINE('',#102110,#102130);
#102150=CARTESIAN_POINT('',(0.369999999999994,-0.649999999999998,5.035))
;
#102160=VERTEX_POINT('',#102150);
#102170=EDGE_CURVE('',#102080,#102160,#102140,.T.);
#102180=ORIENTED_EDGE('',*,*,#102170,.F.);
#102190=CARTESIAN_POINT('',(0.37,-0.499999999999998,5.035));
#102200=DIRECTION('',(0.,0.,1.));
#102210=DIRECTION('',(-0.882352941176459,-0.47058823529414,0.));
#102220=AXIS2_PLACEMENT_3D('',#102190,#102200,#102210);
#102230=CIRCLE('',#102220,0.15);
#102240=CARTESIAN_POINT('',(0.237647058823531,-0.570588235294117,5.035))
;
#102250=VERTEX_POINT('',#102240);
#102260=EDGE_CURVE('',#102250,#102160,#102230,.T.);
#102270=ORIENTED_EDGE('',*,*,#102260,.T.);
#102280=CARTESIAN_POINT('',(0.214117647058824,-0.526470588235293,5.035))
;
#102290=DIRECTION('',(0.470588235294114,-0.882352941176473,0.));
#102300=VECTOR('',#102290,1.);
#102310=LINE('',#102280,#102300);
#102320=CARTESIAN_POINT('',(0.214117647058824,-0.526470588235293,5.035))
;
#102330=VERTEX_POINT('',#102320);
#102340=EDGE_CURVE('',#102330,#102250,#102310,.T.);
#102350=ORIENTED_EDGE('',*,*,#102340,.T.);
#102360=CARTESIAN_POINT('',(0.17,-0.549999999999998,5.035));
#102370=DIRECTION('',(0.,0.,-1.));
#102380=DIRECTION('',(-2.19269047363468E-13,1.,0.));
#102390=AXIS2_PLACEMENT_3D('',#102360,#102370,#102380);
#102400=CIRCLE('',#102390,0.05);
#102410=EDGE_CURVE('',#9750,#102330,#102400,.T.);
#102420=ORIENTED_EDGE('',*,*,#102410,.T.);
#102430=ORIENTED_EDGE('',*,*,#9760,.F.);
#102440=EDGE_LOOP('',(#102430,#102420,#102350,#102270,#102180,#102100,
#102020,#101940,#101850,#101770,#101680,#101600));
#102450=FACE_OUTER_BOUND('',#102440,.T.);
#102460=ADVANCED_FACE('',(#102450),#101590,.F.);
#102470=CARTESIAN_POINT('',(0.17,-0.399999999999998,5.095));
#102480=DIRECTION('',(0.,1.,0.));
#102490=DIRECTION('',(-1.,0.,0.));
#102500=AXIS2_PLACEMENT_3D('',#102470,#102480,#102490);
#102510=PLANE('',#102500);
#102520=CARTESIAN_POINT('',(0.17,-0.399999999999998,4.885));
#102530=DIRECTION('',(-1.,0.,0.));
#102540=VECTOR('',#102530,1.);
#102550=LINE('',#102520,#102540);
#102560=CARTESIAN_POINT('',(0.17,-0.399999999999998,4.885));
#102570=VERTEX_POINT('',#102560);
#102580=EDGE_CURVE('',#102570,#6440,#102550,.T.);
#102590=ORIENTED_EDGE('',*,*,#102580,.T.);
#102600=CARTESIAN_POINT('',(0.17,-0.399999999999998,4.885));
#102610=DIRECTION('',(0.,0.,1.));
#102620=VECTOR('',#102610,1.);
#102630=LINE('',#102600,#102620);
#102640=EDGE_CURVE('',#102570,#101660,#102630,.T.);
#102650=ORIENTED_EDGE('',*,*,#102640,.F.);
#102660=ORIENTED_EDGE('',*,*,#101670,.T.);
#102670=ORIENTED_EDGE('',*,*,#6530,.F.);
#102680=EDGE_LOOP('',(#102670,#102660,#102650,#102590));
#102690=FACE_OUTER_BOUND('',#102680,.T.);
#102700=ADVANCED_FACE('',(#102690),#102510,.T.);
#102710=CARTESIAN_POINT('',(1.26514578638866,-0.349999999999998,4.885));
#102720=DIRECTION('',(0.,0.,1.));
#102730=DIRECTION('',(0.,-1.,0.));
#102740=AXIS2_PLACEMENT_3D('',#102710,#102720,#102730);
#102750=PLANE('',#102740);
#102760=ORIENTED_EDGE('',*,*,#6450,.T.);
#102770=ORIENTED_EDGE('',*,*,#9900,.F.);
#102780=CARTESIAN_POINT('',(0.17,-0.549999999999998,4.885));
#102790=DIRECTION('',(0.,-0.,1.));
#102800=DIRECTION('',(0.88235294117651,0.470588235294045,0.));
#102810=AXIS2_PLACEMENT_3D('',#102780,#102790,#102800);
#102820=CIRCLE('',#102810,0.05);
#102830=CARTESIAN_POINT('',(0.214117647058825,-0.526470588235294,4.885))
;
#102840=VERTEX_POINT('',#102830);
#102850=EDGE_CURVE('',#102840,#9830,#102820,.T.);
#102860=ORIENTED_EDGE('',*,*,#102850,.T.);
#102870=CARTESIAN_POINT('',(0.237647058823529,-0.570588235294116,4.885))
;
#102880=DIRECTION('',(-0.470588235294112,0.882352941176473,0.));
#102890=VECTOR('',#102880,1.);
#102900=LINE('',#102870,#102890);
#102910=CARTESIAN_POINT('',(0.23764705882353,-0.570588235294116,4.885));
#102920=VERTEX_POINT('',#102910);
#102930=EDGE_CURVE('',#102920,#102840,#102900,.T.);
#102940=ORIENTED_EDGE('',*,*,#102930,.T.);
#102950=CARTESIAN_POINT('',(0.37,-0.499999999999998,4.885));
#102960=DIRECTION('',(-0.,0.,-1.));
#102970=DIRECTION('',(-1.14723045877933E-13,-1.,0.));
#102980=AXIS2_PLACEMENT_3D('',#102950,#102960,#102970);
#102990=CIRCLE('',#102980,0.15);
#103000=CARTESIAN_POINT('',(0.369999999999991,-0.649999999999997,4.885))
;
#103010=VERTEX_POINT('',#103000);
#103020=EDGE_CURVE('',#103010,#102920,#102990,.T.);
#103030=ORIENTED_EDGE('',*,*,#103020,.T.);
#103040=CARTESIAN_POINT('',(0.37,-0.649999999999997,4.885));
#103050=DIRECTION('',(1.,8.54017711250111E-16,0.));
#103060=VECTOR('',#103050,1.);
#103070=LINE('',#103040,#103060);
#103080=CARTESIAN_POINT('',(0.630000000000003,-0.649999999999997,4.885))
;
#103090=VERTEX_POINT('',#103080);
#103100=EDGE_CURVE('',#103010,#103090,#103070,.T.);
#103110=ORIENTED_EDGE('',*,*,#103100,.F.);
#103120=CARTESIAN_POINT('',(0.630000000000003,-0.649999999999997,4.885))
;
#103130=DIRECTION('',(-3.3306690738755E-15,1.,0.));
#103140=VECTOR('',#103130,1.);
#103150=LINE('',#103120,#103140);
#103160=CARTESIAN_POINT('',(0.630000000000003,-0.549999999999998,4.885))
;
#103170=VERTEX_POINT('',#103160);
#103180=EDGE_CURVE('',#103090,#103170,#103150,.T.);
#103190=ORIENTED_EDGE('',*,*,#103180,.F.);
#103200=CARTESIAN_POINT('',(0.630000000000002,-0.549999999999998,4.885))
;
#103210=DIRECTION('',(-1.,0.,0.));
#103220=VECTOR('',#103210,1.);
#103230=LINE('',#103200,#103220);
#103240=CARTESIAN_POINT('',(0.37,-0.549999999999998,4.885));
#103250=VERTEX_POINT('',#103240);
#103260=EDGE_CURVE('',#103170,#103250,#103230,.T.);
#103270=ORIENTED_EDGE('',*,*,#103260,.F.);
#103280=CARTESIAN_POINT('',(0.37,-0.499999999999998,4.885));
#103290=DIRECTION('',(0.,0.,1.));
#103300=DIRECTION('',(-0.882352941176487,-0.470588235294087,0.));
#103310=AXIS2_PLACEMENT_3D('',#103280,#103290,#103300);
#103320=CIRCLE('',#103310,0.05);
#103330=CARTESIAN_POINT('',(0.325882352941176,-0.523529411764703,4.885))
;
#103340=VERTEX_POINT('',#103330);
#103350=EDGE_CURVE('',#103340,#103250,#103320,.T.);
#103360=ORIENTED_EDGE('',*,*,#103350,.T.);
#103370=CARTESIAN_POINT('',(0.302352941176469,-0.479411764705878,4.885))
;
#103380=DIRECTION('',(0.470588235294116,-0.882352941176471,0.));
#103390=VECTOR('',#103380,1.);
#103400=LINE('',#103370,#103390);
#103410=CARTESIAN_POINT('',(0.30235294117647,-0.479411764705879,4.885));
#103420=VERTEX_POINT('',#103410);
#103430=EDGE_CURVE('',#103420,#103340,#103400,.T.);
#103440=ORIENTED_EDGE('',*,*,#103430,.T.);
#103450=CARTESIAN_POINT('',(0.17,-0.549999999999998,4.885));
#103460=DIRECTION('',(0.,0.,-1.));
#103470=DIRECTION('',(-5.55111512312578E-16,1.,0.));
#103480=AXIS2_PLACEMENT_3D('',#103450,#103460,#103470);
#103490=CIRCLE('',#103480,0.15);
#103500=EDGE_CURVE('',#102570,#103420,#103490,.T.);
#103510=ORIENTED_EDGE('',*,*,#103500,.T.);
#103520=ORIENTED_EDGE('',*,*,#102580,.F.);
#103530=EDGE_LOOP('',(#103520,#103510,#103440,#103360,#103270,#103190,
#103110,#103030,#102940,#102860,#102770,#102760));
#103540=FACE_OUTER_BOUND('',#103530,.T.);
#103550=ADVANCED_FACE('',(#103540),#102750,.F.);
#103560=CARTESIAN_POINT('',(0.17,-0.549999999999998,5.095));
#103570=DIRECTION('',(0.,0.,-1.));
#103580=DIRECTION('',(-1.,0.,0.));
#103590=AXIS2_PLACEMENT_3D('',#103560,#103570,#103580);
#103600=CYLINDRICAL_SURFACE('',#103590,0.05);
#103610=CARTESIAN_POINT('',(0.214117647058824,-0.526470588235292,4.885))
;
#103620=DIRECTION('',(0.,0.,1.));
#103630=VECTOR('',#103620,1.);
#103640=LINE('',#103610,#103630);
#103650=EDGE_CURVE('',#102840,#102330,#103640,.T.);
#103660=ORIENTED_EDGE('',*,*,#103650,.T.);
#103670=ORIENTED_EDGE('',*,*,#102850,.F.);
#103680=ORIENTED_EDGE('',*,*,#9840,.T.);
#103690=ORIENTED_EDGE('',*,*,#102410,.F.);
#103700=EDGE_LOOP('',(#103690,#103680,#103670,#103660));
#103710=FACE_OUTER_BOUND('',#103700,.T.);
#103720=ADVANCED_FACE('',(#103710),#103600,.F.);
#103730=CARTESIAN_POINT('',(0.214117647058824,-0.526470588235292,5.095))
;
#103740=DIRECTION('',(-0.88235294117647,-0.470588235294118,0.));
#103750=DIRECTION('',(0.470588235294118,-0.88235294117647,0.));
#103760=AXIS2_PLACEMENT_3D('',#103730,#103740,#103750);
#103770=PLANE('',#103760);
#103780=CARTESIAN_POINT('',(0.237647058823529,-0.570588235294116,5.035))
;
#103790=DIRECTION('',(0.,0.,-1.));
#103800=VECTOR('',#103790,1.);
#103810=LINE('',#103780,#103800);
#103820=EDGE_CURVE('',#102250,#102920,#103810,.T.);
#103830=ORIENTED_EDGE('',*,*,#103820,.F.);
#103840=ORIENTED_EDGE('',*,*,#102930,.F.);
#103850=ORIENTED_EDGE('',*,*,#103650,.F.);
#103860=ORIENTED_EDGE('',*,*,#102340,.F.);
#103870=EDGE_LOOP('',(#103860,#103850,#103840,#103830));
#103880=FACE_OUTER_BOUND('',#103870,.T.);
#103890=ADVANCED_FACE('',(#103880),#103770,.T.);
#103900=CARTESIAN_POINT('',(0.37,-0.499999999999998,5.095));
#103910=DIRECTION('',(0.,0.,-1.));
#103920=DIRECTION('',(-1.,0.,0.));
#103930=AXIS2_PLACEMENT_3D('',#103900,#103910,#103920);
#103940=CYLINDRICAL_SURFACE('',#103930,0.15);
#103950=CARTESIAN_POINT('',(0.37,-0.649999999999998,4.885));
#103960=DIRECTION('',(0.,0.,1.));
#103970=VECTOR('',#103960,1.);
#103980=LINE('',#103950,#103970);
#103990=EDGE_CURVE('',#103010,#102160,#103980,.T.);
#104000=ORIENTED_EDGE('',*,*,#103990,.T.);
#104010=ORIENTED_EDGE('',*,*,#103020,.F.);
#104020=ORIENTED_EDGE('',*,*,#103820,.T.);
#104030=ORIENTED_EDGE('',*,*,#102260,.F.);
#104040=EDGE_LOOP('',(#104030,#104020,#104010,#104000));
#104050=FACE_OUTER_BOUND('',#104040,.T.);
#104060=ADVANCED_FACE('',(#104050),#103940,.T.);
#104070=CARTESIAN_POINT('',(0.823766714898784,-0.649999999999997,5.095))
;
#104080=DIRECTION('',(6.47630097698008E-16,-1.,0.));
#104090=DIRECTION('',(1.,6.47630097698008E-16,0.));
#104100=AXIS2_PLACEMENT_3D('',#104070,#104080,#104090);
#104110=PLANE('',#104100);
#104120=ORIENTED_EDGE('',*,*,#103100,.T.);
#104130=ORIENTED_EDGE('',*,*,#103990,.F.);
#104140=ORIENTED_EDGE('',*,*,#102170,.T.);
#104150=CARTESIAN_POINT('',(0.630000000000003,-0.649999999999997,4.885))
;
#104160=DIRECTION('',(0.,0.,1.));
#104170=VECTOR('',#104160,1.);
#104180=LINE('',#104150,#104170);
#104190=EDGE_CURVE('',#103090,#102080,#104180,.T.);
#104200=ORIENTED_EDGE('',*,*,#104190,.T.);
#104210=EDGE_LOOP('',(#104200,#104140,#104130,#104120));
#104220=FACE_OUTER_BOUND('',#104210,.T.);
#104230=ADVANCED_FACE('',(#104220),#104110,.T.);
#104240=CARTESIAN_POINT('',(0.630000000000003,-0.7640024,
5.27476109676743));
#104250=DIRECTION('',(-1.,-3.5527136788005E-15,0.));
#104260=DIRECTION('',(0.,0.,-1.));
#104270=AXIS2_PLACEMENT_3D('',#104240,#104250,#104260);
#104280=PLANE('',#104270);
#104290=ORIENTED_EDGE('',*,*,#103180,.T.);
#104300=ORIENTED_EDGE('',*,*,#104190,.F.);
#104310=ORIENTED_EDGE('',*,*,#102090,.T.);
#104320=CARTESIAN_POINT('',(0.630000000000002,-0.549999999999998,5.035))
;
#104330=DIRECTION('',(0.,0.,-1.));
#104340=VECTOR('',#104330,1.);
#104350=LINE('',#104320,#104340);
#104360=EDGE_CURVE('',#102000,#103170,#104350,.T.);
#104370=ORIENTED_EDGE('',*,*,#104360,.F.);
#104380=EDGE_LOOP('',(#104370,#104310,#104300,#104290));
#104390=FACE_OUTER_BOUND('',#104380,.T.);
#104400=ADVANCED_FACE('',(#104390),#104280,.F.);
#104410=CARTESIAN_POINT('',(0.583766714898784,-0.549999999999998,5.095))
;
#104420=DIRECTION('',(0.,1.,0.));
#104430=DIRECTION('',(-1.,0.,0.));
#104440=AXIS2_PLACEMENT_3D('',#104410,#104420,#104430);
#104450=PLANE('',#104440);
#104460=CARTESIAN_POINT('',(0.37,-0.549999999999998,5.035));
#104470=DIRECTION('',(0.,0.,-1.));
#104480=VECTOR('',#104470,1.);
#104490=LINE('',#104460,#104480);
#104500=EDGE_CURVE('',#101920,#103250,#104490,.T.);
#104510=ORIENTED_EDGE('',*,*,#104500,.F.);
#104520=ORIENTED_EDGE('',*,*,#103260,.T.);
#104530=ORIENTED_EDGE('',*,*,#104360,.T.);
#104540=ORIENTED_EDGE('',*,*,#102010,.T.);
#104550=EDGE_LOOP('',(#104540,#104530,#104520,#104510));
#104560=FACE_OUTER_BOUND('',#104550,.T.);
#104570=ADVANCED_FACE('',(#104560),#104450,.T.);
#104580=CARTESIAN_POINT('',(0.37,-0.499999999999998,5.095));
#104590=DIRECTION('',(0.,0.,-1.));
#104600=DIRECTION('',(-1.,0.,0.));
#104610=AXIS2_PLACEMENT_3D('',#104580,#104590,#104600);
#104620=CYLINDRICAL_SURFACE('',#104610,0.05);
#104630=CARTESIAN_POINT('',(0.325882352941176,-0.523529411764704,4.885))
;
#104640=DIRECTION('',(0.,0.,1.));
#104650=VECTOR('',#104640,1.);
#104660=LINE('',#104630,#104650);
#104670=EDGE_CURVE('',#103340,#101830,#104660,.T.);
#104680=ORIENTED_EDGE('',*,*,#104670,.T.);
#104690=ORIENTED_EDGE('',*,*,#103350,.F.);
#104700=ORIENTED_EDGE('',*,*,#104500,.T.);
#104710=ORIENTED_EDGE('',*,*,#101930,.F.);
#104720=EDGE_LOOP('',(#104710,#104700,#104690,#104680));
#104730=FACE_OUTER_BOUND('',#104720,.T.);
#104740=ADVANCED_FACE('',(#104730),#104620,.F.);
#104750=CARTESIAN_POINT('',(0.325882352941176,-0.523529411764704,5.095))
;
#104760=DIRECTION('',(0.88235294117647,0.470588235294118,0.));
#104770=DIRECTION('',(-0.470588235294118,0.88235294117647,0.));
#104780=AXIS2_PLACEMENT_3D('',#104750,#104760,#104770);
#104790=PLANE('',#104780);
#104800=CARTESIAN_POINT('',(0.30235294117647,-0.47941176470588,5.035));
#104810=DIRECTION('',(0.,0.,-1.));
#104820=VECTOR('',#104810,1.);
#104830=LINE('',#104800,#104820);
#104840=EDGE_CURVE('',#101750,#103420,#104830,.T.);
#104850=ORIENTED_EDGE('',*,*,#104840,.F.);
#104860=ORIENTED_EDGE('',*,*,#103430,.F.);
#104870=ORIENTED_EDGE('',*,*,#104670,.F.);
#104880=ORIENTED_EDGE('',*,*,#101840,.F.);
#104890=EDGE_LOOP('',(#104880,#104870,#104860,#104850));
#104900=FACE_OUTER_BOUND('',#104890,.T.);
#104910=ADVANCED_FACE('',(#104900),#104790,.T.);
#104920=CARTESIAN_POINT('',(0.17,-0.549999999999998,5.095));
#104930=DIRECTION('',(0.,0.,-1.));
#104940=DIRECTION('',(-1.,0.,0.));
#104950=AXIS2_PLACEMENT_3D('',#104920,#104930,#104940);
#104960=CYLINDRICAL_SURFACE('',#104950,0.15);
#104970=ORIENTED_EDGE('',*,*,#102640,.T.);
#104980=ORIENTED_EDGE('',*,*,#103500,.F.);
#104990=ORIENTED_EDGE('',*,*,#104840,.T.);
#105000=ORIENTED_EDGE('',*,*,#101760,.F.);
#105010=EDGE_LOOP('',(#105000,#104990,#104980,#104970));
#105020=FACE_OUTER_BOUND('',#105010,.T.);
#105030=ADVANCED_FACE('',(#105020),#104960,.T.);
#105040=CARTESIAN_POINT('',(1.26514578638866,-0.649999999999998,4.635));
#105050=DIRECTION('',(0.,0.,-1.));
#105060=DIRECTION('',(0.,1.,0.));
#105070=AXIS2_PLACEMENT_3D('',#105040,#105050,#105060);
#105080=PLANE('',#105070);
#105090=ORIENTED_EDGE('',*,*,#6290,.T.);
#105100=CARTESIAN_POINT('',(0.0700000000000008,-0.399999999999998,4.635)
);
#105110=DIRECTION('',(1.,0.,0.));
#105120=VECTOR('',#105110,1.);
#105130=LINE('',#105100,#105120);
#105140=CARTESIAN_POINT('',(0.17,-0.399999999999998,4.635));
#105150=VERTEX_POINT('',#105140);
#105160=EDGE_CURVE('',#6200,#105150,#105130,.T.);
#105170=ORIENTED_EDGE('',*,*,#105160,.F.);
#105180=CARTESIAN_POINT('',(0.17,-0.549999999999998,4.635));
#105190=DIRECTION('',(0.,-0.,1.));
#105200=DIRECTION('',(0.882352941176504,0.470588235294055,0.));
#105210=AXIS2_PLACEMENT_3D('',#105180,#105190,#105200);
#105220=CIRCLE('',#105210,0.15);
#105230=CARTESIAN_POINT('',(0.302352941176472,-0.479411764705885,4.635))
;
#105240=VERTEX_POINT('',#105230);
#105250=EDGE_CURVE('',#105240,#105150,#105220,.T.);
#105260=ORIENTED_EDGE('',*,*,#105250,.T.);
#105270=CARTESIAN_POINT('',(0.32588235294118,-0.523529411764709,4.635));
#105280=DIRECTION('',(-0.470588235294118,0.88235294117647,0.));
#105290=VECTOR('',#105280,1.);
#105300=LINE('',#105270,#105290);
#105310=CARTESIAN_POINT('',(0.325882352941178,-0.523529411764707,4.635))
;
#105320=VERTEX_POINT('',#105310);
#105330=EDGE_CURVE('',#105320,#105240,#105300,.T.);
#105340=ORIENTED_EDGE('',*,*,#105330,.T.);
#105350=CARTESIAN_POINT('',(0.37,-0.499999999999998,4.635));
#105360=DIRECTION('',(0.,0.,-1.));
#105370=DIRECTION('',(0.,-1.,0.));
#105380=AXIS2_PLACEMENT_3D('',#105350,#105360,#105370);
#105390=CIRCLE('',#105380,0.05);
#105400=CARTESIAN_POINT('',(0.37,-0.549999999999998,4.635));
#105410=VERTEX_POINT('',#105400);
#105420=EDGE_CURVE('',#105410,#105320,#105390,.T.);
#105430=ORIENTED_EDGE('',*,*,#105420,.T.);
#105440=CARTESIAN_POINT('',(0.37,-0.549999999999998,4.635));
#105450=DIRECTION('',(1.,0.,0.));
#105460=VECTOR('',#105450,1.);
#105470=LINE('',#105440,#105460);
#105480=CARTESIAN_POINT('',(0.630000000000002,-0.549999999999998,4.635))
;
#105490=VERTEX_POINT('',#105480);
#105500=EDGE_CURVE('',#105410,#105490,#105470,.T.);
#105510=ORIENTED_EDGE('',*,*,#105500,.F.);
#105520=CARTESIAN_POINT('',(0.630000000000002,-0.549999999999998,4.635))
;
#105530=DIRECTION('',(3.3306690738755E-15,-1.,0.));
#105540=VECTOR('',#105530,1.);
#105550=LINE('',#105520,#105540);
#105560=CARTESIAN_POINT('',(0.630000000000003,-0.649999999999997,4.635))
;
#105570=VERTEX_POINT('',#105560);
#105580=EDGE_CURVE('',#105490,#105570,#105550,.T.);
#105590=ORIENTED_EDGE('',*,*,#105580,.F.);
#105600=CARTESIAN_POINT('',(0.630000000000003,-0.649999999999997,4.635))
;
#105610=DIRECTION('',(-1.,-8.54017711250111E-16,0.));
#105620=VECTOR('',#105610,1.);
#105630=LINE('',#105600,#105620);
#105640=CARTESIAN_POINT('',(0.369999999999995,-0.649999999999998,4.635))
;
#105650=VERTEX_POINT('',#105640);
#105660=EDGE_CURVE('',#105570,#105650,#105630,.T.);
#105670=ORIENTED_EDGE('',*,*,#105660,.F.);
#105680=CARTESIAN_POINT('',(0.37,-0.499999999999998,4.635));
#105690=DIRECTION('',(0.,0.,1.));
#105700=DIRECTION('',(-0.88235294117646,-0.470588235294138,0.));
#105710=AXIS2_PLACEMENT_3D('',#105680,#105690,#105700);
#105720=CIRCLE('',#105710,0.15);
#105730=CARTESIAN_POINT('',(0.237647058823531,-0.570588235294117,4.635))
;
#105740=VERTEX_POINT('',#105730);
#105750=EDGE_CURVE('',#105740,#105650,#105720,.T.);
#105760=ORIENTED_EDGE('',*,*,#105750,.T.);
#105770=CARTESIAN_POINT('',(0.214117647058824,-0.526470588235293,4.635))
;
#105780=DIRECTION('',(0.470588235294112,-0.882352941176474,0.));
#105790=VECTOR('',#105780,1.);
#105800=LINE('',#105770,#105790);
#105810=CARTESIAN_POINT('',(0.214117647058824,-0.526470588235293,4.635))
;
#105820=VERTEX_POINT('',#105810);
#105830=EDGE_CURVE('',#105820,#105740,#105800,.T.);
#105840=ORIENTED_EDGE('',*,*,#105830,.T.);
#105850=CARTESIAN_POINT('',(0.17,-0.549999999999998,4.635));
#105860=DIRECTION('',(0.,0.,-1.));
#105870=DIRECTION('',(-2.19269047363468E-13,1.,0.));
#105880=AXIS2_PLACEMENT_3D('',#105850,#105860,#105870);
#105890=CIRCLE('',#105880,0.05);
#105900=EDGE_CURVE('',#9980,#105820,#105890,.T.);
#105910=ORIENTED_EDGE('',*,*,#105900,.T.);
#105920=ORIENTED_EDGE('',*,*,#9990,.F.);
#105930=EDGE_LOOP('',(#105920,#105910,#105840,#105760,#105670,#105590,
#105510,#105430,#105340,#105260,#105170,#105090));
#105940=FACE_OUTER_BOUND('',#105930,.T.);
#105950=ADVANCED_FACE('',(#105940),#105080,.F.);
#105960=CARTESIAN_POINT('',(0.17,-0.399999999999998,4.695));
#105970=DIRECTION('',(0.,1.,0.));
#105980=DIRECTION('',(-1.,0.,0.));
#105990=AXIS2_PLACEMENT_3D('',#105960,#105970,#105980);
#106000=PLANE('',#105990);
#106010=CARTESIAN_POINT('',(0.17,-0.399999999999998,4.485));
#106020=DIRECTION('',(-1.,0.,0.));
#106030=VECTOR('',#106020,1.);
#106040=LINE('',#106010,#106030);
#106050=CARTESIAN_POINT('',(0.17,-0.399999999999998,4.485));
#106060=VERTEX_POINT('',#106050);
#106070=EDGE_CURVE('',#106060,#6120,#106040,.T.);
#106080=ORIENTED_EDGE('',*,*,#106070,.T.);
#106090=CARTESIAN_POINT('',(0.17,-0.399999999999998,4.485));
#106100=DIRECTION('',(0.,0.,1.));
#106110=VECTOR('',#106100,1.);
#106120=LINE('',#106090,#106110);
#106130=EDGE_CURVE('',#106060,#105150,#106120,.T.);
#106140=ORIENTED_EDGE('',*,*,#106130,.F.);
#106150=ORIENTED_EDGE('',*,*,#105160,.T.);
#106160=ORIENTED_EDGE('',*,*,#6210,.F.);
#106170=EDGE_LOOP('',(#106160,#106150,#106140,#106080));
#106180=FACE_OUTER_BOUND('',#106170,.T.);
#106190=ADVANCED_FACE('',(#106180),#106000,.T.);
#106200=CARTESIAN_POINT('',(1.26514578638866,-0.349999999999998,4.485));
#106210=DIRECTION('',(0.,0.,1.));
#106220=DIRECTION('',(0.,-1.,0.));
#106230=AXIS2_PLACEMENT_3D('',#106200,#106210,#106220);
#106240=PLANE('',#106230);
#106250=ORIENTED_EDGE('',*,*,#6130,.T.);
#106260=ORIENTED_EDGE('',*,*,#10130,.F.);
#106270=CARTESIAN_POINT('',(0.17,-0.549999999999998,4.485));
#106280=DIRECTION('',(0.,-0.,1.));
#106290=DIRECTION('',(0.882352941176532,0.470588235294003,0.));
#106300=AXIS2_PLACEMENT_3D('',#106270,#106280,#106290);
#106310=CIRCLE('',#106300,0.05);
#106320=CARTESIAN_POINT('',(0.214117647058826,-0.526470588235295,4.485))
;
#106330=VERTEX_POINT('',#106320);
#106340=EDGE_CURVE('',#106330,#10060,#106310,.T.);
#106350=ORIENTED_EDGE('',*,*,#106340,.T.);
#106360=CARTESIAN_POINT('',(0.237647058823529,-0.570588235294116,4.485))
;
#106370=DIRECTION('',(-0.470588235294108,0.882352941176476,0.));
#106380=VECTOR('',#106370,1.);
#106390=LINE('',#106360,#106380);
#106400=CARTESIAN_POINT('',(0.23764705882353,-0.570588235294116,4.485));
#106410=VERTEX_POINT('',#106400);
#106420=EDGE_CURVE('',#106410,#106330,#106390,.T.);
#106430=ORIENTED_EDGE('',*,*,#106420,.T.);
#106440=CARTESIAN_POINT('',(0.37,-0.499999999999998,4.485));
#106450=DIRECTION('',(-0.,0.,-1.));
#106460=DIRECTION('',(-1.14723045877933E-13,-1.,0.));
#106470=AXIS2_PLACEMENT_3D('',#106440,#106450,#106460);
#106480=CIRCLE('',#106470,0.15);
#106490=CARTESIAN_POINT('',(0.369999999999991,-0.649999999999997,4.485))
;
#106500=VERTEX_POINT('',#106490);
#106510=EDGE_CURVE('',#106500,#106410,#106480,.T.);
#106520=ORIENTED_EDGE('',*,*,#106510,.T.);
#106530=CARTESIAN_POINT('',(0.37,-0.649999999999997,4.485));
#106540=DIRECTION('',(1.,8.54017711250111E-16,0.));
#106550=VECTOR('',#106540,1.);
#106560=LINE('',#106530,#106550);
#106570=CARTESIAN_POINT('',(0.630000000000003,-0.649999999999997,4.485))
;
#106580=VERTEX_POINT('',#106570);
#106590=EDGE_CURVE('',#106500,#106580,#106560,.T.);
#106600=ORIENTED_EDGE('',*,*,#106590,.F.);
#106610=CARTESIAN_POINT('',(0.630000000000003,-0.649999999999997,4.485))
;
#106620=DIRECTION('',(-3.3306690738755E-15,1.,0.));
#106630=VECTOR('',#106620,1.);
#106640=LINE('',#106610,#106630);
#106650=CARTESIAN_POINT('',(0.630000000000003,-0.549999999999998,4.485))
;
#106660=VERTEX_POINT('',#106650);
#106670=EDGE_CURVE('',#106580,#106660,#106640,.T.);
#106680=ORIENTED_EDGE('',*,*,#106670,.F.);
#106690=CARTESIAN_POINT('',(0.630000000000002,-0.549999999999998,4.485))
;
#106700=DIRECTION('',(-1.,0.,0.));
#106710=VECTOR('',#106700,1.);
#106720=LINE('',#106690,#106710);
#106730=CARTESIAN_POINT('',(0.37,-0.549999999999998,4.485));
#106740=VERTEX_POINT('',#106730);
#106750=EDGE_CURVE('',#106660,#106740,#106720,.T.);
#106760=ORIENTED_EDGE('',*,*,#106750,.F.);
#106770=CARTESIAN_POINT('',(0.37,-0.499999999999998,4.485));
#106780=DIRECTION('',(0.,0.,1.));
#106790=DIRECTION('',(-0.882352941176487,-0.470588235294087,0.));
#106800=AXIS2_PLACEMENT_3D('',#106770,#106780,#106790);
#106810=CIRCLE('',#106800,0.05);
#106820=CARTESIAN_POINT('',(0.325882352941176,-0.523529411764703,4.485))
;
#106830=VERTEX_POINT('',#106820);
#106840=EDGE_CURVE('',#106830,#106740,#106810,.T.);
#106850=ORIENTED_EDGE('',*,*,#106840,.T.);
#106860=CARTESIAN_POINT('',(0.302352941176469,-0.479411764705878,4.485))
;
#106870=DIRECTION('',(0.470588235294116,-0.882352941176471,0.));
#106880=VECTOR('',#106870,1.);
#106890=LINE('',#106860,#106880);
#106900=CARTESIAN_POINT('',(0.30235294117647,-0.479411764705879,4.485));
#106910=VERTEX_POINT('',#106900);
#106920=EDGE_CURVE('',#106910,#106830,#106890,.T.);
#106930=ORIENTED_EDGE('',*,*,#106920,.T.);
#106940=CARTESIAN_POINT('',(0.17,-0.549999999999998,4.485));
#106950=DIRECTION('',(0.,0.,-1.));
#106960=DIRECTION('',(-5.55111512312578E-16,1.,0.));
#106970=AXIS2_PLACEMENT_3D('',#106940,#106950,#106960);
#106980=CIRCLE('',#106970,0.15);
#106990=EDGE_CURVE('',#106060,#106910,#106980,.T.);
#107000=ORIENTED_EDGE('',*,*,#106990,.T.);
#107010=ORIENTED_EDGE('',*,*,#106070,.F.);
#107020=EDGE_LOOP('',(#107010,#107000,#106930,#106850,#106760,#106680,
#106600,#106520,#106430,#106350,#106260,#106250));
#107030=FACE_OUTER_BOUND('',#107020,.T.);
#107040=ADVANCED_FACE('',(#107030),#106240,.F.);
#107050=CARTESIAN_POINT('',(0.17,-0.549999999999998,4.695));
#107060=DIRECTION('',(0.,0.,-1.));
#107070=DIRECTION('',(-1.,0.,0.));
#107080=AXIS2_PLACEMENT_3D('',#107050,#107060,#107070);
#107090=CYLINDRICAL_SURFACE('',#107080,0.05);
#107100=CARTESIAN_POINT('',(0.214117647058824,-0.526470588235292,4.485))
;
#107110=DIRECTION('',(0.,0.,1.));
#107120=VECTOR('',#107110,1.);
#107130=LINE('',#107100,#107120);
#107140=EDGE_CURVE('',#106330,#105820,#107130,.T.);
#107150=ORIENTED_EDGE('',*,*,#107140,.T.);
#107160=ORIENTED_EDGE('',*,*,#106340,.F.);
#107170=ORIENTED_EDGE('',*,*,#10070,.T.);
#107180=ORIENTED_EDGE('',*,*,#105900,.F.);
#107190=EDGE_LOOP('',(#107180,#107170,#107160,#107150));
#107200=FACE_OUTER_BOUND('',#107190,.T.);
#107210=ADVANCED_FACE('',(#107200),#107090,.F.);
#107220=CARTESIAN_POINT('',(0.214117647058824,-0.526470588235292,4.695))
;
#107230=DIRECTION('',(-0.88235294117647,-0.470588235294118,0.));
#107240=DIRECTION('',(0.470588235294118,-0.88235294117647,0.));
#107250=AXIS2_PLACEMENT_3D('',#107220,#107230,#107240);
#107260=PLANE('',#107250);
#107270=CARTESIAN_POINT('',(0.237647058823529,-0.570588235294116,4.635))
;
#107280=DIRECTION('',(0.,0.,-1.));
#107290=VECTOR('',#107280,1.);
#107300=LINE('',#107270,#107290);
#107310=EDGE_CURVE('',#105740,#106410,#107300,.T.);
#107320=ORIENTED_EDGE('',*,*,#107310,.F.);
#107330=ORIENTED_EDGE('',*,*,#106420,.F.);
#107340=ORIENTED_EDGE('',*,*,#107140,.F.);
#107350=ORIENTED_EDGE('',*,*,#105830,.F.);
#107360=EDGE_LOOP('',(#107350,#107340,#107330,#107320));
#107370=FACE_OUTER_BOUND('',#107360,.T.);
#107380=ADVANCED_FACE('',(#107370),#107260,.T.);
#107390=CARTESIAN_POINT('',(0.37,-0.499999999999998,4.695));
#107400=DIRECTION('',(0.,0.,-1.));
#107410=DIRECTION('',(-1.,0.,0.));
#107420=AXIS2_PLACEMENT_3D('',#107390,#107400,#107410);
#107430=CYLINDRICAL_SURFACE('',#107420,0.15);
#107440=CARTESIAN_POINT('',(0.37,-0.649999999999998,4.485));
#107450=DIRECTION('',(0.,0.,1.));
#107460=VECTOR('',#107450,1.);
#107470=LINE('',#107440,#107460);
#107480=EDGE_CURVE('',#106500,#105650,#107470,.T.);
#107490=ORIENTED_EDGE('',*,*,#107480,.T.);
#107500=ORIENTED_EDGE('',*,*,#106510,.F.);
#107510=ORIENTED_EDGE('',*,*,#107310,.T.);
#107520=ORIENTED_EDGE('',*,*,#105750,.F.);
#107530=EDGE_LOOP('',(#107520,#107510,#107500,#107490));
#107540=FACE_OUTER_BOUND('',#107530,.T.);
#107550=ADVANCED_FACE('',(#107540),#107430,.T.);
#107560=CARTESIAN_POINT('',(0.823766714898784,-0.649999999999997,4.695))
;
#107570=DIRECTION('',(6.47630097698008E-16,-1.,0.));
#107580=DIRECTION('',(1.,6.47630097698008E-16,0.));
#107590=AXIS2_PLACEMENT_3D('',#107560,#107570,#107580);
#107600=PLANE('',#107590);
#107610=ORIENTED_EDGE('',*,*,#106590,.T.);
#107620=ORIENTED_EDGE('',*,*,#107480,.F.);
#107630=ORIENTED_EDGE('',*,*,#105660,.T.);
#107640=CARTESIAN_POINT('',(0.630000000000003,-0.649999999999997,4.485))
;
#107650=DIRECTION('',(0.,0.,1.));
#107660=VECTOR('',#107650,1.);
#107670=LINE('',#107640,#107660);
#107680=EDGE_CURVE('',#106580,#105570,#107670,.T.);
#107690=ORIENTED_EDGE('',*,*,#107680,.T.);
#107700=EDGE_LOOP('',(#107690,#107630,#107620,#107610));
#107710=FACE_OUTER_BOUND('',#107700,.T.);
#107720=ADVANCED_FACE('',(#107710),#107600,.T.);
#107730=CARTESIAN_POINT('',(0.630000000000003,-0.7640024,
4.87476109676743));
#107740=DIRECTION('',(-1.,-3.5527136788005E-15,0.));
#107750=DIRECTION('',(0.,0.,-1.));
#107760=AXIS2_PLACEMENT_3D('',#107730,#107740,#107750);
#107770=PLANE('',#107760);
#107780=ORIENTED_EDGE('',*,*,#106670,.T.);
#107790=ORIENTED_EDGE('',*,*,#107680,.F.);
#107800=ORIENTED_EDGE('',*,*,#105580,.T.);
#107810=CARTESIAN_POINT('',(0.630000000000002,-0.549999999999998,4.635))
;
#107820=DIRECTION('',(0.,0.,-1.));
#107830=VECTOR('',#107820,1.);
#107840=LINE('',#107810,#107830);
#107850=EDGE_CURVE('',#105490,#106660,#107840,.T.);
#107860=ORIENTED_EDGE('',*,*,#107850,.F.);
#107870=EDGE_LOOP('',(#107860,#107800,#107790,#107780));
#107880=FACE_OUTER_BOUND('',#107870,.T.);
#107890=ADVANCED_FACE('',(#107880),#107770,.F.);
#107900=CARTESIAN_POINT('',(0.583766714898784,-0.549999999999998,4.695))
;
#107910=DIRECTION('',(0.,1.,0.));
#107920=DIRECTION('',(-1.,0.,0.));
#107930=AXIS2_PLACEMENT_3D('',#107900,#107910,#107920);
#107940=PLANE('',#107930);
#107950=CARTESIAN_POINT('',(0.37,-0.549999999999998,4.635));
#107960=DIRECTION('',(0.,0.,-1.));
#107970=VECTOR('',#107960,1.);
#107980=LINE('',#107950,#107970);
#107990=EDGE_CURVE('',#105410,#106740,#107980,.T.);
#108000=ORIENTED_EDGE('',*,*,#107990,.F.);
#108010=ORIENTED_EDGE('',*,*,#106750,.T.);
#108020=ORIENTED_EDGE('',*,*,#107850,.T.);
#108030=ORIENTED_EDGE('',*,*,#105500,.T.);
#108040=EDGE_LOOP('',(#108030,#108020,#108010,#108000));
#108050=FACE_OUTER_BOUND('',#108040,.T.);
#108060=ADVANCED_FACE('',(#108050),#107940,.T.);
#108070=CARTESIAN_POINT('',(0.37,-0.499999999999998,4.695));
#108080=DIRECTION('',(0.,0.,-1.));
#108090=DIRECTION('',(-1.,0.,0.));
#108100=AXIS2_PLACEMENT_3D('',#108070,#108080,#108090);
#108110=CYLINDRICAL_SURFACE('',#108100,0.05);
#108120=CARTESIAN_POINT('',(0.325882352941176,-0.523529411764704,4.485))
;
#108130=DIRECTION('',(0.,0.,1.));
#108140=VECTOR('',#108130,1.);
#108150=LINE('',#108120,#108140);
#108160=EDGE_CURVE('',#106830,#105320,#108150,.T.);
#108170=ORIENTED_EDGE('',*,*,#108160,.T.);
#108180=ORIENTED_EDGE('',*,*,#106840,.F.);
#108190=ORIENTED_EDGE('',*,*,#107990,.T.);
#108200=ORIENTED_EDGE('',*,*,#105420,.F.);
#108210=EDGE_LOOP('',(#108200,#108190,#108180,#108170));
#108220=FACE_OUTER_BOUND('',#108210,.T.);
#108230=ADVANCED_FACE('',(#108220),#108110,.F.);
#108240=CARTESIAN_POINT('',(0.325882352941176,-0.523529411764704,4.695))
;
#108250=DIRECTION('',(0.88235294117647,0.470588235294118,0.));
#108260=DIRECTION('',(-0.470588235294118,0.88235294117647,0.));
#108270=AXIS2_PLACEMENT_3D('',#108240,#108250,#108260);
#108280=PLANE('',#108270);
#108290=CARTESIAN_POINT('',(0.30235294117647,-0.47941176470588,4.635));
#108300=DIRECTION('',(0.,0.,-1.));
#108310=VECTOR('',#108300,1.);
#108320=LINE('',#108290,#108310);
#108330=EDGE_CURVE('',#105240,#106910,#108320,.T.);
#108340=ORIENTED_EDGE('',*,*,#108330,.F.);
#108350=ORIENTED_EDGE('',*,*,#106920,.F.);
#108360=ORIENTED_EDGE('',*,*,#108160,.F.);
#108370=ORIENTED_EDGE('',*,*,#105330,.F.);
#108380=EDGE_LOOP('',(#108370,#108360,#108350,#108340));
#108390=FACE_OUTER_BOUND('',#108380,.T.);
#108400=ADVANCED_FACE('',(#108390),#108280,.T.);
#108410=CARTESIAN_POINT('',(0.17,-0.549999999999998,4.695));
#108420=DIRECTION('',(0.,0.,-1.));
#108430=DIRECTION('',(-1.,0.,0.));
#108440=AXIS2_PLACEMENT_3D('',#108410,#108420,#108430);
#108450=CYLINDRICAL_SURFACE('',#108440,0.15);
#108460=ORIENTED_EDGE('',*,*,#106130,.T.);
#108470=ORIENTED_EDGE('',*,*,#106990,.F.);
#108480=ORIENTED_EDGE('',*,*,#108330,.T.);
#108490=ORIENTED_EDGE('',*,*,#105250,.F.);
#108500=EDGE_LOOP('',(#108490,#108480,#108470,#108460));
#108510=FACE_OUTER_BOUND('',#108500,.T.);
#108520=ADVANCED_FACE('',(#108510),#108450,.T.);
#108530=CARTESIAN_POINT('',(1.26514578638866,-0.649999999999998,4.235));
#108540=DIRECTION('',(0.,0.,-1.));
#108550=DIRECTION('',(0.,1.,0.));
#108560=AXIS2_PLACEMENT_3D('',#108530,#108540,#108550);
#108570=PLANE('',#108560);
#108580=ORIENTED_EDGE('',*,*,#5970,.T.);
#108590=CARTESIAN_POINT('',(0.0700000000000008,-0.399999999999998,4.235)
);
#108600=DIRECTION('',(1.,0.,0.));
#108610=VECTOR('',#108600,1.);
#108620=LINE('',#108590,#108610);
#108630=CARTESIAN_POINT('',(0.17,-0.399999999999998,4.235));
#108640=VERTEX_POINT('',#108630);
#108650=EDGE_CURVE('',#5880,#108640,#108620,.T.);
#108660=ORIENTED_EDGE('',*,*,#108650,.F.);
#108670=CARTESIAN_POINT('',(0.17,-0.549999999999998,4.235));
#108680=DIRECTION('',(0.,-0.,1.));
#108690=DIRECTION('',(0.882352941176504,0.470588235294055,0.));
#108700=AXIS2_PLACEMENT_3D('',#108670,#108680,#108690);
#108710=CIRCLE('',#108700,0.15);
#108720=CARTESIAN_POINT('',(0.302352941176472,-0.479411764705885,4.235))
;
#108730=VERTEX_POINT('',#108720);
#108740=EDGE_CURVE('',#108730,#108640,#108710,.T.);
#108750=ORIENTED_EDGE('',*,*,#108740,.T.);
#108760=CARTESIAN_POINT('',(0.32588235294118,-0.523529411764709,4.235));
#108770=DIRECTION('',(-0.470588235294118,0.88235294117647,0.));
#108780=VECTOR('',#108770,1.);
#108790=LINE('',#108760,#108780);
#108800=CARTESIAN_POINT('',(0.325882352941178,-0.523529411764707,4.235))
;
#108810=VERTEX_POINT('',#108800);
#108820=EDGE_CURVE('',#108810,#108730,#108790,.T.);
#108830=ORIENTED_EDGE('',*,*,#108820,.T.);
#108840=CARTESIAN_POINT('',(0.37,-0.499999999999998,4.235));
#108850=DIRECTION('',(0.,0.,-1.));
#108860=DIRECTION('',(0.,-1.,0.));
#108870=AXIS2_PLACEMENT_3D('',#108840,#108850,#108860);
#108880=CIRCLE('',#108870,0.05);
#108890=CARTESIAN_POINT('',(0.37,-0.549999999999998,4.235));
#108900=VERTEX_POINT('',#108890);
#108910=EDGE_CURVE('',#108900,#108810,#108880,.T.);
#108920=ORIENTED_EDGE('',*,*,#108910,.T.);
#108930=CARTESIAN_POINT('',(0.37,-0.549999999999998,4.235));
#108940=DIRECTION('',(1.,0.,0.));
#108950=VECTOR('',#108940,1.);
#108960=LINE('',#108930,#108950);
#108970=CARTESIAN_POINT('',(0.630000000000002,-0.549999999999998,4.235))
;
#108980=VERTEX_POINT('',#108970);
#108990=EDGE_CURVE('',#108900,#108980,#108960,.T.);
#109000=ORIENTED_EDGE('',*,*,#108990,.F.);
#109010=CARTESIAN_POINT('',(0.630000000000002,-0.549999999999998,4.235))
;
#109020=DIRECTION('',(3.3306690738755E-15,-1.,0.));
#109030=VECTOR('',#109020,1.);
#109040=LINE('',#109010,#109030);
#109050=CARTESIAN_POINT('',(0.630000000000003,-0.649999999999997,4.235))
;
#109060=VERTEX_POINT('',#109050);
#109070=EDGE_CURVE('',#108980,#109060,#109040,.T.);
#109080=ORIENTED_EDGE('',*,*,#109070,.F.);
#109090=CARTESIAN_POINT('',(0.630000000000003,-0.649999999999997,4.235))
;
#109100=DIRECTION('',(-1.,-8.54017711250111E-16,0.));
#109110=VECTOR('',#109100,1.);
#109120=LINE('',#109090,#109110);
#109130=CARTESIAN_POINT('',(0.369999999999994,-0.649999999999998,4.235))
;
#109140=VERTEX_POINT('',#109130);
#109150=EDGE_CURVE('',#109060,#109140,#109120,.T.);
#109160=ORIENTED_EDGE('',*,*,#109150,.F.);
#109170=CARTESIAN_POINT('',(0.37,-0.499999999999998,4.235));
#109180=DIRECTION('',(0.,0.,1.));
#109190=DIRECTION('',(-0.882352941176459,-0.47058823529414,0.));
#109200=AXIS2_PLACEMENT_3D('',#109170,#109180,#109190);
#109210=CIRCLE('',#109200,0.15);
#109220=CARTESIAN_POINT('',(0.237647058823531,-0.570588235294117,4.235))
;
#109230=VERTEX_POINT('',#109220);
#109240=EDGE_CURVE('',#109230,#109140,#109210,.T.);
#109250=ORIENTED_EDGE('',*,*,#109240,.T.);
#109260=CARTESIAN_POINT('',(0.214117647058824,-0.526470588235293,4.235))
;
#109270=DIRECTION('',(0.470588235294114,-0.882352941176473,0.));
#109280=VECTOR('',#109270,1.);
#109290=LINE('',#109260,#109280);
#109300=CARTESIAN_POINT('',(0.214117647058824,-0.526470588235293,4.235))
;
#109310=VERTEX_POINT('',#109300);
#109320=EDGE_CURVE('',#109310,#109230,#109290,.T.);
#109330=ORIENTED_EDGE('',*,*,#109320,.T.);
#109340=CARTESIAN_POINT('',(0.17,-0.549999999999998,4.235));
#109350=DIRECTION('',(0.,0.,-1.));
#109360=DIRECTION('',(-2.19269047363468E-13,1.,0.));
#109370=AXIS2_PLACEMENT_3D('',#109340,#109350,#109360);
#109380=CIRCLE('',#109370,0.05);
#109390=EDGE_CURVE('',#10210,#109310,#109380,.T.);
#109400=ORIENTED_EDGE('',*,*,#109390,.T.);
#109410=ORIENTED_EDGE('',*,*,#10220,.F.);
#109420=EDGE_LOOP('',(#109410,#109400,#109330,#109250,#109160,#109080,
#109000,#108920,#108830,#108750,#108660,#108580));
#109430=FACE_OUTER_BOUND('',#109420,.T.);
#109440=ADVANCED_FACE('',(#109430),#108570,.F.);
#109450=CARTESIAN_POINT('',(0.17,-0.399999999999998,4.295));
#109460=DIRECTION('',(0.,1.,0.));
#109470=DIRECTION('',(-1.,0.,0.));
#109480=AXIS2_PLACEMENT_3D('',#109450,#109460,#109470);
#109490=PLANE('',#109480);
#109500=CARTESIAN_POINT('',(0.17,-0.399999999999998,4.085));
#109510=DIRECTION('',(-1.,0.,0.));
#109520=VECTOR('',#109510,1.);
#109530=LINE('',#109500,#109520);
#109540=CARTESIAN_POINT('',(0.17,-0.399999999999998,4.085));
#109550=VERTEX_POINT('',#109540);
#109560=EDGE_CURVE('',#109550,#5800,#109530,.T.);
#109570=ORIENTED_EDGE('',*,*,#109560,.T.);
#109580=CARTESIAN_POINT('',(0.17,-0.399999999999998,4.085));
#109590=DIRECTION('',(0.,0.,1.));
#109600=VECTOR('',#109590,1.);
#109610=LINE('',#109580,#109600);
#109620=EDGE_CURVE('',#109550,#108640,#109610,.T.);
#109630=ORIENTED_EDGE('',*,*,#109620,.F.);
#109640=ORIENTED_EDGE('',*,*,#108650,.T.);
#109650=ORIENTED_EDGE('',*,*,#5890,.F.);
#109660=EDGE_LOOP('',(#109650,#109640,#109630,#109570));
#109670=FACE_OUTER_BOUND('',#109660,.T.);
#109680=ADVANCED_FACE('',(#109670),#109490,.T.);
#109690=CARTESIAN_POINT('',(1.26514578638866,-0.349999999999998,4.085));
#109700=DIRECTION('',(0.,0.,1.));
#109710=DIRECTION('',(0.,-1.,0.));
#109720=AXIS2_PLACEMENT_3D('',#109690,#109700,#109710);
#109730=PLANE('',#109720);
#109740=ORIENTED_EDGE('',*,*,#5810,.T.);
#109750=ORIENTED_EDGE('',*,*,#10360,.F.);
#109760=CARTESIAN_POINT('',(0.17,-0.549999999999998,4.085));
#109770=DIRECTION('',(0.,-0.,1.));
#109780=DIRECTION('',(0.882352941176532,0.470588235294003,0.));
#109790=AXIS2_PLACEMENT_3D('',#109760,#109770,#109780);
#109800=CIRCLE('',#109790,0.05);
#109810=CARTESIAN_POINT('',(0.214117647058826,-0.526470588235295,4.085))
;
#109820=VERTEX_POINT('',#109810);
#109830=EDGE_CURVE('',#109820,#10290,#109800,.T.);
#109840=ORIENTED_EDGE('',*,*,#109830,.T.);
#109850=CARTESIAN_POINT('',(0.237647058823529,-0.570588235294116,4.085))
;
#109860=DIRECTION('',(-0.47058823529411,0.882352941176475,0.));
#109870=VECTOR('',#109860,1.);
#109880=LINE('',#109850,#109870);
#109890=CARTESIAN_POINT('',(0.23764705882353,-0.570588235294116,4.085));
#109900=VERTEX_POINT('',#109890);
#109910=EDGE_CURVE('',#109900,#109820,#109880,.T.);
#109920=ORIENTED_EDGE('',*,*,#109910,.T.);
#109930=CARTESIAN_POINT('',(0.37,-0.499999999999998,4.085));
#109940=DIRECTION('',(-0.,0.,-1.));
#109950=DIRECTION('',(-1.14723045877933E-13,-1.,0.));
#109960=AXIS2_PLACEMENT_3D('',#109930,#109940,#109950);
#109970=CIRCLE('',#109960,0.15);
#109980=CARTESIAN_POINT('',(0.369999999999991,-0.649999999999997,4.085))
;
#109990=VERTEX_POINT('',#109980);
#110000=EDGE_CURVE('',#109990,#109900,#109970,.T.);
#110010=ORIENTED_EDGE('',*,*,#110000,.T.);
#110020=CARTESIAN_POINT('',(0.37,-0.649999999999997,4.085));
#110030=DIRECTION('',(1.,8.54017711250111E-16,0.));
#110040=VECTOR('',#110030,1.);
#110050=LINE('',#110020,#110040);
#110060=CARTESIAN_POINT('',(0.630000000000003,-0.649999999999997,4.085))
;
#110070=VERTEX_POINT('',#110060);
#110080=EDGE_CURVE('',#109990,#110070,#110050,.T.);
#110090=ORIENTED_EDGE('',*,*,#110080,.F.);
#110100=CARTESIAN_POINT('',(0.630000000000003,-0.649999999999997,4.085))
;
#110110=DIRECTION('',(-3.3306690738755E-15,1.,0.));
#110120=VECTOR('',#110110,1.);
#110130=LINE('',#110100,#110120);
#110140=CARTESIAN_POINT('',(0.630000000000003,-0.549999999999998,4.085))
;
#110150=VERTEX_POINT('',#110140);
#110160=EDGE_CURVE('',#110070,#110150,#110130,.T.);
#110170=ORIENTED_EDGE('',*,*,#110160,.F.);
#110180=CARTESIAN_POINT('',(0.630000000000002,-0.549999999999998,4.085))
;
#110190=DIRECTION('',(-1.,0.,0.));
#110200=VECTOR('',#110190,1.);
#110210=LINE('',#110180,#110200);
#110220=CARTESIAN_POINT('',(0.37,-0.549999999999998,4.085));
#110230=VERTEX_POINT('',#110220);
#110240=EDGE_CURVE('',#110150,#110230,#110210,.T.);
#110250=ORIENTED_EDGE('',*,*,#110240,.F.);
#110260=CARTESIAN_POINT('',(0.37,-0.499999999999998,4.085));
#110270=DIRECTION('',(0.,0.,1.));
#110280=DIRECTION('',(-0.882352941176491,-0.47058823529408,0.));
#110290=AXIS2_PLACEMENT_3D('',#110260,#110270,#110280);
#110300=CIRCLE('',#110290,0.05);
#110310=CARTESIAN_POINT('',(0.325882352941176,-0.523529411764703,4.085))
;
#110320=VERTEX_POINT('',#110310);
#110330=EDGE_CURVE('',#110320,#110230,#110300,.T.);
#110340=ORIENTED_EDGE('',*,*,#110330,.T.);
#110350=CARTESIAN_POINT('',(0.302352941176469,-0.479411764705878,4.085))
;
#110360=DIRECTION('',(0.470588235294116,-0.882352941176472,0.));
#110370=VECTOR('',#110360,1.);
#110380=LINE('',#110350,#110370);
#110390=CARTESIAN_POINT('',(0.30235294117647,-0.479411764705879,4.085));
#110400=VERTEX_POINT('',#110390);
#110410=EDGE_CURVE('',#110400,#110320,#110380,.T.);
#110420=ORIENTED_EDGE('',*,*,#110410,.T.);
#110430=CARTESIAN_POINT('',(0.17,-0.549999999999998,4.085));
#110440=DIRECTION('',(0.,0.,-1.));
#110450=DIRECTION('',(-5.55111512312578E-16,1.,0.));
#110460=AXIS2_PLACEMENT_3D('',#110430,#110440,#110450);
#110470=CIRCLE('',#110460,0.15);
#110480=EDGE_CURVE('',#109550,#110400,#110470,.T.);
#110490=ORIENTED_EDGE('',*,*,#110480,.T.);
#110500=ORIENTED_EDGE('',*,*,#109560,.F.);
#110510=EDGE_LOOP('',(#110500,#110490,#110420,#110340,#110250,#110170,
#110090,#110010,#109920,#109840,#109750,#109740));
#110520=FACE_OUTER_BOUND('',#110510,.T.);
#110530=ADVANCED_FACE('',(#110520),#109730,.F.);
#110540=CARTESIAN_POINT('',(0.17,-0.549999999999998,4.295));
#110550=DIRECTION('',(0.,0.,-1.));
#110560=DIRECTION('',(-1.,0.,0.));
#110570=AXIS2_PLACEMENT_3D('',#110540,#110550,#110560);
#110580=CYLINDRICAL_SURFACE('',#110570,0.05);
#110590=CARTESIAN_POINT('',(0.214117647058824,-0.526470588235292,4.085))
;
#110600=DIRECTION('',(0.,0.,1.));
#110610=VECTOR('',#110600,1.);
#110620=LINE('',#110590,#110610);
#110630=EDGE_CURVE('',#109820,#109310,#110620,.T.);
#110640=ORIENTED_EDGE('',*,*,#110630,.T.);
#110650=ORIENTED_EDGE('',*,*,#109830,.F.);
#110660=ORIENTED_EDGE('',*,*,#10300,.T.);
#110670=ORIENTED_EDGE('',*,*,#109390,.F.);
#110680=EDGE_LOOP('',(#110670,#110660,#110650,#110640));
#110690=FACE_OUTER_BOUND('',#110680,.T.);
#110700=ADVANCED_FACE('',(#110690),#110580,.F.);
#110710=CARTESIAN_POINT('',(0.214117647058824,-0.526470588235292,4.295))
;
#110720=DIRECTION('',(-0.88235294117647,-0.470588235294118,0.));
#110730=DIRECTION('',(0.470588235294118,-0.88235294117647,0.));
#110740=AXIS2_PLACEMENT_3D('',#110710,#110720,#110730);
#110750=PLANE('',#110740);
#110760=CARTESIAN_POINT('',(0.237647058823529,-0.570588235294116,4.235))
;
#110770=DIRECTION('',(0.,0.,-1.));
#110780=VECTOR('',#110770,1.);
#110790=LINE('',#110760,#110780);
#110800=EDGE_CURVE('',#109230,#109900,#110790,.T.);
#110810=ORIENTED_EDGE('',*,*,#110800,.F.);
#110820=ORIENTED_EDGE('',*,*,#109910,.F.);
#110830=ORIENTED_EDGE('',*,*,#110630,.F.);
#110840=ORIENTED_EDGE('',*,*,#109320,.F.);
#110850=EDGE_LOOP('',(#110840,#110830,#110820,#110810));
#110860=FACE_OUTER_BOUND('',#110850,.T.);
#110870=ADVANCED_FACE('',(#110860),#110750,.T.);
#110880=CARTESIAN_POINT('',(0.37,-0.499999999999998,4.295));
#110890=DIRECTION('',(0.,0.,-1.));
#110900=DIRECTION('',(-1.,0.,0.));
#110910=AXIS2_PLACEMENT_3D('',#110880,#110890,#110900);
#110920=CYLINDRICAL_SURFACE('',#110910,0.15);
#110930=CARTESIAN_POINT('',(0.37,-0.649999999999998,4.085));
#110940=DIRECTION('',(0.,0.,1.));
#110950=VECTOR('',#110940,1.);
#110960=LINE('',#110930,#110950);
#110970=EDGE_CURVE('',#109990,#109140,#110960,.T.);
#110980=ORIENTED_EDGE('',*,*,#110970,.T.);
#110990=ORIENTED_EDGE('',*,*,#110000,.F.);
#111000=ORIENTED_EDGE('',*,*,#110800,.T.);
#111010=ORIENTED_EDGE('',*,*,#109240,.F.);
#111020=EDGE_LOOP('',(#111010,#111000,#110990,#110980));
#111030=FACE_OUTER_BOUND('',#111020,.T.);
#111040=ADVANCED_FACE('',(#111030),#110920,.T.);
#111050=CARTESIAN_POINT('',(0.823766714898784,-0.649999999999997,4.295))
;
#111060=DIRECTION('',(6.47630097698008E-16,-1.,0.));
#111070=DIRECTION('',(1.,6.47630097698008E-16,0.));
#111080=AXIS2_PLACEMENT_3D('',#111050,#111060,#111070);
#111090=PLANE('',#111080);
#111100=ORIENTED_EDGE('',*,*,#110080,.T.);
#111110=ORIENTED_EDGE('',*,*,#110970,.F.);
#111120=ORIENTED_EDGE('',*,*,#109150,.T.);
#111130=CARTESIAN_POINT('',(0.630000000000003,-0.649999999999997,4.085))
;
#111140=DIRECTION('',(0.,0.,1.));
#111150=VECTOR('',#111140,1.);
#111160=LINE('',#111130,#111150);
#111170=EDGE_CURVE('',#110070,#109060,#111160,.T.);
#111180=ORIENTED_EDGE('',*,*,#111170,.T.);
#111190=EDGE_LOOP('',(#111180,#111120,#111110,#111100));
#111200=FACE_OUTER_BOUND('',#111190,.T.);
#111210=ADVANCED_FACE('',(#111200),#111090,.T.);
#111220=CARTESIAN_POINT('',(0.630000000000003,-0.7640024,
4.47476109676743));
#111230=DIRECTION('',(-1.,-3.5527136788005E-15,0.));
#111240=DIRECTION('',(0.,0.,-1.));
#111250=AXIS2_PLACEMENT_3D('',#111220,#111230,#111240);
#111260=PLANE('',#111250);
#111270=ORIENTED_EDGE('',*,*,#110160,.T.);
#111280=ORIENTED_EDGE('',*,*,#111170,.F.);
#111290=ORIENTED_EDGE('',*,*,#109070,.T.);
#111300=CARTESIAN_POINT('',(0.630000000000002,-0.549999999999998,4.235))
;
#111310=DIRECTION('',(0.,0.,-1.));
#111320=VECTOR('',#111310,1.);
#111330=LINE('',#111300,#111320);
#111340=EDGE_CURVE('',#108980,#110150,#111330,.T.);
#111350=ORIENTED_EDGE('',*,*,#111340,.F.);
#111360=EDGE_LOOP('',(#111350,#111290,#111280,#111270));
#111370=FACE_OUTER_BOUND('',#111360,.T.);
#111380=ADVANCED_FACE('',(#111370),#111260,.F.);
#111390=CARTESIAN_POINT('',(0.583766714898784,-0.549999999999998,4.295))
;
#111400=DIRECTION('',(0.,1.,0.));
#111410=DIRECTION('',(-1.,0.,0.));
#111420=AXIS2_PLACEMENT_3D('',#111390,#111400,#111410);
#111430=PLANE('',#111420);
#111440=CARTESIAN_POINT('',(0.37,-0.549999999999998,4.235));
#111450=DIRECTION('',(0.,0.,-1.));
#111460=VECTOR('',#111450,1.);
#111470=LINE('',#111440,#111460);
#111480=EDGE_CURVE('',#108900,#110230,#111470,.T.);
#111490=ORIENTED_EDGE('',*,*,#111480,.F.);
#111500=ORIENTED_EDGE('',*,*,#110240,.T.);
#111510=ORIENTED_EDGE('',*,*,#111340,.T.);
#111520=ORIENTED_EDGE('',*,*,#108990,.T.);
#111530=EDGE_LOOP('',(#111520,#111510,#111500,#111490));
#111540=FACE_OUTER_BOUND('',#111530,.T.);
#111550=ADVANCED_FACE('',(#111540),#111430,.T.);
#111560=CARTESIAN_POINT('',(0.37,-0.499999999999998,4.295));
#111570=DIRECTION('',(0.,0.,-1.));
#111580=DIRECTION('',(-1.,0.,0.));
#111590=AXIS2_PLACEMENT_3D('',#111560,#111570,#111580);
#111600=CYLINDRICAL_SURFACE('',#111590,0.05);
#111610=CARTESIAN_POINT('',(0.325882352941176,-0.523529411764704,4.085))
;
#111620=DIRECTION('',(0.,0.,1.));
#111630=VECTOR('',#111620,1.);
#111640=LINE('',#111610,#111630);
#111650=EDGE_CURVE('',#110320,#108810,#111640,.T.);
#111660=ORIENTED_EDGE('',*,*,#111650,.T.);
#111670=ORIENTED_EDGE('',*,*,#110330,.F.);
#111680=ORIENTED_EDGE('',*,*,#111480,.T.);
#111690=ORIENTED_EDGE('',*,*,#108910,.F.);
#111700=EDGE_LOOP('',(#111690,#111680,#111670,#111660));
#111710=FACE_OUTER_BOUND('',#111700,.T.);
#111720=ADVANCED_FACE('',(#111710),#111600,.F.);
#111730=CARTESIAN_POINT('',(0.325882352941176,-0.523529411764704,4.295))
;
#111740=DIRECTION('',(0.88235294117647,0.470588235294118,0.));
#111750=DIRECTION('',(-0.470588235294118,0.88235294117647,0.));
#111760=AXIS2_PLACEMENT_3D('',#111730,#111740,#111750);
#111770=PLANE('',#111760);
#111780=CARTESIAN_POINT('',(0.30235294117647,-0.47941176470588,4.235));
#111790=DIRECTION('',(0.,0.,-1.));
#111800=VECTOR('',#111790,1.);
#111810=LINE('',#111780,#111800);
#111820=EDGE_CURVE('',#108730,#110400,#111810,.T.);
#111830=ORIENTED_EDGE('',*,*,#111820,.F.);
#111840=ORIENTED_EDGE('',*,*,#110410,.F.);
#111850=ORIENTED_EDGE('',*,*,#111650,.F.);
#111860=ORIENTED_EDGE('',*,*,#108820,.F.);
#111870=EDGE_LOOP('',(#111860,#111850,#111840,#111830));
#111880=FACE_OUTER_BOUND('',#111870,.T.);
#111890=ADVANCED_FACE('',(#111880),#111770,.T.);
#111900=CARTESIAN_POINT('',(0.17,-0.549999999999998,4.295));
#111910=DIRECTION('',(0.,0.,-1.));
#111920=DIRECTION('',(-1.,0.,0.));
#111930=AXIS2_PLACEMENT_3D('',#111900,#111910,#111920);
#111940=CYLINDRICAL_SURFACE('',#111930,0.15);
#111950=ORIENTED_EDGE('',*,*,#109620,.T.);
#111960=ORIENTED_EDGE('',*,*,#110480,.F.);
#111970=ORIENTED_EDGE('',*,*,#111820,.T.);
#111980=ORIENTED_EDGE('',*,*,#108740,.F.);
#111990=EDGE_LOOP('',(#111980,#111970,#111960,#111950));
#112000=FACE_OUTER_BOUND('',#111990,.T.);
#112010=ADVANCED_FACE('',(#112000),#111940,.T.);
#112020=CARTESIAN_POINT('',(1.26514578638866,-0.649999999999998,3.835));
#112030=DIRECTION('',(0.,0.,-1.));
#112040=DIRECTION('',(0.,1.,0.));
#112050=AXIS2_PLACEMENT_3D('',#112020,#112030,#112040);
#112060=PLANE('',#112050);
#112070=ORIENTED_EDGE('',*,*,#5650,.T.);
#112080=CARTESIAN_POINT('',(0.0700000000000008,-0.399999999999998,3.835)
);
#112090=DIRECTION('',(1.,0.,0.));
#112100=VECTOR('',#112090,1.);
#112110=LINE('',#112080,#112100);
#112120=CARTESIAN_POINT('',(0.17,-0.399999999999998,3.835));
#112130=VERTEX_POINT('',#112120);
#112140=EDGE_CURVE('',#5560,#112130,#112110,.T.);
#112150=ORIENTED_EDGE('',*,*,#112140,.F.);
#112160=CARTESIAN_POINT('',(0.17,-0.549999999999998,3.835));
#112170=DIRECTION('',(0.,-0.,1.));
#112180=DIRECTION('',(0.882352941176496,0.470588235294071,0.));
#112190=AXIS2_PLACEMENT_3D('',#112160,#112170,#112180);
#112200=CIRCLE('',#112190,0.15);
#112210=CARTESIAN_POINT('',(0.302352941176472,-0.479411764705884,3.835))
;
#112220=VERTEX_POINT('',#112210);
#112230=EDGE_CURVE('',#112220,#112130,#112200,.T.);
#112240=ORIENTED_EDGE('',*,*,#112230,.T.);
#112250=CARTESIAN_POINT('',(0.325882352941179,-0.523529411764707,3.835))
;
#112260=DIRECTION('',(-0.470588235294115,0.882352941176472,0.));
#112270=VECTOR('',#112260,1.);
#112280=LINE('',#112250,#112270);
#112290=CARTESIAN_POINT('',(0.325882352941177,-0.523529411764705,3.835))
;
#112300=VERTEX_POINT('',#112290);
#112310=EDGE_CURVE('',#112300,#112220,#112280,.T.);
#112320=ORIENTED_EDGE('',*,*,#112310,.T.);
#112330=CARTESIAN_POINT('',(0.37,-0.499999999999998,3.835));
#112340=DIRECTION('',(0.,0.,-1.));
#112350=DIRECTION('',(0.,-1.,0.));
#112360=AXIS2_PLACEMENT_3D('',#112330,#112340,#112350);
#112370=CIRCLE('',#112360,0.05);
#112380=CARTESIAN_POINT('',(0.37,-0.549999999999998,3.835));
#112390=VERTEX_POINT('',#112380);
#112400=EDGE_CURVE('',#112390,#112300,#112370,.T.);
#112410=ORIENTED_EDGE('',*,*,#112400,.T.);
#112420=CARTESIAN_POINT('',(0.37,-0.549999999999998,3.835));
#112430=DIRECTION('',(1.,0.,0.));
#112440=VECTOR('',#112430,1.);
#112450=LINE('',#112420,#112440);
#112460=CARTESIAN_POINT('',(0.630000000000002,-0.549999999999998,3.835))
;
#112470=VERTEX_POINT('',#112460);
#112480=EDGE_CURVE('',#112390,#112470,#112450,.T.);
#112490=ORIENTED_EDGE('',*,*,#112480,.F.);
#112500=CARTESIAN_POINT('',(0.630000000000002,-0.549999999999998,3.835))
;
#112510=DIRECTION('',(3.3306690738755E-15,-1.,0.));
#112520=VECTOR('',#112510,1.);
#112530=LINE('',#112500,#112520);
#112540=CARTESIAN_POINT('',(0.630000000000003,-0.649999999999997,3.835))
;
#112550=VERTEX_POINT('',#112540);
#112560=EDGE_CURVE('',#112470,#112550,#112530,.T.);
#112570=ORIENTED_EDGE('',*,*,#112560,.F.);
#112580=CARTESIAN_POINT('',(0.630000000000003,-0.649999999999997,3.835))
;
#112590=DIRECTION('',(-1.,-8.54017711250111E-16,0.));
#112600=VECTOR('',#112590,1.);
#112610=LINE('',#112580,#112600);
#112620=CARTESIAN_POINT('',(0.369999999999995,-0.649999999999998,3.835))
;
#112630=VERTEX_POINT('',#112620);
#112640=EDGE_CURVE('',#112550,#112630,#112610,.T.);
#112650=ORIENTED_EDGE('',*,*,#112640,.F.);
#112660=CARTESIAN_POINT('',(0.37,-0.499999999999998,3.835));
#112670=DIRECTION('',(0.,0.,1.));
#112680=DIRECTION('',(-0.882352941176442,-0.470588235294171,0.));
#112690=AXIS2_PLACEMENT_3D('',#112660,#112670,#112680);
#112700=CIRCLE('',#112690,0.15);
#112710=CARTESIAN_POINT('',(0.237647058823532,-0.570588235294119,3.835))
;
#112720=VERTEX_POINT('',#112710);
#112730=EDGE_CURVE('',#112720,#112630,#112700,.T.);
#112740=ORIENTED_EDGE('',*,*,#112730,.T.);
#112750=CARTESIAN_POINT('',(0.214117647058827,-0.526470588235297,3.835))
;
#112760=DIRECTION('',(0.470588235294116,-0.882352941176471,0.));
#112770=VECTOR('',#112760,1.);
#112780=LINE('',#112750,#112770);
#112790=CARTESIAN_POINT('',(0.214117647058825,-0.526470588235295,3.835))
;
#112800=VERTEX_POINT('',#112790);
#112810=EDGE_CURVE('',#112800,#112720,#112780,.T.);
#112820=ORIENTED_EDGE('',*,*,#112810,.T.);
#112830=CARTESIAN_POINT('',(0.17,-0.549999999999998,3.835));
#112840=DIRECTION('',(0.,0.,-1.));
#112850=DIRECTION('',(-2.19269047363468E-13,1.,0.));
#112860=AXIS2_PLACEMENT_3D('',#112830,#112840,#112850);
#112870=CIRCLE('',#112860,0.05);
#112880=EDGE_CURVE('',#10440,#112800,#112870,.T.);
#112890=ORIENTED_EDGE('',*,*,#112880,.T.);
#112900=ORIENTED_EDGE('',*,*,#10450,.F.);
#112910=EDGE_LOOP('',(#112900,#112890,#112820,#112740,#112650,#112570,
#112490,#112410,#112320,#112240,#112150,#112070));
#112920=FACE_OUTER_BOUND('',#112910,.T.);
#112930=ADVANCED_FACE('',(#112920),#112060,.F.);
#112940=CARTESIAN_POINT('',(0.17,-0.399999999999998,3.895));
#112950=DIRECTION('',(0.,1.,0.));
#112960=DIRECTION('',(-1.,0.,0.));
#112970=AXIS2_PLACEMENT_3D('',#112940,#112950,#112960);
#112980=PLANE('',#112970);
#112990=CARTESIAN_POINT('',(0.17,-0.399999999999998,3.685));
#113000=DIRECTION('',(-1.,0.,0.));
#113010=VECTOR('',#113000,1.);
#113020=LINE('',#112990,#113010);
#113030=CARTESIAN_POINT('',(0.17,-0.399999999999998,3.685));
#113040=VERTEX_POINT('',#113030);
#113050=EDGE_CURVE('',#113040,#5480,#113020,.T.);
#113060=ORIENTED_EDGE('',*,*,#113050,.T.);
#113070=CARTESIAN_POINT('',(0.17,-0.399999999999998,3.685));
#113080=DIRECTION('',(0.,0.,1.));
#113090=VECTOR('',#113080,1.);
#113100=LINE('',#113070,#113090);
#113110=EDGE_CURVE('',#113040,#112130,#113100,.T.);
#113120=ORIENTED_EDGE('',*,*,#113110,.F.);
#113130=ORIENTED_EDGE('',*,*,#112140,.T.);
#113140=ORIENTED_EDGE('',*,*,#5570,.F.);
#113150=EDGE_LOOP('',(#113140,#113130,#113120,#113060));
#113160=FACE_OUTER_BOUND('',#113150,.T.);
#113170=ADVANCED_FACE('',(#113160),#112980,.T.);
#113180=CARTESIAN_POINT('',(1.26514578638866,-0.349999999999998,3.685));
#113190=DIRECTION('',(0.,0.,1.));
#113200=DIRECTION('',(0.,-1.,0.));
#113210=AXIS2_PLACEMENT_3D('',#113180,#113190,#113200);
#113220=PLANE('',#113210);
#113230=ORIENTED_EDGE('',*,*,#5490,.T.);
#113240=ORIENTED_EDGE('',*,*,#10590,.F.);
#113250=CARTESIAN_POINT('',(0.17,-0.549999999999998,3.685));
#113260=DIRECTION('',(0.,-0.,1.));
#113270=DIRECTION('',(0.882352941176532,0.470588235294003,0.));
#113280=AXIS2_PLACEMENT_3D('',#113250,#113260,#113270);
#113290=CIRCLE('',#113280,0.05);
#113300=CARTESIAN_POINT('',(0.214117647058826,-0.526470588235295,3.685))
;
#113310=VERTEX_POINT('',#113300);
#113320=EDGE_CURVE('',#113310,#10520,#113290,.T.);
#113330=ORIENTED_EDGE('',*,*,#113320,.T.);
#113340=CARTESIAN_POINT('',(0.237647058823529,-0.570588235294116,3.685))
;
#113350=DIRECTION('',(-0.470588235294108,0.882352941176476,0.));
#113360=VECTOR('',#113350,1.);
#113370=LINE('',#113340,#113360);
#113380=CARTESIAN_POINT('',(0.23764705882353,-0.570588235294116,3.685));
#113390=VERTEX_POINT('',#113380);
#113400=EDGE_CURVE('',#113390,#113310,#113370,.T.);
#113410=ORIENTED_EDGE('',*,*,#113400,.T.);
#113420=CARTESIAN_POINT('',(0.37,-0.499999999999998,3.685));
#113430=DIRECTION('',(-0.,0.,-1.));
#113440=DIRECTION('',(-1.14723045877933E-13,-1.,0.));
#113450=AXIS2_PLACEMENT_3D('',#113420,#113430,#113440);
#113460=CIRCLE('',#113450,0.15);
#113470=CARTESIAN_POINT('',(0.369999999999991,-0.649999999999997,3.685))
;
#113480=VERTEX_POINT('',#113470);
#113490=EDGE_CURVE('',#113480,#113390,#113460,.T.);
#113500=ORIENTED_EDGE('',*,*,#113490,.T.);
#113510=CARTESIAN_POINT('',(0.37,-0.649999999999997,3.685));
#113520=DIRECTION('',(1.,8.54017711250111E-16,0.));
#113530=VECTOR('',#113520,1.);
#113540=LINE('',#113510,#113530);
#113550=CARTESIAN_POINT('',(0.630000000000003,-0.649999999999997,3.685))
;
#113560=VERTEX_POINT('',#113550);
#113570=EDGE_CURVE('',#113480,#113560,#113540,.T.);
#113580=ORIENTED_EDGE('',*,*,#113570,.F.);
#113590=CARTESIAN_POINT('',(0.630000000000003,-0.649999999999997,3.685))
;
#113600=DIRECTION('',(-3.3306690738755E-15,1.,0.));
#113610=VECTOR('',#113600,1.);
#113620=LINE('',#113590,#113610);
#113630=CARTESIAN_POINT('',(0.630000000000003,-0.549999999999998,3.685))
;
#113640=VERTEX_POINT('',#113630);
#113650=EDGE_CURVE('',#113560,#113640,#113620,.T.);
#113660=ORIENTED_EDGE('',*,*,#113650,.F.);
#113670=CARTESIAN_POINT('',(0.630000000000002,-0.549999999999998,3.685))
;
#113680=DIRECTION('',(-1.,0.,0.));
#113690=VECTOR('',#113680,1.);
#113700=LINE('',#113670,#113690);
#113710=CARTESIAN_POINT('',(0.37,-0.549999999999998,3.685));
#113720=VERTEX_POINT('',#113710);
#113730=EDGE_CURVE('',#113640,#113720,#113700,.T.);
#113740=ORIENTED_EDGE('',*,*,#113730,.F.);
#113750=CARTESIAN_POINT('',(0.37,-0.499999999999998,3.685));
#113760=DIRECTION('',(0.,0.,1.));
#113770=DIRECTION('',(-0.882352941176487,-0.470588235294087,0.));
#113780=AXIS2_PLACEMENT_3D('',#113750,#113760,#113770);
#113790=CIRCLE('',#113780,0.05);
#113800=CARTESIAN_POINT('',(0.325882352941176,-0.523529411764703,3.685))
;
#113810=VERTEX_POINT('',#113800);
#113820=EDGE_CURVE('',#113810,#113720,#113790,.T.);
#113830=ORIENTED_EDGE('',*,*,#113820,.T.);
#113840=CARTESIAN_POINT('',(0.302352941176469,-0.479411764705878,3.685))
;
#113850=DIRECTION('',(0.470588235294116,-0.882352941176471,0.));
#113860=VECTOR('',#113850,1.);
#113870=LINE('',#113840,#113860);
#113880=CARTESIAN_POINT('',(0.30235294117647,-0.479411764705879,3.685));
#113890=VERTEX_POINT('',#113880);
#113900=EDGE_CURVE('',#113890,#113810,#113870,.T.);
#113910=ORIENTED_EDGE('',*,*,#113900,.T.);
#113920=CARTESIAN_POINT('',(0.17,-0.549999999999998,3.685));
#113930=DIRECTION('',(0.,0.,-1.));
#113940=DIRECTION('',(-5.55111512312578E-16,1.,0.));
#113950=AXIS2_PLACEMENT_3D('',#113920,#113930,#113940);
#113960=CIRCLE('',#113950,0.15);
#113970=EDGE_CURVE('',#113040,#113890,#113960,.T.);
#113980=ORIENTED_EDGE('',*,*,#113970,.T.);
#113990=ORIENTED_EDGE('',*,*,#113050,.F.);
#114000=EDGE_LOOP('',(#113990,#113980,#113910,#113830,#113740,#113660,
#113580,#113500,#113410,#113330,#113240,#113230));
#114010=FACE_OUTER_BOUND('',#114000,.T.);
#114020=ADVANCED_FACE('',(#114010),#113220,.F.);
#114030=CARTESIAN_POINT('',(0.17,-0.549999999999998,3.895));
#114040=DIRECTION('',(0.,0.,-1.));
#114050=DIRECTION('',(-1.,0.,0.));
#114060=AXIS2_PLACEMENT_3D('',#114030,#114040,#114050);
#114070=CYLINDRICAL_SURFACE('',#114060,0.05);
#114080=CARTESIAN_POINT('',(0.214117647058824,-0.526470588235292,3.685))
;
#114090=DIRECTION('',(0.,0.,1.));
#114100=VECTOR('',#114090,1.);
#114110=LINE('',#114080,#114100);
#114120=EDGE_CURVE('',#113310,#112800,#114110,.T.);
#114130=ORIENTED_EDGE('',*,*,#114120,.T.);
#114140=ORIENTED_EDGE('',*,*,#113320,.F.);
#114150=ORIENTED_EDGE('',*,*,#10530,.T.);
#114160=ORIENTED_EDGE('',*,*,#112880,.F.);
#114170=EDGE_LOOP('',(#114160,#114150,#114140,#114130));
#114180=FACE_OUTER_BOUND('',#114170,.T.);
#114190=ADVANCED_FACE('',(#114180),#114070,.F.);
#114200=CARTESIAN_POINT('',(0.214117647058824,-0.526470588235292,3.895))
;
#114210=DIRECTION('',(-0.88235294117647,-0.470588235294118,0.));
#114220=DIRECTION('',(0.470588235294118,-0.88235294117647,0.));
#114230=AXIS2_PLACEMENT_3D('',#114200,#114210,#114220);
#114240=PLANE('',#114230);
#114250=CARTESIAN_POINT('',(0.237647058823529,-0.570588235294116,3.835))
;
#114260=DIRECTION('',(0.,0.,-1.));
#114270=VECTOR('',#114260,1.);
#114280=LINE('',#114250,#114270);
#114290=EDGE_CURVE('',#112720,#113390,#114280,.T.);
#114300=ORIENTED_EDGE('',*,*,#114290,.F.);
#114310=ORIENTED_EDGE('',*,*,#113400,.F.);
#114320=ORIENTED_EDGE('',*,*,#114120,.F.);
#114330=ORIENTED_EDGE('',*,*,#112810,.F.);
#114340=EDGE_LOOP('',(#114330,#114320,#114310,#114300));
#114350=FACE_OUTER_BOUND('',#114340,.T.);
#114360=ADVANCED_FACE('',(#114350),#114240,.T.);
#114370=CARTESIAN_POINT('',(0.37,-0.499999999999998,3.895));
#114380=DIRECTION('',(0.,0.,-1.));
#114390=DIRECTION('',(-1.,0.,0.));
#114400=AXIS2_PLACEMENT_3D('',#114370,#114380,#114390);
#114410=CYLINDRICAL_SURFACE('',#114400,0.15);
#114420=CARTESIAN_POINT('',(0.37,-0.649999999999998,3.685));
#114430=DIRECTION('',(0.,0.,1.));
#114440=VECTOR('',#114430,1.);
#114450=LINE('',#114420,#114440);
#114460=EDGE_CURVE('',#113480,#112630,#114450,.T.);
#114470=ORIENTED_EDGE('',*,*,#114460,.T.);
#114480=ORIENTED_EDGE('',*,*,#113490,.F.);
#114490=ORIENTED_EDGE('',*,*,#114290,.T.);
#114500=ORIENTED_EDGE('',*,*,#112730,.F.);
#114510=EDGE_LOOP('',(#114500,#114490,#114480,#114470));
#114520=FACE_OUTER_BOUND('',#114510,.T.);
#114530=ADVANCED_FACE('',(#114520),#114410,.T.);
#114540=CARTESIAN_POINT('',(0.823766714898784,-0.649999999999997,3.895))
;
#114550=DIRECTION('',(6.47630097698008E-16,-1.,0.));
#114560=DIRECTION('',(1.,6.47630097698008E-16,0.));
#114570=AXIS2_PLACEMENT_3D('',#114540,#114550,#114560);
#114580=PLANE('',#114570);
#114590=ORIENTED_EDGE('',*,*,#113570,.T.);
#114600=ORIENTED_EDGE('',*,*,#114460,.F.);
#114610=ORIENTED_EDGE('',*,*,#112640,.T.);
#114620=CARTESIAN_POINT('',(0.630000000000003,-0.649999999999997,3.685))
;
#114630=DIRECTION('',(0.,0.,1.));
#114640=VECTOR('',#114630,1.);
#114650=LINE('',#114620,#114640);
#114660=EDGE_CURVE('',#113560,#112550,#114650,.T.);
#114670=ORIENTED_EDGE('',*,*,#114660,.T.);
#114680=EDGE_LOOP('',(#114670,#114610,#114600,#114590));
#114690=FACE_OUTER_BOUND('',#114680,.T.);
#114700=ADVANCED_FACE('',(#114690),#114580,.T.);
#114710=CARTESIAN_POINT('',(0.630000000000003,-0.7640024,
4.07476109676743));
#114720=DIRECTION('',(-1.,-3.5527136788005E-15,0.));
#114730=DIRECTION('',(0.,0.,-1.));
#114740=AXIS2_PLACEMENT_3D('',#114710,#114720,#114730);
#114750=PLANE('',#114740);
#114760=ORIENTED_EDGE('',*,*,#113650,.T.);
#114770=ORIENTED_EDGE('',*,*,#114660,.F.);
#114780=ORIENTED_EDGE('',*,*,#112560,.T.);
#114790=CARTESIAN_POINT('',(0.630000000000002,-0.549999999999998,3.835))
;
#114800=DIRECTION('',(0.,0.,-1.));
#114810=VECTOR('',#114800,1.);
#114820=LINE('',#114790,#114810);
#114830=EDGE_CURVE('',#112470,#113640,#114820,.T.);
#114840=ORIENTED_EDGE('',*,*,#114830,.F.);
#114850=EDGE_LOOP('',(#114840,#114780,#114770,#114760));
#114860=FACE_OUTER_BOUND('',#114850,.T.);
#114870=ADVANCED_FACE('',(#114860),#114750,.F.);
#114880=CARTESIAN_POINT('',(0.583766714898784,-0.549999999999998,3.895))
;
#114890=DIRECTION('',(0.,1.,0.));
#114900=DIRECTION('',(-1.,0.,0.));
#114910=AXIS2_PLACEMENT_3D('',#114880,#114890,#114900);
#114920=PLANE('',#114910);
#114930=CARTESIAN_POINT('',(0.37,-0.549999999999998,3.835));
#114940=DIRECTION('',(0.,0.,-1.));
#114950=VECTOR('',#114940,1.);
#114960=LINE('',#114930,#114950);
#114970=EDGE_CURVE('',#112390,#113720,#114960,.T.);
#114980=ORIENTED_EDGE('',*,*,#114970,.F.);
#114990=ORIENTED_EDGE('',*,*,#113730,.T.);
#115000=ORIENTED_EDGE('',*,*,#114830,.T.);
#115010=ORIENTED_EDGE('',*,*,#112480,.T.);
#115020=EDGE_LOOP('',(#115010,#115000,#114990,#114980));
#115030=FACE_OUTER_BOUND('',#115020,.T.);
#115040=ADVANCED_FACE('',(#115030),#114920,.T.);
#115050=CARTESIAN_POINT('',(0.37,-0.499999999999998,3.895));
#115060=DIRECTION('',(0.,0.,-1.));
#115070=DIRECTION('',(-1.,0.,0.));
#115080=AXIS2_PLACEMENT_3D('',#115050,#115060,#115070);
#115090=CYLINDRICAL_SURFACE('',#115080,0.05);
#115100=CARTESIAN_POINT('',(0.325882352941176,-0.523529411764704,3.685))
;
#115110=DIRECTION('',(0.,0.,1.));
#115120=VECTOR('',#115110,1.);
#115130=LINE('',#115100,#115120);
#115140=EDGE_CURVE('',#113810,#112300,#115130,.T.);
#115150=ORIENTED_EDGE('',*,*,#115140,.T.);
#115160=ORIENTED_EDGE('',*,*,#113820,.F.);
#115170=ORIENTED_EDGE('',*,*,#114970,.T.);
#115180=ORIENTED_EDGE('',*,*,#112400,.F.);
#115190=EDGE_LOOP('',(#115180,#115170,#115160,#115150));
#115200=FACE_OUTER_BOUND('',#115190,.T.);
#115210=ADVANCED_FACE('',(#115200),#115090,.F.);
#115220=CARTESIAN_POINT('',(0.325882352941176,-0.523529411764704,3.895))
;
#115230=DIRECTION('',(0.88235294117647,0.470588235294118,0.));
#115240=DIRECTION('',(-0.470588235294118,0.88235294117647,0.));
#115250=AXIS2_PLACEMENT_3D('',#115220,#115230,#115240);
#115260=PLANE('',#115250);
#115270=CARTESIAN_POINT('',(0.30235294117647,-0.47941176470588,3.835));
#115280=DIRECTION('',(0.,0.,-1.));
#115290=VECTOR('',#115280,1.);
#115300=LINE('',#115270,#115290);
#115310=EDGE_CURVE('',#112220,#113890,#115300,.T.);
#115320=ORIENTED_EDGE('',*,*,#115310,.F.);
#115330=ORIENTED_EDGE('',*,*,#113900,.F.);
#115340=ORIENTED_EDGE('',*,*,#115140,.F.);
#115350=ORIENTED_EDGE('',*,*,#112310,.F.);
#115360=EDGE_LOOP('',(#115350,#115340,#115330,#115320));
#115370=FACE_OUTER_BOUND('',#115360,.T.);
#115380=ADVANCED_FACE('',(#115370),#115260,.T.);
#115390=CARTESIAN_POINT('',(0.17,-0.549999999999998,3.895));
#115400=DIRECTION('',(0.,0.,-1.));
#115410=DIRECTION('',(-1.,0.,0.));
#115420=AXIS2_PLACEMENT_3D('',#115390,#115400,#115410);
#115430=CYLINDRICAL_SURFACE('',#115420,0.15);
#115440=ORIENTED_EDGE('',*,*,#113110,.T.);
#115450=ORIENTED_EDGE('',*,*,#113970,.F.);
#115460=ORIENTED_EDGE('',*,*,#115310,.T.);
#115470=ORIENTED_EDGE('',*,*,#112230,.F.);
#115480=EDGE_LOOP('',(#115470,#115460,#115450,#115440));
#115490=FACE_OUTER_BOUND('',#115480,.T.);
#115500=ADVANCED_FACE('',(#115490),#115430,.T.);
#115510=CARTESIAN_POINT('',(1.26514578638866,-0.649999999999998,3.435));
#115520=DIRECTION('',(0.,0.,-1.));
#115530=DIRECTION('',(0.,1.,0.));
#115540=AXIS2_PLACEMENT_3D('',#115510,#115520,#115530);
#115550=PLANE('',#115540);
#115560=ORIENTED_EDGE('',*,*,#5330,.T.);
#115570=CARTESIAN_POINT('',(0.0700000000000008,-0.399999999999998,3.435)
);
#115580=DIRECTION('',(1.,0.,0.));
#115590=VECTOR('',#115580,1.);
#115600=LINE('',#115570,#115590);
#115610=CARTESIAN_POINT('',(0.17,-0.399999999999998,3.435));
#115620=VERTEX_POINT('',#115610);
#115630=EDGE_CURVE('',#5240,#115620,#115600,.T.);
#115640=ORIENTED_EDGE('',*,*,#115630,.F.);
#115650=CARTESIAN_POINT('',(0.17,-0.549999999999998,3.435));
#115660=DIRECTION('',(0.,-0.,1.));
#115670=DIRECTION('',(0.882352941176496,0.470588235294071,0.));
#115680=AXIS2_PLACEMENT_3D('',#115650,#115660,#115670);
#115690=CIRCLE('',#115680,0.15);
#115700=CARTESIAN_POINT('',(0.302352941176472,-0.479411764705884,3.435))
;
#115710=VERTEX_POINT('',#115700);
#115720=EDGE_CURVE('',#115710,#115620,#115690,.T.);
#115730=ORIENTED_EDGE('',*,*,#115720,.T.);
#115740=CARTESIAN_POINT('',(0.325882352941179,-0.523529411764707,3.435))
;
#115750=DIRECTION('',(-0.470588235294115,0.882352941176472,0.));
#115760=VECTOR('',#115750,1.);
#115770=LINE('',#115740,#115760);
#115780=CARTESIAN_POINT('',(0.325882352941177,-0.523529411764705,3.435))
;
#115790=VERTEX_POINT('',#115780);
#115800=EDGE_CURVE('',#115790,#115710,#115770,.T.);
#115810=ORIENTED_EDGE('',*,*,#115800,.T.);
#115820=CARTESIAN_POINT('',(0.37,-0.499999999999998,3.435));
#115830=DIRECTION('',(0.,0.,-1.));
#115840=DIRECTION('',(0.,-1.,0.));
#115850=AXIS2_PLACEMENT_3D('',#115820,#115830,#115840);
#115860=CIRCLE('',#115850,0.05);
#115870=CARTESIAN_POINT('',(0.37,-0.549999999999998,3.435));
#115880=VERTEX_POINT('',#115870);
#115890=EDGE_CURVE('',#115880,#115790,#115860,.T.);
#115900=ORIENTED_EDGE('',*,*,#115890,.T.);
#115910=CARTESIAN_POINT('',(0.37,-0.549999999999998,3.435));
#115920=DIRECTION('',(1.,0.,0.));
#115930=VECTOR('',#115920,1.);
#115940=LINE('',#115910,#115930);
#115950=CARTESIAN_POINT('',(0.630000000000002,-0.549999999999998,3.435))
;
#115960=VERTEX_POINT('',#115950);
#115970=EDGE_CURVE('',#115880,#115960,#115940,.T.);
#115980=ORIENTED_EDGE('',*,*,#115970,.F.);
#115990=CARTESIAN_POINT('',(0.630000000000002,-0.549999999999998,3.435))
;
#116000=DIRECTION('',(3.3306690738755E-15,-1.,0.));
#116010=VECTOR('',#116000,1.);
#116020=LINE('',#115990,#116010);
#116030=CARTESIAN_POINT('',(0.630000000000003,-0.649999999999997,3.435))
;
#116040=VERTEX_POINT('',#116030);
#116050=EDGE_CURVE('',#115960,#116040,#116020,.T.);
#116060=ORIENTED_EDGE('',*,*,#116050,.F.);
#116070=CARTESIAN_POINT('',(0.630000000000003,-0.649999999999997,3.435))
;
#116080=DIRECTION('',(-1.,-8.54017711250111E-16,0.));
#116090=VECTOR('',#116080,1.);
#116100=LINE('',#116070,#116090);
#116110=CARTESIAN_POINT('',(0.369999999999995,-0.649999999999998,3.435))
;
#116120=VERTEX_POINT('',#116110);
#116130=EDGE_CURVE('',#116040,#116120,#116100,.T.);
#116140=ORIENTED_EDGE('',*,*,#116130,.F.);
#116150=CARTESIAN_POINT('',(0.37,-0.499999999999998,3.435));
#116160=DIRECTION('',(0.,0.,1.));
#116170=DIRECTION('',(-0.88235294117646,-0.470588235294138,0.));
#116180=AXIS2_PLACEMENT_3D('',#116150,#116160,#116170);
#116190=CIRCLE('',#116180,0.15);
#116200=CARTESIAN_POINT('',(0.237647058823531,-0.570588235294117,3.435))
;
#116210=VERTEX_POINT('',#116200);
#116220=EDGE_CURVE('',#116210,#116120,#116190,.T.);
#116230=ORIENTED_EDGE('',*,*,#116220,.T.);
#116240=CARTESIAN_POINT('',(0.214117647058824,-0.526470588235293,3.435))
;
#116250=DIRECTION('',(0.470588235294112,-0.882352941176474,0.));
#116260=VECTOR('',#116250,1.);
#116270=LINE('',#116240,#116260);
#116280=CARTESIAN_POINT('',(0.214117647058824,-0.526470588235293,3.435))
;
#116290=VERTEX_POINT('',#116280);
#116300=EDGE_CURVE('',#116290,#116210,#116270,.T.);
#116310=ORIENTED_EDGE('',*,*,#116300,.T.);
#116320=CARTESIAN_POINT('',(0.17,-0.549999999999998,3.435));
#116330=DIRECTION('',(0.,0.,-1.));
#116340=DIRECTION('',(-2.19269047363468E-13,1.,0.));
#116350=AXIS2_PLACEMENT_3D('',#116320,#116330,#116340);
#116360=CIRCLE('',#116350,0.05);
#116370=EDGE_CURVE('',#10670,#116290,#116360,.T.);
#116380=ORIENTED_EDGE('',*,*,#116370,.T.);
#116390=ORIENTED_EDGE('',*,*,#10680,.F.);
#116400=EDGE_LOOP('',(#116390,#116380,#116310,#116230,#116140,#116060,
#115980,#115900,#115810,#115730,#115640,#115560));
#116410=FACE_OUTER_BOUND('',#116400,.T.);
#116420=ADVANCED_FACE('',(#116410),#115550,.F.);
#116430=CARTESIAN_POINT('',(0.17,-0.399999999999998,3.495));
#116440=DIRECTION('',(0.,1.,0.));
#116450=DIRECTION('',(-1.,0.,0.));
#116460=AXIS2_PLACEMENT_3D('',#116430,#116440,#116450);
#116470=PLANE('',#116460);
#116480=CARTESIAN_POINT('',(0.17,-0.399999999999998,3.285));
#116490=DIRECTION('',(-1.,0.,0.));
#116500=VECTOR('',#116490,1.);
#116510=LINE('',#116480,#116500);
#116520=CARTESIAN_POINT('',(0.17,-0.399999999999998,3.285));
#116530=VERTEX_POINT('',#116520);
#116540=EDGE_CURVE('',#116530,#5160,#116510,.T.);
#116550=ORIENTED_EDGE('',*,*,#116540,.T.);
#116560=CARTESIAN_POINT('',(0.17,-0.399999999999998,3.285));
#116570=DIRECTION('',(0.,0.,1.));
#116580=VECTOR('',#116570,1.);
#116590=LINE('',#116560,#116580);
#116600=EDGE_CURVE('',#116530,#115620,#116590,.T.);
#116610=ORIENTED_EDGE('',*,*,#116600,.F.);
#116620=ORIENTED_EDGE('',*,*,#115630,.T.);
#116630=ORIENTED_EDGE('',*,*,#5250,.F.);
#116640=EDGE_LOOP('',(#116630,#116620,#116610,#116550));
#116650=FACE_OUTER_BOUND('',#116640,.T.);
#116660=ADVANCED_FACE('',(#116650),#116470,.T.);
#116670=CARTESIAN_POINT('',(1.26514578638866,-0.349999999999998,3.285));
#116680=DIRECTION('',(0.,0.,1.));
#116690=DIRECTION('',(0.,-1.,0.));
#116700=AXIS2_PLACEMENT_3D('',#116670,#116680,#116690);
#116710=PLANE('',#116700);
#116720=ORIENTED_EDGE('',*,*,#5170,.T.);
#116730=ORIENTED_EDGE('',*,*,#10820,.F.);
#116740=CARTESIAN_POINT('',(0.17,-0.549999999999998,3.285));
#116750=DIRECTION('',(0.,-0.,1.));
#116760=DIRECTION('',(0.882352941176532,0.470588235294003,0.));
#116770=AXIS2_PLACEMENT_3D('',#116740,#116750,#116760);
#116780=CIRCLE('',#116770,0.05);
#116790=CARTESIAN_POINT('',(0.214117647058826,-0.526470588235295,3.285))
;
#116800=VERTEX_POINT('',#116790);
#116810=EDGE_CURVE('',#116800,#10750,#116780,.T.);
#116820=ORIENTED_EDGE('',*,*,#116810,.T.);
#116830=CARTESIAN_POINT('',(0.237647058823529,-0.570588235294116,3.285))
;
#116840=DIRECTION('',(-0.470588235294108,0.882352941176476,0.));
#116850=VECTOR('',#116840,1.);
#116860=LINE('',#116830,#116850);
#116870=CARTESIAN_POINT('',(0.23764705882353,-0.570588235294116,3.285));
#116880=VERTEX_POINT('',#116870);
#116890=EDGE_CURVE('',#116880,#116800,#116860,.T.);
#116900=ORIENTED_EDGE('',*,*,#116890,.T.);
#116910=CARTESIAN_POINT('',(0.37,-0.499999999999998,3.285));
#116920=DIRECTION('',(-0.,0.,-1.));
#116930=DIRECTION('',(-1.14723045877933E-13,-1.,0.));
#116940=AXIS2_PLACEMENT_3D('',#116910,#116920,#116930);
#116950=CIRCLE('',#116940,0.15);
#116960=CARTESIAN_POINT('',(0.369999999999991,-0.649999999999997,3.285))
;
#116970=VERTEX_POINT('',#116960);
#116980=EDGE_CURVE('',#116970,#116880,#116950,.T.);
#116990=ORIENTED_EDGE('',*,*,#116980,.T.);
#117000=CARTESIAN_POINT('',(0.37,-0.649999999999997,3.285));
#117010=DIRECTION('',(1.,8.54017711250111E-16,0.));
#117020=VECTOR('',#117010,1.);
#117030=LINE('',#117000,#117020);
#117040=CARTESIAN_POINT('',(0.630000000000003,-0.649999999999997,3.285))
;
#117050=VERTEX_POINT('',#117040);
#117060=EDGE_CURVE('',#116970,#117050,#117030,.T.);
#117070=ORIENTED_EDGE('',*,*,#117060,.F.);
#117080=CARTESIAN_POINT('',(0.630000000000003,-0.649999999999997,3.285))
;
#117090=DIRECTION('',(-3.3306690738755E-15,1.,0.));
#117100=VECTOR('',#117090,1.);
#117110=LINE('',#117080,#117100);
#117120=CARTESIAN_POINT('',(0.630000000000003,-0.549999999999998,3.285))
;
#117130=VERTEX_POINT('',#117120);
#117140=EDGE_CURVE('',#117050,#117130,#117110,.T.);
#117150=ORIENTED_EDGE('',*,*,#117140,.F.);
#117160=CARTESIAN_POINT('',(0.630000000000002,-0.549999999999998,3.285))
;
#117170=DIRECTION('',(-1.,0.,0.));
#117180=VECTOR('',#117170,1.);
#117190=LINE('',#117160,#117180);
#117200=CARTESIAN_POINT('',(0.37,-0.549999999999998,3.285));
#117210=VERTEX_POINT('',#117200);
#117220=EDGE_CURVE('',#117130,#117210,#117190,.T.);
#117230=ORIENTED_EDGE('',*,*,#117220,.F.);
#117240=CARTESIAN_POINT('',(0.37,-0.499999999999998,3.285));
#117250=DIRECTION('',(0.,0.,1.));
#117260=DIRECTION('',(-0.882352941176487,-0.470588235294087,0.));
#117270=AXIS2_PLACEMENT_3D('',#117240,#117250,#117260);
#117280=CIRCLE('',#117270,0.05);
#117290=CARTESIAN_POINT('',(0.325882352941176,-0.523529411764703,3.285))
;
#117300=VERTEX_POINT('',#117290);
#117310=EDGE_CURVE('',#117300,#117210,#117280,.T.);
#117320=ORIENTED_EDGE('',*,*,#117310,.T.);
#117330=CARTESIAN_POINT('',(0.302352941176469,-0.479411764705878,3.285))
;
#117340=DIRECTION('',(0.470588235294116,-0.882352941176471,0.));
#117350=VECTOR('',#117340,1.);
#117360=LINE('',#117330,#117350);
#117370=CARTESIAN_POINT('',(0.30235294117647,-0.479411764705879,3.285));
#117380=VERTEX_POINT('',#117370);
#117390=EDGE_CURVE('',#117380,#117300,#117360,.T.);
#117400=ORIENTED_EDGE('',*,*,#117390,.T.);
#117410=CARTESIAN_POINT('',(0.17,-0.549999999999998,3.285));
#117420=DIRECTION('',(0.,0.,-1.));
#117430=DIRECTION('',(-5.55111512312578E-16,1.,0.));
#117440=AXIS2_PLACEMENT_3D('',#117410,#117420,#117430);
#117450=CIRCLE('',#117440,0.15);
#117460=EDGE_CURVE('',#116530,#117380,#117450,.T.);
#117470=ORIENTED_EDGE('',*,*,#117460,.T.);
#117480=ORIENTED_EDGE('',*,*,#116540,.F.);
#117490=EDGE_LOOP('',(#117480,#117470,#117400,#117320,#117230,#117150,
#117070,#116990,#116900,#116820,#116730,#116720));
#117500=FACE_OUTER_BOUND('',#117490,.T.);
#117510=ADVANCED_FACE('',(#117500),#116710,.F.);
#117520=CARTESIAN_POINT('',(0.17,-0.549999999999998,3.495));
#117530=DIRECTION('',(0.,0.,-1.));
#117540=DIRECTION('',(-1.,0.,0.));
#117550=AXIS2_PLACEMENT_3D('',#117520,#117530,#117540);
#117560=CYLINDRICAL_SURFACE('',#117550,0.05);
#117570=CARTESIAN_POINT('',(0.214117647058824,-0.526470588235292,3.285))
;
#117580=DIRECTION('',(0.,0.,1.));
#117590=VECTOR('',#117580,1.);
#117600=LINE('',#117570,#117590);
#117610=EDGE_CURVE('',#116800,#116290,#117600,.T.);
#117620=ORIENTED_EDGE('',*,*,#117610,.T.);
#117630=ORIENTED_EDGE('',*,*,#116810,.F.);
#117640=ORIENTED_EDGE('',*,*,#10760,.T.);
#117650=ORIENTED_EDGE('',*,*,#116370,.F.);
#117660=EDGE_LOOP('',(#117650,#117640,#117630,#117620));
#117670=FACE_OUTER_BOUND('',#117660,.T.);
#117680=ADVANCED_FACE('',(#117670),#117560,.F.);
#117690=CARTESIAN_POINT('',(0.214117647058824,-0.526470588235292,3.495))
;
#117700=DIRECTION('',(-0.88235294117647,-0.470588235294118,0.));
#117710=DIRECTION('',(0.470588235294118,-0.88235294117647,0.));
#117720=AXIS2_PLACEMENT_3D('',#117690,#117700,#117710);
#117730=PLANE('',#117720);
#117740=CARTESIAN_POINT('',(0.237647058823529,-0.570588235294116,3.435))
;
#117750=DIRECTION('',(0.,0.,-1.));
#117760=VECTOR('',#117750,1.);
#117770=LINE('',#117740,#117760);
#117780=EDGE_CURVE('',#116210,#116880,#117770,.T.);
#117790=ORIENTED_EDGE('',*,*,#117780,.F.);
#117800=ORIENTED_EDGE('',*,*,#116890,.F.);
#117810=ORIENTED_EDGE('',*,*,#117610,.F.);
#117820=ORIENTED_EDGE('',*,*,#116300,.F.);
#117830=EDGE_LOOP('',(#117820,#117810,#117800,#117790));
#117840=FACE_OUTER_BOUND('',#117830,.T.);
#117850=ADVANCED_FACE('',(#117840),#117730,.T.);
#117860=CARTESIAN_POINT('',(0.37,-0.499999999999998,3.495));
#117870=DIRECTION('',(0.,0.,-1.));
#117880=DIRECTION('',(-1.,0.,0.));
#117890=AXIS2_PLACEMENT_3D('',#117860,#117870,#117880);
#117900=CYLINDRICAL_SURFACE('',#117890,0.15);
#117910=CARTESIAN_POINT('',(0.37,-0.649999999999998,3.285));
#117920=DIRECTION('',(0.,0.,1.));
#117930=VECTOR('',#117920,1.);
#117940=LINE('',#117910,#117930);
#117950=EDGE_CURVE('',#116970,#116120,#117940,.T.);
#117960=ORIENTED_EDGE('',*,*,#117950,.T.);
#117970=ORIENTED_EDGE('',*,*,#116980,.F.);
#117980=ORIENTED_EDGE('',*,*,#117780,.T.);
#117990=ORIENTED_EDGE('',*,*,#116220,.F.);
#118000=EDGE_LOOP('',(#117990,#117980,#117970,#117960));
#118010=FACE_OUTER_BOUND('',#118000,.T.);
#118020=ADVANCED_FACE('',(#118010),#117900,.T.);
#118030=CARTESIAN_POINT('',(0.823766714898784,-0.649999999999997,3.495))
;
#118040=DIRECTION('',(6.47630097698008E-16,-1.,0.));
#118050=DIRECTION('',(1.,6.47630097698008E-16,0.));
#118060=AXIS2_PLACEMENT_3D('',#118030,#118040,#118050);
#118070=PLANE('',#118060);
#118080=ORIENTED_EDGE('',*,*,#117060,.T.);
#118090=ORIENTED_EDGE('',*,*,#117950,.F.);
#118100=ORIENTED_EDGE('',*,*,#116130,.T.);
#118110=CARTESIAN_POINT('',(0.630000000000003,-0.649999999999997,3.285))
;
#118120=DIRECTION('',(0.,0.,1.));
#118130=VECTOR('',#118120,1.);
#118140=LINE('',#118110,#118130);
#118150=EDGE_CURVE('',#117050,#116040,#118140,.T.);
#118160=ORIENTED_EDGE('',*,*,#118150,.T.);
#118170=EDGE_LOOP('',(#118160,#118100,#118090,#118080));
#118180=FACE_OUTER_BOUND('',#118170,.T.);
#118190=ADVANCED_FACE('',(#118180),#118070,.T.);
#118200=CARTESIAN_POINT('',(0.630000000000003,-0.7640024,
3.67476109676743));
#118210=DIRECTION('',(-1.,-3.5527136788005E-15,0.));
#118220=DIRECTION('',(0.,0.,-1.));
#118230=AXIS2_PLACEMENT_3D('',#118200,#118210,#118220);
#118240=PLANE('',#118230);
#118250=ORIENTED_EDGE('',*,*,#117140,.T.);
#118260=ORIENTED_EDGE('',*,*,#118150,.F.);
#118270=ORIENTED_EDGE('',*,*,#116050,.T.);
#118280=CARTESIAN_POINT('',(0.630000000000002,-0.549999999999998,3.435))
;
#118290=DIRECTION('',(0.,0.,-1.));
#118300=VECTOR('',#118290,1.);
#118310=LINE('',#118280,#118300);
#118320=EDGE_CURVE('',#115960,#117130,#118310,.T.);
#118330=ORIENTED_EDGE('',*,*,#118320,.F.);
#118340=EDGE_LOOP('',(#118330,#118270,#118260,#118250));
#118350=FACE_OUTER_BOUND('',#118340,.T.);
#118360=ADVANCED_FACE('',(#118350),#118240,.F.);
#118370=CARTESIAN_POINT('',(0.583766714898784,-0.549999999999998,3.495))
;
#118380=DIRECTION('',(0.,1.,0.));
#118390=DIRECTION('',(-1.,0.,0.));
#118400=AXIS2_PLACEMENT_3D('',#118370,#118380,#118390);
#118410=PLANE('',#118400);
#118420=CARTESIAN_POINT('',(0.37,-0.549999999999998,3.435));
#118430=DIRECTION('',(0.,0.,-1.));
#118440=VECTOR('',#118430,1.);
#118450=LINE('',#118420,#118440);
#118460=EDGE_CURVE('',#115880,#117210,#118450,.T.);
#118470=ORIENTED_EDGE('',*,*,#118460,.F.);
#118480=ORIENTED_EDGE('',*,*,#117220,.T.);
#118490=ORIENTED_EDGE('',*,*,#118320,.T.);
#118500=ORIENTED_EDGE('',*,*,#115970,.T.);
#118510=EDGE_LOOP('',(#118500,#118490,#118480,#118470));
#118520=FACE_OUTER_BOUND('',#118510,.T.);
#118530=ADVANCED_FACE('',(#118520),#118410,.T.);
#118540=CARTESIAN_POINT('',(0.37,-0.499999999999998,3.495));
#118550=DIRECTION('',(0.,0.,-1.));
#118560=DIRECTION('',(-1.,0.,0.));
#118570=AXIS2_PLACEMENT_3D('',#118540,#118550,#118560);
#118580=CYLINDRICAL_SURFACE('',#118570,0.05);
#118590=CARTESIAN_POINT('',(0.325882352941176,-0.523529411764704,3.285))
;
#118600=DIRECTION('',(0.,0.,1.));
#118610=VECTOR('',#118600,1.);
#118620=LINE('',#118590,#118610);
#118630=EDGE_CURVE('',#117300,#115790,#118620,.T.);
#118640=ORIENTED_EDGE('',*,*,#118630,.T.);
#118650=ORIENTED_EDGE('',*,*,#117310,.F.);
#118660=ORIENTED_EDGE('',*,*,#118460,.T.);
#118670=ORIENTED_EDGE('',*,*,#115890,.F.);
#118680=EDGE_LOOP('',(#118670,#118660,#118650,#118640));
#118690=FACE_OUTER_BOUND('',#118680,.T.);
#118700=ADVANCED_FACE('',(#118690),#118580,.F.);
#118710=CARTESIAN_POINT('',(0.325882352941176,-0.523529411764704,3.495))
;
#118720=DIRECTION('',(0.88235294117647,0.470588235294118,0.));
#118730=DIRECTION('',(-0.470588235294118,0.88235294117647,0.));
#118740=AXIS2_PLACEMENT_3D('',#118710,#118720,#118730);
#118750=PLANE('',#118740);
#118760=CARTESIAN_POINT('',(0.30235294117647,-0.47941176470588,3.435));
#118770=DIRECTION('',(0.,0.,-1.));
#118780=VECTOR('',#118770,1.);
#118790=LINE('',#118760,#118780);
#118800=EDGE_CURVE('',#115710,#117380,#118790,.T.);
#118810=ORIENTED_EDGE('',*,*,#118800,.F.);
#118820=ORIENTED_EDGE('',*,*,#117390,.F.);
#118830=ORIENTED_EDGE('',*,*,#118630,.F.);
#118840=ORIENTED_EDGE('',*,*,#115800,.F.);
#118850=EDGE_LOOP('',(#118840,#118830,#118820,#118810));
#118860=FACE_OUTER_BOUND('',#118850,.T.);
#118870=ADVANCED_FACE('',(#118860),#118750,.T.);
#118880=CARTESIAN_POINT('',(0.17,-0.549999999999998,3.495));
#118890=DIRECTION('',(0.,0.,-1.));
#118900=DIRECTION('',(-1.,0.,0.));
#118910=AXIS2_PLACEMENT_3D('',#118880,#118890,#118900);
#118920=CYLINDRICAL_SURFACE('',#118910,0.15);
#118930=ORIENTED_EDGE('',*,*,#116600,.T.);
#118940=ORIENTED_EDGE('',*,*,#117460,.F.);
#118950=ORIENTED_EDGE('',*,*,#118800,.T.);
#118960=ORIENTED_EDGE('',*,*,#115720,.F.);
#118970=EDGE_LOOP('',(#118960,#118950,#118940,#118930));
#118980=FACE_OUTER_BOUND('',#118970,.T.);
#118990=ADVANCED_FACE('',(#118980),#118920,.T.);
#119000=CARTESIAN_POINT('',(1.26514578638866,-0.649999999999998,3.035));
#119010=DIRECTION('',(0.,0.,-1.));
#119020=DIRECTION('',(0.,1.,0.));
#119030=AXIS2_PLACEMENT_3D('',#119000,#119010,#119020);
#119040=PLANE('',#119030);
#119050=ORIENTED_EDGE('',*,*,#5010,.T.);
#119060=CARTESIAN_POINT('',(0.0700000000000008,-0.399999999999998,3.035)
);
#119070=DIRECTION('',(1.,0.,0.));
#119080=VECTOR('',#119070,1.);
#119090=LINE('',#119060,#119080);
#119100=CARTESIAN_POINT('',(0.17,-0.399999999999998,3.035));
#119110=VERTEX_POINT('',#119100);
#119120=EDGE_CURVE('',#4920,#119110,#119090,.T.);
#119130=ORIENTED_EDGE('',*,*,#119120,.F.);
#119140=CARTESIAN_POINT('',(0.17,-0.549999999999998,3.035));
#119150=DIRECTION('',(0.,-0.,1.));
#119160=DIRECTION('',(0.882352941176496,0.470588235294071,0.));
#119170=AXIS2_PLACEMENT_3D('',#119140,#119150,#119160);
#119180=CIRCLE('',#119170,0.15);
#119190=CARTESIAN_POINT('',(0.302352941176472,-0.479411764705884,3.035))
;
#119200=VERTEX_POINT('',#119190);
#119210=EDGE_CURVE('',#119200,#119110,#119180,.T.);
#119220=ORIENTED_EDGE('',*,*,#119210,.T.);
#119230=CARTESIAN_POINT('',(0.325882352941179,-0.523529411764707,3.035))
;
#119240=DIRECTION('',(-0.470588235294115,0.882352941176472,0.));
#119250=VECTOR('',#119240,1.);
#119260=LINE('',#119230,#119250);
#119270=CARTESIAN_POINT('',(0.325882352941177,-0.523529411764705,3.035))
;
#119280=VERTEX_POINT('',#119270);
#119290=EDGE_CURVE('',#119280,#119200,#119260,.T.);
#119300=ORIENTED_EDGE('',*,*,#119290,.T.);
#119310=CARTESIAN_POINT('',(0.37,-0.499999999999998,3.035));
#119320=DIRECTION('',(0.,0.,-1.));
#119330=DIRECTION('',(0.,-1.,0.));
#119340=AXIS2_PLACEMENT_3D('',#119310,#119320,#119330);
#119350=CIRCLE('',#119340,0.05);
#119360=CARTESIAN_POINT('',(0.37,-0.549999999999998,3.035));
#119370=VERTEX_POINT('',#119360);
#119380=EDGE_CURVE('',#119370,#119280,#119350,.T.);
#119390=ORIENTED_EDGE('',*,*,#119380,.T.);
#119400=CARTESIAN_POINT('',(0.37,-0.549999999999998,3.035));
#119410=DIRECTION('',(1.,0.,0.));
#119420=VECTOR('',#119410,1.);
#119430=LINE('',#119400,#119420);
#119440=CARTESIAN_POINT('',(0.630000000000002,-0.549999999999998,3.035))
;
#119450=VERTEX_POINT('',#119440);
#119460=EDGE_CURVE('',#119370,#119450,#119430,.T.);
#119470=ORIENTED_EDGE('',*,*,#119460,.F.);
#119480=CARTESIAN_POINT('',(0.630000000000002,-0.549999999999998,3.035))
;
#119490=DIRECTION('',(3.3306690738755E-15,-1.,0.));
#119500=VECTOR('',#119490,1.);
#119510=LINE('',#119480,#119500);
#119520=CARTESIAN_POINT('',(0.630000000000003,-0.649999999999997,3.035))
;
#119530=VERTEX_POINT('',#119520);
#119540=EDGE_CURVE('',#119450,#119530,#119510,.T.);
#119550=ORIENTED_EDGE('',*,*,#119540,.F.);
#119560=CARTESIAN_POINT('',(0.630000000000003,-0.649999999999997,3.035))
;
#119570=DIRECTION('',(-1.,-8.54017711250111E-16,0.));
#119580=VECTOR('',#119570,1.);
#119590=LINE('',#119560,#119580);
#119600=CARTESIAN_POINT('',(0.369999999999994,-0.649999999999998,3.035))
;
#119610=VERTEX_POINT('',#119600);
#119620=EDGE_CURVE('',#119530,#119610,#119590,.T.);
#119630=ORIENTED_EDGE('',*,*,#119620,.F.);
#119640=CARTESIAN_POINT('',(0.37,-0.499999999999998,3.035));
#119650=DIRECTION('',(0.,0.,1.));
#119660=DIRECTION('',(-0.88235294117644,-0.470588235294175,0.));
#119670=AXIS2_PLACEMENT_3D('',#119640,#119650,#119660);
#119680=CIRCLE('',#119670,0.15);
#119690=CARTESIAN_POINT('',(0.237647058823532,-0.57058823529412,3.035));
#119700=VERTEX_POINT('',#119690);
#119710=EDGE_CURVE('',#119700,#119610,#119680,.T.);
#119720=ORIENTED_EDGE('',*,*,#119710,.T.);
#119730=CARTESIAN_POINT('',(0.214117647058827,-0.526470588235297,3.035))
;
#119740=DIRECTION('',(0.470588235294119,-0.88235294117647,0.));
#119750=VECTOR('',#119740,1.);
#119760=LINE('',#119730,#119750);
#119770=CARTESIAN_POINT('',(0.214117647058825,-0.526470588235295,3.035))
;
#119780=VERTEX_POINT('',#119770);
#119790=EDGE_CURVE('',#119780,#119700,#119760,.T.);
#119800=ORIENTED_EDGE('',*,*,#119790,.T.);
#119810=CARTESIAN_POINT('',(0.17,-0.549999999999998,3.035));
#119820=DIRECTION('',(0.,0.,-1.));
#119830=DIRECTION('',(-2.19269047363468E-13,1.,0.));
#119840=AXIS2_PLACEMENT_3D('',#119810,#119820,#119830);
#119850=CIRCLE('',#119840,0.05);
#119860=EDGE_CURVE('',#10900,#119780,#119850,.T.);
#119870=ORIENTED_EDGE('',*,*,#119860,.T.);
#119880=ORIENTED_EDGE('',*,*,#10910,.F.);
#119890=EDGE_LOOP('',(#119880,#119870,#119800,#119720,#119630,#119550,
#119470,#119390,#119300,#119220,#119130,#119050));
#119900=FACE_OUTER_BOUND('',#119890,.T.);
#119910=ADVANCED_FACE('',(#119900),#119040,.F.);
#119920=CARTESIAN_POINT('',(0.17,-0.399999999999998,3.095));
#119930=DIRECTION('',(0.,1.,0.));
#119940=DIRECTION('',(-1.,0.,0.));
#119950=AXIS2_PLACEMENT_3D('',#119920,#119930,#119940);
#119960=PLANE('',#119950);
#119970=CARTESIAN_POINT('',(0.17,-0.399999999999998,2.885));
#119980=DIRECTION('',(-1.,0.,0.));
#119990=VECTOR('',#119980,1.);
#120000=LINE('',#119970,#119990);
#120010=CARTESIAN_POINT('',(0.17,-0.399999999999998,2.885));
#120020=VERTEX_POINT('',#120010);
#120030=EDGE_CURVE('',#120020,#4840,#120000,.T.);
#120040=ORIENTED_EDGE('',*,*,#120030,.T.);
#120050=CARTESIAN_POINT('',(0.17,-0.399999999999998,2.885));
#120060=DIRECTION('',(0.,0.,1.));
#120070=VECTOR('',#120060,1.);
#120080=LINE('',#120050,#120070);
#120090=EDGE_CURVE('',#120020,#119110,#120080,.T.);
#120100=ORIENTED_EDGE('',*,*,#120090,.F.);
#120110=ORIENTED_EDGE('',*,*,#119120,.T.);
#120120=ORIENTED_EDGE('',*,*,#4930,.F.);
#120130=EDGE_LOOP('',(#120120,#120110,#120100,#120040));
#120140=FACE_OUTER_BOUND('',#120130,.T.);
#120150=ADVANCED_FACE('',(#120140),#119960,.T.);
#120160=CARTESIAN_POINT('',(1.26514578638866,-0.349999999999998,2.885));
#120170=DIRECTION('',(0.,0.,1.));
#120180=DIRECTION('',(0.,-1.,0.));
#120190=AXIS2_PLACEMENT_3D('',#120160,#120170,#120180);
#120200=PLANE('',#120190);
#120210=ORIENTED_EDGE('',*,*,#4850,.T.);
#120220=ORIENTED_EDGE('',*,*,#11050,.F.);
#120230=CARTESIAN_POINT('',(0.17,-0.549999999999998,2.885));
#120240=DIRECTION('',(0.,-0.,1.));
#120250=DIRECTION('',(0.882352941176532,0.470588235294003,0.));
#120260=AXIS2_PLACEMENT_3D('',#120230,#120240,#120250);
#120270=CIRCLE('',#120260,0.05);
#120280=CARTESIAN_POINT('',(0.214117647058826,-0.526470588235295,2.885))
;
#120290=VERTEX_POINT('',#120280);
#120300=EDGE_CURVE('',#120290,#10980,#120270,.T.);
#120310=ORIENTED_EDGE('',*,*,#120300,.T.);
#120320=CARTESIAN_POINT('',(0.237647058823529,-0.570588235294116,2.885))
;
#120330=DIRECTION('',(-0.470588235294108,0.882352941176476,0.));
#120340=VECTOR('',#120330,1.);
#120350=LINE('',#120320,#120340);
#120360=CARTESIAN_POINT('',(0.23764705882353,-0.570588235294116,2.885));
#120370=VERTEX_POINT('',#120360);
#120380=EDGE_CURVE('',#120370,#120290,#120350,.T.);
#120390=ORIENTED_EDGE('',*,*,#120380,.T.);
#120400=CARTESIAN_POINT('',(0.37,-0.499999999999998,2.885));
#120410=DIRECTION('',(-0.,0.,-1.));
#120420=DIRECTION('',(-1.14723045877933E-13,-1.,0.));
#120430=AXIS2_PLACEMENT_3D('',#120400,#120410,#120420);
#120440=CIRCLE('',#120430,0.15);
#120450=CARTESIAN_POINT('',(0.369999999999991,-0.649999999999997,2.885))
;
#120460=VERTEX_POINT('',#120450);
#120470=EDGE_CURVE('',#120460,#120370,#120440,.T.);
#120480=ORIENTED_EDGE('',*,*,#120470,.T.);
#120490=CARTESIAN_POINT('',(0.37,-0.649999999999997,2.885));
#120500=DIRECTION('',(1.,8.54017711250111E-16,0.));
#120510=VECTOR('',#120500,1.);
#120520=LINE('',#120490,#120510);
#120530=CARTESIAN_POINT('',(0.630000000000003,-0.649999999999997,2.885))
;
#120540=VERTEX_POINT('',#120530);
#120550=EDGE_CURVE('',#120460,#120540,#120520,.T.);
#120560=ORIENTED_EDGE('',*,*,#120550,.F.);
#120570=CARTESIAN_POINT('',(0.630000000000003,-0.649999999999997,2.885))
;
#120580=DIRECTION('',(-3.3306690738755E-15,1.,0.));
#120590=VECTOR('',#120580,1.);
#120600=LINE('',#120570,#120590);
#120610=CARTESIAN_POINT('',(0.630000000000003,-0.549999999999998,2.885))
;
#120620=VERTEX_POINT('',#120610);
#120630=EDGE_CURVE('',#120540,#120620,#120600,.T.);
#120640=ORIENTED_EDGE('',*,*,#120630,.F.);
#120650=CARTESIAN_POINT('',(0.630000000000002,-0.549999999999998,2.885))
;
#120660=DIRECTION('',(-1.,0.,0.));
#120670=VECTOR('',#120660,1.);
#120680=LINE('',#120650,#120670);
#120690=CARTESIAN_POINT('',(0.37,-0.549999999999998,2.885));
#120700=VERTEX_POINT('',#120690);
#120710=EDGE_CURVE('',#120620,#120700,#120680,.T.);
#120720=ORIENTED_EDGE('',*,*,#120710,.F.);
#120730=CARTESIAN_POINT('',(0.37,-0.499999999999998,2.885));
#120740=DIRECTION('',(0.,0.,1.));
#120750=DIRECTION('',(-0.882352941176487,-0.470588235294087,0.));
#120760=AXIS2_PLACEMENT_3D('',#120730,#120740,#120750);
#120770=CIRCLE('',#120760,0.05);
#120780=CARTESIAN_POINT('',(0.325882352941176,-0.523529411764703,2.885))
;
#120790=VERTEX_POINT('',#120780);
#120800=EDGE_CURVE('',#120790,#120700,#120770,.T.);
#120810=ORIENTED_EDGE('',*,*,#120800,.T.);
#120820=CARTESIAN_POINT('',(0.302352941176469,-0.479411764705878,2.885))
;
#120830=DIRECTION('',(0.470588235294116,-0.882352941176471,0.));
#120840=VECTOR('',#120830,1.);
#120850=LINE('',#120820,#120840);
#120860=CARTESIAN_POINT('',(0.30235294117647,-0.479411764705879,2.885));
#120870=VERTEX_POINT('',#120860);
#120880=EDGE_CURVE('',#120870,#120790,#120850,.T.);
#120890=ORIENTED_EDGE('',*,*,#120880,.T.);
#120900=CARTESIAN_POINT('',(0.17,-0.549999999999998,2.885));
#120910=DIRECTION('',(0.,0.,-1.));
#120920=DIRECTION('',(-5.55111512312578E-16,1.,0.));
#120930=AXIS2_PLACEMENT_3D('',#120900,#120910,#120920);
#120940=CIRCLE('',#120930,0.15);
#120950=EDGE_CURVE('',#120020,#120870,#120940,.T.);
#120960=ORIENTED_EDGE('',*,*,#120950,.T.);
#120970=ORIENTED_EDGE('',*,*,#120030,.F.);
#120980=EDGE_LOOP('',(#120970,#120960,#120890,#120810,#120720,#120640,
#120560,#120480,#120390,#120310,#120220,#120210));
#120990=FACE_OUTER_BOUND('',#120980,.T.);
#121000=ADVANCED_FACE('',(#120990),#120200,.F.);
#121010=CARTESIAN_POINT('',(0.17,-0.549999999999998,3.095));
#121020=DIRECTION('',(0.,0.,-1.));
#121030=DIRECTION('',(-1.,0.,0.));
#121040=AXIS2_PLACEMENT_3D('',#121010,#121020,#121030);
#121050=CYLINDRICAL_SURFACE('',#121040,0.05);
#121060=CARTESIAN_POINT('',(0.214117647058824,-0.526470588235292,2.885))
;
#121070=DIRECTION('',(0.,0.,1.));
#121080=VECTOR('',#121070,1.);
#121090=LINE('',#121060,#121080);
#121100=EDGE_CURVE('',#120290,#119780,#121090,.T.);
#121110=ORIENTED_EDGE('',*,*,#121100,.T.);
#121120=ORIENTED_EDGE('',*,*,#120300,.F.);
#121130=ORIENTED_EDGE('',*,*,#10990,.T.);
#121140=ORIENTED_EDGE('',*,*,#119860,.F.);
#121150=EDGE_LOOP('',(#121140,#121130,#121120,#121110));
#121160=FACE_OUTER_BOUND('',#121150,.T.);
#121170=ADVANCED_FACE('',(#121160),#121050,.F.);
#121180=CARTESIAN_POINT('',(0.214117647058824,-0.526470588235292,3.095))
;
#121190=DIRECTION('',(-0.88235294117647,-0.470588235294118,0.));
#121200=DIRECTION('',(0.470588235294118,-0.88235294117647,0.));
#121210=AXIS2_PLACEMENT_3D('',#121180,#121190,#121200);
#121220=PLANE('',#121210);
#121230=CARTESIAN_POINT('',(0.237647058823529,-0.570588235294116,3.035))
;
#121240=DIRECTION('',(0.,0.,-1.));
#121250=VECTOR('',#121240,1.);
#121260=LINE('',#121230,#121250);
#121270=EDGE_CURVE('',#119700,#120370,#121260,.T.);
#121280=ORIENTED_EDGE('',*,*,#121270,.F.);
#121290=ORIENTED_EDGE('',*,*,#120380,.F.);
#121300=ORIENTED_EDGE('',*,*,#121100,.F.);
#121310=ORIENTED_EDGE('',*,*,#119790,.F.);
#121320=EDGE_LOOP('',(#121310,#121300,#121290,#121280));
#121330=FACE_OUTER_BOUND('',#121320,.T.);
#121340=ADVANCED_FACE('',(#121330),#121220,.T.);
#121350=CARTESIAN_POINT('',(0.37,-0.499999999999998,3.095));
#121360=DIRECTION('',(0.,0.,-1.));
#121370=DIRECTION('',(-1.,0.,0.));
#121380=AXIS2_PLACEMENT_3D('',#121350,#121360,#121370);
#121390=CYLINDRICAL_SURFACE('',#121380,0.15);
#121400=CARTESIAN_POINT('',(0.37,-0.649999999999998,2.885));
#121410=DIRECTION('',(0.,0.,1.));
#121420=VECTOR('',#121410,1.);
#121430=LINE('',#121400,#121420);
#121440=EDGE_CURVE('',#120460,#119610,#121430,.T.);
#121450=ORIENTED_EDGE('',*,*,#121440,.T.);
#121460=ORIENTED_EDGE('',*,*,#120470,.F.);
#121470=ORIENTED_EDGE('',*,*,#121270,.T.);
#121480=ORIENTED_EDGE('',*,*,#119710,.F.);
#121490=EDGE_LOOP('',(#121480,#121470,#121460,#121450));
#121500=FACE_OUTER_BOUND('',#121490,.T.);
#121510=ADVANCED_FACE('',(#121500),#121390,.T.);
#121520=CARTESIAN_POINT('',(0.823766714898784,-0.649999999999997,3.095))
;
#121530=DIRECTION('',(6.47630097698008E-16,-1.,0.));
#121540=DIRECTION('',(1.,6.47630097698008E-16,0.));
#121550=AXIS2_PLACEMENT_3D('',#121520,#121530,#121540);
#121560=PLANE('',#121550);
#121570=ORIENTED_EDGE('',*,*,#120550,.T.);
#121580=ORIENTED_EDGE('',*,*,#121440,.F.);
#121590=ORIENTED_EDGE('',*,*,#119620,.T.);
#121600=CARTESIAN_POINT('',(0.630000000000003,-0.649999999999997,2.885))
;
#121610=DIRECTION('',(0.,0.,1.));
#121620=VECTOR('',#121610,1.);
#121630=LINE('',#121600,#121620);
#121640=EDGE_CURVE('',#120540,#119530,#121630,.T.);
#121650=ORIENTED_EDGE('',*,*,#121640,.T.);
#121660=EDGE_LOOP('',(#121650,#121590,#121580,#121570));
#121670=FACE_OUTER_BOUND('',#121660,.T.);
#121680=ADVANCED_FACE('',(#121670),#121560,.T.);
#121690=CARTESIAN_POINT('',(0.630000000000003,-0.7640024,
3.27476109676743));
#121700=DIRECTION('',(-1.,-3.5527136788005E-15,0.));
#121710=DIRECTION('',(0.,0.,-1.));
#121720=AXIS2_PLACEMENT_3D('',#121690,#121700,#121710);
#121730=PLANE('',#121720);
#121740=ORIENTED_EDGE('',*,*,#120630,.T.);
#121750=ORIENTED_EDGE('',*,*,#121640,.F.);
#121760=ORIENTED_EDGE('',*,*,#119540,.T.);
#121770=CARTESIAN_POINT('',(0.630000000000002,-0.549999999999998,3.035))
;
#121780=DIRECTION('',(0.,0.,-1.));
#121790=VECTOR('',#121780,1.);
#121800=LINE('',#121770,#121790);
#121810=EDGE_CURVE('',#119450,#120620,#121800,.T.);
#121820=ORIENTED_EDGE('',*,*,#121810,.F.);
#121830=EDGE_LOOP('',(#121820,#121760,#121750,#121740));
#121840=FACE_OUTER_BOUND('',#121830,.T.);
#121850=ADVANCED_FACE('',(#121840),#121730,.F.);
#121860=CARTESIAN_POINT('',(0.583766714898784,-0.549999999999998,3.095))
;
#121870=DIRECTION('',(0.,1.,0.));
#121880=DIRECTION('',(-1.,0.,0.));
#121890=AXIS2_PLACEMENT_3D('',#121860,#121870,#121880);
#121900=PLANE('',#121890);
#121910=CARTESIAN_POINT('',(0.37,-0.549999999999998,3.035));
#121920=DIRECTION('',(0.,0.,-1.));
#121930=VECTOR('',#121920,1.);
#121940=LINE('',#121910,#121930);
#121950=EDGE_CURVE('',#119370,#120700,#121940,.T.);
#121960=ORIENTED_EDGE('',*,*,#121950,.F.);
#121970=ORIENTED_EDGE('',*,*,#120710,.T.);
#121980=ORIENTED_EDGE('',*,*,#121810,.T.);
#121990=ORIENTED_EDGE('',*,*,#119460,.T.);
#122000=EDGE_LOOP('',(#121990,#121980,#121970,#121960));
#122010=FACE_OUTER_BOUND('',#122000,.T.);
#122020=ADVANCED_FACE('',(#122010),#121900,.T.);
#122030=CARTESIAN_POINT('',(0.37,-0.499999999999998,3.095));
#122040=DIRECTION('',(0.,0.,-1.));
#122050=DIRECTION('',(-1.,0.,0.));
#122060=AXIS2_PLACEMENT_3D('',#122030,#122040,#122050);
#122070=CYLINDRICAL_SURFACE('',#122060,0.05);
#122080=CARTESIAN_POINT('',(0.325882352941176,-0.523529411764704,2.885))
;
#122090=DIRECTION('',(0.,0.,1.));
#122100=VECTOR('',#122090,1.);
#122110=LINE('',#122080,#122100);
#122120=EDGE_CURVE('',#120790,#119280,#122110,.T.);
#122130=ORIENTED_EDGE('',*,*,#122120,.T.);
#122140=ORIENTED_EDGE('',*,*,#120800,.F.);
#122150=ORIENTED_EDGE('',*,*,#121950,.T.);
#122160=ORIENTED_EDGE('',*,*,#119380,.F.);
#122170=EDGE_LOOP('',(#122160,#122150,#122140,#122130));
#122180=FACE_OUTER_BOUND('',#122170,.T.);
#122190=ADVANCED_FACE('',(#122180),#122070,.F.);
#122200=CARTESIAN_POINT('',(0.325882352941176,-0.523529411764704,3.095))
;
#122210=DIRECTION('',(0.88235294117647,0.470588235294118,0.));
#122220=DIRECTION('',(-0.470588235294118,0.88235294117647,0.));
#122230=AXIS2_PLACEMENT_3D('',#122200,#122210,#122220);
#122240=PLANE('',#122230);
#122250=CARTESIAN_POINT('',(0.30235294117647,-0.47941176470588,3.035));
#122260=DIRECTION('',(0.,0.,-1.));
#122270=VECTOR('',#122260,1.);
#122280=LINE('',#122250,#122270);
#122290=EDGE_CURVE('',#119200,#120870,#122280,.T.);
#122300=ORIENTED_EDGE('',*,*,#122290,.F.);
#122310=ORIENTED_EDGE('',*,*,#120880,.F.);
#122320=ORIENTED_EDGE('',*,*,#122120,.F.);
#122330=ORIENTED_EDGE('',*,*,#119290,.F.);
#122340=EDGE_LOOP('',(#122330,#122320,#122310,#122300));
#122350=FACE_OUTER_BOUND('',#122340,.T.);
#122360=ADVANCED_FACE('',(#122350),#122240,.T.);
#122370=CARTESIAN_POINT('',(0.17,-0.549999999999998,3.095));
#122380=DIRECTION('',(0.,0.,-1.));
#122390=DIRECTION('',(-1.,0.,0.));
#122400=AXIS2_PLACEMENT_3D('',#122370,#122380,#122390);
#122410=CYLINDRICAL_SURFACE('',#122400,0.15);
#122420=ORIENTED_EDGE('',*,*,#120090,.T.);
#122430=ORIENTED_EDGE('',*,*,#120950,.F.);
#122440=ORIENTED_EDGE('',*,*,#122290,.T.);
#122450=ORIENTED_EDGE('',*,*,#119210,.F.);
#122460=EDGE_LOOP('',(#122450,#122440,#122430,#122420));
#122470=FACE_OUTER_BOUND('',#122460,.T.);
#122480=ADVANCED_FACE('',(#122470),#122410,.T.);
#122490=CARTESIAN_POINT('',(1.26514578638866,-0.649999999999998,2.635));
#122500=DIRECTION('',(0.,0.,-1.));
#122510=DIRECTION('',(0.,1.,0.));
#122520=AXIS2_PLACEMENT_3D('',#122490,#122500,#122510);
#122530=PLANE('',#122520);
#122540=ORIENTED_EDGE('',*,*,#4690,.T.);
#122550=CARTESIAN_POINT('',(0.0700000000000008,-0.399999999999998,2.635)
);
#122560=DIRECTION('',(1.,0.,0.));
#122570=VECTOR('',#122560,1.);
#122580=LINE('',#122550,#122570);
#122590=CARTESIAN_POINT('',(0.17,-0.399999999999998,2.635));
#122600=VERTEX_POINT('',#122590);
#122610=EDGE_CURVE('',#4600,#122600,#122580,.T.);
#122620=ORIENTED_EDGE('',*,*,#122610,.F.);
#122630=CARTESIAN_POINT('',(0.17,-0.549999999999998,2.635));
#122640=DIRECTION('',(0.,-0.,1.));
#122650=DIRECTION('',(0.882352941176496,0.470588235294071,0.));
#122660=AXIS2_PLACEMENT_3D('',#122630,#122640,#122650);
#122670=CIRCLE('',#122660,0.15);
#122680=CARTESIAN_POINT('',(0.302352941176472,-0.479411764705884,2.635))
;
#122690=VERTEX_POINT('',#122680);
#122700=EDGE_CURVE('',#122690,#122600,#122670,.T.);
#122710=ORIENTED_EDGE('',*,*,#122700,.T.);
#122720=CARTESIAN_POINT('',(0.325882352941179,-0.523529411764707,2.635))
;
#122730=DIRECTION('',(-0.470588235294115,0.882352941176472,0.));
#122740=VECTOR('',#122730,1.);
#122750=LINE('',#122720,#122740);
#122760=CARTESIAN_POINT('',(0.325882352941177,-0.523529411764705,2.635))
;
#122770=VERTEX_POINT('',#122760);
#122780=EDGE_CURVE('',#122770,#122690,#122750,.T.);
#122790=ORIENTED_EDGE('',*,*,#122780,.T.);
#122800=CARTESIAN_POINT('',(0.37,-0.499999999999998,2.635));
#122810=DIRECTION('',(0.,0.,-1.));
#122820=DIRECTION('',(0.,-1.,0.));
#122830=AXIS2_PLACEMENT_3D('',#122800,#122810,#122820);
#122840=CIRCLE('',#122830,0.05);
#122850=CARTESIAN_POINT('',(0.37,-0.549999999999998,2.635));
#122860=VERTEX_POINT('',#122850);
#122870=EDGE_CURVE('',#122860,#122770,#122840,.T.);
#122880=ORIENTED_EDGE('',*,*,#122870,.T.);
#122890=CARTESIAN_POINT('',(0.37,-0.549999999999998,2.635));
#122900=DIRECTION('',(1.,0.,0.));
#122910=VECTOR('',#122900,1.);
#122920=LINE('',#122890,#122910);
#122930=CARTESIAN_POINT('',(0.630000000000002,-0.549999999999998,2.635))
;
#122940=VERTEX_POINT('',#122930);
#122950=EDGE_CURVE('',#122860,#122940,#122920,.T.);
#122960=ORIENTED_EDGE('',*,*,#122950,.F.);
#122970=CARTESIAN_POINT('',(0.630000000000002,-0.549999999999998,2.635))
;
#122980=DIRECTION('',(3.3306690738755E-15,-1.,0.));
#122990=VECTOR('',#122980,1.);
#123000=LINE('',#122970,#122990);
#123010=CARTESIAN_POINT('',(0.630000000000003,-0.649999999999997,2.635))
;
#123020=VERTEX_POINT('',#123010);
#123030=EDGE_CURVE('',#122940,#123020,#123000,.T.);
#123040=ORIENTED_EDGE('',*,*,#123030,.F.);
#123050=CARTESIAN_POINT('',(0.630000000000003,-0.649999999999997,2.635))
;
#123060=DIRECTION('',(-1.,-8.54017711250111E-16,0.));
#123070=VECTOR('',#123060,1.);
#123080=LINE('',#123050,#123070);
#123090=CARTESIAN_POINT('',(0.369999999999995,-0.649999999999998,2.635))
;
#123100=VERTEX_POINT('',#123090);
#123110=EDGE_CURVE('',#123020,#123100,#123080,.T.);
#123120=ORIENTED_EDGE('',*,*,#123110,.F.);
#123130=CARTESIAN_POINT('',(0.37,-0.499999999999998,2.635));
#123140=DIRECTION('',(0.,0.,1.));
#123150=DIRECTION('',(-0.88235294117646,-0.470588235294138,0.));
#123160=AXIS2_PLACEMENT_3D('',#123130,#123140,#123150);
#123170=CIRCLE('',#123160,0.15);
#123180=CARTESIAN_POINT('',(0.237647058823531,-0.570588235294117,2.635))
;
#123190=VERTEX_POINT('',#123180);
#123200=EDGE_CURVE('',#123190,#123100,#123170,.T.);
#123210=ORIENTED_EDGE('',*,*,#123200,.T.);
#123220=CARTESIAN_POINT('',(0.214117647058824,-0.526470588235293,2.635))
;
#123230=DIRECTION('',(0.470588235294112,-0.882352941176474,0.));
#123240=VECTOR('',#123230,1.);
#123250=LINE('',#123220,#123240);
#123260=CARTESIAN_POINT('',(0.214117647058824,-0.526470588235293,2.635))
;
#123270=VERTEX_POINT('',#123260);
#123280=EDGE_CURVE('',#123270,#123190,#123250,.T.);
#123290=ORIENTED_EDGE('',*,*,#123280,.T.);
#123300=CARTESIAN_POINT('',(0.17,-0.549999999999998,2.635));
#123310=DIRECTION('',(0.,0.,-1.));
#123320=DIRECTION('',(-2.19269047363468E-13,1.,0.));
#123330=AXIS2_PLACEMENT_3D('',#123300,#123310,#123320);
#123340=CIRCLE('',#123330,0.05);
#123350=EDGE_CURVE('',#11130,#123270,#123340,.T.);
#123360=ORIENTED_EDGE('',*,*,#123350,.T.);
#123370=ORIENTED_EDGE('',*,*,#11140,.F.);
#123380=EDGE_LOOP('',(#123370,#123360,#123290,#123210,#123120,#123040,
#122960,#122880,#122790,#122710,#122620,#122540));
#123390=FACE_OUTER_BOUND('',#123380,.T.);
#123400=ADVANCED_FACE('',(#123390),#122530,.F.);
#123410=CARTESIAN_POINT('',(0.17,-0.399999999999998,2.695));
#123420=DIRECTION('',(0.,1.,0.));
#123430=DIRECTION('',(-1.,0.,0.));
#123440=AXIS2_PLACEMENT_3D('',#123410,#123420,#123430);
#123450=PLANE('',#123440);
#123460=CARTESIAN_POINT('',(0.17,-0.399999999999998,2.485));
#123470=DIRECTION('',(-1.,0.,0.));
#123480=VECTOR('',#123470,1.);
#123490=LINE('',#123460,#123480);
#123500=CARTESIAN_POINT('',(0.17,-0.399999999999998,2.485));
#123510=VERTEX_POINT('',#123500);
#123520=EDGE_CURVE('',#123510,#4520,#123490,.T.);
#123530=ORIENTED_EDGE('',*,*,#123520,.T.);
#123540=CARTESIAN_POINT('',(0.17,-0.399999999999998,2.485));
#123550=DIRECTION('',(0.,0.,1.));
#123560=VECTOR('',#123550,1.);
#123570=LINE('',#123540,#123560);
#123580=EDGE_CURVE('',#123510,#122600,#123570,.T.);
#123590=ORIENTED_EDGE('',*,*,#123580,.F.);
#123600=ORIENTED_EDGE('',*,*,#122610,.T.);
#123610=ORIENTED_EDGE('',*,*,#4610,.F.);
#123620=EDGE_LOOP('',(#123610,#123600,#123590,#123530));
#123630=FACE_OUTER_BOUND('',#123620,.T.);
#123640=ADVANCED_FACE('',(#123630),#123450,.T.);
#123650=CARTESIAN_POINT('',(1.26514578638866,-0.349999999999998,2.485));
#123660=DIRECTION('',(0.,0.,1.));
#123670=DIRECTION('',(0.,-1.,0.));
#123680=AXIS2_PLACEMENT_3D('',#123650,#123660,#123670);
#123690=PLANE('',#123680);
#123700=ORIENTED_EDGE('',*,*,#4530,.T.);
#123710=ORIENTED_EDGE('',*,*,#11280,.F.);
#123720=CARTESIAN_POINT('',(0.17,-0.549999999999998,2.485));
#123730=DIRECTION('',(0.,-0.,1.));
#123740=DIRECTION('',(0.882352941176532,0.470588235294003,0.));
#123750=AXIS2_PLACEMENT_3D('',#123720,#123730,#123740);
#123760=CIRCLE('',#123750,0.05);
#123770=CARTESIAN_POINT('',(0.214117647058826,-0.526470588235295,2.485))
;
#123780=VERTEX_POINT('',#123770);
#123790=EDGE_CURVE('',#123780,#11210,#123760,.T.);
#123800=ORIENTED_EDGE('',*,*,#123790,.T.);
#123810=CARTESIAN_POINT('',(0.237647058823529,-0.570588235294116,2.485))
;
#123820=DIRECTION('',(-0.470588235294108,0.882352941176476,0.));
#123830=VECTOR('',#123820,1.);
#123840=LINE('',#123810,#123830);
#123850=CARTESIAN_POINT('',(0.23764705882353,-0.570588235294116,2.485));
#123860=VERTEX_POINT('',#123850);
#123870=EDGE_CURVE('',#123860,#123780,#123840,.T.);
#123880=ORIENTED_EDGE('',*,*,#123870,.T.);
#123890=CARTESIAN_POINT('',(0.37,-0.499999999999998,2.485));
#123900=DIRECTION('',(-0.,0.,-1.));
#123910=DIRECTION('',(-1.14723045877933E-13,-1.,0.));
#123920=AXIS2_PLACEMENT_3D('',#123890,#123900,#123910);
#123930=CIRCLE('',#123920,0.15);
#123940=CARTESIAN_POINT('',(0.369999999999991,-0.649999999999997,2.485))
;
#123950=VERTEX_POINT('',#123940);
#123960=EDGE_CURVE('',#123950,#123860,#123930,.T.);
#123970=ORIENTED_EDGE('',*,*,#123960,.T.);
#123980=CARTESIAN_POINT('',(0.37,-0.649999999999997,2.485));
#123990=DIRECTION('',(1.,8.54017711250111E-16,0.));
#124000=VECTOR('',#123990,1.);
#124010=LINE('',#123980,#124000);
#124020=CARTESIAN_POINT('',(0.630000000000003,-0.649999999999997,2.485))
;
#124030=VERTEX_POINT('',#124020);
#124040=EDGE_CURVE('',#123950,#124030,#124010,.T.);
#124050=ORIENTED_EDGE('',*,*,#124040,.F.);
#124060=CARTESIAN_POINT('',(0.630000000000003,-0.649999999999997,2.485))
;
#124070=DIRECTION('',(-3.3306690738755E-15,1.,0.));
#124080=VECTOR('',#124070,1.);
#124090=LINE('',#124060,#124080);
#124100=CARTESIAN_POINT('',(0.630000000000003,-0.549999999999998,2.485))
;
#124110=VERTEX_POINT('',#124100);
#124120=EDGE_CURVE('',#124030,#124110,#124090,.T.);
#124130=ORIENTED_EDGE('',*,*,#124120,.F.);
#124140=CARTESIAN_POINT('',(0.630000000000002,-0.549999999999998,2.485))
;
#124150=DIRECTION('',(-1.,0.,0.));
#124160=VECTOR('',#124150,1.);
#124170=LINE('',#124140,#124160);
#124180=CARTESIAN_POINT('',(0.37,-0.549999999999998,2.485));
#124190=VERTEX_POINT('',#124180);
#124200=EDGE_CURVE('',#124110,#124190,#124170,.T.);
#124210=ORIENTED_EDGE('',*,*,#124200,.F.);
#124220=CARTESIAN_POINT('',(0.37,-0.499999999999998,2.485));
#124230=DIRECTION('',(0.,0.,1.));
#124240=DIRECTION('',(-0.882352941176487,-0.470588235294087,0.));
#124250=AXIS2_PLACEMENT_3D('',#124220,#124230,#124240);
#124260=CIRCLE('',#124250,0.05);
#124270=CARTESIAN_POINT('',(0.325882352941176,-0.523529411764703,2.485))
;
#124280=VERTEX_POINT('',#124270);
#124290=EDGE_CURVE('',#124280,#124190,#124260,.T.);
#124300=ORIENTED_EDGE('',*,*,#124290,.T.);
#124310=CARTESIAN_POINT('',(0.302352941176469,-0.479411764705878,2.485))
;
#124320=DIRECTION('',(0.470588235294116,-0.882352941176471,0.));
#124330=VECTOR('',#124320,1.);
#124340=LINE('',#124310,#124330);
#124350=CARTESIAN_POINT('',(0.30235294117647,-0.479411764705879,2.485));
#124360=VERTEX_POINT('',#124350);
#124370=EDGE_CURVE('',#124360,#124280,#124340,.T.);
#124380=ORIENTED_EDGE('',*,*,#124370,.T.);
#124390=CARTESIAN_POINT('',(0.17,-0.549999999999998,2.485));
#124400=DIRECTION('',(0.,0.,-1.));
#124410=DIRECTION('',(-5.55111512312578E-16,1.,0.));
#124420=AXIS2_PLACEMENT_3D('',#124390,#124400,#124410);
#124430=CIRCLE('',#124420,0.15);
#124440=EDGE_CURVE('',#123510,#124360,#124430,.T.);
#124450=ORIENTED_EDGE('',*,*,#124440,.T.);
#124460=ORIENTED_EDGE('',*,*,#123520,.F.);
#124470=EDGE_LOOP('',(#124460,#124450,#124380,#124300,#124210,#124130,
#124050,#123970,#123880,#123800,#123710,#123700));
#124480=FACE_OUTER_BOUND('',#124470,.T.);
#124490=ADVANCED_FACE('',(#124480),#123690,.F.);
#124500=CARTESIAN_POINT('',(0.17,-0.549999999999998,2.695));
#124510=DIRECTION('',(0.,0.,-1.));
#124520=DIRECTION('',(-1.,0.,0.));
#124530=AXIS2_PLACEMENT_3D('',#124500,#124510,#124520);
#124540=CYLINDRICAL_SURFACE('',#124530,0.05);
#124550=CARTESIAN_POINT('',(0.214117647058824,-0.526470588235292,2.485))
;
#124560=DIRECTION('',(0.,0.,1.));
#124570=VECTOR('',#124560,1.);
#124580=LINE('',#124550,#124570);
#124590=EDGE_CURVE('',#123780,#123270,#124580,.T.);
#124600=ORIENTED_EDGE('',*,*,#124590,.T.);
#124610=ORIENTED_EDGE('',*,*,#123790,.F.);
#124620=ORIENTED_EDGE('',*,*,#11220,.T.);
#124630=ORIENTED_EDGE('',*,*,#123350,.F.);
#124640=EDGE_LOOP('',(#124630,#124620,#124610,#124600));
#124650=FACE_OUTER_BOUND('',#124640,.T.);
#124660=ADVANCED_FACE('',(#124650),#124540,.F.);
#124670=CARTESIAN_POINT('',(0.214117647058824,-0.526470588235292,2.695))
;
#124680=DIRECTION('',(-0.88235294117647,-0.470588235294118,0.));
#124690=DIRECTION('',(0.470588235294118,-0.88235294117647,0.));
#124700=AXIS2_PLACEMENT_3D('',#124670,#124680,#124690);
#124710=PLANE('',#124700);
#124720=CARTESIAN_POINT('',(0.237647058823529,-0.570588235294116,2.635))
;
#124730=DIRECTION('',(0.,0.,-1.));
#124740=VECTOR('',#124730,1.);
#124750=LINE('',#124720,#124740);
#124760=EDGE_CURVE('',#123190,#123860,#124750,.T.);
#124770=ORIENTED_EDGE('',*,*,#124760,.F.);
#124780=ORIENTED_EDGE('',*,*,#123870,.F.);
#124790=ORIENTED_EDGE('',*,*,#124590,.F.);
#124800=ORIENTED_EDGE('',*,*,#123280,.F.);
#124810=EDGE_LOOP('',(#124800,#124790,#124780,#124770));
#124820=FACE_OUTER_BOUND('',#124810,.T.);
#124830=ADVANCED_FACE('',(#124820),#124710,.T.);
#124840=CARTESIAN_POINT('',(0.37,-0.499999999999998,2.695));
#124850=DIRECTION('',(0.,0.,-1.));
#124860=DIRECTION('',(-1.,0.,0.));
#124870=AXIS2_PLACEMENT_3D('',#124840,#124850,#124860);
#124880=CYLINDRICAL_SURFACE('',#124870,0.15);
#124890=CARTESIAN_POINT('',(0.37,-0.649999999999998,2.485));
#124900=DIRECTION('',(0.,0.,1.));
#124910=VECTOR('',#124900,1.);
#124920=LINE('',#124890,#124910);
#124930=EDGE_CURVE('',#123950,#123100,#124920,.T.);
#124940=ORIENTED_EDGE('',*,*,#124930,.T.);
#124950=ORIENTED_EDGE('',*,*,#123960,.F.);
#124960=ORIENTED_EDGE('',*,*,#124760,.T.);
#124970=ORIENTED_EDGE('',*,*,#123200,.F.);
#124980=EDGE_LOOP('',(#124970,#124960,#124950,#124940));
#124990=FACE_OUTER_BOUND('',#124980,.T.);
#125000=ADVANCED_FACE('',(#124990),#124880,.T.);
#125010=CARTESIAN_POINT('',(0.823766714898784,-0.649999999999997,2.695))
;
#125020=DIRECTION('',(6.47630097698008E-16,-1.,0.));
#125030=DIRECTION('',(1.,6.47630097698008E-16,0.));
#125040=AXIS2_PLACEMENT_3D('',#125010,#125020,#125030);
#125050=PLANE('',#125040);
#125060=ORIENTED_EDGE('',*,*,#124040,.T.);
#125070=ORIENTED_EDGE('',*,*,#124930,.F.);
#125080=ORIENTED_EDGE('',*,*,#123110,.T.);
#125090=CARTESIAN_POINT('',(0.630000000000003,-0.649999999999997,2.485))
;
#125100=DIRECTION('',(0.,0.,1.));
#125110=VECTOR('',#125100,1.);
#125120=LINE('',#125090,#125110);
#125130=EDGE_CURVE('',#124030,#123020,#125120,.T.);
#125140=ORIENTED_EDGE('',*,*,#125130,.T.);
#125150=EDGE_LOOP('',(#125140,#125080,#125070,#125060));
#125160=FACE_OUTER_BOUND('',#125150,.T.);
#125170=ADVANCED_FACE('',(#125160),#125050,.T.);
#125180=CARTESIAN_POINT('',(0.630000000000003,-0.7640024,
2.87476109676743));
#125190=DIRECTION('',(-1.,-3.5527136788005E-15,0.));
#125200=DIRECTION('',(0.,0.,-1.));
#125210=AXIS2_PLACEMENT_3D('',#125180,#125190,#125200);
#125220=PLANE('',#125210);
#125230=ORIENTED_EDGE('',*,*,#124120,.T.);
#125240=ORIENTED_EDGE('',*,*,#125130,.F.);
#125250=ORIENTED_EDGE('',*,*,#123030,.T.);
#125260=CARTESIAN_POINT('',(0.630000000000002,-0.549999999999998,2.635))
;
#125270=DIRECTION('',(0.,0.,-1.));
#125280=VECTOR('',#125270,1.);
#125290=LINE('',#125260,#125280);
#125300=EDGE_CURVE('',#122940,#124110,#125290,.T.);
#125310=ORIENTED_EDGE('',*,*,#125300,.F.);
#125320=EDGE_LOOP('',(#125310,#125250,#125240,#125230));
#125330=FACE_OUTER_BOUND('',#125320,.T.);
#125340=ADVANCED_FACE('',(#125330),#125220,.F.);
#125350=CARTESIAN_POINT('',(0.583766714898784,-0.549999999999998,2.695))
;
#125360=DIRECTION('',(0.,1.,0.));
#125370=DIRECTION('',(-1.,0.,0.));
#125380=AXIS2_PLACEMENT_3D('',#125350,#125360,#125370);
#125390=PLANE('',#125380);
#125400=CARTESIAN_POINT('',(0.37,-0.549999999999998,2.635));
#125410=DIRECTION('',(0.,0.,-1.));
#125420=VECTOR('',#125410,1.);
#125430=LINE('',#125400,#125420);
#125440=EDGE_CURVE('',#122860,#124190,#125430,.T.);
#125450=ORIENTED_EDGE('',*,*,#125440,.F.);
#125460=ORIENTED_EDGE('',*,*,#124200,.T.);
#125470=ORIENTED_EDGE('',*,*,#125300,.T.);
#125480=ORIENTED_EDGE('',*,*,#122950,.T.);
#125490=EDGE_LOOP('',(#125480,#125470,#125460,#125450));
#125500=FACE_OUTER_BOUND('',#125490,.T.);
#125510=ADVANCED_FACE('',(#125500),#125390,.T.);
#125520=CARTESIAN_POINT('',(0.37,-0.499999999999998,2.695));
#125530=DIRECTION('',(0.,0.,-1.));
#125540=DIRECTION('',(-1.,0.,0.));
#125550=AXIS2_PLACEMENT_3D('',#125520,#125530,#125540);
#125560=CYLINDRICAL_SURFACE('',#125550,0.05);
#125570=CARTESIAN_POINT('',(0.325882352941176,-0.523529411764704,2.485))
;
#125580=DIRECTION('',(0.,0.,1.));
#125590=VECTOR('',#125580,1.);
#125600=LINE('',#125570,#125590);
#125610=EDGE_CURVE('',#124280,#122770,#125600,.T.);
#125620=ORIENTED_EDGE('',*,*,#125610,.T.);
#125630=ORIENTED_EDGE('',*,*,#124290,.F.);
#125640=ORIENTED_EDGE('',*,*,#125440,.T.);
#125650=ORIENTED_EDGE('',*,*,#122870,.F.);
#125660=EDGE_LOOP('',(#125650,#125640,#125630,#125620));
#125670=FACE_OUTER_BOUND('',#125660,.T.);
#125680=ADVANCED_FACE('',(#125670),#125560,.F.);
#125690=CARTESIAN_POINT('',(0.325882352941176,-0.523529411764704,2.695))
;
#125700=DIRECTION('',(0.88235294117647,0.470588235294118,0.));
#125710=DIRECTION('',(-0.470588235294118,0.88235294117647,0.));
#125720=AXIS2_PLACEMENT_3D('',#125690,#125700,#125710);
#125730=PLANE('',#125720);
#125740=CARTESIAN_POINT('',(0.30235294117647,-0.47941176470588,2.635));
#125750=DIRECTION('',(0.,0.,-1.));
#125760=VECTOR('',#125750,1.);
#125770=LINE('',#125740,#125760);
#125780=EDGE_CURVE('',#122690,#124360,#125770,.T.);
#125790=ORIENTED_EDGE('',*,*,#125780,.F.);
#125800=ORIENTED_EDGE('',*,*,#124370,.F.);
#125810=ORIENTED_EDGE('',*,*,#125610,.F.);
#125820=ORIENTED_EDGE('',*,*,#122780,.F.);
#125830=EDGE_LOOP('',(#125820,#125810,#125800,#125790));
#125840=FACE_OUTER_BOUND('',#125830,.T.);
#125850=ADVANCED_FACE('',(#125840),#125730,.T.);
#125860=CARTESIAN_POINT('',(0.17,-0.549999999999998,2.695));
#125870=DIRECTION('',(0.,0.,-1.));
#125880=DIRECTION('',(-1.,0.,0.));
#125890=AXIS2_PLACEMENT_3D('',#125860,#125870,#125880);
#125900=CYLINDRICAL_SURFACE('',#125890,0.15);
#125910=ORIENTED_EDGE('',*,*,#123580,.T.);
#125920=ORIENTED_EDGE('',*,*,#124440,.F.);
#125930=ORIENTED_EDGE('',*,*,#125780,.T.);
#125940=ORIENTED_EDGE('',*,*,#122700,.F.);
#125950=EDGE_LOOP('',(#125940,#125930,#125920,#125910));
#125960=FACE_OUTER_BOUND('',#125950,.T.);
#125970=ADVANCED_FACE('',(#125960),#125900,.T.);
#125980=CARTESIAN_POINT('',(1.26514578638866,-0.649999999999998,2.235));
#125990=DIRECTION('',(0.,0.,-1.));
#126000=DIRECTION('',(0.,1.,0.));
#126010=AXIS2_PLACEMENT_3D('',#125980,#125990,#126000);
#126020=PLANE('',#126010);
#126030=ORIENTED_EDGE('',*,*,#4370,.T.);
#126040=CARTESIAN_POINT('',(0.0700000000000008,-0.399999999999998,2.235)
);
#126050=DIRECTION('',(1.,0.,0.));
#126060=VECTOR('',#126050,1.);
#126070=LINE('',#126040,#126060);
#126080=CARTESIAN_POINT('',(0.17,-0.399999999999998,2.235));
#126090=VERTEX_POINT('',#126080);
#126100=EDGE_CURVE('',#4280,#126090,#126070,.T.);
#126110=ORIENTED_EDGE('',*,*,#126100,.F.);
#126120=CARTESIAN_POINT('',(0.17,-0.549999999999998,2.235));
#126130=DIRECTION('',(0.,-0.,1.));
#126140=DIRECTION('',(0.882352941176504,0.470588235294055,0.));
#126150=AXIS2_PLACEMENT_3D('',#126120,#126130,#126140);
#126160=CIRCLE('',#126150,0.15);
#126170=CARTESIAN_POINT('',(0.302352941176472,-0.479411764705885,2.235))
;
#126180=VERTEX_POINT('',#126170);
#126190=EDGE_CURVE('',#126180,#126090,#126160,.T.);
#126200=ORIENTED_EDGE('',*,*,#126190,.T.);
#126210=CARTESIAN_POINT('',(0.32588235294118,-0.523529411764709,2.235));
#126220=DIRECTION('',(-0.470588235294118,0.88235294117647,0.));
#126230=VECTOR('',#126220,1.);
#126240=LINE('',#126210,#126230);
#126250=CARTESIAN_POINT('',(0.325882352941178,-0.523529411764707,2.235))
;
#126260=VERTEX_POINT('',#126250);
#126270=EDGE_CURVE('',#126260,#126180,#126240,.T.);
#126280=ORIENTED_EDGE('',*,*,#126270,.T.);
#126290=CARTESIAN_POINT('',(0.37,-0.499999999999998,2.235));
#126300=DIRECTION('',(0.,0.,-1.));
#126310=DIRECTION('',(0.,-1.,0.));
#126320=AXIS2_PLACEMENT_3D('',#126290,#126300,#126310);
#126330=CIRCLE('',#126320,0.05);
#126340=CARTESIAN_POINT('',(0.37,-0.549999999999998,2.235));
#126350=VERTEX_POINT('',#126340);
#126360=EDGE_CURVE('',#126350,#126260,#126330,.T.);
#126370=ORIENTED_EDGE('',*,*,#126360,.T.);
#126380=CARTESIAN_POINT('',(0.37,-0.549999999999998,2.235));
#126390=DIRECTION('',(1.,0.,0.));
#126400=VECTOR('',#126390,1.);
#126410=LINE('',#126380,#126400);
#126420=CARTESIAN_POINT('',(0.630000000000002,-0.549999999999998,2.235))
;
#126430=VERTEX_POINT('',#126420);
#126440=EDGE_CURVE('',#126350,#126430,#126410,.T.);
#126450=ORIENTED_EDGE('',*,*,#126440,.F.);
#126460=CARTESIAN_POINT('',(0.630000000000002,-0.549999999999998,2.235))
;
#126470=DIRECTION('',(3.3306690738755E-15,-1.,0.));
#126480=VECTOR('',#126470,1.);
#126490=LINE('',#126460,#126480);
#126500=CARTESIAN_POINT('',(0.630000000000003,-0.649999999999997,2.235))
;
#126510=VERTEX_POINT('',#126500);
#126520=EDGE_CURVE('',#126430,#126510,#126490,.T.);
#126530=ORIENTED_EDGE('',*,*,#126520,.F.);
#126540=CARTESIAN_POINT('',(0.630000000000003,-0.649999999999997,2.235))
;
#126550=DIRECTION('',(-1.,-8.54017711250111E-16,0.));
#126560=VECTOR('',#126550,1.);
#126570=LINE('',#126540,#126560);
#126580=CARTESIAN_POINT('',(0.369999999999994,-0.649999999999998,2.235))
;
#126590=VERTEX_POINT('',#126580);
#126600=EDGE_CURVE('',#126510,#126590,#126570,.T.);
#126610=ORIENTED_EDGE('',*,*,#126600,.F.);
#126620=CARTESIAN_POINT('',(0.37,-0.499999999999998,2.235));
#126630=DIRECTION('',(0.,0.,1.));
#126640=DIRECTION('',(-0.88235294117644,-0.470588235294175,0.));
#126650=AXIS2_PLACEMENT_3D('',#126620,#126630,#126640);
#126660=CIRCLE('',#126650,0.15);
#126670=CARTESIAN_POINT('',(0.237647058823532,-0.57058823529412,2.235));
#126680=VERTEX_POINT('',#126670);
#126690=EDGE_CURVE('',#126680,#126590,#126660,.T.);
#126700=ORIENTED_EDGE('',*,*,#126690,.T.);
#126710=CARTESIAN_POINT('',(0.214117647058827,-0.526470588235297,2.235))
;
#126720=DIRECTION('',(0.470588235294119,-0.88235294117647,0.));
#126730=VECTOR('',#126720,1.);
#126740=LINE('',#126710,#126730);
#126750=CARTESIAN_POINT('',(0.214117647058825,-0.526470588235295,2.235))
;
#126760=VERTEX_POINT('',#126750);
#126770=EDGE_CURVE('',#126760,#126680,#126740,.T.);
#126780=ORIENTED_EDGE('',*,*,#126770,.T.);
#126790=CARTESIAN_POINT('',(0.17,-0.549999999999998,2.235));
#126800=DIRECTION('',(0.,0.,-1.));
#126810=DIRECTION('',(-2.19269047363468E-13,1.,0.));
#126820=AXIS2_PLACEMENT_3D('',#126790,#126800,#126810);
#126830=CIRCLE('',#126820,0.05);
#126840=EDGE_CURVE('',#11360,#126760,#126830,.T.);
#126850=ORIENTED_EDGE('',*,*,#126840,.T.);
#126860=ORIENTED_EDGE('',*,*,#11370,.F.);
#126870=EDGE_LOOP('',(#126860,#126850,#126780,#126700,#126610,#126530,
#126450,#126370,#126280,#126200,#126110,#126030));
#126880=FACE_OUTER_BOUND('',#126870,.T.);
#126890=ADVANCED_FACE('',(#126880),#126020,.F.);
#126900=CARTESIAN_POINT('',(0.17,-0.399999999999998,2.295));
#126910=DIRECTION('',(0.,1.,0.));
#126920=DIRECTION('',(-1.,0.,0.));
#126930=AXIS2_PLACEMENT_3D('',#126900,#126910,#126920);
#126940=PLANE('',#126930);
#126950=CARTESIAN_POINT('',(0.17,-0.399999999999998,2.085));
#126960=DIRECTION('',(-1.,0.,0.));
#126970=VECTOR('',#126960,1.);
#126980=LINE('',#126950,#126970);
#126990=CARTESIAN_POINT('',(0.17,-0.399999999999998,2.085));
#127000=VERTEX_POINT('',#126990);
#127010=EDGE_CURVE('',#127000,#4200,#126980,.T.);
#127020=ORIENTED_EDGE('',*,*,#127010,.T.);
#127030=CARTESIAN_POINT('',(0.17,-0.399999999999998,2.085));
#127040=DIRECTION('',(0.,0.,1.));
#127050=VECTOR('',#127040,1.);
#127060=LINE('',#127030,#127050);
#127070=EDGE_CURVE('',#127000,#126090,#127060,.T.);
#127080=ORIENTED_EDGE('',*,*,#127070,.F.);
#127090=ORIENTED_EDGE('',*,*,#126100,.T.);
#127100=ORIENTED_EDGE('',*,*,#4290,.F.);
#127110=EDGE_LOOP('',(#127100,#127090,#127080,#127020));
#127120=FACE_OUTER_BOUND('',#127110,.T.);
#127130=ADVANCED_FACE('',(#127120),#126940,.T.);
#127140=CARTESIAN_POINT('',(1.26514578638866,-0.349999999999998,2.085));
#127150=DIRECTION('',(0.,0.,1.));
#127160=DIRECTION('',(0.,-1.,0.));
#127170=AXIS2_PLACEMENT_3D('',#127140,#127150,#127160);
#127180=PLANE('',#127170);
#127190=ORIENTED_EDGE('',*,*,#4210,.T.);
#127200=ORIENTED_EDGE('',*,*,#11510,.F.);
#127210=CARTESIAN_POINT('',(0.17,-0.549999999999998,2.085));
#127220=DIRECTION('',(0.,-0.,1.));
#127230=DIRECTION('',(0.882352941176532,0.470588235294003,0.));
#127240=AXIS2_PLACEMENT_3D('',#127210,#127220,#127230);
#127250=CIRCLE('',#127240,0.05);
#127260=CARTESIAN_POINT('',(0.214117647058826,-0.526470588235295,2.085))
;
#127270=VERTEX_POINT('',#127260);
#127280=EDGE_CURVE('',#127270,#11440,#127250,.T.);
#127290=ORIENTED_EDGE('',*,*,#127280,.T.);
#127300=CARTESIAN_POINT('',(0.237647058823529,-0.570588235294116,2.085))
;
#127310=DIRECTION('',(-0.470588235294108,0.882352941176476,0.));
#127320=VECTOR('',#127310,1.);
#127330=LINE('',#127300,#127320);
#127340=CARTESIAN_POINT('',(0.23764705882353,-0.570588235294116,2.085));
#127350=VERTEX_POINT('',#127340);
#127360=EDGE_CURVE('',#127350,#127270,#127330,.T.);
#127370=ORIENTED_EDGE('',*,*,#127360,.T.);
#127380=CARTESIAN_POINT('',(0.37,-0.499999999999998,2.085));
#127390=DIRECTION('',(-0.,0.,-1.));
#127400=DIRECTION('',(-1.14723045877933E-13,-1.,0.));
#127410=AXIS2_PLACEMENT_3D('',#127380,#127390,#127400);
#127420=CIRCLE('',#127410,0.15);
#127430=CARTESIAN_POINT('',(0.369999999999991,-0.649999999999997,2.085))
;
#127440=VERTEX_POINT('',#127430);
#127450=EDGE_CURVE('',#127440,#127350,#127420,.T.);
#127460=ORIENTED_EDGE('',*,*,#127450,.T.);
#127470=CARTESIAN_POINT('',(0.37,-0.649999999999997,2.085));
#127480=DIRECTION('',(1.,8.54017711250111E-16,0.));
#127490=VECTOR('',#127480,1.);
#127500=LINE('',#127470,#127490);
#127510=CARTESIAN_POINT('',(0.630000000000003,-0.649999999999997,2.085))
;
#127520=VERTEX_POINT('',#127510);
#127530=EDGE_CURVE('',#127440,#127520,#127500,.T.);
#127540=ORIENTED_EDGE('',*,*,#127530,.F.);
#127550=CARTESIAN_POINT('',(0.630000000000003,-0.649999999999997,2.085))
;
#127560=DIRECTION('',(-3.3306690738755E-15,1.,0.));
#127570=VECTOR('',#127560,1.);
#127580=LINE('',#127550,#127570);
#127590=CARTESIAN_POINT('',(0.630000000000003,-0.549999999999998,2.085))
;
#127600=VERTEX_POINT('',#127590);
#127610=EDGE_CURVE('',#127520,#127600,#127580,.T.);
#127620=ORIENTED_EDGE('',*,*,#127610,.F.);
#127630=CARTESIAN_POINT('',(0.630000000000002,-0.549999999999998,2.085))
;
#127640=DIRECTION('',(-1.,0.,0.));
#127650=VECTOR('',#127640,1.);
#127660=LINE('',#127630,#127650);
#127670=CARTESIAN_POINT('',(0.37,-0.549999999999998,2.085));
#127680=VERTEX_POINT('',#127670);
#127690=EDGE_CURVE('',#127600,#127680,#127660,.T.);
#127700=ORIENTED_EDGE('',*,*,#127690,.F.);
#127710=CARTESIAN_POINT('',(0.37,-0.499999999999998,2.085));
#127720=DIRECTION('',(0.,0.,1.));
#127730=DIRECTION('',(-0.882352941176462,-0.470588235294134,0.));
#127740=AXIS2_PLACEMENT_3D('',#127710,#127720,#127730);
#127750=CIRCLE('',#127740,0.05);
#127760=CARTESIAN_POINT('',(0.325882352941176,-0.523529411764704,2.085))
;
#127770=VERTEX_POINT('',#127760);
#127780=EDGE_CURVE('',#127770,#127680,#127750,.T.);
#127790=ORIENTED_EDGE('',*,*,#127780,.T.);
#127800=CARTESIAN_POINT('',(0.30235294117647,-0.47941176470588,2.085));
#127810=DIRECTION('',(0.470588235294117,-0.882352941176471,0.));
#127820=VECTOR('',#127810,1.);
#127830=LINE('',#127800,#127820);
#127840=CARTESIAN_POINT('',(0.30235294117647,-0.47941176470588,2.085));
#127850=VERTEX_POINT('',#127840);
#127860=EDGE_CURVE('',#127850,#127770,#127830,.T.);
#127870=ORIENTED_EDGE('',*,*,#127860,.T.);
#127880=CARTESIAN_POINT('',(0.17,-0.549999999999998,2.085));
#127890=DIRECTION('',(0.,0.,-1.));
#127900=DIRECTION('',(-5.55111512312578E-16,1.,0.));
#127910=AXIS2_PLACEMENT_3D('',#127880,#127890,#127900);
#127920=CIRCLE('',#127910,0.15);
#127930=EDGE_CURVE('',#127000,#127850,#127920,.T.);
#127940=ORIENTED_EDGE('',*,*,#127930,.T.);
#127950=ORIENTED_EDGE('',*,*,#127010,.F.);
#127960=EDGE_LOOP('',(#127950,#127940,#127870,#127790,#127700,#127620,
#127540,#127460,#127370,#127290,#127200,#127190));
#127970=FACE_OUTER_BOUND('',#127960,.T.);
#127980=ADVANCED_FACE('',(#127970),#127180,.F.);
#127990=CARTESIAN_POINT('',(0.17,-0.549999999999998,2.295));
#128000=DIRECTION('',(0.,0.,-1.));
#128010=DIRECTION('',(-1.,0.,0.));
#128020=AXIS2_PLACEMENT_3D('',#127990,#128000,#128010);
#128030=CYLINDRICAL_SURFACE('',#128020,0.05);
#128040=CARTESIAN_POINT('',(0.214117647058824,-0.526470588235292,2.085))
;
#128050=DIRECTION('',(0.,0.,1.));
#128060=VECTOR('',#128050,1.);
#128070=LINE('',#128040,#128060);
#128080=EDGE_CURVE('',#127270,#126760,#128070,.T.);
#128090=ORIENTED_EDGE('',*,*,#128080,.T.);
#128100=ORIENTED_EDGE('',*,*,#127280,.F.);
#128110=ORIENTED_EDGE('',*,*,#11450,.T.);
#128120=ORIENTED_EDGE('',*,*,#126840,.F.);
#128130=EDGE_LOOP('',(#128120,#128110,#128100,#128090));
#128140=FACE_OUTER_BOUND('',#128130,.T.);
#128150=ADVANCED_FACE('',(#128140),#128030,.F.);
#128160=CARTESIAN_POINT('',(0.214117647058824,-0.526470588235292,2.295))
;
#128170=DIRECTION('',(-0.88235294117647,-0.470588235294118,0.));
#128180=DIRECTION('',(0.470588235294118,-0.88235294117647,0.));
#128190=AXIS2_PLACEMENT_3D('',#128160,#128170,#128180);
#128200=PLANE('',#128190);
#128210=CARTESIAN_POINT('',(0.237647058823529,-0.570588235294116,2.235))
;
#128220=DIRECTION('',(0.,0.,-1.));
#128230=VECTOR('',#128220,1.);
#128240=LINE('',#128210,#128230);
#128250=EDGE_CURVE('',#126680,#127350,#128240,.T.);
#128260=ORIENTED_EDGE('',*,*,#128250,.F.);
#128270=ORIENTED_EDGE('',*,*,#127360,.F.);
#128280=ORIENTED_EDGE('',*,*,#128080,.F.);
#128290=ORIENTED_EDGE('',*,*,#126770,.F.);
#128300=EDGE_LOOP('',(#128290,#128280,#128270,#128260));
#128310=FACE_OUTER_BOUND('',#128300,.T.);
#128320=ADVANCED_FACE('',(#128310),#128200,.T.);
#128330=CARTESIAN_POINT('',(0.37,-0.499999999999998,2.295));
#128340=DIRECTION('',(0.,0.,-1.));
#128350=DIRECTION('',(-1.,0.,0.));
#128360=AXIS2_PLACEMENT_3D('',#128330,#128340,#128350);
#128370=CYLINDRICAL_SURFACE('',#128360,0.15);
#128380=CARTESIAN_POINT('',(0.37,-0.649999999999998,2.085));
#128390=DIRECTION('',(0.,0.,1.));
#128400=VECTOR('',#128390,1.);
#128410=LINE('',#128380,#128400);
#128420=EDGE_CURVE('',#127440,#126590,#128410,.T.);
#128430=ORIENTED_EDGE('',*,*,#128420,.T.);
#128440=ORIENTED_EDGE('',*,*,#127450,.F.);
#128450=ORIENTED_EDGE('',*,*,#128250,.T.);
#128460=ORIENTED_EDGE('',*,*,#126690,.F.);
#128470=EDGE_LOOP('',(#128460,#128450,#128440,#128430));
#128480=FACE_OUTER_BOUND('',#128470,.T.);
#128490=ADVANCED_FACE('',(#128480),#128370,.T.);
#128500=CARTESIAN_POINT('',(0.823766714898784,-0.649999999999997,2.295))
;
#128510=DIRECTION('',(6.47630097698008E-16,-1.,0.));
#128520=DIRECTION('',(1.,6.47630097698008E-16,0.));
#128530=AXIS2_PLACEMENT_3D('',#128500,#128510,#128520);
#128540=PLANE('',#128530);
#128550=ORIENTED_EDGE('',*,*,#127530,.T.);
#128560=ORIENTED_EDGE('',*,*,#128420,.F.);
#128570=ORIENTED_EDGE('',*,*,#126600,.T.);
#128580=CARTESIAN_POINT('',(0.630000000000003,-0.649999999999997,2.085))
;
#128590=DIRECTION('',(0.,0.,1.));
#128600=VECTOR('',#128590,1.);
#128610=LINE('',#128580,#128600);
#128620=EDGE_CURVE('',#127520,#126510,#128610,.T.);
#128630=ORIENTED_EDGE('',*,*,#128620,.T.);
#128640=EDGE_LOOP('',(#128630,#128570,#128560,#128550));
#128650=FACE_OUTER_BOUND('',#128640,.T.);
#128660=ADVANCED_FACE('',(#128650),#128540,.T.);
#128670=CARTESIAN_POINT('',(0.630000000000003,-0.7640024,
2.47476109676743));
#128680=DIRECTION('',(-1.,-3.5527136788005E-15,0.));
#128690=DIRECTION('',(0.,0.,-1.));
#128700=AXIS2_PLACEMENT_3D('',#128670,#128680,#128690);
#128710=PLANE('',#128700);
#128720=ORIENTED_EDGE('',*,*,#127610,.T.);
#128730=ORIENTED_EDGE('',*,*,#128620,.F.);
#128740=ORIENTED_EDGE('',*,*,#126520,.T.);
#128750=CARTESIAN_POINT('',(0.630000000000002,-0.549999999999998,2.235))
;
#128760=DIRECTION('',(0.,0.,-1.));
#128770=VECTOR('',#128760,1.);
#128780=LINE('',#128750,#128770);
#128790=EDGE_CURVE('',#126430,#127600,#128780,.T.);
#128800=ORIENTED_EDGE('',*,*,#128790,.F.);
#128810=EDGE_LOOP('',(#128800,#128740,#128730,#128720));
#128820=FACE_OUTER_BOUND('',#128810,.T.);
#128830=ADVANCED_FACE('',(#128820),#128710,.F.);
#128840=CARTESIAN_POINT('',(0.583766714898784,-0.549999999999998,2.295))
;
#128850=DIRECTION('',(0.,1.,0.));
#128860=DIRECTION('',(-1.,0.,0.));
#128870=AXIS2_PLACEMENT_3D('',#128840,#128850,#128860);
#128880=PLANE('',#128870);
#128890=CARTESIAN_POINT('',(0.37,-0.549999999999998,2.235));
#128900=DIRECTION('',(0.,0.,-1.));
#128910=VECTOR('',#128900,1.);
#128920=LINE('',#128890,#128910);
#128930=EDGE_CURVE('',#126350,#127680,#128920,.T.);
#128940=ORIENTED_EDGE('',*,*,#128930,.F.);
#128950=ORIENTED_EDGE('',*,*,#127690,.T.);
#128960=ORIENTED_EDGE('',*,*,#128790,.T.);
#128970=ORIENTED_EDGE('',*,*,#126440,.T.);
#128980=EDGE_LOOP('',(#128970,#128960,#128950,#128940));
#128990=FACE_OUTER_BOUND('',#128980,.T.);
#129000=ADVANCED_FACE('',(#128990),#128880,.T.);
#129010=CARTESIAN_POINT('',(0.37,-0.499999999999998,2.295));
#129020=DIRECTION('',(0.,0.,-1.));
#129030=DIRECTION('',(-1.,0.,0.));
#129040=AXIS2_PLACEMENT_3D('',#129010,#129020,#129030);
#129050=CYLINDRICAL_SURFACE('',#129040,0.05);
#129060=CARTESIAN_POINT('',(0.325882352941176,-0.523529411764704,2.085))
;
#129070=DIRECTION('',(0.,0.,1.));
#129080=VECTOR('',#129070,1.);
#129090=LINE('',#129060,#129080);
#129100=EDGE_CURVE('',#127770,#126260,#129090,.T.);
#129110=ORIENTED_EDGE('',*,*,#129100,.T.);
#129120=ORIENTED_EDGE('',*,*,#127780,.F.);
#129130=ORIENTED_EDGE('',*,*,#128930,.T.);
#129140=ORIENTED_EDGE('',*,*,#126360,.F.);
#129150=EDGE_LOOP('',(#129140,#129130,#129120,#129110));
#129160=FACE_OUTER_BOUND('',#129150,.T.);
#129170=ADVANCED_FACE('',(#129160),#129050,.F.);
#129180=CARTESIAN_POINT('',(0.325882352941176,-0.523529411764704,2.295))
;
#129190=DIRECTION('',(0.88235294117647,0.470588235294118,0.));
#129200=DIRECTION('',(-0.470588235294118,0.88235294117647,0.));
#129210=AXIS2_PLACEMENT_3D('',#129180,#129190,#129200);
#129220=PLANE('',#129210);
#129230=CARTESIAN_POINT('',(0.30235294117647,-0.47941176470588,2.235));
#129240=DIRECTION('',(0.,0.,-1.));
#129250=VECTOR('',#129240,1.);
#129260=LINE('',#129230,#129250);
#129270=EDGE_CURVE('',#126180,#127850,#129260,.T.);
#129280=ORIENTED_EDGE('',*,*,#129270,.F.);
#129290=ORIENTED_EDGE('',*,*,#127860,.F.);
#129300=ORIENTED_EDGE('',*,*,#129100,.F.);
#129310=ORIENTED_EDGE('',*,*,#126270,.F.);
#129320=EDGE_LOOP('',(#129310,#129300,#129290,#129280));
#129330=FACE_OUTER_BOUND('',#129320,.T.);
#129340=ADVANCED_FACE('',(#129330),#129220,.T.);
#129350=CARTESIAN_POINT('',(0.17,-0.549999999999998,2.295));
#129360=DIRECTION('',(0.,0.,-1.));
#129370=DIRECTION('',(-1.,0.,0.));
#129380=AXIS2_PLACEMENT_3D('',#129350,#129360,#129370);
#129390=CYLINDRICAL_SURFACE('',#129380,0.15);
#129400=ORIENTED_EDGE('',*,*,#127070,.T.);
#129410=ORIENTED_EDGE('',*,*,#127930,.F.);
#129420=ORIENTED_EDGE('',*,*,#129270,.T.);
#129430=ORIENTED_EDGE('',*,*,#126190,.F.);
#129440=EDGE_LOOP('',(#129430,#129420,#129410,#129400));
#129450=FACE_OUTER_BOUND('',#129440,.T.);
#129460=ADVANCED_FACE('',(#129450),#129390,.T.);
#129470=CARTESIAN_POINT('',(1.26514578638866,-0.649999999999998,1.835));
#129480=DIRECTION('',(0.,0.,-1.));
#129490=DIRECTION('',(0.,1.,0.));
#129500=AXIS2_PLACEMENT_3D('',#129470,#129480,#129490);
#129510=PLANE('',#129500);
#129520=ORIENTED_EDGE('',*,*,#4050,.T.);
#129530=CARTESIAN_POINT('',(0.0700000000000008,-0.399999999999998,1.835)
);
#129540=DIRECTION('',(1.,0.,0.));
#129550=VECTOR('',#129540,1.);
#129560=LINE('',#129530,#129550);
#129570=CARTESIAN_POINT('',(0.17,-0.399999999999998,1.835));
#129580=VERTEX_POINT('',#129570);
#129590=EDGE_CURVE('',#3960,#129580,#129560,.T.);
#129600=ORIENTED_EDGE('',*,*,#129590,.F.);
#129610=CARTESIAN_POINT('',(0.17,-0.549999999999998,1.835));
#129620=DIRECTION('',(0.,-0.,1.));
#129630=DIRECTION('',(0.882352941176496,0.470588235294071,0.));
#129640=AXIS2_PLACEMENT_3D('',#129610,#129620,#129630);
#129650=CIRCLE('',#129640,0.15);
#129660=CARTESIAN_POINT('',(0.302352941176472,-0.479411764705884,1.835))
;
#129670=VERTEX_POINT('',#129660);
#129680=EDGE_CURVE('',#129670,#129580,#129650,.T.);
#129690=ORIENTED_EDGE('',*,*,#129680,.T.);
#129700=CARTESIAN_POINT('',(0.325882352941179,-0.523529411764707,1.835))
;
#129710=DIRECTION('',(-0.470588235294115,0.882352941176472,0.));
#129720=VECTOR('',#129710,1.);
#129730=LINE('',#129700,#129720);
#129740=CARTESIAN_POINT('',(0.325882352941177,-0.523529411764705,1.835))
;
#129750=VERTEX_POINT('',#129740);
#129760=EDGE_CURVE('',#129750,#129670,#129730,.T.);
#129770=ORIENTED_EDGE('',*,*,#129760,.T.);
#129780=CARTESIAN_POINT('',(0.37,-0.499999999999998,1.835));
#129790=DIRECTION('',(0.,0.,-1.));
#129800=DIRECTION('',(0.,-1.,0.));
#129810=AXIS2_PLACEMENT_3D('',#129780,#129790,#129800);
#129820=CIRCLE('',#129810,0.05);
#129830=CARTESIAN_POINT('',(0.37,-0.549999999999998,1.835));
#129840=VERTEX_POINT('',#129830);
#129850=EDGE_CURVE('',#129840,#129750,#129820,.T.);
#129860=ORIENTED_EDGE('',*,*,#129850,.T.);
#129870=CARTESIAN_POINT('',(0.37,-0.549999999999998,1.835));
#129880=DIRECTION('',(1.,0.,0.));
#129890=VECTOR('',#129880,1.);
#129900=LINE('',#129870,#129890);
#129910=CARTESIAN_POINT('',(0.630000000000002,-0.549999999999998,1.835))
;
#129920=VERTEX_POINT('',#129910);
#129930=EDGE_CURVE('',#129840,#129920,#129900,.T.);
#129940=ORIENTED_EDGE('',*,*,#129930,.F.);
#129950=CARTESIAN_POINT('',(0.630000000000002,-0.549999999999998,1.835))
;
#129960=DIRECTION('',(3.3306690738755E-15,-1.,0.));
#129970=VECTOR('',#129960,1.);
#129980=LINE('',#129950,#129970);
#129990=CARTESIAN_POINT('',(0.630000000000003,-0.649999999999997,1.835))
;
#130000=VERTEX_POINT('',#129990);
#130010=EDGE_CURVE('',#129920,#130000,#129980,.T.);
#130020=ORIENTED_EDGE('',*,*,#130010,.F.);
#130030=CARTESIAN_POINT('',(0.630000000000003,-0.649999999999997,1.835))
;
#130040=DIRECTION('',(-1.,-8.54017711250111E-16,0.));
#130050=VECTOR('',#130040,1.);
#130060=LINE('',#130030,#130050);
#130070=CARTESIAN_POINT('',(0.369999999999995,-0.649999999999998,1.835))
;
#130080=VERTEX_POINT('',#130070);
#130090=EDGE_CURVE('',#130000,#130080,#130060,.T.);
#130100=ORIENTED_EDGE('',*,*,#130090,.F.);
#130110=CARTESIAN_POINT('',(0.37,-0.499999999999998,1.835));
#130120=DIRECTION('',(0.,0.,1.));
#130130=DIRECTION('',(-0.882352941176442,-0.470588235294171,0.));
#130140=AXIS2_PLACEMENT_3D('',#130110,#130120,#130130);
#130150=CIRCLE('',#130140,0.15);
#130160=CARTESIAN_POINT('',(0.237647058823532,-0.570588235294119,1.835))
;
#130170=VERTEX_POINT('',#130160);
#130180=EDGE_CURVE('',#130170,#130080,#130150,.T.);
#130190=ORIENTED_EDGE('',*,*,#130180,.T.);
#130200=CARTESIAN_POINT('',(0.214117647058827,-0.526470588235297,1.835))
;
#130210=DIRECTION('',(0.470588235294116,-0.882352941176471,0.));
#130220=VECTOR('',#130210,1.);
#130230=LINE('',#130200,#130220);
#130240=CARTESIAN_POINT('',(0.214117647058825,-0.526470588235295,1.835))
;
#130250=VERTEX_POINT('',#130240);
#130260=EDGE_CURVE('',#130250,#130170,#130230,.T.);
#130270=ORIENTED_EDGE('',*,*,#130260,.T.);
#130280=CARTESIAN_POINT('',(0.17,-0.549999999999998,1.835));
#130290=DIRECTION('',(0.,0.,-1.));
#130300=DIRECTION('',(-2.19269047363468E-13,1.,0.));
#130310=AXIS2_PLACEMENT_3D('',#130280,#130290,#130300);
#130320=CIRCLE('',#130310,0.05);
#130330=EDGE_CURVE('',#11590,#130250,#130320,.T.);
#130340=ORIENTED_EDGE('',*,*,#130330,.T.);
#130350=ORIENTED_EDGE('',*,*,#11600,.F.);
#130360=EDGE_LOOP('',(#130350,#130340,#130270,#130190,#130100,#130020,
#129940,#129860,#129770,#129690,#129600,#129520));
#130370=FACE_OUTER_BOUND('',#130360,.T.);
#130380=ADVANCED_FACE('',(#130370),#129510,.F.);
#130390=CARTESIAN_POINT('',(0.17,-0.399999999999998,1.895));
#130400=DIRECTION('',(0.,1.,0.));
#130410=DIRECTION('',(-1.,0.,0.));
#130420=AXIS2_PLACEMENT_3D('',#130390,#130400,#130410);
#130430=PLANE('',#130420);
#130440=CARTESIAN_POINT('',(0.17,-0.399999999999998,1.685));
#130450=DIRECTION('',(-1.,0.,0.));
#130460=VECTOR('',#130450,1.);
#130470=LINE('',#130440,#130460);
#130480=CARTESIAN_POINT('',(0.17,-0.399999999999998,1.685));
#130490=VERTEX_POINT('',#130480);
#130500=EDGE_CURVE('',#130490,#3880,#130470,.T.);
#130510=ORIENTED_EDGE('',*,*,#130500,.T.);
#130520=CARTESIAN_POINT('',(0.17,-0.399999999999998,1.685));
#130530=DIRECTION('',(0.,0.,1.));
#130540=VECTOR('',#130530,1.);
#130550=LINE('',#130520,#130540);
#130560=EDGE_CURVE('',#130490,#129580,#130550,.T.);
#130570=ORIENTED_EDGE('',*,*,#130560,.F.);
#130580=ORIENTED_EDGE('',*,*,#129590,.T.);
#130590=ORIENTED_EDGE('',*,*,#3970,.F.);
#130600=EDGE_LOOP('',(#130590,#130580,#130570,#130510));
#130610=FACE_OUTER_BOUND('',#130600,.T.);
#130620=ADVANCED_FACE('',(#130610),#130430,.T.);
#130630=CARTESIAN_POINT('',(1.26514578638866,-0.349999999999998,1.685));
#130640=DIRECTION('',(0.,0.,1.));
#130650=DIRECTION('',(0.,-1.,0.));
#130660=AXIS2_PLACEMENT_3D('',#130630,#130640,#130650);
#130670=PLANE('',#130660);
#130680=ORIENTED_EDGE('',*,*,#3890,.T.);
#130690=ORIENTED_EDGE('',*,*,#11740,.F.);
#130700=CARTESIAN_POINT('',(0.17,-0.549999999999998,1.685));
#130710=DIRECTION('',(0.,-0.,1.));
#130720=DIRECTION('',(0.88235294117651,0.470588235294045,0.));
#130730=AXIS2_PLACEMENT_3D('',#130700,#130710,#130720);
#130740=CIRCLE('',#130730,0.05);
#130750=CARTESIAN_POINT('',(0.214117647058825,-0.526470588235294,1.685))
;
#130760=VERTEX_POINT('',#130750);
#130770=EDGE_CURVE('',#130760,#11670,#130740,.T.);
#130780=ORIENTED_EDGE('',*,*,#130770,.T.);
#130790=CARTESIAN_POINT('',(0.237647058823529,-0.570588235294116,1.685))
;
#130800=DIRECTION('',(-0.470588235294112,0.882352941176473,0.));
#130810=VECTOR('',#130800,1.);
#130820=LINE('',#130790,#130810);
#130830=CARTESIAN_POINT('',(0.23764705882353,-0.570588235294116,1.685));
#130840=VERTEX_POINT('',#130830);
#130850=EDGE_CURVE('',#130840,#130760,#130820,.T.);
#130860=ORIENTED_EDGE('',*,*,#130850,.T.);
#130870=CARTESIAN_POINT('',(0.37,-0.499999999999998,1.685));
#130880=DIRECTION('',(-0.,0.,-1.));
#130890=DIRECTION('',(-1.14723045877933E-13,-1.,0.));
#130900=AXIS2_PLACEMENT_3D('',#130870,#130880,#130890);
#130910=CIRCLE('',#130900,0.15);
#130920=CARTESIAN_POINT('',(0.369999999999991,-0.649999999999997,1.685))
;
#130930=VERTEX_POINT('',#130920);
#130940=EDGE_CURVE('',#130930,#130840,#130910,.T.);
#130950=ORIENTED_EDGE('',*,*,#130940,.T.);
#130960=CARTESIAN_POINT('',(0.37,-0.649999999999997,1.685));
#130970=DIRECTION('',(1.,8.54017711250111E-16,0.));
#130980=VECTOR('',#130970,1.);
#130990=LINE('',#130960,#130980);
#131000=CARTESIAN_POINT('',(0.630000000000003,-0.649999999999997,1.685))
;
#131010=VERTEX_POINT('',#131000);
#131020=EDGE_CURVE('',#130930,#131010,#130990,.T.);
#131030=ORIENTED_EDGE('',*,*,#131020,.F.);
#131040=CARTESIAN_POINT('',(0.630000000000003,-0.649999999999997,1.685))
;
#131050=DIRECTION('',(-3.3306690738755E-15,1.,0.));
#131060=VECTOR('',#131050,1.);
#131070=LINE('',#131040,#131060);
#131080=CARTESIAN_POINT('',(0.630000000000003,-0.549999999999998,1.685))
;
#131090=VERTEX_POINT('',#131080);
#131100=EDGE_CURVE('',#131010,#131090,#131070,.T.);
#131110=ORIENTED_EDGE('',*,*,#131100,.F.);
#131120=CARTESIAN_POINT('',(0.630000000000002,-0.549999999999998,1.685))
;
#131130=DIRECTION('',(-1.,0.,0.));
#131140=VECTOR('',#131130,1.);
#131150=LINE('',#131120,#131140);
#131160=CARTESIAN_POINT('',(0.37,-0.549999999999998,1.685));
#131170=VERTEX_POINT('',#131160);
#131180=EDGE_CURVE('',#131090,#131170,#131150,.T.);
#131190=ORIENTED_EDGE('',*,*,#131180,.F.);
#131200=CARTESIAN_POINT('',(0.37,-0.499999999999998,1.685));
#131210=DIRECTION('',(0.,0.,1.));
#131220=DIRECTION('',(-0.882352941176487,-0.470588235294087,0.));
#131230=AXIS2_PLACEMENT_3D('',#131200,#131210,#131220);
#131240=CIRCLE('',#131230,0.05);
#131250=CARTESIAN_POINT('',(0.325882352941176,-0.523529411764703,1.685))
;
#131260=VERTEX_POINT('',#131250);
#131270=EDGE_CURVE('',#131260,#131170,#131240,.T.);
#131280=ORIENTED_EDGE('',*,*,#131270,.T.);
#131290=CARTESIAN_POINT('',(0.302352941176469,-0.479411764705878,1.685))
;
#131300=DIRECTION('',(0.470588235294116,-0.882352941176471,0.));
#131310=VECTOR('',#131300,1.);
#131320=LINE('',#131290,#131310);
#131330=CARTESIAN_POINT('',(0.30235294117647,-0.479411764705879,1.685));
#131340=VERTEX_POINT('',#131330);
#131350=EDGE_CURVE('',#131340,#131260,#131320,.T.);
#131360=ORIENTED_EDGE('',*,*,#131350,.T.);
#131370=CARTESIAN_POINT('',(0.17,-0.549999999999998,1.685));
#131380=DIRECTION('',(0.,0.,-1.));
#131390=DIRECTION('',(-5.55111512312578E-16,1.,0.));
#131400=AXIS2_PLACEMENT_3D('',#131370,#131380,#131390);
#131410=CIRCLE('',#131400,0.15);
#131420=EDGE_CURVE('',#130490,#131340,#131410,.T.);
#131430=ORIENTED_EDGE('',*,*,#131420,.T.);
#131440=ORIENTED_EDGE('',*,*,#130500,.F.);
#131450=EDGE_LOOP('',(#131440,#131430,#131360,#131280,#131190,#131110,
#131030,#130950,#130860,#130780,#130690,#130680));
#131460=FACE_OUTER_BOUND('',#131450,.T.);
#131470=ADVANCED_FACE('',(#131460),#130670,.F.);
#131480=CARTESIAN_POINT('',(0.17,-0.549999999999998,1.895));
#131490=DIRECTION('',(0.,0.,-1.));
#131500=DIRECTION('',(-1.,0.,0.));
#131510=AXIS2_PLACEMENT_3D('',#131480,#131490,#131500);
#131520=CYLINDRICAL_SURFACE('',#131510,0.05);
#131530=CARTESIAN_POINT('',(0.214117647058824,-0.526470588235292,1.685))
;
#131540=DIRECTION('',(0.,0.,1.));
#131550=VECTOR('',#131540,1.);
#131560=LINE('',#131530,#131550);
#131570=EDGE_CURVE('',#130760,#130250,#131560,.T.);
#131580=ORIENTED_EDGE('',*,*,#131570,.T.);
#131590=ORIENTED_EDGE('',*,*,#130770,.F.);
#131600=ORIENTED_EDGE('',*,*,#11680,.T.);
#131610=ORIENTED_EDGE('',*,*,#130330,.F.);
#131620=EDGE_LOOP('',(#131610,#131600,#131590,#131580));
#131630=FACE_OUTER_BOUND('',#131620,.T.);
#131640=ADVANCED_FACE('',(#131630),#131520,.F.);
#131650=CARTESIAN_POINT('',(0.214117647058824,-0.526470588235292,1.895))
;
#131660=DIRECTION('',(-0.88235294117647,-0.470588235294118,0.));
#131670=DIRECTION('',(0.470588235294118,-0.88235294117647,0.));
#131680=AXIS2_PLACEMENT_3D('',#131650,#131660,#131670);
#131690=PLANE('',#131680);
#131700=CARTESIAN_POINT('',(0.237647058823529,-0.570588235294116,1.835))
;
#131710=DIRECTION('',(0.,0.,-1.));
#131720=VECTOR('',#131710,1.);
#131730=LINE('',#131700,#131720);
#131740=EDGE_CURVE('',#130170,#130840,#131730,.T.);
#131750=ORIENTED_EDGE('',*,*,#131740,.F.);
#131760=ORIENTED_EDGE('',*,*,#130850,.F.);
#131770=ORIENTED_EDGE('',*,*,#131570,.F.);
#131780=ORIENTED_EDGE('',*,*,#130260,.F.);
#131790=EDGE_LOOP('',(#131780,#131770,#131760,#131750));
#131800=FACE_OUTER_BOUND('',#131790,.T.);
#131810=ADVANCED_FACE('',(#131800),#131690,.T.);
#131820=CARTESIAN_POINT('',(0.37,-0.499999999999998,1.895));
#131830=DIRECTION('',(0.,0.,-1.));
#131840=DIRECTION('',(-1.,0.,0.));
#131850=AXIS2_PLACEMENT_3D('',#131820,#131830,#131840);
#131860=CYLINDRICAL_SURFACE('',#131850,0.15);
#131870=CARTESIAN_POINT('',(0.37,-0.649999999999998,1.685));
#131880=DIRECTION('',(0.,0.,1.));
#131890=VECTOR('',#131880,1.);
#131900=LINE('',#131870,#131890);
#131910=EDGE_CURVE('',#130930,#130080,#131900,.T.);
#131920=ORIENTED_EDGE('',*,*,#131910,.T.);
#131930=ORIENTED_EDGE('',*,*,#130940,.F.);
#131940=ORIENTED_EDGE('',*,*,#131740,.T.);
#131950=ORIENTED_EDGE('',*,*,#130180,.F.);
#131960=EDGE_LOOP('',(#131950,#131940,#131930,#131920));
#131970=FACE_OUTER_BOUND('',#131960,.T.);
#131980=ADVANCED_FACE('',(#131970),#131860,.T.);
#131990=CARTESIAN_POINT('',(0.823766714898784,-0.649999999999997,1.895))
;
#132000=DIRECTION('',(6.47630097698008E-16,-1.,0.));
#132010=DIRECTION('',(1.,6.47630097698008E-16,0.));
#132020=AXIS2_PLACEMENT_3D('',#131990,#132000,#132010);
#132030=PLANE('',#132020);
#132040=ORIENTED_EDGE('',*,*,#131020,.T.);
#132050=ORIENTED_EDGE('',*,*,#131910,.F.);
#132060=ORIENTED_EDGE('',*,*,#130090,.T.);
#132070=CARTESIAN_POINT('',(0.630000000000003,-0.649999999999997,1.685))
;
#132080=DIRECTION('',(0.,0.,1.));
#132090=VECTOR('',#132080,1.);
#132100=LINE('',#132070,#132090);
#132110=EDGE_CURVE('',#131010,#130000,#132100,.T.);
#132120=ORIENTED_EDGE('',*,*,#132110,.T.);
#132130=EDGE_LOOP('',(#132120,#132060,#132050,#132040));
#132140=FACE_OUTER_BOUND('',#132130,.T.);
#132150=ADVANCED_FACE('',(#132140),#132030,.T.);
#132160=CARTESIAN_POINT('',(0.630000000000003,-0.7640024,
2.07476109676743));
#132170=DIRECTION('',(-1.,-3.5527136788005E-15,0.));
#132180=DIRECTION('',(0.,0.,-1.));
#132190=AXIS2_PLACEMENT_3D('',#132160,#132170,#132180);
#132200=PLANE('',#132190);
#132210=ORIENTED_EDGE('',*,*,#131100,.T.);
#132220=ORIENTED_EDGE('',*,*,#132110,.F.);
#132230=ORIENTED_EDGE('',*,*,#130010,.T.);
#132240=CARTESIAN_POINT('',(0.630000000000002,-0.549999999999998,1.835))
;
#132250=DIRECTION('',(0.,0.,-1.));
#132260=VECTOR('',#132250,1.);
#132270=LINE('',#132240,#132260);
#132280=EDGE_CURVE('',#129920,#131090,#132270,.T.);
#132290=ORIENTED_EDGE('',*,*,#132280,.F.);
#132300=EDGE_LOOP('',(#132290,#132230,#132220,#132210));
#132310=FACE_OUTER_BOUND('',#132300,.T.);
#132320=ADVANCED_FACE('',(#132310),#132200,.F.);
#132330=CARTESIAN_POINT('',(0.583766714898784,-0.549999999999998,1.895))
;
#132340=DIRECTION('',(0.,1.,0.));
#132350=DIRECTION('',(-1.,0.,0.));
#132360=AXIS2_PLACEMENT_3D('',#132330,#132340,#132350);
#132370=PLANE('',#132360);
#132380=CARTESIAN_POINT('',(0.37,-0.549999999999998,1.835));
#132390=DIRECTION('',(0.,0.,-1.));
#132400=VECTOR('',#132390,1.);
#132410=LINE('',#132380,#132400);
#132420=EDGE_CURVE('',#129840,#131170,#132410,.T.);
#132430=ORIENTED_EDGE('',*,*,#132420,.F.);
#132440=ORIENTED_EDGE('',*,*,#131180,.T.);
#132450=ORIENTED_EDGE('',*,*,#132280,.T.);
#132460=ORIENTED_EDGE('',*,*,#129930,.T.);
#132470=EDGE_LOOP('',(#132460,#132450,#132440,#132430));
#132480=FACE_OUTER_BOUND('',#132470,.T.);
#132490=ADVANCED_FACE('',(#132480),#132370,.T.);
#132500=CARTESIAN_POINT('',(0.37,-0.499999999999998,1.895));
#132510=DIRECTION('',(0.,0.,-1.));
#132520=DIRECTION('',(-1.,0.,0.));
#132530=AXIS2_PLACEMENT_3D('',#132500,#132510,#132520);
#132540=CYLINDRICAL_SURFACE('',#132530,0.05);
#132550=CARTESIAN_POINT('',(0.325882352941176,-0.523529411764704,1.685))
;
#132560=DIRECTION('',(0.,0.,1.));
#132570=VECTOR('',#132560,1.);
#132580=LINE('',#132550,#132570);
#132590=EDGE_CURVE('',#131260,#129750,#132580,.T.);
#132600=ORIENTED_EDGE('',*,*,#132590,.T.);
#132610=ORIENTED_EDGE('',*,*,#131270,.F.);
#132620=ORIENTED_EDGE('',*,*,#132420,.T.);
#132630=ORIENTED_EDGE('',*,*,#129850,.F.);
#132640=EDGE_LOOP('',(#132630,#132620,#132610,#132600));
#132650=FACE_OUTER_BOUND('',#132640,.T.);
#132660=ADVANCED_FACE('',(#132650),#132540,.F.);
#132670=CARTESIAN_POINT('',(0.325882352941176,-0.523529411764704,1.895))
;
#132680=DIRECTION('',(0.88235294117647,0.470588235294118,0.));
#132690=DIRECTION('',(-0.470588235294118,0.88235294117647,0.));
#132700=AXIS2_PLACEMENT_3D('',#132670,#132680,#132690);
#132710=PLANE('',#132700);
#132720=CARTESIAN_POINT('',(0.30235294117647,-0.47941176470588,1.835));
#132730=DIRECTION('',(0.,0.,-1.));
#132740=VECTOR('',#132730,1.);
#132750=LINE('',#132720,#132740);
#132760=EDGE_CURVE('',#129670,#131340,#132750,.T.);
#132770=ORIENTED_EDGE('',*,*,#132760,.F.);
#132780=ORIENTED_EDGE('',*,*,#131350,.F.);
#132790=ORIENTED_EDGE('',*,*,#132590,.F.);
#132800=ORIENTED_EDGE('',*,*,#129760,.F.);
#132810=EDGE_LOOP('',(#132800,#132790,#132780,#132770));
#132820=FACE_OUTER_BOUND('',#132810,.T.);
#132830=ADVANCED_FACE('',(#132820),#132710,.T.);
#132840=CARTESIAN_POINT('',(0.17,-0.549999999999998,1.895));
#132850=DIRECTION('',(0.,0.,-1.));
#132860=DIRECTION('',(-1.,0.,0.));
#132870=AXIS2_PLACEMENT_3D('',#132840,#132850,#132860);
#132880=CYLINDRICAL_SURFACE('',#132870,0.15);
#132890=ORIENTED_EDGE('',*,*,#130560,.T.);
#132900=ORIENTED_EDGE('',*,*,#131420,.F.);
#132910=ORIENTED_EDGE('',*,*,#132760,.T.);
#132920=ORIENTED_EDGE('',*,*,#129680,.F.);
#132930=EDGE_LOOP('',(#132920,#132910,#132900,#132890));
#132940=FACE_OUTER_BOUND('',#132930,.T.);
#132950=ADVANCED_FACE('',(#132940),#132880,.T.);
#132960=CARTESIAN_POINT('',(1.26514578638866,-0.649999999999998,1.435));
#132970=DIRECTION('',(0.,0.,-1.));
#132980=DIRECTION('',(0.,1.,0.));
#132990=AXIS2_PLACEMENT_3D('',#132960,#132970,#132980);
#133000=PLANE('',#132990);
#133010=ORIENTED_EDGE('',*,*,#3730,.T.);
#133020=CARTESIAN_POINT('',(0.0700000000000008,-0.399999999999998,1.435)
);
#133030=DIRECTION('',(1.,0.,0.));
#133040=VECTOR('',#133030,1.);
#133050=LINE('',#133020,#133040);
#133060=CARTESIAN_POINT('',(0.17,-0.399999999999998,1.435));
#133070=VERTEX_POINT('',#133060);
#133080=EDGE_CURVE('',#3640,#133070,#133050,.T.);
#133090=ORIENTED_EDGE('',*,*,#133080,.F.);
#133100=CARTESIAN_POINT('',(0.17,-0.549999999999998,1.435));
#133110=DIRECTION('',(0.,-0.,1.));
#133120=DIRECTION('',(0.882352941176496,0.470588235294071,0.));
#133130=AXIS2_PLACEMENT_3D('',#133100,#133110,#133120);
#133140=CIRCLE('',#133130,0.15);
#133150=CARTESIAN_POINT('',(0.302352941176472,-0.479411764705884,1.435))
;
#133160=VERTEX_POINT('',#133150);
#133170=EDGE_CURVE('',#133160,#133070,#133140,.T.);
#133180=ORIENTED_EDGE('',*,*,#133170,.T.);
#133190=CARTESIAN_POINT('',(0.325882352941179,-0.523529411764707,1.435))
;
#133200=DIRECTION('',(-0.470588235294115,0.882352941176472,0.));
#133210=VECTOR('',#133200,1.);
#133220=LINE('',#133190,#133210);
#133230=CARTESIAN_POINT('',(0.325882352941177,-0.523529411764705,1.435))
;
#133240=VERTEX_POINT('',#133230);
#133250=EDGE_CURVE('',#133240,#133160,#133220,.T.);
#133260=ORIENTED_EDGE('',*,*,#133250,.T.);
#133270=CARTESIAN_POINT('',(0.37,-0.499999999999998,1.435));
#133280=DIRECTION('',(0.,0.,-1.));
#133290=DIRECTION('',(0.,-1.,0.));
#133300=AXIS2_PLACEMENT_3D('',#133270,#133280,#133290);
#133310=CIRCLE('',#133300,0.05);
#133320=CARTESIAN_POINT('',(0.37,-0.549999999999998,1.435));
#133330=VERTEX_POINT('',#133320);
#133340=EDGE_CURVE('',#133330,#133240,#133310,.T.);
#133350=ORIENTED_EDGE('',*,*,#133340,.T.);
#133360=CARTESIAN_POINT('',(0.37,-0.549999999999998,1.435));
#133370=DIRECTION('',(1.,0.,0.));
#133380=VECTOR('',#133370,1.);
#133390=LINE('',#133360,#133380);
#133400=CARTESIAN_POINT('',(0.630000000000002,-0.549999999999998,1.435))
;
#133410=VERTEX_POINT('',#133400);
#133420=EDGE_CURVE('',#133330,#133410,#133390,.T.);
#133430=ORIENTED_EDGE('',*,*,#133420,.F.);
#133440=CARTESIAN_POINT('',(0.630000000000002,-0.549999999999998,1.435))
;
#133450=DIRECTION('',(3.3306690738755E-15,-1.,0.));
#133460=VECTOR('',#133450,1.);
#133470=LINE('',#133440,#133460);
#133480=CARTESIAN_POINT('',(0.630000000000003,-0.649999999999997,1.435))
;
#133490=VERTEX_POINT('',#133480);
#133500=EDGE_CURVE('',#133410,#133490,#133470,.T.);
#133510=ORIENTED_EDGE('',*,*,#133500,.F.);
#133520=CARTESIAN_POINT('',(0.630000000000003,-0.649999999999997,1.435))
;
#133530=DIRECTION('',(-1.,-8.54017711250111E-16,0.));
#133540=VECTOR('',#133530,1.);
#133550=LINE('',#133520,#133540);
#133560=CARTESIAN_POINT('',(0.369999999999994,-0.649999999999998,1.435))
;
#133570=VERTEX_POINT('',#133560);
#133580=EDGE_CURVE('',#133490,#133570,#133550,.T.);
#133590=ORIENTED_EDGE('',*,*,#133580,.F.);
#133600=CARTESIAN_POINT('',(0.37,-0.499999999999998,1.435));
#133610=DIRECTION('',(0.,0.,1.));
#133620=DIRECTION('',(-0.88235294117644,-0.470588235294175,0.));
#133630=AXIS2_PLACEMENT_3D('',#133600,#133610,#133620);
#133640=CIRCLE('',#133630,0.15);
#133650=CARTESIAN_POINT('',(0.237647058823532,-0.57058823529412,1.435));
#133660=VERTEX_POINT('',#133650);
#133670=EDGE_CURVE('',#133660,#133570,#133640,.T.);
#133680=ORIENTED_EDGE('',*,*,#133670,.T.);
#133690=CARTESIAN_POINT('',(0.214117647058827,-0.526470588235297,1.435))
;
#133700=DIRECTION('',(0.470588235294119,-0.88235294117647,0.));
#133710=VECTOR('',#133700,1.);
#133720=LINE('',#133690,#133710);
#133730=CARTESIAN_POINT('',(0.214117647058825,-0.526470588235295,1.435))
;
#133740=VERTEX_POINT('',#133730);
#133750=EDGE_CURVE('',#133740,#133660,#133720,.T.);
#133760=ORIENTED_EDGE('',*,*,#133750,.T.);
#133770=CARTESIAN_POINT('',(0.17,-0.549999999999998,1.435));
#133780=DIRECTION('',(0.,0.,-1.));
#133790=DIRECTION('',(-2.19269047363468E-13,1.,0.));
#133800=AXIS2_PLACEMENT_3D('',#133770,#133780,#133790);
#133810=CIRCLE('',#133800,0.05);
#133820=EDGE_CURVE('',#11820,#133740,#133810,.T.);
#133830=ORIENTED_EDGE('',*,*,#133820,.T.);
#133840=ORIENTED_EDGE('',*,*,#11830,.F.);
#133850=EDGE_LOOP('',(#133840,#133830,#133760,#133680,#133590,#133510,
#133430,#133350,#133260,#133180,#133090,#133010));
#133860=FACE_OUTER_BOUND('',#133850,.T.);
#133870=ADVANCED_FACE('',(#133860),#133000,.F.);
#133880=CARTESIAN_POINT('',(0.17,-0.399999999999998,1.495));
#133890=DIRECTION('',(0.,1.,0.));
#133900=DIRECTION('',(-1.,0.,0.));
#133910=AXIS2_PLACEMENT_3D('',#133880,#133890,#133900);
#133920=PLANE('',#133910);
#133930=CARTESIAN_POINT('',(0.17,-0.399999999999998,1.285));
#133940=DIRECTION('',(-1.,0.,0.));
#133950=VECTOR('',#133940,1.);
#133960=LINE('',#133930,#133950);
#133970=CARTESIAN_POINT('',(0.17,-0.399999999999998,1.285));
#133980=VERTEX_POINT('',#133970);
#133990=EDGE_CURVE('',#133980,#3560,#133960,.T.);
#134000=ORIENTED_EDGE('',*,*,#133990,.T.);
#134010=CARTESIAN_POINT('',(0.17,-0.399999999999998,1.285));
#134020=DIRECTION('',(0.,0.,1.));
#134030=VECTOR('',#134020,1.);
#134040=LINE('',#134010,#134030);
#134050=EDGE_CURVE('',#133980,#133070,#134040,.T.);
#134060=ORIENTED_EDGE('',*,*,#134050,.F.);
#134070=ORIENTED_EDGE('',*,*,#133080,.T.);
#134080=ORIENTED_EDGE('',*,*,#3650,.F.);
#134090=EDGE_LOOP('',(#134080,#134070,#134060,#134000));
#134100=FACE_OUTER_BOUND('',#134090,.T.);
#134110=ADVANCED_FACE('',(#134100),#133920,.T.);
#134120=CARTESIAN_POINT('',(1.26514578638866,-0.349999999999998,1.285));
#134130=DIRECTION('',(0.,0.,1.));
#134140=DIRECTION('',(0.,-1.,0.));
#134150=AXIS2_PLACEMENT_3D('',#134120,#134130,#134140);
#134160=PLANE('',#134150);
#134170=ORIENTED_EDGE('',*,*,#3570,.T.);
#134180=ORIENTED_EDGE('',*,*,#11970,.F.);
#134190=CARTESIAN_POINT('',(0.17,-0.549999999999998,1.285));
#134200=DIRECTION('',(0.,-0.,1.));
#134210=DIRECTION('',(0.882352941176532,0.470588235294003,0.));
#134220=AXIS2_PLACEMENT_3D('',#134190,#134200,#134210);
#134230=CIRCLE('',#134220,0.05);
#134240=CARTESIAN_POINT('',(0.214117647058826,-0.526470588235295,1.285))
;
#134250=VERTEX_POINT('',#134240);
#134260=EDGE_CURVE('',#134250,#11900,#134230,.T.);
#134270=ORIENTED_EDGE('',*,*,#134260,.T.);
#134280=CARTESIAN_POINT('',(0.237647058823529,-0.570588235294116,1.285))
;
#134290=DIRECTION('',(-0.470588235294108,0.882352941176476,0.));
#134300=VECTOR('',#134290,1.);
#134310=LINE('',#134280,#134300);
#134320=CARTESIAN_POINT('',(0.23764705882353,-0.570588235294116,1.285));
#134330=VERTEX_POINT('',#134320);
#134340=EDGE_CURVE('',#134330,#134250,#134310,.T.);
#134350=ORIENTED_EDGE('',*,*,#134340,.T.);
#134360=CARTESIAN_POINT('',(0.37,-0.499999999999998,1.285));
#134370=DIRECTION('',(-0.,0.,-1.));
#134380=DIRECTION('',(-1.14723045877933E-13,-1.,0.));
#134390=AXIS2_PLACEMENT_3D('',#134360,#134370,#134380);
#134400=CIRCLE('',#134390,0.15);
#134410=CARTESIAN_POINT('',(0.369999999999991,-0.649999999999997,1.285))
;
#134420=VERTEX_POINT('',#134410);
#134430=EDGE_CURVE('',#134420,#134330,#134400,.T.);
#134440=ORIENTED_EDGE('',*,*,#134430,.T.);
#134450=CARTESIAN_POINT('',(0.37,-0.649999999999997,1.285));
#134460=DIRECTION('',(1.,8.54017711250111E-16,0.));
#134470=VECTOR('',#134460,1.);
#134480=LINE('',#134450,#134470);
#134490=CARTESIAN_POINT('',(0.630000000000003,-0.649999999999997,1.285))
;
#134500=VERTEX_POINT('',#134490);
#134510=EDGE_CURVE('',#134420,#134500,#134480,.T.);
#134520=ORIENTED_EDGE('',*,*,#134510,.F.);
#134530=CARTESIAN_POINT('',(0.630000000000003,-0.649999999999997,1.285))
;
#134540=DIRECTION('',(-3.3306690738755E-15,1.,0.));
#134550=VECTOR('',#134540,1.);
#134560=LINE('',#134530,#134550);
#134570=CARTESIAN_POINT('',(0.630000000000003,-0.549999999999998,1.285))
;
#134580=VERTEX_POINT('',#134570);
#134590=EDGE_CURVE('',#134500,#134580,#134560,.T.);
#134600=ORIENTED_EDGE('',*,*,#134590,.F.);
#134610=CARTESIAN_POINT('',(0.630000000000002,-0.549999999999998,1.285))
;
#134620=DIRECTION('',(-1.,0.,0.));
#134630=VECTOR('',#134620,1.);
#134640=LINE('',#134610,#134630);
#134650=CARTESIAN_POINT('',(0.37,-0.549999999999998,1.285));
#134660=VERTEX_POINT('',#134650);
#134670=EDGE_CURVE('',#134580,#134660,#134640,.T.);
#134680=ORIENTED_EDGE('',*,*,#134670,.F.);
#134690=CARTESIAN_POINT('',(0.37,-0.499999999999998,1.285));
#134700=DIRECTION('',(0.,0.,1.));
#134710=DIRECTION('',(-0.882352941176487,-0.470588235294087,0.));
#134720=AXIS2_PLACEMENT_3D('',#134690,#134700,#134710);
#134730=CIRCLE('',#134720,0.05);
#134740=CARTESIAN_POINT('',(0.325882352941176,-0.523529411764703,1.285))
;
#134750=VERTEX_POINT('',#134740);
#134760=EDGE_CURVE('',#134750,#134660,#134730,.T.);
#134770=ORIENTED_EDGE('',*,*,#134760,.T.);
#134780=CARTESIAN_POINT('',(0.302352941176469,-0.479411764705878,1.285))
;
#134790=DIRECTION('',(0.470588235294116,-0.882352941176471,0.));
#134800=VECTOR('',#134790,1.);
#134810=LINE('',#134780,#134800);
#134820=CARTESIAN_POINT('',(0.30235294117647,-0.479411764705879,1.285));
#134830=VERTEX_POINT('',#134820);
#134840=EDGE_CURVE('',#134830,#134750,#134810,.T.);
#134850=ORIENTED_EDGE('',*,*,#134840,.T.);
#134860=CARTESIAN_POINT('',(0.17,-0.549999999999998,1.285));
#134870=DIRECTION('',(0.,0.,-1.));
#134880=DIRECTION('',(-5.55111512312578E-16,1.,0.));
#134890=AXIS2_PLACEMENT_3D('',#134860,#134870,#134880);
#134900=CIRCLE('',#134890,0.15);
#134910=EDGE_CURVE('',#133980,#134830,#134900,.T.);
#134920=ORIENTED_EDGE('',*,*,#134910,.T.);
#134930=ORIENTED_EDGE('',*,*,#133990,.F.);
#134940=EDGE_LOOP('',(#134930,#134920,#134850,#134770,#134680,#134600,
#134520,#134440,#134350,#134270,#134180,#134170));
#134950=FACE_OUTER_BOUND('',#134940,.T.);
#134960=ADVANCED_FACE('',(#134950),#134160,.F.);
#134970=CARTESIAN_POINT('',(0.17,-0.549999999999998,1.495));
#134980=DIRECTION('',(0.,0.,-1.));
#134990=DIRECTION('',(-1.,0.,0.));
#135000=AXIS2_PLACEMENT_3D('',#134970,#134980,#134990);
#135010=CYLINDRICAL_SURFACE('',#135000,0.05);
#135020=CARTESIAN_POINT('',(0.214117647058824,-0.526470588235292,1.285))
;
#135030=DIRECTION('',(0.,0.,1.));
#135040=VECTOR('',#135030,1.);
#135050=LINE('',#135020,#135040);
#135060=EDGE_CURVE('',#134250,#133740,#135050,.T.);
#135070=ORIENTED_EDGE('',*,*,#135060,.T.);
#135080=ORIENTED_EDGE('',*,*,#134260,.F.);
#135090=ORIENTED_EDGE('',*,*,#11910,.T.);
#135100=ORIENTED_EDGE('',*,*,#133820,.F.);
#135110=EDGE_LOOP('',(#135100,#135090,#135080,#135070));
#135120=FACE_OUTER_BOUND('',#135110,.T.);
#135130=ADVANCED_FACE('',(#135120),#135010,.F.);
#135140=CARTESIAN_POINT('',(0.214117647058824,-0.526470588235292,1.495))
;
#135150=DIRECTION('',(-0.88235294117647,-0.470588235294118,0.));
#135160=DIRECTION('',(0.470588235294118,-0.88235294117647,0.));
#135170=AXIS2_PLACEMENT_3D('',#135140,#135150,#135160);
#135180=PLANE('',#135170);
#135190=CARTESIAN_POINT('',(0.237647058823529,-0.570588235294116,1.435))
;
#135200=DIRECTION('',(0.,0.,-1.));
#135210=VECTOR('',#135200,1.);
#135220=LINE('',#135190,#135210);
#135230=EDGE_CURVE('',#133660,#134330,#135220,.T.);
#135240=ORIENTED_EDGE('',*,*,#135230,.F.);
#135250=ORIENTED_EDGE('',*,*,#134340,.F.);
#135260=ORIENTED_EDGE('',*,*,#135060,.F.);
#135270=ORIENTED_EDGE('',*,*,#133750,.F.);
#135280=EDGE_LOOP('',(#135270,#135260,#135250,#135240));
#135290=FACE_OUTER_BOUND('',#135280,.T.);
#135300=ADVANCED_FACE('',(#135290),#135180,.T.);
#135310=CARTESIAN_POINT('',(0.37,-0.499999999999998,1.495));
#135320=DIRECTION('',(0.,0.,-1.));
#135330=DIRECTION('',(-1.,0.,0.));
#135340=AXIS2_PLACEMENT_3D('',#135310,#135320,#135330);
#135350=CYLINDRICAL_SURFACE('',#135340,0.15);
#135360=CARTESIAN_POINT('',(0.37,-0.649999999999998,1.285));
#135370=DIRECTION('',(0.,0.,1.));
#135380=VECTOR('',#135370,1.);
#135390=LINE('',#135360,#135380);
#135400=EDGE_CURVE('',#134420,#133570,#135390,.T.);
#135410=ORIENTED_EDGE('',*,*,#135400,.T.);
#135420=ORIENTED_EDGE('',*,*,#134430,.F.);
#135430=ORIENTED_EDGE('',*,*,#135230,.T.);
#135440=ORIENTED_EDGE('',*,*,#133670,.F.);
#135450=EDGE_LOOP('',(#135440,#135430,#135420,#135410));
#135460=FACE_OUTER_BOUND('',#135450,.T.);
#135470=ADVANCED_FACE('',(#135460),#135350,.T.);
#135480=CARTESIAN_POINT('',(0.823766714898784,-0.649999999999997,1.495))
;
#135490=DIRECTION('',(6.47630097698008E-16,-1.,0.));
#135500=DIRECTION('',(1.,6.47630097698008E-16,0.));
#135510=AXIS2_PLACEMENT_3D('',#135480,#135490,#135500);
#135520=PLANE('',#135510);
#135530=ORIENTED_EDGE('',*,*,#134510,.T.);
#135540=ORIENTED_EDGE('',*,*,#135400,.F.);
#135550=ORIENTED_EDGE('',*,*,#133580,.T.);
#135560=CARTESIAN_POINT('',(0.630000000000003,-0.649999999999997,1.285))
;
#135570=DIRECTION('',(0.,0.,1.));
#135580=VECTOR('',#135570,1.);
#135590=LINE('',#135560,#135580);
#135600=EDGE_CURVE('',#134500,#133490,#135590,.T.);
#135610=ORIENTED_EDGE('',*,*,#135600,.T.);
#135620=EDGE_LOOP('',(#135610,#135550,#135540,#135530));
#135630=FACE_OUTER_BOUND('',#135620,.T.);
#135640=ADVANCED_FACE('',(#135630),#135520,.T.);
#135650=CARTESIAN_POINT('',(0.630000000000003,-0.7640024,
1.67476109676743));
#135660=DIRECTION('',(-1.,-3.5527136788005E-15,0.));
#135670=DIRECTION('',(0.,0.,-1.));
#135680=AXIS2_PLACEMENT_3D('',#135650,#135660,#135670);
#135690=PLANE('',#135680);
#135700=ORIENTED_EDGE('',*,*,#134590,.T.);
#135710=ORIENTED_EDGE('',*,*,#135600,.F.);
#135720=ORIENTED_EDGE('',*,*,#133500,.T.);
#135730=CARTESIAN_POINT('',(0.630000000000002,-0.549999999999998,1.435))
;
#135740=DIRECTION('',(0.,0.,-1.));
#135750=VECTOR('',#135740,1.);
#135760=LINE('',#135730,#135750);
#135770=EDGE_CURVE('',#133410,#134580,#135760,.T.);
#135780=ORIENTED_EDGE('',*,*,#135770,.F.);
#135790=EDGE_LOOP('',(#135780,#135720,#135710,#135700));
#135800=FACE_OUTER_BOUND('',#135790,.T.);
#135810=ADVANCED_FACE('',(#135800),#135690,.F.);
#135820=CARTESIAN_POINT('',(0.583766714898784,-0.549999999999998,1.495))
;
#135830=DIRECTION('',(0.,1.,0.));
#135840=DIRECTION('',(-1.,0.,0.));
#135850=AXIS2_PLACEMENT_3D('',#135820,#135830,#135840);
#135860=PLANE('',#135850);
#135870=CARTESIAN_POINT('',(0.37,-0.549999999999998,1.435));
#135880=DIRECTION('',(0.,0.,-1.));
#135890=VECTOR('',#135880,1.);
#135900=LINE('',#135870,#135890);
#135910=EDGE_CURVE('',#133330,#134660,#135900,.T.);
#135920=ORIENTED_EDGE('',*,*,#135910,.F.);
#135930=ORIENTED_EDGE('',*,*,#134670,.T.);
#135940=ORIENTED_EDGE('',*,*,#135770,.T.);
#135950=ORIENTED_EDGE('',*,*,#133420,.T.);
#135960=EDGE_LOOP('',(#135950,#135940,#135930,#135920));
#135970=FACE_OUTER_BOUND('',#135960,.T.);
#135980=ADVANCED_FACE('',(#135970),#135860,.T.);
#135990=CARTESIAN_POINT('',(0.37,-0.499999999999998,1.495));
#136000=DIRECTION('',(0.,0.,-1.));
#136010=DIRECTION('',(-1.,0.,0.));
#136020=AXIS2_PLACEMENT_3D('',#135990,#136000,#136010);
#136030=CYLINDRICAL_SURFACE('',#136020,0.05);
#136040=CARTESIAN_POINT('',(0.325882352941176,-0.523529411764704,1.285))
;
#136050=DIRECTION('',(0.,0.,1.));
#136060=VECTOR('',#136050,1.);
#136070=LINE('',#136040,#136060);
#136080=EDGE_CURVE('',#134750,#133240,#136070,.T.);
#136090=ORIENTED_EDGE('',*,*,#136080,.T.);
#136100=ORIENTED_EDGE('',*,*,#134760,.F.);
#136110=ORIENTED_EDGE('',*,*,#135910,.T.);
#136120=ORIENTED_EDGE('',*,*,#133340,.F.);
#136130=EDGE_LOOP('',(#136120,#136110,#136100,#136090));
#136140=FACE_OUTER_BOUND('',#136130,.T.);
#136150=ADVANCED_FACE('',(#136140),#136030,.F.);
#136160=CARTESIAN_POINT('',(0.325882352941176,-0.523529411764704,1.495))
;
#136170=DIRECTION('',(0.88235294117647,0.470588235294118,0.));
#136180=DIRECTION('',(-0.470588235294118,0.88235294117647,0.));
#136190=AXIS2_PLACEMENT_3D('',#136160,#136170,#136180);
#136200=PLANE('',#136190);
#136210=CARTESIAN_POINT('',(0.30235294117647,-0.47941176470588,1.435));
#136220=DIRECTION('',(0.,0.,-1.));
#136230=VECTOR('',#136220,1.);
#136240=LINE('',#136210,#136230);
#136250=EDGE_CURVE('',#133160,#134830,#136240,.T.);
#136260=ORIENTED_EDGE('',*,*,#136250,.F.);
#136270=ORIENTED_EDGE('',*,*,#134840,.F.);
#136280=ORIENTED_EDGE('',*,*,#136080,.F.);
#136290=ORIENTED_EDGE('',*,*,#133250,.F.);
#136300=EDGE_LOOP('',(#136290,#136280,#136270,#136260));
#136310=FACE_OUTER_BOUND('',#136300,.T.);
#136320=ADVANCED_FACE('',(#136310),#136200,.T.);
#136330=CARTESIAN_POINT('',(0.17,-0.549999999999998,1.495));
#136340=DIRECTION('',(0.,0.,-1.));
#136350=DIRECTION('',(-1.,0.,0.));
#136360=AXIS2_PLACEMENT_3D('',#136330,#136340,#136350);
#136370=CYLINDRICAL_SURFACE('',#136360,0.15);
#136380=ORIENTED_EDGE('',*,*,#134050,.T.);
#136390=ORIENTED_EDGE('',*,*,#134910,.F.);
#136400=ORIENTED_EDGE('',*,*,#136250,.T.);
#136410=ORIENTED_EDGE('',*,*,#133170,.F.);
#136420=EDGE_LOOP('',(#136410,#136400,#136390,#136380));
#136430=FACE_OUTER_BOUND('',#136420,.T.);
#136440=ADVANCED_FACE('',(#136430),#136370,.T.);
#136450=CARTESIAN_POINT('',(1.26514578638866,-0.649999999999998,1.035));
#136460=DIRECTION('',(0.,0.,-1.));
#136470=DIRECTION('',(0.,1.,0.));
#136480=AXIS2_PLACEMENT_3D('',#136450,#136460,#136470);
#136490=PLANE('',#136480);
#136500=ORIENTED_EDGE('',*,*,#3410,.T.);
#136510=CARTESIAN_POINT('',(0.0700000000000008,-0.399999999999998,1.035)
);
#136520=DIRECTION('',(1.,0.,0.));
#136530=VECTOR('',#136520,1.);
#136540=LINE('',#136510,#136530);
#136550=CARTESIAN_POINT('',(0.17,-0.399999999999998,1.035));
#136560=VERTEX_POINT('',#136550);
#136570=EDGE_CURVE('',#3320,#136560,#136540,.T.);
#136580=ORIENTED_EDGE('',*,*,#136570,.F.);
#136590=CARTESIAN_POINT('',(0.17,-0.549999999999998,1.035));
#136600=DIRECTION('',(0.,-0.,1.));
#136610=DIRECTION('',(0.882352941176496,0.470588235294071,0.));
#136620=AXIS2_PLACEMENT_3D('',#136590,#136600,#136610);
#136630=CIRCLE('',#136620,0.15);
#136640=CARTESIAN_POINT('',(0.302352941176472,-0.479411764705884,1.035))
;
#136650=VERTEX_POINT('',#136640);
#136660=EDGE_CURVE('',#136650,#136560,#136630,.T.);
#136670=ORIENTED_EDGE('',*,*,#136660,.T.);
#136680=CARTESIAN_POINT('',(0.325882352941179,-0.523529411764707,1.035))
;
#136690=DIRECTION('',(-0.470588235294115,0.882352941176472,0.));
#136700=VECTOR('',#136690,1.);
#136710=LINE('',#136680,#136700);
#136720=CARTESIAN_POINT('',(0.325882352941177,-0.523529411764705,1.035))
;
#136730=VERTEX_POINT('',#136720);
#136740=EDGE_CURVE('',#136730,#136650,#136710,.T.);
#136750=ORIENTED_EDGE('',*,*,#136740,.T.);
#136760=CARTESIAN_POINT('',(0.37,-0.499999999999998,1.035));
#136770=DIRECTION('',(0.,0.,-1.));
#136780=DIRECTION('',(0.,-1.,0.));
#136790=AXIS2_PLACEMENT_3D('',#136760,#136770,#136780);
#136800=CIRCLE('',#136790,0.05);
#136810=CARTESIAN_POINT('',(0.37,-0.549999999999998,1.035));
#136820=VERTEX_POINT('',#136810);
#136830=EDGE_CURVE('',#136820,#136730,#136800,.T.);
#136840=ORIENTED_EDGE('',*,*,#136830,.T.);
#136850=CARTESIAN_POINT('',(0.37,-0.549999999999998,1.035));
#136860=DIRECTION('',(1.,0.,0.));
#136870=VECTOR('',#136860,1.);
#136880=LINE('',#136850,#136870);
#136890=CARTESIAN_POINT('',(0.630000000000002,-0.549999999999998,1.035))
;
#136900=VERTEX_POINT('',#136890);
#136910=EDGE_CURVE('',#136820,#136900,#136880,.T.);
#136920=ORIENTED_EDGE('',*,*,#136910,.F.);
#136930=CARTESIAN_POINT('',(0.630000000000002,-0.549999999999998,1.035))
;
#136940=DIRECTION('',(3.3306690738755E-15,-1.,0.));
#136950=VECTOR('',#136940,1.);
#136960=LINE('',#136930,#136950);
#136970=CARTESIAN_POINT('',(0.630000000000003,-0.649999999999997,1.035))
;
#136980=VERTEX_POINT('',#136970);
#136990=EDGE_CURVE('',#136900,#136980,#136960,.T.);
#137000=ORIENTED_EDGE('',*,*,#136990,.F.);
#137010=CARTESIAN_POINT('',(0.630000000000003,-0.649999999999997,1.035))
;
#137020=DIRECTION('',(-1.,-8.54017711250111E-16,0.));
#137030=VECTOR('',#137020,1.);
#137040=LINE('',#137010,#137030);
#137050=CARTESIAN_POINT('',(0.369999999999995,-0.649999999999998,1.035))
;
#137060=VERTEX_POINT('',#137050);
#137070=EDGE_CURVE('',#136980,#137060,#137040,.T.);
#137080=ORIENTED_EDGE('',*,*,#137070,.F.);
#137090=CARTESIAN_POINT('',(0.37,-0.499999999999998,1.035));
#137100=DIRECTION('',(0.,0.,1.));
#137110=DIRECTION('',(-0.882352941176442,-0.470588235294171,0.));
#137120=AXIS2_PLACEMENT_3D('',#137090,#137100,#137110);
#137130=CIRCLE('',#137120,0.15);
#137140=CARTESIAN_POINT('',(0.237647058823532,-0.570588235294119,1.035))
;
#137150=VERTEX_POINT('',#137140);
#137160=EDGE_CURVE('',#137150,#137060,#137130,.T.);
#137170=ORIENTED_EDGE('',*,*,#137160,.T.);
#137180=CARTESIAN_POINT('',(0.214117647058827,-0.526470588235297,1.035))
;
#137190=DIRECTION('',(0.470588235294116,-0.882352941176471,0.));
#137200=VECTOR('',#137190,1.);
#137210=LINE('',#137180,#137200);
#137220=CARTESIAN_POINT('',(0.214117647058825,-0.526470588235295,1.035))
;
#137230=VERTEX_POINT('',#137220);
#137240=EDGE_CURVE('',#137230,#137150,#137210,.T.);
#137250=ORIENTED_EDGE('',*,*,#137240,.T.);
#137260=CARTESIAN_POINT('',(0.17,-0.549999999999998,1.035));
#137270=DIRECTION('',(0.,0.,-1.));
#137280=DIRECTION('',(-2.19269047363468E-13,1.,0.));
#137290=AXIS2_PLACEMENT_3D('',#137260,#137270,#137280);
#137300=CIRCLE('',#137290,0.05);
#137310=EDGE_CURVE('',#12050,#137230,#137300,.T.);
#137320=ORIENTED_EDGE('',*,*,#137310,.T.);
#137330=ORIENTED_EDGE('',*,*,#12060,.F.);
#137340=EDGE_LOOP('',(#137330,#137320,#137250,#137170,#137080,#137000,
#136920,#136840,#136750,#136670,#136580,#136500));
#137350=FACE_OUTER_BOUND('',#137340,.T.);
#137360=ADVANCED_FACE('',(#137350),#136490,.F.);
#137370=CARTESIAN_POINT('',(0.17,-0.399999999999998,1.095));
#137380=DIRECTION('',(0.,1.,0.));
#137390=DIRECTION('',(-1.,0.,0.));
#137400=AXIS2_PLACEMENT_3D('',#137370,#137380,#137390);
#137410=PLANE('',#137400);
#137420=CARTESIAN_POINT('',(0.17,-0.399999999999998,0.885));
#137430=DIRECTION('',(-1.,0.,0.));
#137440=VECTOR('',#137430,1.);
#137450=LINE('',#137420,#137440);
#137460=CARTESIAN_POINT('',(0.17,-0.399999999999998,0.885));
#137470=VERTEX_POINT('',#137460);
#137480=EDGE_CURVE('',#137470,#3240,#137450,.T.);
#137490=ORIENTED_EDGE('',*,*,#137480,.T.);
#137500=CARTESIAN_POINT('',(0.17,-0.399999999999998,0.885));
#137510=DIRECTION('',(0.,0.,1.));
#137520=VECTOR('',#137510,1.);
#137530=LINE('',#137500,#137520);
#137540=EDGE_CURVE('',#137470,#136560,#137530,.T.);
#137550=ORIENTED_EDGE('',*,*,#137540,.F.);
#137560=ORIENTED_EDGE('',*,*,#136570,.T.);
#137570=ORIENTED_EDGE('',*,*,#3330,.F.);
#137580=EDGE_LOOP('',(#137570,#137560,#137550,#137490));
#137590=FACE_OUTER_BOUND('',#137580,.T.);
#137600=ADVANCED_FACE('',(#137590),#137410,.T.);
#137610=CARTESIAN_POINT('',(1.26514578638866,-0.349999999999998,0.885));
#137620=DIRECTION('',(0.,0.,1.));
#137630=DIRECTION('',(0.,-1.,0.));
#137640=AXIS2_PLACEMENT_3D('',#137610,#137620,#137630);
#137650=PLANE('',#137640);
#137660=ORIENTED_EDGE('',*,*,#3250,.T.);
#137670=ORIENTED_EDGE('',*,*,#12200,.F.);
#137680=CARTESIAN_POINT('',(0.17,-0.549999999999998,0.885));
#137690=DIRECTION('',(0.,-0.,1.));
#137700=DIRECTION('',(0.882352941176531,0.470588235294005,0.));
#137710=AXIS2_PLACEMENT_3D('',#137680,#137690,#137700);
#137720=CIRCLE('',#137710,0.05);
#137730=CARTESIAN_POINT('',(0.214117647058826,-0.526470588235295,0.885))
;
#137740=VERTEX_POINT('',#137730);
#137750=EDGE_CURVE('',#137740,#12130,#137720,.T.);
#137760=ORIENTED_EDGE('',*,*,#137750,.T.);
#137770=CARTESIAN_POINT('',(0.237647058823529,-0.570588235294116,0.885))
;
#137780=DIRECTION('',(-0.470588235294111,0.882352941176474,0.));
#137790=VECTOR('',#137780,1.);
#137800=LINE('',#137770,#137790);
#137810=CARTESIAN_POINT('',(0.23764705882353,-0.570588235294116,0.885));
#137820=VERTEX_POINT('',#137810);
#137830=EDGE_CURVE('',#137820,#137740,#137800,.T.);
#137840=ORIENTED_EDGE('',*,*,#137830,.T.);
#137850=CARTESIAN_POINT('',(0.37,-0.499999999999998,0.885));
#137860=DIRECTION('',(-0.,0.,-1.));
#137870=DIRECTION('',(-1.14723045877933E-13,-1.,0.));
#137880=AXIS2_PLACEMENT_3D('',#137850,#137860,#137870);
#137890=CIRCLE('',#137880,0.15);
#137900=CARTESIAN_POINT('',(0.369999999999991,-0.649999999999997,0.885))
;
#137910=VERTEX_POINT('',#137900);
#137920=EDGE_CURVE('',#137910,#137820,#137890,.T.);
#137930=ORIENTED_EDGE('',*,*,#137920,.T.);
#137940=CARTESIAN_POINT('',(0.37,-0.649999999999997,0.885));
#137950=DIRECTION('',(1.,8.54017711250111E-16,0.));
#137960=VECTOR('',#137950,1.);
#137970=LINE('',#137940,#137960);
#137980=CARTESIAN_POINT('',(0.630000000000003,-0.649999999999997,0.885))
;
#137990=VERTEX_POINT('',#137980);
#138000=EDGE_CURVE('',#137910,#137990,#137970,.T.);
#138010=ORIENTED_EDGE('',*,*,#138000,.F.);
#138020=CARTESIAN_POINT('',(0.630000000000003,-0.649999999999997,0.885))
;
#138030=DIRECTION('',(-3.3306690738755E-15,1.,0.));
#138040=VECTOR('',#138030,1.);
#138050=LINE('',#138020,#138040);
#138060=CARTESIAN_POINT('',(0.630000000000003,-0.549999999999998,0.885))
;
#138070=VERTEX_POINT('',#138060);
#138080=EDGE_CURVE('',#137990,#138070,#138050,.T.);
#138090=ORIENTED_EDGE('',*,*,#138080,.F.);
#138100=CARTESIAN_POINT('',(0.630000000000002,-0.549999999999998,0.885))
;
#138110=DIRECTION('',(-1.,0.,0.));
#138120=VECTOR('',#138110,1.);
#138130=LINE('',#138100,#138120);
#138140=CARTESIAN_POINT('',(0.37,-0.549999999999998,0.885));
#138150=VERTEX_POINT('',#138140);
#138160=EDGE_CURVE('',#138070,#138150,#138130,.T.);
#138170=ORIENTED_EDGE('',*,*,#138160,.F.);
#138180=CARTESIAN_POINT('',(0.37,-0.499999999999998,0.885));
#138190=DIRECTION('',(0.,0.,1.));
#138200=DIRECTION('',(-0.882352941176487,-0.470588235294087,0.));
#138210=AXIS2_PLACEMENT_3D('',#138180,#138190,#138200);
#138220=CIRCLE('',#138210,0.05);
#138230=CARTESIAN_POINT('',(0.325882352941176,-0.523529411764703,0.885))
;
#138240=VERTEX_POINT('',#138230);
#138250=EDGE_CURVE('',#138240,#138150,#138220,.T.);
#138260=ORIENTED_EDGE('',*,*,#138250,.T.);
#138270=CARTESIAN_POINT('',(0.302352941176469,-0.479411764705878,0.885))
;
#138280=DIRECTION('',(0.470588235294116,-0.882352941176471,0.));
#138290=VECTOR('',#138280,1.);
#138300=LINE('',#138270,#138290);
#138310=CARTESIAN_POINT('',(0.30235294117647,-0.479411764705879,0.885));
#138320=VERTEX_POINT('',#138310);
#138330=EDGE_CURVE('',#138320,#138240,#138300,.T.);
#138340=ORIENTED_EDGE('',*,*,#138330,.T.);
#138350=CARTESIAN_POINT('',(0.17,-0.549999999999998,0.885));
#138360=DIRECTION('',(0.,0.,-1.));
#138370=DIRECTION('',(-5.55111512312578E-16,1.,0.));
#138380=AXIS2_PLACEMENT_3D('',#138350,#138360,#138370);
#138390=CIRCLE('',#138380,0.15);
#138400=EDGE_CURVE('',#137470,#138320,#138390,.T.);
#138410=ORIENTED_EDGE('',*,*,#138400,.T.);
#138420=ORIENTED_EDGE('',*,*,#137480,.F.);
#138430=EDGE_LOOP('',(#138420,#138410,#138340,#138260,#138170,#138090,
#138010,#137930,#137840,#137760,#137670,#137660));
#138440=FACE_OUTER_BOUND('',#138430,.T.);
#138450=ADVANCED_FACE('',(#138440),#137650,.F.);
#138460=CARTESIAN_POINT('',(0.17,-0.549999999999998,1.095));
#138470=DIRECTION('',(0.,0.,-1.));
#138480=DIRECTION('',(-1.,0.,0.));
#138490=AXIS2_PLACEMENT_3D('',#138460,#138470,#138480);
#138500=CYLINDRICAL_SURFACE('',#138490,0.05);
#138510=CARTESIAN_POINT('',(0.214117647058824,-0.526470588235292,0.885))
;
#138520=DIRECTION('',(0.,0.,1.));
#138530=VECTOR('',#138520,1.);
#138540=LINE('',#138510,#138530);
#138550=EDGE_CURVE('',#137740,#137230,#138540,.T.);
#138560=ORIENTED_EDGE('',*,*,#138550,.T.);
#138570=ORIENTED_EDGE('',*,*,#137750,.F.);
#138580=ORIENTED_EDGE('',*,*,#12140,.T.);
#138590=ORIENTED_EDGE('',*,*,#137310,.F.);
#138600=EDGE_LOOP('',(#138590,#138580,#138570,#138560));
#138610=FACE_OUTER_BOUND('',#138600,.T.);
#138620=ADVANCED_FACE('',(#138610),#138500,.F.);
#138630=CARTESIAN_POINT('',(0.214117647058824,-0.526470588235292,1.095))
;
#138640=DIRECTION('',(-0.88235294117647,-0.470588235294118,0.));
#138650=DIRECTION('',(0.470588235294118,-0.88235294117647,0.));
#138660=AXIS2_PLACEMENT_3D('',#138630,#138640,#138650);
#138670=PLANE('',#138660);
#138680=CARTESIAN_POINT('',(0.237647058823529,-0.570588235294116,1.035))
;
#138690=DIRECTION('',(0.,0.,-1.));
#138700=VECTOR('',#138690,1.);
#138710=LINE('',#138680,#138700);
#138720=EDGE_CURVE('',#137150,#137820,#138710,.T.);
#138730=ORIENTED_EDGE('',*,*,#138720,.F.);
#138740=ORIENTED_EDGE('',*,*,#137830,.F.);
#138750=ORIENTED_EDGE('',*,*,#138550,.F.);
#138760=ORIENTED_EDGE('',*,*,#137240,.F.);
#138770=EDGE_LOOP('',(#138760,#138750,#138740,#138730));
#138780=FACE_OUTER_BOUND('',#138770,.T.);
#138790=ADVANCED_FACE('',(#138780),#138670,.T.);
#138800=CARTESIAN_POINT('',(0.37,-0.499999999999998,1.095));
#138810=DIRECTION('',(0.,0.,-1.));
#138820=DIRECTION('',(-1.,0.,0.));
#138830=AXIS2_PLACEMENT_3D('',#138800,#138810,#138820);
#138840=CYLINDRICAL_SURFACE('',#138830,0.15);
#138850=CARTESIAN_POINT('',(0.37,-0.649999999999998,0.885));
#138860=DIRECTION('',(0.,0.,1.));
#138870=VECTOR('',#138860,1.);
#138880=LINE('',#138850,#138870);
#138890=EDGE_CURVE('',#137910,#137060,#138880,.T.);
#138900=ORIENTED_EDGE('',*,*,#138890,.T.);
#138910=ORIENTED_EDGE('',*,*,#137920,.F.);
#138920=ORIENTED_EDGE('',*,*,#138720,.T.);
#138930=ORIENTED_EDGE('',*,*,#137160,.F.);
#138940=EDGE_LOOP('',(#138930,#138920,#138910,#138900));
#138950=FACE_OUTER_BOUND('',#138940,.T.);
#138960=ADVANCED_FACE('',(#138950),#138840,.T.);
#138970=CARTESIAN_POINT('',(0.823766714898784,-0.649999999999997,1.095))
;
#138980=DIRECTION('',(6.47630097698008E-16,-1.,0.));
#138990=DIRECTION('',(1.,6.47630097698008E-16,0.));
#139000=AXIS2_PLACEMENT_3D('',#138970,#138980,#138990);
#139010=PLANE('',#139000);
#139020=ORIENTED_EDGE('',*,*,#138000,.T.);
#139030=ORIENTED_EDGE('',*,*,#138890,.F.);
#139040=ORIENTED_EDGE('',*,*,#137070,.T.);
#139050=CARTESIAN_POINT('',(0.630000000000003,-0.649999999999997,0.885))
;
#139060=DIRECTION('',(0.,0.,1.));
#139070=VECTOR('',#139060,1.);
#139080=LINE('',#139050,#139070);
#139090=EDGE_CURVE('',#137990,#136980,#139080,.T.);
#139100=ORIENTED_EDGE('',*,*,#139090,.T.);
#139110=EDGE_LOOP('',(#139100,#139040,#139030,#139020));
#139120=FACE_OUTER_BOUND('',#139110,.T.);
#139130=ADVANCED_FACE('',(#139120),#139010,.T.);
#139140=CARTESIAN_POINT('',(0.630000000000003,-0.7640024,
1.27476109676743));
#139150=DIRECTION('',(-1.,-3.5527136788005E-15,0.));
#139160=DIRECTION('',(0.,0.,-1.));
#139170=AXIS2_PLACEMENT_3D('',#139140,#139150,#139160);
#139180=PLANE('',#139170);
#139190=ORIENTED_EDGE('',*,*,#138080,.T.);
#139200=ORIENTED_EDGE('',*,*,#139090,.F.);
#139210=ORIENTED_EDGE('',*,*,#136990,.T.);
#139220=CARTESIAN_POINT('',(0.630000000000002,-0.549999999999998,1.035))
;
#139230=DIRECTION('',(0.,0.,-1.));
#139240=VECTOR('',#139230,1.);
#139250=LINE('',#139220,#139240);
#139260=EDGE_CURVE('',#136900,#138070,#139250,.T.);
#139270=ORIENTED_EDGE('',*,*,#139260,.F.);
#139280=EDGE_LOOP('',(#139270,#139210,#139200,#139190));
#139290=FACE_OUTER_BOUND('',#139280,.T.);
#139300=ADVANCED_FACE('',(#139290),#139180,.F.);
#139310=CARTESIAN_POINT('',(0.583766714898784,-0.549999999999998,1.095))
;
#139320=DIRECTION('',(0.,1.,0.));
#139330=DIRECTION('',(-1.,0.,0.));
#139340=AXIS2_PLACEMENT_3D('',#139310,#139320,#139330);
#139350=PLANE('',#139340);
#139360=CARTESIAN_POINT('',(0.37,-0.549999999999998,1.035));
#139370=DIRECTION('',(0.,0.,-1.));
#139380=VECTOR('',#139370,1.);
#139390=LINE('',#139360,#139380);
#139400=EDGE_CURVE('',#136820,#138150,#139390,.T.);
#139410=ORIENTED_EDGE('',*,*,#139400,.F.);
#139420=ORIENTED_EDGE('',*,*,#138160,.T.);
#139430=ORIENTED_EDGE('',*,*,#139260,.T.);
#139440=ORIENTED_EDGE('',*,*,#136910,.T.);
#139450=EDGE_LOOP('',(#139440,#139430,#139420,#139410));
#139460=FACE_OUTER_BOUND('',#139450,.T.);
#139470=ADVANCED_FACE('',(#139460),#139350,.T.);
#139480=CARTESIAN_POINT('',(0.37,-0.499999999999998,1.095));
#139490=DIRECTION('',(0.,0.,-1.));
#139500=DIRECTION('',(-1.,0.,0.));
#139510=AXIS2_PLACEMENT_3D('',#139480,#139490,#139500);
#139520=CYLINDRICAL_SURFACE('',#139510,0.05);
#139530=CARTESIAN_POINT('',(0.325882352941176,-0.523529411764704,0.885))
;
#139540=DIRECTION('',(0.,0.,1.));
#139550=VECTOR('',#139540,1.);
#139560=LINE('',#139530,#139550);
#139570=EDGE_CURVE('',#138240,#136730,#139560,.T.);
#139580=ORIENTED_EDGE('',*,*,#139570,.T.);
#139590=ORIENTED_EDGE('',*,*,#138250,.F.);
#139600=ORIENTED_EDGE('',*,*,#139400,.T.);
#139610=ORIENTED_EDGE('',*,*,#136830,.F.);
#139620=EDGE_LOOP('',(#139610,#139600,#139590,#139580));
#139630=FACE_OUTER_BOUND('',#139620,.T.);
#139640=ADVANCED_FACE('',(#139630),#139520,.F.);
#139650=CARTESIAN_POINT('',(0.325882352941176,-0.523529411764704,1.095))
;
#139660=DIRECTION('',(0.88235294117647,0.470588235294118,0.));
#139670=DIRECTION('',(-0.470588235294118,0.88235294117647,0.));
#139680=AXIS2_PLACEMENT_3D('',#139650,#139660,#139670);
#139690=PLANE('',#139680);
#139700=CARTESIAN_POINT('',(0.30235294117647,-0.47941176470588,1.035));
#139710=DIRECTION('',(0.,0.,-1.));
#139720=VECTOR('',#139710,1.);
#139730=LINE('',#139700,#139720);
#139740=EDGE_CURVE('',#136650,#138320,#139730,.T.);
#139750=ORIENTED_EDGE('',*,*,#139740,.F.);
#139760=ORIENTED_EDGE('',*,*,#138330,.F.);
#139770=ORIENTED_EDGE('',*,*,#139570,.F.);
#139780=ORIENTED_EDGE('',*,*,#136740,.F.);
#139790=EDGE_LOOP('',(#139780,#139770,#139760,#139750));
#139800=FACE_OUTER_BOUND('',#139790,.T.);
#139810=ADVANCED_FACE('',(#139800),#139690,.T.);
#139820=CARTESIAN_POINT('',(0.17,-0.549999999999998,1.095));
#139830=DIRECTION('',(0.,0.,-1.));
#139840=DIRECTION('',(-1.,0.,0.));
#139850=AXIS2_PLACEMENT_3D('',#139820,#139830,#139840);
#139860=CYLINDRICAL_SURFACE('',#139850,0.15);
#139870=ORIENTED_EDGE('',*,*,#137540,.T.);
#139880=ORIENTED_EDGE('',*,*,#138400,.F.);
#139890=ORIENTED_EDGE('',*,*,#139740,.T.);
#139900=ORIENTED_EDGE('',*,*,#136660,.F.);
#139910=EDGE_LOOP('',(#139900,#139890,#139880,#139870));
#139920=FACE_OUTER_BOUND('',#139910,.T.);
#139930=ADVANCED_FACE('',(#139920),#139860,.T.);
#139940=CARTESIAN_POINT('',(1.26514578638866,-0.649999999999998,0.635));
#139950=DIRECTION('',(0.,0.,-1.));
#139960=DIRECTION('',(0.,1.,0.));
#139970=AXIS2_PLACEMENT_3D('',#139940,#139950,#139960);
#139980=PLANE('',#139970);
#139990=ORIENTED_EDGE('',*,*,#3090,.T.);
#140000=CARTESIAN_POINT('',(0.0700000000000008,-0.399999999999998,0.635)
);
#140010=DIRECTION('',(1.,0.,0.));
#140020=VECTOR('',#140010,1.);
#140030=LINE('',#140000,#140020);
#140040=CARTESIAN_POINT('',(0.17,-0.399999999999998,0.635));
#140050=VERTEX_POINT('',#140040);
#140060=EDGE_CURVE('',#3000,#140050,#140030,.T.);
#140070=ORIENTED_EDGE('',*,*,#140060,.F.);
#140080=CARTESIAN_POINT('',(0.17,-0.549999999999998,0.635));
#140090=DIRECTION('',(0.,-0.,1.));
#140100=DIRECTION('',(0.882352941176504,0.470588235294055,0.));
#140110=AXIS2_PLACEMENT_3D('',#140080,#140090,#140100);
#140120=CIRCLE('',#140110,0.15);
#140130=CARTESIAN_POINT('',(0.302352941176472,-0.479411764705885,0.635))
;
#140140=VERTEX_POINT('',#140130);
#140150=EDGE_CURVE('',#140140,#140050,#140120,.T.);
#140160=ORIENTED_EDGE('',*,*,#140150,.T.);
#140170=CARTESIAN_POINT('',(0.32588235294118,-0.523529411764709,0.635));
#140180=DIRECTION('',(-0.470588235294118,0.88235294117647,0.));
#140190=VECTOR('',#140180,1.);
#140200=LINE('',#140170,#140190);
#140210=CARTESIAN_POINT('',(0.325882352941178,-0.523529411764707,0.635))
;
#140220=VERTEX_POINT('',#140210);
#140230=EDGE_CURVE('',#140220,#140140,#140200,.T.);
#140240=ORIENTED_EDGE('',*,*,#140230,.T.);
#140250=CARTESIAN_POINT('',(0.37,-0.499999999999998,0.635));
#140260=DIRECTION('',(0.,0.,-1.));
#140270=DIRECTION('',(0.,-1.,0.));
#140280=AXIS2_PLACEMENT_3D('',#140250,#140260,#140270);
#140290=CIRCLE('',#140280,0.05);
#140300=CARTESIAN_POINT('',(0.37,-0.549999999999998,0.635));
#140310=VERTEX_POINT('',#140300);
#140320=EDGE_CURVE('',#140310,#140220,#140290,.T.);
#140330=ORIENTED_EDGE('',*,*,#140320,.T.);
#140340=CARTESIAN_POINT('',(0.37,-0.549999999999998,0.635));
#140350=DIRECTION('',(1.,0.,0.));
#140360=VECTOR('',#140350,1.);
#140370=LINE('',#140340,#140360);
#140380=CARTESIAN_POINT('',(0.630000000000002,-0.549999999999998,0.635))
;
#140390=VERTEX_POINT('',#140380);
#140400=EDGE_CURVE('',#140310,#140390,#140370,.T.);
#140410=ORIENTED_EDGE('',*,*,#140400,.F.);
#140420=CARTESIAN_POINT('',(0.630000000000002,-0.549999999999998,0.635))
;
#140430=DIRECTION('',(3.3306690738755E-15,-1.,0.));
#140440=VECTOR('',#140430,1.);
#140450=LINE('',#140420,#140440);
#140460=CARTESIAN_POINT('',(0.630000000000003,-0.649999999999997,0.635))
;
#140470=VERTEX_POINT('',#140460);
#140480=EDGE_CURVE('',#140390,#140470,#140450,.T.);
#140490=ORIENTED_EDGE('',*,*,#140480,.F.);
#140500=CARTESIAN_POINT('',(0.630000000000003,-0.649999999999997,0.635))
;
#140510=DIRECTION('',(-1.,-8.54017711250111E-16,0.));
#140520=VECTOR('',#140510,1.);
#140530=LINE('',#140500,#140520);
#140540=CARTESIAN_POINT('',(0.369999999999995,-0.649999999999998,0.635))
;
#140550=VERTEX_POINT('',#140540);
#140560=EDGE_CURVE('',#140470,#140550,#140530,.T.);
#140570=ORIENTED_EDGE('',*,*,#140560,.F.);
#140580=CARTESIAN_POINT('',(0.37,-0.499999999999998,0.635));
#140590=DIRECTION('',(0.,0.,1.));
#140600=DIRECTION('',(-0.88235294117644,-0.470588235294175,0.));
#140610=AXIS2_PLACEMENT_3D('',#140580,#140590,#140600);
#140620=CIRCLE('',#140610,0.15);
#140630=CARTESIAN_POINT('',(0.237647058823532,-0.57058823529412,0.635));
#140640=VERTEX_POINT('',#140630);
#140650=EDGE_CURVE('',#140640,#140550,#140620,.T.);
#140660=ORIENTED_EDGE('',*,*,#140650,.T.);
#140670=CARTESIAN_POINT('',(0.214117647058827,-0.526470588235297,0.635))
;
#140680=DIRECTION('',(0.470588235294119,-0.88235294117647,0.));
#140690=VECTOR('',#140680,1.);
#140700=LINE('',#140670,#140690);
#140710=CARTESIAN_POINT('',(0.214117647058825,-0.526470588235295,0.635))
;
#140720=VERTEX_POINT('',#140710);
#140730=EDGE_CURVE('',#140720,#140640,#140700,.T.);
#140740=ORIENTED_EDGE('',*,*,#140730,.T.);
#140750=CARTESIAN_POINT('',(0.17,-0.549999999999998,0.635));
#140760=DIRECTION('',(0.,0.,-1.));
#140770=DIRECTION('',(-2.19269047363468E-13,1.,0.));
#140780=AXIS2_PLACEMENT_3D('',#140750,#140760,#140770);
#140790=CIRCLE('',#140780,0.05);
#140800=EDGE_CURVE('',#12280,#140720,#140790,.T.);
#140810=ORIENTED_EDGE('',*,*,#140800,.T.);
#140820=ORIENTED_EDGE('',*,*,#12290,.F.);
#140830=EDGE_LOOP('',(#140820,#140810,#140740,#140660,#140570,#140490,
#140410,#140330,#140240,#140160,#140070,#139990));
#140840=FACE_OUTER_BOUND('',#140830,.T.);
#140850=ADVANCED_FACE('',(#140840),#139980,.F.);
#140860=CARTESIAN_POINT('',(0.17,-0.399999999999998,0.695));
#140870=DIRECTION('',(0.,1.,0.));
#140880=DIRECTION('',(-1.,0.,0.));
#140890=AXIS2_PLACEMENT_3D('',#140860,#140870,#140880);
#140900=PLANE('',#140890);
#140910=CARTESIAN_POINT('',(0.17,-0.399999999999998,0.485));
#140920=DIRECTION('',(-1.,0.,0.));
#140930=VECTOR('',#140920,1.);
#140940=LINE('',#140910,#140930);
#140950=CARTESIAN_POINT('',(0.17,-0.399999999999998,0.485));
#140960=VERTEX_POINT('',#140950);
#140970=EDGE_CURVE('',#140960,#2920,#140940,.T.);
#140980=ORIENTED_EDGE('',*,*,#140970,.T.);
#140990=CARTESIAN_POINT('',(0.17,-0.399999999999998,0.485));
#141000=DIRECTION('',(0.,0.,1.));
#141010=VECTOR('',#141000,1.);
#141020=LINE('',#140990,#141010);
#141030=EDGE_CURVE('',#140960,#140050,#141020,.T.);
#141040=ORIENTED_EDGE('',*,*,#141030,.F.);
#141050=ORIENTED_EDGE('',*,*,#140060,.T.);
#141060=ORIENTED_EDGE('',*,*,#3010,.F.);
#141070=EDGE_LOOP('',(#141060,#141050,#141040,#140980));
#141080=FACE_OUTER_BOUND('',#141070,.T.);
#141090=ADVANCED_FACE('',(#141080),#140900,.T.);
#141100=CARTESIAN_POINT('',(1.26514578638866,-0.349999999999998,0.485));
#141110=DIRECTION('',(0.,0.,1.));
#141120=DIRECTION('',(0.,-1.,0.));
#141130=AXIS2_PLACEMENT_3D('',#141100,#141110,#141120);
#141140=PLANE('',#141130);
#141150=ORIENTED_EDGE('',*,*,#2930,.T.);
#141160=ORIENTED_EDGE('',*,*,#12430,.F.);
#141170=CARTESIAN_POINT('',(0.17,-0.549999999999998,0.485));
#141180=DIRECTION('',(0.,-0.,1.));
#141190=DIRECTION('',(0.882352941176531,0.470588235294005,0.));
#141200=AXIS2_PLACEMENT_3D('',#141170,#141180,#141190);
#141210=CIRCLE('',#141200,0.05);
#141220=CARTESIAN_POINT('',(0.214117647058826,-0.526470588235295,0.485))
;
#141230=VERTEX_POINT('',#141220);
#141240=EDGE_CURVE('',#141230,#12360,#141210,.T.);
#141250=ORIENTED_EDGE('',*,*,#141240,.T.);
#141260=CARTESIAN_POINT('',(0.237647058823529,-0.570588235294116,0.485))
;
#141270=DIRECTION('',(-0.470588235294111,0.882352941176474,0.));
#141280=VECTOR('',#141270,1.);
#141290=LINE('',#141260,#141280);
#141300=CARTESIAN_POINT('',(0.23764705882353,-0.570588235294116,0.485));
#141310=VERTEX_POINT('',#141300);
#141320=EDGE_CURVE('',#141310,#141230,#141290,.T.);
#141330=ORIENTED_EDGE('',*,*,#141320,.T.);
#141340=CARTESIAN_POINT('',(0.37,-0.499999999999998,0.485));
#141350=DIRECTION('',(-0.,0.,-1.));
#141360=DIRECTION('',(-1.14723045877933E-13,-1.,0.));
#141370=AXIS2_PLACEMENT_3D('',#141340,#141350,#141360);
#141380=CIRCLE('',#141370,0.15);
#141390=CARTESIAN_POINT('',(0.369999999999991,-0.649999999999997,0.485))
;
#141400=VERTEX_POINT('',#141390);
#141410=EDGE_CURVE('',#141400,#141310,#141380,.T.);
#141420=ORIENTED_EDGE('',*,*,#141410,.T.);
#141430=CARTESIAN_POINT('',(0.37,-0.649999999999997,0.485));
#141440=DIRECTION('',(1.,8.54017711250111E-16,0.));
#141450=VECTOR('',#141440,1.);
#141460=LINE('',#141430,#141450);
#141470=CARTESIAN_POINT('',(0.630000000000003,-0.649999999999997,0.485))
;
#141480=VERTEX_POINT('',#141470);
#141490=EDGE_CURVE('',#141400,#141480,#141460,.T.);
#141500=ORIENTED_EDGE('',*,*,#141490,.F.);
#141510=CARTESIAN_POINT('',(0.630000000000003,-0.649999999999997,0.485))
;
#141520=DIRECTION('',(-3.3306690738755E-15,1.,0.));
#141530=VECTOR('',#141520,1.);
#141540=LINE('',#141510,#141530);
#141550=CARTESIAN_POINT('',(0.630000000000003,-0.549999999999998,0.485))
;
#141560=VERTEX_POINT('',#141550);
#141570=EDGE_CURVE('',#141480,#141560,#141540,.T.);
#141580=ORIENTED_EDGE('',*,*,#141570,.F.);
#141590=CARTESIAN_POINT('',(0.630000000000002,-0.549999999999998,0.485))
;
#141600=DIRECTION('',(-1.,0.,0.));
#141610=VECTOR('',#141600,1.);
#141620=LINE('',#141590,#141610);
#141630=CARTESIAN_POINT('',(0.37,-0.549999999999998,0.485));
#141640=VERTEX_POINT('',#141630);
#141650=EDGE_CURVE('',#141560,#141640,#141620,.T.);
#141660=ORIENTED_EDGE('',*,*,#141650,.F.);
#141670=CARTESIAN_POINT('',(0.37,-0.499999999999998,0.485));
#141680=DIRECTION('',(0.,0.,1.));
#141690=DIRECTION('',(-0.882352941176487,-0.470588235294087,0.));
#141700=AXIS2_PLACEMENT_3D('',#141670,#141680,#141690);
#141710=CIRCLE('',#141700,0.05);
#141720=CARTESIAN_POINT('',(0.325882352941176,-0.523529411764703,0.485))
;
#141730=VERTEX_POINT('',#141720);
#141740=EDGE_CURVE('',#141730,#141640,#141710,.T.);
#141750=ORIENTED_EDGE('',*,*,#141740,.T.);
#141760=CARTESIAN_POINT('',(0.302352941176469,-0.479411764705878,0.485))
;
#141770=DIRECTION('',(0.470588235294116,-0.882352941176471,0.));
#141780=VECTOR('',#141770,1.);
#141790=LINE('',#141760,#141780);
#141800=CARTESIAN_POINT('',(0.30235294117647,-0.479411764705879,0.485));
#141810=VERTEX_POINT('',#141800);
#141820=EDGE_CURVE('',#141810,#141730,#141790,.T.);
#141830=ORIENTED_EDGE('',*,*,#141820,.T.);
#141840=CARTESIAN_POINT('',(0.17,-0.549999999999998,0.485));
#141850=DIRECTION('',(0.,0.,-1.));
#141860=DIRECTION('',(-5.55111512312578E-16,1.,0.));
#141870=AXIS2_PLACEMENT_3D('',#141840,#141850,#141860);
#141880=CIRCLE('',#141870,0.15);
#141890=EDGE_CURVE('',#140960,#141810,#141880,.T.);
#141900=ORIENTED_EDGE('',*,*,#141890,.T.);
#141910=ORIENTED_EDGE('',*,*,#140970,.F.);
#141920=EDGE_LOOP('',(#141910,#141900,#141830,#141750,#141660,#141580,
#141500,#141420,#141330,#141250,#141160,#141150));
#141930=FACE_OUTER_BOUND('',#141920,.T.);
#141940=ADVANCED_FACE('',(#141930),#141140,.F.);
#141950=CARTESIAN_POINT('',(0.17,-0.549999999999998,0.695));
#141960=DIRECTION('',(0.,0.,-1.));
#141970=DIRECTION('',(-1.,0.,0.));
#141980=AXIS2_PLACEMENT_3D('',#141950,#141960,#141970);
#141990=CYLINDRICAL_SURFACE('',#141980,0.05);
#142000=CARTESIAN_POINT('',(0.214117647058824,-0.526470588235292,0.485))
;
#142010=DIRECTION('',(0.,0.,1.));
#142020=VECTOR('',#142010,1.);
#142030=LINE('',#142000,#142020);
#142040=EDGE_CURVE('',#141230,#140720,#142030,.T.);
#142050=ORIENTED_EDGE('',*,*,#142040,.T.);
#142060=ORIENTED_EDGE('',*,*,#141240,.F.);
#142070=ORIENTED_EDGE('',*,*,#12370,.T.);
#142080=ORIENTED_EDGE('',*,*,#140800,.F.);
#142090=EDGE_LOOP('',(#142080,#142070,#142060,#142050));
#142100=FACE_OUTER_BOUND('',#142090,.T.);
#142110=ADVANCED_FACE('',(#142100),#141990,.F.);
#142120=CARTESIAN_POINT('',(0.214117647058824,-0.526470588235292,0.695))
;
#142130=DIRECTION('',(-0.88235294117647,-0.470588235294118,0.));
#142140=DIRECTION('',(0.470588235294118,-0.88235294117647,0.));
#142150=AXIS2_PLACEMENT_3D('',#142120,#142130,#142140);
#142160=PLANE('',#142150);
#142170=CARTESIAN_POINT('',(0.237647058823529,-0.570588235294116,0.635))
;
#142180=DIRECTION('',(0.,0.,-1.));
#142190=VECTOR('',#142180,1.);
#142200=LINE('',#142170,#142190);
#142210=EDGE_CURVE('',#140640,#141310,#142200,.T.);
#142220=ORIENTED_EDGE('',*,*,#142210,.F.);
#142230=ORIENTED_EDGE('',*,*,#141320,.F.);
#142240=ORIENTED_EDGE('',*,*,#142040,.F.);
#142250=ORIENTED_EDGE('',*,*,#140730,.F.);
#142260=EDGE_LOOP('',(#142250,#142240,#142230,#142220));
#142270=FACE_OUTER_BOUND('',#142260,.T.);
#142280=ADVANCED_FACE('',(#142270),#142160,.T.);
#142290=CARTESIAN_POINT('',(0.37,-0.499999999999998,0.695));
#142300=DIRECTION('',(0.,0.,-1.));
#142310=DIRECTION('',(-1.,0.,0.));
#142320=AXIS2_PLACEMENT_3D('',#142290,#142300,#142310);
#142330=CYLINDRICAL_SURFACE('',#142320,0.15);
#142340=CARTESIAN_POINT('',(0.37,-0.649999999999998,0.485));
#142350=DIRECTION('',(0.,0.,1.));
#142360=VECTOR('',#142350,1.);
#142370=LINE('',#142340,#142360);
#142380=EDGE_CURVE('',#141400,#140550,#142370,.T.);
#142390=ORIENTED_EDGE('',*,*,#142380,.T.);
#142400=ORIENTED_EDGE('',*,*,#141410,.F.);
#142410=ORIENTED_EDGE('',*,*,#142210,.T.);
#142420=ORIENTED_EDGE('',*,*,#140650,.F.);
#142430=EDGE_LOOP('',(#142420,#142410,#142400,#142390));
#142440=FACE_OUTER_BOUND('',#142430,.T.);
#142450=ADVANCED_FACE('',(#142440),#142330,.T.);
#142460=CARTESIAN_POINT('',(0.823766714898784,-0.649999999999997,0.695))
;
#142470=DIRECTION('',(6.47630097698008E-16,-1.,0.));
#142480=DIRECTION('',(1.,6.47630097698008E-16,0.));
#142490=AXIS2_PLACEMENT_3D('',#142460,#142470,#142480);
#142500=PLANE('',#142490);
#142510=ORIENTED_EDGE('',*,*,#141490,.T.);
#142520=ORIENTED_EDGE('',*,*,#142380,.F.);
#142530=ORIENTED_EDGE('',*,*,#140560,.T.);
#142540=CARTESIAN_POINT('',(0.630000000000003,-0.649999999999997,0.485))
;
#142550=DIRECTION('',(0.,0.,1.));
#142560=VECTOR('',#142550,1.);
#142570=LINE('',#142540,#142560);
#142580=EDGE_CURVE('',#141480,#140470,#142570,.T.);
#142590=ORIENTED_EDGE('',*,*,#142580,.T.);
#142600=EDGE_LOOP('',(#142590,#142530,#142520,#142510));
#142610=FACE_OUTER_BOUND('',#142600,.T.);
#142620=ADVANCED_FACE('',(#142610),#142500,.T.);
#142630=CARTESIAN_POINT('',(0.630000000000003,-0.7640024,
0.87476109676743));
#142640=DIRECTION('',(-1.,-3.5527136788005E-15,0.));
#142650=DIRECTION('',(0.,0.,-1.));
#142660=AXIS2_PLACEMENT_3D('',#142630,#142640,#142650);
#142670=PLANE('',#142660);
#142680=ORIENTED_EDGE('',*,*,#141570,.T.);
#142690=ORIENTED_EDGE('',*,*,#142580,.F.);
#142700=ORIENTED_EDGE('',*,*,#140480,.T.);
#142710=CARTESIAN_POINT('',(0.630000000000002,-0.549999999999998,0.635))
;
#142720=DIRECTION('',(0.,0.,-1.));
#142730=VECTOR('',#142720,1.);
#142740=LINE('',#142710,#142730);
#142750=EDGE_CURVE('',#140390,#141560,#142740,.T.);
#142760=ORIENTED_EDGE('',*,*,#142750,.F.);
#142770=EDGE_LOOP('',(#142760,#142700,#142690,#142680));
#142780=FACE_OUTER_BOUND('',#142770,.T.);
#142790=ADVANCED_FACE('',(#142780),#142670,.F.);
#142800=CARTESIAN_POINT('',(0.583766714898784,-0.549999999999998,0.695))
;
#142810=DIRECTION('',(0.,1.,0.));
#142820=DIRECTION('',(-1.,0.,0.));
#142830=AXIS2_PLACEMENT_3D('',#142800,#142810,#142820);
#142840=PLANE('',#142830);
#142850=CARTESIAN_POINT('',(0.37,-0.549999999999998,0.635));
#142860=DIRECTION('',(0.,0.,-1.));
#142870=VECTOR('',#142860,1.);
#142880=LINE('',#142850,#142870);
#142890=EDGE_CURVE('',#140310,#141640,#142880,.T.);
#142900=ORIENTED_EDGE('',*,*,#142890,.F.);
#142910=ORIENTED_EDGE('',*,*,#141650,.T.);
#142920=ORIENTED_EDGE('',*,*,#142750,.T.);
#142930=ORIENTED_EDGE('',*,*,#140400,.T.);
#142940=EDGE_LOOP('',(#142930,#142920,#142910,#142900));
#142950=FACE_OUTER_BOUND('',#142940,.T.);
#142960=ADVANCED_FACE('',(#142950),#142840,.T.);
#142970=CARTESIAN_POINT('',(0.37,-0.499999999999998,0.695));
#142980=DIRECTION('',(0.,0.,-1.));
#142990=DIRECTION('',(-1.,0.,0.));
#143000=AXIS2_PLACEMENT_3D('',#142970,#142980,#142990);
#143010=CYLINDRICAL_SURFACE('',#143000,0.05);
#143020=CARTESIAN_POINT('',(0.325882352941176,-0.523529411764704,0.485))
;
#143030=DIRECTION('',(0.,0.,1.));
#143040=VECTOR('',#143030,1.);
#143050=LINE('',#143020,#143040);
#143060=EDGE_CURVE('',#141730,#140220,#143050,.T.);
#143070=ORIENTED_EDGE('',*,*,#143060,.T.);
#143080=ORIENTED_EDGE('',*,*,#141740,.F.);
#143090=ORIENTED_EDGE('',*,*,#142890,.T.);
#143100=ORIENTED_EDGE('',*,*,#140320,.F.);
#143110=EDGE_LOOP('',(#143100,#143090,#143080,#143070));
#143120=FACE_OUTER_BOUND('',#143110,.T.);
#143130=ADVANCED_FACE('',(#143120),#143010,.F.);
#143140=CARTESIAN_POINT('',(0.325882352941176,-0.523529411764704,0.695))
;
#143150=DIRECTION('',(0.88235294117647,0.470588235294118,0.));
#143160=DIRECTION('',(-0.470588235294118,0.88235294117647,0.));
#143170=AXIS2_PLACEMENT_3D('',#143140,#143150,#143160);
#143180=PLANE('',#143170);
#143190=CARTESIAN_POINT('',(0.30235294117647,-0.47941176470588,0.635));
#143200=DIRECTION('',(0.,0.,-1.));
#143210=VECTOR('',#143200,1.);
#143220=LINE('',#143190,#143210);
#143230=EDGE_CURVE('',#140140,#141810,#143220,.T.);
#143240=ORIENTED_EDGE('',*,*,#143230,.F.);
#143250=ORIENTED_EDGE('',*,*,#141820,.F.);
#143260=ORIENTED_EDGE('',*,*,#143060,.F.);
#143270=ORIENTED_EDGE('',*,*,#140230,.F.);
#143280=EDGE_LOOP('',(#143270,#143260,#143250,#143240));
#143290=FACE_OUTER_BOUND('',#143280,.T.);
#143300=ADVANCED_FACE('',(#143290),#143180,.T.);
#143310=CARTESIAN_POINT('',(0.17,-0.549999999999998,0.695));
#143320=DIRECTION('',(0.,0.,-1.));
#143330=DIRECTION('',(-1.,0.,0.));
#143340=AXIS2_PLACEMENT_3D('',#143310,#143320,#143330);
#143350=CYLINDRICAL_SURFACE('',#143340,0.15);
#143360=ORIENTED_EDGE('',*,*,#141030,.T.);
#143370=ORIENTED_EDGE('',*,*,#141890,.F.);
#143380=ORIENTED_EDGE('',*,*,#143230,.T.);
#143390=ORIENTED_EDGE('',*,*,#140150,.F.);
#143400=EDGE_LOOP('',(#143390,#143380,#143370,#143360));
#143410=FACE_OUTER_BOUND('',#143400,.T.);
#143420=ADVANCED_FACE('',(#143410),#143350,.T.);
#143430=CARTESIAN_POINT('',(-0.14,0.340000000000002,0.695));
#143440=DIRECTION('',(0.,0.,-1.));
#143450=DIRECTION('',(-1.,0.,0.));
#143460=AXIS2_PLACEMENT_3D('',#143430,#143440,#143450);
#143470=CYLINDRICAL_SURFACE('',#143460,0.15);
#143480=CARTESIAN_POINT('',(-0.14,0.340000000000002,7.13));
#143490=DIRECTION('',(0.,-0.,1.));
#143500=DIRECTION('',(2.83847019962498E-13,1.,0.));
#143510=AXIS2_PLACEMENT_3D('',#143480,#143490,#143500);
#143520=CIRCLE('',#143510,0.15);
#143530=CARTESIAN_POINT('',(-0.29,0.340000000000002,7.13));
#143540=VERTEX_POINT('',#143530);
#143550=EDGE_CURVE('',#2370,#143540,#143520,.T.);
#143560=ORIENTED_EDGE('',*,*,#143550,.F.);
#143570=CARTESIAN_POINT('',(-0.29,0.340000000000002,0.39));
#143580=DIRECTION('',(0.,0.,1.));
#143590=VECTOR('',#143580,1.);
#143600=LINE('',#143570,#143590);
#143610=CARTESIAN_POINT('',(-0.29,0.339999999999993,0.39));
#143620=VERTEX_POINT('',#143610);
#143630=EDGE_CURVE('',#143620,#143540,#143600,.T.);
#143640=ORIENTED_EDGE('',*,*,#143630,.T.);
#143650=CARTESIAN_POINT('',(-0.14,0.340000000000002,0.39));
#143660=DIRECTION('',(-0.,0.,-1.));
#143670=DIRECTION('',(-1.,-1.16573417585641E-13,0.));
#143680=AXIS2_PLACEMENT_3D('',#143650,#143660,#143670);
#143690=CIRCLE('',#143680,0.15);
#143700=EDGE_CURVE('',#143620,#1550,#143690,.T.);
#143710=ORIENTED_EDGE('',*,*,#143700,.F.);
#143720=ORIENTED_EDGE('',*,*,#2440,.T.);
#143730=EDGE_LOOP('',(#143720,#143710,#143640,#143560));
#143740=FACE_OUTER_BOUND('',#143730,.T.);
#143750=ADVANCED_FACE('',(#143740),#143470,.T.);
#143760=CARTESIAN_POINT('',(-0.290000000000002,0.290000000000002,7.13));
#143770=DIRECTION('',(0.,0.,1.));
#143780=DIRECTION('',(-1.,-3.5527136788005E-15,0.));
#143790=AXIS2_PLACEMENT_3D('',#143760,#143770,#143780);
#143800=PLANE('',#143790);
#143810=CARTESIAN_POINT('',(-0.455000000000002,0.290000000000002,7.13));
#143820=DIRECTION('',(-3.60822483003175E-15,1.,0.));
#143830=VECTOR('',#143820,1.);
#143840=LINE('',#143810,#143830);
#143850=CARTESIAN_POINT('',(-0.455000000000002,0.290000000000002,7.13));
#143860=VERTEX_POINT('',#143850);
#143870=EDGE_CURVE('',#143860,#2290,#143840,.T.);
#143880=ORIENTED_EDGE('',*,*,#143870,.T.);
#143890=CARTESIAN_POINT('',(-0.455000000000002,0.290000000000002,7.13));
#143900=DIRECTION('',(1.,3.36431219583377E-15,0.));
#143910=VECTOR('',#143900,1.);
#143920=LINE('',#143890,#143910);
#143930=CARTESIAN_POINT('',(-0.29,0.290000000000002,7.13));
#143940=VERTEX_POINT('',#143930);
#143950=EDGE_CURVE('',#143860,#143940,#143920,.T.);
#143960=ORIENTED_EDGE('',*,*,#143950,.F.);
#143970=CARTESIAN_POINT('',(-0.29,0.340000000000002,7.13));
#143980=DIRECTION('',(4.44089209850074E-15,-1.,0.));
#143990=VECTOR('',#143980,1.);
#144000=LINE('',#143970,#143990);
#144010=EDGE_CURVE('',#143540,#143940,#144000,.T.);
#144020=ORIENTED_EDGE('',*,*,#144010,.T.);
#144030=ORIENTED_EDGE('',*,*,#143550,.T.);
#144040=ORIENTED_EDGE('',*,*,#2380,.T.);
#144050=EDGE_LOOP('',(#144040,#144030,#144020,#143960,#143880));
#144060=FACE_OUTER_BOUND('',#144050,.T.);
#144070=ADVANCED_FACE('',(#144060),#143800,.F.);
#144080=CARTESIAN_POINT('',(-0.455000000000002,0.290000000000001,7.13));
#144090=DIRECTION('',(-1.,-3.5527136788005E-15,0.));
#144100=DIRECTION('',(0.,0.,-1.));
#144110=AXIS2_PLACEMENT_3D('',#144080,#144090,#144100);
#144120=PLANE('',#144110);
#144130=CARTESIAN_POINT('',(-0.455000000000002,0.290000000000002,
6.99511627906977));
#144140=DIRECTION('',(0.,0.,1.));
#144150=VECTOR('',#144140,1.);
#144160=LINE('',#144130,#144150);
#144170=CARTESIAN_POINT('',(-0.455000000000002,0.290000000000002,
6.99511627906977));
#144180=VERTEX_POINT('',#144170);
#144190=EDGE_CURVE('',#144180,#143860,#144160,.T.);
#144200=ORIENTED_EDGE('',*,*,#144190,.F.);
#144210=ORIENTED_EDGE('',*,*,#143870,.F.);
#144220=ORIENTED_EDGE('',*,*,#2300,.F.);
#144230=CARTESIAN_POINT('',(-0.455000000000002,0.290000000000002,
6.99511627906977));
#144240=DIRECTION('',(-3.55456173367851E-15,0.985127563031391,
0.171824574947334));
#144250=VECTOR('',#144240,1.);
#144260=LINE('',#144230,#144250);
#144270=EDGE_CURVE('',#144180,#2210,#144260,.T.);
#144280=ORIENTED_EDGE('',*,*,#144270,.T.);
#144290=EDGE_LOOP('',(#144280,#144220,#144210,#144200));
#144300=FACE_OUTER_BOUND('',#144290,.T.);
#144310=ADVANCED_FACE('',(#144300),#144120,.F.);
#144320=CARTESIAN_POINT('',(-0.290000000000002,0.490000000000004,7.03));
#144330=DIRECTION('',(4.77352634534854E-16,-0.171824574947335,
0.985127563031391));
#144340=DIRECTION('',(2.73682177133317E-15,-0.985127563031391,
-0.171824574947335));
#144350=AXIS2_PLACEMENT_3D('',#144320,#144330,#144340);
#144360=PLANE('',#144350);
#144370=CARTESIAN_POINT('',(-0.289999999999999,-0.309988326080806,
6.89046715242777));
#144380=CARTESIAN_POINT('',(-0.289999999999999,-0.311140453002891,
6.89026620005764));
#144390=CARTESIAN_POINT('',(-0.290064945864402,-0.313441246575136,
6.88986489885317));
#144400=CARTESIAN_POINT('',(-0.290363879563863,-0.316891364890726,
6.88926313403069));
#144410=CARTESIAN_POINT('',(-0.290696811337406,-0.319172114336557,
6.88886532889479));
#144420=CARTESIAN_POINT('',(-0.290895174555275,-0.320309474496839,
6.88866695212264));
#144430=B_SPLINE_CURVE_WITH_KNOTS('',3,(#144370,#144380,#144390,#144400,
#144410,#144420),.UNSPECIFIED.,.F.,.F.,(4,1,1,4),(0.,0.333333333333333,
0.666666666666667,1.),.UNSPECIFIED.);
#144440=CARTESIAN_POINT('',(-0.29,-0.309994163040402,6.89046613435342));
#144450=VERTEX_POINT('',#144440);
#144460=CARTESIAN_POINT('',(-0.290892325942697,-0.320309358250425,
6.88866697239818));
#144470=VERTEX_POINT('',#144460);
#144480=EDGE_CURVE('',#144450,#144470,#144430,.T.);
#144490=ORIENTED_EDGE('',*,*,#144480,.T.);
#144500=CARTESIAN_POINT('',(-0.29,-0.309999999999998,6.89046511627907));
#144510=DIRECTION('',(0.,0.985127563031391,0.171824574947335));
#144520=VECTOR('',#144510,1.);
#144530=LINE('',#144500,#144520);
#144540=CARTESIAN_POINT('',(-0.29,0.290000000000002,6.99511627906977));
#144550=VERTEX_POINT('',#144540);
#144560=EDGE_CURVE('',#144450,#144550,#144530,.T.);
#144570=ORIENTED_EDGE('',*,*,#144560,.F.);
#144580=CARTESIAN_POINT('',(-0.29,0.290000000000002,6.99511627906977));
#144590=DIRECTION('',(-1.,-3.36431219583377E-15,0.));
#144600=VECTOR('',#144590,1.);
#144610=LINE('',#144580,#144600);
#144620=EDGE_CURVE('',#144550,#144180,#144610,.T.);
#144630=ORIENTED_EDGE('',*,*,#144620,.F.);
#144640=ORIENTED_EDGE('',*,*,#144270,.F.);
#144650=ORIENTED_EDGE('',*,*,#2220,.T.);
#144660=CARTESIAN_POINT('',(-1.255,0.490000000000007,7.03));
#144670=DIRECTION('',(3.28113390801083E-15,-0.985127563031391,
-0.171824574947338));
#144680=VECTOR('',#144670,1.);
#144690=LINE('',#144660,#144680);
#144700=CARTESIAN_POINT('',(-1.255,0.289999999999999,6.99511627906977));
#144710=VERTEX_POINT('',#144700);
#144720=EDGE_CURVE('',#2130,#144710,#144690,.T.);
#144730=ORIENTED_EDGE('',*,*,#144720,.F.);
#144740=CARTESIAN_POINT('',(-1.255,0.289999999999999,6.99511627906977));
#144750=DIRECTION('',(-1.,-3.70074341541719E-15,0.));
#144760=VECTOR('',#144750,1.);
#144770=LINE('',#144740,#144760);
#144780=CARTESIAN_POINT('',(-1.42,0.289999999999999,6.99511627906977));
#144790=VERTEX_POINT('',#144780);
#144800=EDGE_CURVE('',#144710,#144790,#144770,.T.);
#144810=ORIENTED_EDGE('',*,*,#144800,.F.);
#144820=CARTESIAN_POINT('',(-1.42,0.289999999999998,6.99511627906977));
#144830=DIRECTION('',(3.6457043422344E-15,-0.985127563031392,
-0.171824574947333));
#144840=VECTOR('',#144830,1.);
#144850=LINE('',#144820,#144840);
#144860=CARTESIAN_POINT('',(-1.41999999982063,-0.309995360549187,
6.89046592548561));
#144870=VERTEX_POINT('',#144860);
#144880=EDGE_CURVE('',#144790,#144870,#144850,.T.);
#144890=ORIENTED_EDGE('',*,*,#144880,.F.);
#144900=CARTESIAN_POINT('',(-1.41910484597306,-0.320309474496842,
6.88866695212264));
#144910=CARTESIAN_POINT('',(-1.41930285152957,-0.319174172652099,
6.88886496988626));
#144920=CARTESIAN_POINT('',(-1.41963617550343,-0.316896614374772,
6.889262218423));
#144930=CARTESIAN_POINT('',(-1.41993449917825,-0.313457939458812,
6.8898619873037));
#144940=CARTESIAN_POINT('',(-1.42,-0.311149108055599,6.89026469045542));
#144950=CARTESIAN_POINT('',(-1.42,-0.30999072104077,6.89046673470219));
#144960=B_SPLINE_CURVE_WITH_KNOTS('',3,(#144900,#144910,#144920,#144930,
#144940,#144950),.UNSPECIFIED.,.F.,.F.,(4,1,1,4),(0.,0.333333333333333,
0.666666666666667,1.),.UNSPECIFIED.);
#144970=CARTESIAN_POINT('',(-1.41910770752713,-0.320309166352686,
6.88866700586789));
#144980=VERTEX_POINT('',#144970);
#144990=EDGE_CURVE('',#144980,#144870,#144960,.T.);
#145000=ORIENTED_EDGE('',*,*,#144990,.T.);
#145010=CARTESIAN_POINT('',(-1.41910756704941,-0.320309474496843,
6.88866695212264));
#145020=DIRECTION('',(1.,3.83780516686985E-15,0.));
#145030=VECTOR('',#145020,1.);
#145040=LINE('',#145010,#145030);
#145050=EDGE_CURVE('',#144980,#144470,#145040,.T.);
#145060=ORIENTED_EDGE('',*,*,#145050,.F.);
#145070=EDGE_LOOP('',(#145060,#145000,#144890,#144810,#144730,#144650,
#144640,#144630,#144570,#144490));
#145080=FACE_OUTER_BOUND('',#145070,.T.);
#145090=ADVANCED_FACE('',(#145080),#144360,.F.);
#145100=CARTESIAN_POINT('',(0.,-0.309999999999997,6.82955929834076));
#145110=DIRECTION('',(-1.,-3.83738624921721E-15,0.));
#145120=DIRECTION('',(-3.83738624921721E-15,1.,0.));
#145130=AXIS2_PLACEMENT_3D('',#145100,#145110,#145120);
#145140=CYLINDRICAL_SURFACE('',#145130,0.06);
#145150=CARTESIAN_POINT('',(-0.290892452479226,-0.320309474496838,
6.88866695212264));
#145160=CARTESIAN_POINT('',(-0.291755639857079,-0.325258753627206,
6.8878037057627));
#145170=CARTESIAN_POINT('',(-0.294721302117795,-0.335288466762593,
6.88484626118264));
#145180=CARTESIAN_POINT('',(-0.304337725307805,-0.35018328121361,
6.87522037801278));
#145190=CARTESIAN_POINT('',(-0.316605127655834,-0.360585957203789,
6.86295230219821));
#145200=CARTESIAN_POINT('',(-0.330293471915538,-0.36751099922346,
6.84926622685497));
#145210=CARTESIAN_POINT('',(-0.343050694835491,-0.369999999999998,
6.83650860350527));
#145220=CARTESIAN_POINT('',(-0.35,-0.369999999999998,6.82955929834076));
#145230=B_SPLINE_CURVE_WITH_KNOTS('',3,(#145150,#145160,#145170,#145180,
#145190,#145200,#145210,#145220),.UNSPECIFIED.,.F.,.F.,(4,1,1,1,1,4),(0.
,0.2,0.4,0.6,0.8,1.),.UNSPECIFIED.);
#145240=CARTESIAN_POINT('',(-0.35,-0.369999999999998,6.82955929834076));
#145250=VERTEX_POINT('',#145240);
#145260=EDGE_CURVE('',#144470,#145250,#145230,.T.);
#145270=ORIENTED_EDGE('',*,*,#145260,.T.);
#145280=ORIENTED_EDGE('',*,*,#145050,.T.);
#145290=CARTESIAN_POINT('',(-1.41910776135675,-0.320308857715256,
6.88866714342779));
#145300=CARTESIAN_POINT('',(-1.41824444129846,-0.325258864533599,
6.88780377014552));
#145310=CARTESIAN_POINT('',(-1.41528653418248,-0.335289505718637,
6.88483751348728));
#145320=CARTESIAN_POINT('',(-1.40566046875886,-0.350183916904118,
6.87522098148825));
#145330=CARTESIAN_POINT('',(-1.39339248438417,-0.360586264881571,
6.86295364366706));
#145340=CARTESIAN_POINT('',(-1.37970677765805,-0.367511015638354,
6.84926567705358));
#145350=CARTESIAN_POINT('',(-1.36694926565863,-0.370000000000002,
6.83650856399939));
#145360=CARTESIAN_POINT('',(-1.36,-0.370000000000002,6.82955929834076));
#145370=B_SPLINE_CURVE_WITH_KNOTS('',3,(#145290,#145300,#145310,#145320,
#145330,#145340,#145350,#145360),.UNSPECIFIED.,.F.,.F.,(4,1,1,1,1,4),(0.
,0.2,0.4,0.6,0.8,1.),.UNSPECIFIED.);
#145380=CARTESIAN_POINT('',(-1.36,-0.370000000000002,6.82955929834076));
#145390=VERTEX_POINT('',#145380);
#145400=EDGE_CURVE('',#144980,#145390,#145370,.T.);
#145410=ORIENTED_EDGE('',*,*,#145400,.F.);
#145420=CARTESIAN_POINT('',(-0.35,-0.369999999999998,6.82955929834076));
#145430=DIRECTION('',(-1.,-3.84730751107728E-15,0.));
#145440=VECTOR('',#145430,1.);
#145450=LINE('',#145420,#145440);
#145460=EDGE_CURVE('',#145250,#145390,#145450,.T.);
#145470=ORIENTED_EDGE('',*,*,#145460,.T.);
#145480=EDGE_LOOP('',(#145470,#145410,#145280,#145270));
#145490=FACE_OUTER_BOUND('',#145480,.T.);
#145500=ADVANCED_FACE('',(#145490),#145140,.F.);
#145510=CARTESIAN_POINT('',(-0.68,-0.37,-2.));
#145520=DIRECTION('',(-3.83738624921721E-15,1.,0.));
#145530=DIRECTION('',(1.,3.83738624921721E-15,0.));
#145540=AXIS2_PLACEMENT_3D('',#145510,#145520,#145530);
#145550=PLANE('',#145540);
#145560=CARTESIAN_POINT('',(-1.36,-0.370000000000002,0.690440701659239))
;
#145570=DIRECTION('',(1.,3.84730751107728E-15,0.));
#145580=VECTOR('',#145570,1.);
#145590=LINE('',#145560,#145580);
#145600=CARTESIAN_POINT('',(-1.36,-0.370000000000002,0.690440701659239))
;
#145610=VERTEX_POINT('',#145600);
#145620=CARTESIAN_POINT('',(-0.35,-0.369999999999998,0.690440701659239))
;
#145630=VERTEX_POINT('',#145620);
#145640=EDGE_CURVE('',#145610,#145630,#145590,.T.);
#145650=ORIENTED_EDGE('',*,*,#145640,.F.);
#145660=CARTESIAN_POINT('',(-0.35,-0.369999999999998,0.690440701659239))
;
#145670=DIRECTION('',(0.,0.,1.));
#145680=VECTOR('',#145670,1.);
#145690=LINE('',#145660,#145680);
#145700=EDGE_CURVE('',#145630,#145250,#145690,.T.);
#145710=ORIENTED_EDGE('',*,*,#145700,.F.);
#145720=ORIENTED_EDGE('',*,*,#145460,.F.);
#145730=CARTESIAN_POINT('',(-1.36,-0.370000000000002,6.82955929834076));
#145740=DIRECTION('',(0.,0.,-1.));
#145750=VECTOR('',#145740,1.);
#145760=LINE('',#145730,#145750);
#145770=EDGE_CURVE('',#145390,#145610,#145760,.T.);
#145780=ORIENTED_EDGE('',*,*,#145770,.F.);
#145790=EDGE_LOOP('',(#145780,#145720,#145710,#145650));
#145800=FACE_OUTER_BOUND('',#145790,.T.);
#145810=CARTESIAN_POINT('',(-1.09,-0.370000000000001,4.7211731409782));
#145820=DIRECTION('',(0.,0.,1.));
#145830=VECTOR('',#145820,1.);
#145840=LINE('',#145810,#145830);
#145850=CARTESIAN_POINT('',(-1.09,-0.370000000000001,4.7211731409782));
#145860=VERTEX_POINT('',#145850);
#145870=CARTESIAN_POINT('',(-1.09,-0.370000000000002,5.9838268590218));
#145880=VERTEX_POINT('',#145870);
#145890=EDGE_CURVE('',#145860,#145880,#145840,.T.);
#145900=ORIENTED_EDGE('',*,*,#145890,.F.);
#145910=CARTESIAN_POINT('',(-0.99,-0.370000000000001,5.9838268590218));
#145920=DIRECTION('',(3.52701600230801E-15,-1.,1.13360951985952E-16));
#145930=DIRECTION('',(-0.500000000000209,-1.66533453693773E-15,
0.866025403784318));
#145940=AXIS2_PLACEMENT_3D('',#145910,#145920,#145930);
#145950=CIRCLE('',#145940,0.1);
#145960=CARTESIAN_POINT('',(-1.04000000000001,-0.370000000000001,
6.07042939940024));
#145970=VERTEX_POINT('',#145960);
#145980=EDGE_CURVE('',#145970,#145880,#145950,.T.);
#145990=ORIENTED_EDGE('',*,*,#145980,.T.);
#146000=CARTESIAN_POINT('',(-0.855,-0.37,5.75));
#146010=DIRECTION('',(3.59452956461664E-15,-1.,3.5759681324916E-18));
#146020=DIRECTION('',(0.500000000000035,1.80036166155431E-15,
0.866025403784419));
#146030=AXIS2_PLACEMENT_3D('',#146000,#146010,#146020);
#146040=CIRCLE('',#146030,0.37);
#146050=CARTESIAN_POINT('',(-0.66999999999999,-0.37,6.07042939940024));
#146060=VERTEX_POINT('',#146050);
#146070=EDGE_CURVE('',#146060,#145970,#146040,.T.);
#146080=ORIENTED_EDGE('',*,*,#146070,.T.);
#146090=CARTESIAN_POINT('',(-0.72,-0.37,5.9838268590218));
#146100=DIRECTION('',(3.3306690738755E-15,-1.,2.79025767373648E-29));
#146110=DIRECTION('',(1.,3.3306690738755E-15,-1.06581410364016E-13));
#146120=AXIS2_PLACEMENT_3D('',#146090,#146100,#146110);
#146130=CIRCLE('',#146120,0.0999999999999993);
#146140=CARTESIAN_POINT('',(-0.62,-0.369999999999999,5.98382685902179));
#146150=VERTEX_POINT('',#146140);
#146160=EDGE_CURVE('',#146150,#146060,#146130,.T.);
#146170=ORIENTED_EDGE('',*,*,#146160,.T.);
#146180=CARTESIAN_POINT('',(-0.62,-0.369999999999999,5.9838268590218));
#146190=DIRECTION('',(0.,0.,-1.));
#146200=VECTOR('',#146190,1.);
#146210=LINE('',#146180,#146200);
#146220=CARTESIAN_POINT('',(-0.62,-0.37,4.7211731409782));
#146230=VERTEX_POINT('',#146220);
#146240=EDGE_CURVE('',#146150,#146230,#146210,.T.);
#146250=ORIENTED_EDGE('',*,*,#146240,.F.);
#146260=CARTESIAN_POINT('',(-0.72,-0.37,4.7211731409782));
#146270=DIRECTION('',(3.52701600230838E-15,-1.,1.13360951985369E-16));
#146280=DIRECTION('',(0.500000000000019,1.66533453693774E-15,
-0.866025403784428));
#146290=AXIS2_PLACEMENT_3D('',#146260,#146270,#146280);
#146300=CIRCLE('',#146290,0.0999999999999994);
#146310=CARTESIAN_POINT('',(-0.669999999999998,-0.37,4.63457060059976));
#146320=VERTEX_POINT('',#146310);
#146330=EDGE_CURVE('',#146320,#146230,#146300,.T.);
#146340=ORIENTED_EDGE('',*,*,#146330,.T.);
#146350=CARTESIAN_POINT('',(-0.855,-0.37,4.955));
#146360=DIRECTION('',(3.59452956461669E-15,-1.,3.57596813258528E-18));
#146370=DIRECTION('',(-0.500000000000004,-1.8003616615543E-15,
-0.866025403784436));
#146380=AXIS2_PLACEMENT_3D('',#146350,#146360,#146370);
#146390=CIRCLE('',#146380,0.370000000000001);
#146400=CARTESIAN_POINT('',(-1.04,-0.370000000000001,4.63457060059976));
#146410=VERTEX_POINT('',#146400);
#146420=EDGE_CURVE('',#146410,#146320,#146390,.T.);
#146430=ORIENTED_EDGE('',*,*,#146420,.T.);
#146440=CARTESIAN_POINT('',(-0.99,-0.370000000000001,4.7211731409782));
#146450=DIRECTION('',(3.33066907387547E-15,-1.,0.));
#146460=DIRECTION('',(-1.,-3.33066907387547E-15,0.));
#146470=AXIS2_PLACEMENT_3D('',#146440,#146450,#146460);
#146480=CIRCLE('',#146470,0.1);
#146490=EDGE_CURVE('',#145860,#146410,#146480,.T.);
#146500=ORIENTED_EDGE('',*,*,#146490,.T.);
#146510=EDGE_LOOP('',(#146500,#146430,#146340,#146250,#146170,#146080,
#145990,#145900));
#146520=FACE_BOUND('',#146510,.T.);
#146530=CARTESIAN_POINT('',(-0.855,-0.37,1.77));
#146540=DIRECTION('',(3.68637504115332E-15,-1.,-4.94510424698084E-17));
#146550=DIRECTION('',(-0.500000000000034,-1.80036166155431E-15,
-0.866025403784419));
#146560=AXIS2_PLACEMENT_3D('',#146530,#146540,#146550);
#146570=CIRCLE('',#146560,0.37);
#146580=CARTESIAN_POINT('',(-1.04000000000001,-0.370000000000001,
1.44957060059976));
#146590=VERTEX_POINT('',#146580);
#146600=CARTESIAN_POINT('',(-0.669999999999993,-0.37,1.44957060059976));
#146610=VERTEX_POINT('',#146600);
#146620=EDGE_CURVE('',#146590,#146610,#146570,.T.);
#146630=ORIENTED_EDGE('',*,*,#146620,.T.);
#146640=CARTESIAN_POINT('',(-0.99,-0.370000000000001,1.5361731409782));
#146650=DIRECTION('',(3.88578058618804E-15,-1.,0.));
#146660=DIRECTION('',(-1.,-3.88578058618804E-15,0.));
#146670=AXIS2_PLACEMENT_3D('',#146640,#146650,#146660);
#146680=CIRCLE('',#146670,0.1);
#146690=CARTESIAN_POINT('',(-1.09,-0.370000000000001,1.5361731409782));
#146700=VERTEX_POINT('',#146690);
#146710=EDGE_CURVE('',#146700,#146590,#146680,.T.);
#146720=ORIENTED_EDGE('',*,*,#146710,.T.);
#146730=CARTESIAN_POINT('',(-1.09,-0.370000000000001,1.5361731409782));
#146740=DIRECTION('',(0.,0.,1.));
#146750=VECTOR('',#146740,1.);
#146760=LINE('',#146730,#146750);
#146770=CARTESIAN_POINT('',(-1.09,-0.370000000000002,2.7988268590218));
#146780=VERTEX_POINT('',#146770);
#146790=EDGE_CURVE('',#146700,#146780,#146760,.T.);
#146800=ORIENTED_EDGE('',*,*,#146790,.F.);
#146810=CARTESIAN_POINT('',(-0.99,-0.370000000000001,2.7988268590218));
#146820=DIRECTION('',(3.61886147884479E-15,-1.,1.66387962588089E-16));
#146830=DIRECTION('',(-0.50000000000015,-1.66533453693773E-15,
0.866025403784352));
#146840=AXIS2_PLACEMENT_3D('',#146810,#146820,#146830);
#146850=CIRCLE('',#146840,0.1);
#146860=CARTESIAN_POINT('',(-1.04000000000001,-0.370000000000001,
2.88542939940024));
#146870=VERTEX_POINT('',#146860);
#146880=EDGE_CURVE('',#146870,#146780,#146850,.T.);
#146890=ORIENTED_EDGE('',*,*,#146880,.T.);
#146900=CARTESIAN_POINT('',(-0.855,-0.37,2.565));
#146910=DIRECTION('',(3.68637504115332E-15,-1.,-4.94510424698013E-17));
#146920=DIRECTION('',(0.500000000000032,1.80036166155431E-15,
0.86602540378442));
#146930=AXIS2_PLACEMENT_3D('',#146900,#146910,#146920);
#146940=CIRCLE('',#146930,0.37);
#146950=CARTESIAN_POINT('',(-0.669999999999991,-0.37,2.88542939940024));
#146960=VERTEX_POINT('',#146950);
#146970=EDGE_CURVE('',#146960,#146870,#146940,.T.);
#146980=ORIENTED_EDGE('',*,*,#146970,.T.);
#146990=CARTESIAN_POINT('',(-0.72,-0.37,2.7988268590218));
#147000=DIRECTION('',(3.88578058618807E-15,-1.,-1.28987244441113E-29));
#147010=DIRECTION('',(1.,3.88578058618807E-15,-7.54951656745111E-14));
#147020=AXIS2_PLACEMENT_3D('',#146990,#147000,#147010);
#147030=CIRCLE('',#147020,0.0999999999999995);
#147040=CARTESIAN_POINT('',(-0.62,-0.369999999999999,2.7988268590218));
#147050=VERTEX_POINT('',#147040);
#147060=EDGE_CURVE('',#147050,#146960,#147030,.T.);
#147070=ORIENTED_EDGE('',*,*,#147060,.T.);
#147080=CARTESIAN_POINT('',(-0.62,-0.369999999999999,2.7988268590218));
#147090=DIRECTION('',(0.,0.,-1.));
#147100=VECTOR('',#147090,1.);
#147110=LINE('',#147080,#147100);
#147120=CARTESIAN_POINT('',(-0.62,-0.37,1.5361731409782));
#147130=VERTEX_POINT('',#147120);
#147140=EDGE_CURVE('',#147050,#147130,#147110,.T.);
#147150=ORIENTED_EDGE('',*,*,#147140,.F.);
#147160=CARTESIAN_POINT('',(-0.72,-0.37,1.5361731409782));
#147170=DIRECTION('',(3.61886147884485E-15,-1.,1.66387962587989E-16));
#147180=DIRECTION('',(0.50000000000012,1.66533453693774E-15,
-0.866025403784369));
#147190=AXIS2_PLACEMENT_3D('',#147160,#147170,#147180);
#147200=CIRCLE('',#147190,0.0999999999999997);
#147210=EDGE_CURVE('',#146610,#147130,#147200,.T.);
#147220=ORIENTED_EDGE('',*,*,#147210,.T.);
#147230=EDGE_LOOP('',(#147220,#147150,#147070,#146980,#146890,#146800,
#146720,#146630));
#147240=FACE_BOUND('',#147230,.T.);
#147250=ADVANCED_FACE('',(#145800,#146520,#147240),#145550,.T.);
#147260=CARTESIAN_POINT('',(-1.36,-0.310000000000002,-2.));
#147270=DIRECTION('',(0.,0.,-1.));
#147280=DIRECTION('',(-1.,0.,0.));
#147290=AXIS2_PLACEMENT_3D('',#147260,#147270,#147280);
#147300=CYLINDRICAL_SURFACE('',#147290,0.06);
#147310=CARTESIAN_POINT('',(-1.42,-0.309988327695043,0.629532847853786))
;
#147320=CARTESIAN_POINT('',(-1.42,-0.311140453805418,0.62973380008234));
#147330=CARTESIAN_POINT('',(-1.41993505420448,-0.313441246187906,
0.630135101079286));
#147340=CARTESIAN_POINT('',(-1.41963612047646,-0.316891365001548,
0.630736865988642));
#147350=CARTESIAN_POINT('',(-1.41930318871001,-0.319172114338055,
0.631134671105475));
#147360=CARTESIAN_POINT('',(-1.41910482549219,-0.320309474496842,
0.631333047877356));
#147370=B_SPLINE_CURVE_WITH_KNOTS('',3,(#147310,#147320,#147330,#147340,
#147350,#147360),.UNSPECIFIED.,.F.,.F.,(4,1,1,4),(0.,0.333333333333333,
0.666666666666667,1.),.UNSPECIFIED.);
#147380=CARTESIAN_POINT('',(-1.4199999996934,-0.309993934363834,
0.629533825761134));
#147390=VERTEX_POINT('',#147380);
#147400=CARTESIAN_POINT('',(-1.41910771308342,-0.32030913449557,
0.631332988575816));
#147410=VERTEX_POINT('',#147400);
#147420=EDGE_CURVE('',#147390,#147410,#147370,.T.);
#147430=ORIENTED_EDGE('',*,*,#147420,.F.);
#147440=CARTESIAN_POINT('',(-1.4191075475208,-0.320309474496842,
0.631333047877355));
#147450=CARTESIAN_POINT('',(-1.418244360142,-0.32525875362716,
0.632196294237295));
#147460=CARTESIAN_POINT('',(-1.41527869788252,-0.3352884667629,
0.635153738817465));
#147470=CARTESIAN_POINT('',(-1.40566227469191,-0.350183281213775,
0.644779621987378));
#147480=CARTESIAN_POINT('',(-1.39339487234406,-0.360585957203879,
0.65704769780193));
#147490=CARTESIAN_POINT('',(-1.3797065280844,-0.36751099922347,
0.670733773145085));
#147500=CARTESIAN_POINT('',(-1.36694930516449,-0.370000000000002,
0.683491396494745));
#147510=CARTESIAN_POINT('',(-1.36,-0.370000000000002,0.690440701659239))
;
#147520=B_SPLINE_CURVE_WITH_KNOTS('',3,(#147440,#147450,#147460,#147470,
#147480,#147490,#147500,#147510),.UNSPECIFIED.,.F.,.F.,(4,1,1,1,1,4),(0.
,0.2,0.4,0.6,0.8,1.),.UNSPECIFIED.);
#147530=EDGE_CURVE('',#147410,#145610,#147520,.T.);
#147540=ORIENTED_EDGE('',*,*,#147530,.F.);
#147550=ORIENTED_EDGE('',*,*,#145770,.T.);
#147560=ORIENTED_EDGE('',*,*,#145400,.T.);
#147570=ORIENTED_EDGE('',*,*,#144990,.F.);
#147580=CARTESIAN_POINT('',(-1.42,-0.310000000000002,0.629532172255522))
;
#147590=DIRECTION('',(0.,0.,1.));
#147600=VECTOR('',#147590,1.);
#147610=LINE('',#147580,#147600);
#147620=EDGE_CURVE('',#147390,#144870,#147610,.T.);
#147630=ORIENTED_EDGE('',*,*,#147620,.T.);
#147640=EDGE_LOOP('',(#147630,#147570,#147560,#147550,#147540,#147430));
#147650=FACE_OUTER_BOUND('',#147640,.T.);
#147660=ADVANCED_FACE('',(#147650),#147300,.F.);
#147670=CARTESIAN_POINT('',(-1.42,0.289999999999998,9.13));
#147680=DIRECTION('',(-1.,-3.5527136788005E-15,0.));
#147690=DIRECTION('',(0.,0.,-1.));
#147700=AXIS2_PLACEMENT_3D('',#147670,#147680,#147690);
#147710=PLANE('',#147700);
#147720=CARTESIAN_POINT('',(-1.42,0.290000000000002,0.390000000000001));
#147730=DIRECTION('',(-4.44089209850059E-15,1.,0.));
#147740=VECTOR('',#147730,1.);
#147750=LINE('',#147720,#147740);
#147760=CARTESIAN_POINT('',(-1.42,0.290000000000002,0.390000000000001));
#147770=VERTEX_POINT('',#147760);
#147780=CARTESIAN_POINT('',(-1.42,0.340000000000002,0.390000000000001));
#147790=VERTEX_POINT('',#147780);
#147800=EDGE_CURVE('',#147770,#147790,#147750,.T.);
#147810=ORIENTED_EDGE('',*,*,#147800,.T.);
#147820=CARTESIAN_POINT('',(-1.42,0.290000000000002,0.524883720930232));
#147830=DIRECTION('',(0.,0.,-1.));
#147840=VECTOR('',#147830,1.);
#147850=LINE('',#147820,#147840);
#147860=CARTESIAN_POINT('',(-1.42,0.290000000000002,0.524883720930232));
#147870=VERTEX_POINT('',#147860);
#147880=EDGE_CURVE('',#147870,#147770,#147850,.T.);
#147890=ORIENTED_EDGE('',*,*,#147880,.T.);
#147900=CARTESIAN_POINT('',(-1.42,-0.310000000000002,0.629534883720931))
;
#147910=DIRECTION('',(-3.64570434223438E-15,0.985127563031391,
-0.171824574947336));
#147920=VECTOR('',#147910,1.);
#147930=LINE('',#147900,#147920);
#147940=EDGE_CURVE('',#147390,#147870,#147930,.T.);
#147950=ORIENTED_EDGE('',*,*,#147940,.T.);
#147960=ORIENTED_EDGE('',*,*,#147620,.F.);
#147970=ORIENTED_EDGE('',*,*,#144880,.T.);
#147980=CARTESIAN_POINT('',(-1.42,0.289999999999998,6.99511627906977));
#147990=DIRECTION('',(0.,0.,1.));
#148000=VECTOR('',#147990,1.);
#148010=LINE('',#147980,#148000);
#148020=CARTESIAN_POINT('',(-1.42,0.289999999999998,7.13));
#148030=VERTEX_POINT('',#148020);
#148040=EDGE_CURVE('',#144790,#148030,#148010,.T.);
#148050=ORIENTED_EDGE('',*,*,#148040,.F.);
#148060=CARTESIAN_POINT('',(-1.42,0.289999999999998,7.13));
#148070=DIRECTION('',(-4.44089209849988E-15,1.,0.));
#148080=VECTOR('',#148070,1.);
#148090=LINE('',#148060,#148080);
#148100=CARTESIAN_POINT('',(-1.42,0.340000000000004,7.13));
#148110=VERTEX_POINT('',#148100);
#148120=EDGE_CURVE('',#148030,#148110,#148090,.T.);
#148130=ORIENTED_EDGE('',*,*,#148120,.F.);
#148140=CARTESIAN_POINT('',(-1.42,0.340000000000002,7.13));
#148150=DIRECTION('',(0.,1.23541137755025E-16,-1.));
#148160=VECTOR('',#148150,1.);
#148170=LINE('',#148140,#148160);
#148180=EDGE_CURVE('',#148110,#147790,#148170,.T.);
#148190=ORIENTED_EDGE('',*,*,#148180,.F.);
#148200=EDGE_LOOP('',(#148190,#148130,#148050,#147970,#147960,#147950,
#147890,#147810));
#148210=FACE_OUTER_BOUND('',#148200,.T.);
#148220=ADVANCED_FACE('',(#148210),#147710,.F.);
#148230=CARTESIAN_POINT('',(-1.57,0.340000000000002,5.895));
#148240=DIRECTION('',(0.,1.22460635382238E-16,-1.));
#148250=DIRECTION('',(1.,0.,0.));
#148260=AXIS2_PLACEMENT_3D('',#148230,#148240,#148250);
#148270=CYLINDRICAL_SURFACE('',#148260,0.15);
#148280=CARTESIAN_POINT('',(-1.57,0.340000000000002,7.13));
#148290=DIRECTION('',(4.03343897134374E-30,-1.22460635382238E-16,1.));
#148300=DIRECTION('',(1.,3.2936616397213E-14,0.));
#148310=AXIS2_PLACEMENT_3D('',#148280,#148290,#148300);
#148320=CIRCLE('',#148310,0.15);
#148330=EDGE_CURVE('',#148110,#1970,#148320,.T.);
#148340=ORIENTED_EDGE('',*,*,#148330,.F.);
#148350=ORIENTED_EDGE('',*,*,#1980,.T.);
#148360=CARTESIAN_POINT('',(-1.57,0.340000000000003,0.389999999999998));
#148370=DIRECTION('',(4.85825458121403E-29,1.92736527147813E-41,-1.));
#148380=DIRECTION('',(-3.96719694132723E-13,1.,0.));
#148390=AXIS2_PLACEMENT_3D('',#148360,#148370,#148380);
#148400=CIRCLE('',#148390,0.15);
#148410=EDGE_CURVE('',#1890,#147790,#148400,.T.);
#148420=ORIENTED_EDGE('',*,*,#148410,.F.);
#148430=ORIENTED_EDGE('',*,*,#148180,.T.);
#148440=EDGE_LOOP('',(#148430,#148420,#148350,#148340));
#148450=FACE_OUTER_BOUND('',#148440,.T.);
#148460=ADVANCED_FACE('',(#148450),#148270,.T.);
#148470=CARTESIAN_POINT('',(-1.255,0.289999999999999,7.13));
#148480=DIRECTION('',(0.,0.,1.));
#148490=DIRECTION('',(-1.,-3.5527136788005E-15,0.));
#148500=AXIS2_PLACEMENT_3D('',#148470,#148480,#148490);
#148510=PLANE('',#148500);
#148520=ORIENTED_EDGE('',*,*,#148330,.T.);
#148530=ORIENTED_EDGE('',*,*,#148120,.T.);
#148540=CARTESIAN_POINT('',(-1.42,0.289999999999998,7.13));
#148550=DIRECTION('',(1.,3.70074341541719E-15,0.));
#148560=VECTOR('',#148550,1.);
#148570=LINE('',#148540,#148560);
#148580=CARTESIAN_POINT('',(-1.255,0.289999999999999,7.13));
#148590=VERTEX_POINT('',#148580);
#148600=EDGE_CURVE('',#148030,#148590,#148570,.T.);
#148610=ORIENTED_EDGE('',*,*,#148600,.F.);
#148620=CARTESIAN_POINT('',(-1.255,0.490000000000008,7.13));
#148630=DIRECTION('',(3.33066907387532E-15,-1.,0.));
#148640=VECTOR('',#148630,1.);
#148650=LINE('',#148620,#148640);
#148660=EDGE_CURVE('',#2050,#148590,#148650,.T.);
#148670=ORIENTED_EDGE('',*,*,#148660,.T.);
#148680=ORIENTED_EDGE('',*,*,#2060,.T.);
#148690=EDGE_LOOP('',(#148680,#148670,#148610,#148530,#148520));
#148700=FACE_OUTER_BOUND('',#148690,.T.);
#148710=ADVANCED_FACE('',(#148700),#148510,.F.);
#148720=CARTESIAN_POINT('',(-0.372953082378511,0.290000000000002,
-1.52065983402191));
#148730=DIRECTION('',(-3.5527136788005E-15,1.,0.));
#148740=DIRECTION('',(-1.,-3.5527136788005E-15,0.));
#148750=AXIS2_PLACEMENT_3D('',#148720,#148730,#148740);
#148760=PLANE('',#148750);
#148770=ORIENTED_EDGE('',*,*,#148040,.T.);
#148780=ORIENTED_EDGE('',*,*,#144800,.T.);
#148790=CARTESIAN_POINT('',(-1.255,0.289999999999999,6.99511627906977));
#148800=DIRECTION('',(0.,0.,1.));
#148810=VECTOR('',#148800,1.);
#148820=LINE('',#148790,#148810);
#148830=EDGE_CURVE('',#144710,#148590,#148820,.T.);
#148840=ORIENTED_EDGE('',*,*,#148830,.F.);
#148850=ORIENTED_EDGE('',*,*,#148600,.T.);
#148860=EDGE_LOOP('',(#148850,#148840,#148780,#148770));
#148870=FACE_OUTER_BOUND('',#148860,.T.);
#148880=ADVANCED_FACE('',(#148870),#148760,.T.);
#148890=CARTESIAN_POINT('',(-1.255,0.289999999999999,6.99511627906977));
#148900=DIRECTION('',(1.,3.5527136788005E-15,0.));
#148910=DIRECTION('',(0.,0.,1.));
#148920=AXIS2_PLACEMENT_3D('',#148890,#148900,#148910);
#148930=PLANE('',#148920);
#148940=ORIENTED_EDGE('',*,*,#2140,.F.);
#148950=ORIENTED_EDGE('',*,*,#148660,.F.);
#148960=ORIENTED_EDGE('',*,*,#148830,.T.);
#148970=ORIENTED_EDGE('',*,*,#144720,.T.);
#148980=EDGE_LOOP('',(#148970,#148960,#148950,#148940));
#148990=FACE_OUTER_BOUND('',#148980,.T.);
#149000=ADVANCED_FACE('',(#148990),#148930,.F.);
#149010=CARTESIAN_POINT('',(-1.42,0.490000000000002,0.39));
#149020=DIRECTION('',(0.,-1.22460635382238E-16,1.));
#149030=DIRECTION('',(-1.,3.5527136788005E-15,4.35067574437077E-31));
#149040=AXIS2_PLACEMENT_3D('',#149010,#149020,#149030);
#149050=PLANE('',#149040);
#149060=ORIENTED_EDGE('',*,*,#148410,.T.);
#149070=ORIENTED_EDGE('',*,*,#1900,.F.);
#149080=CARTESIAN_POINT('',(-1.255,0.290000000000001,0.39));
#149090=DIRECTION('',(3.33066907387539E-15,1.,0.));
#149100=VECTOR('',#149090,1.);
#149110=LINE('',#149080,#149100);
#149120=CARTESIAN_POINT('',(-1.255,0.290000000000001,0.39));
#149130=VERTEX_POINT('',#149120);
#149140=EDGE_CURVE('',#149130,#1810,#149110,.T.);
#149150=ORIENTED_EDGE('',*,*,#149140,.T.);
#149160=CARTESIAN_POINT('',(-1.255,0.290000000000001,0.39));
#149170=DIRECTION('',(-1.,3.36431219583381E-15,0.));
#149180=VECTOR('',#149170,1.);
#149190=LINE('',#149160,#149180);
#149200=EDGE_CURVE('',#149130,#147770,#149190,.T.);
#149210=ORIENTED_EDGE('',*,*,#149200,.F.);
#149220=ORIENTED_EDGE('',*,*,#147800,.F.);
#149230=EDGE_LOOP('',(#149220,#149210,#149150,#149070,#149060));
#149240=FACE_OUTER_BOUND('',#149230,.T.);
#149250=ADVANCED_FACE('',(#149240),#149050,.T.);
#149260=CARTESIAN_POINT('',(-1.255,0.490000000000001,0.39));
#149270=DIRECTION('',(-1.,3.5527136788005E-15,4.35067574437077E-31));
#149280=DIRECTION('',(4.37905770101505E-46,1.22460635382238E-16,-1.));
#149290=AXIS2_PLACEMENT_3D('',#149260,#149270,#149280);
#149300=PLANE('',#149290);
#149310=CARTESIAN_POINT('',(-1.255,0.290000000000001,0.524883720930233))
;
#149320=DIRECTION('',(0.,0.,-1.));
#149330=VECTOR('',#149320,1.);
#149340=LINE('',#149310,#149330);
#149350=CARTESIAN_POINT('',(-1.255,0.290000000000001,0.524883720930233))
;
#149360=VERTEX_POINT('',#149350);
#149370=EDGE_CURVE('',#149360,#149130,#149340,.T.);
#149380=ORIENTED_EDGE('',*,*,#149370,.F.);
#149390=ORIENTED_EDGE('',*,*,#149140,.F.);
#149400=ORIENTED_EDGE('',*,*,#1820,.F.);
#149410=CARTESIAN_POINT('',(-1.255,0.290000000000001,0.524883720930233))
;
#149420=DIRECTION('',(3.28113390801088E-15,0.985127563031391,
-0.171824574947335));
#149430=VECTOR('',#149420,1.);
#149440=LINE('',#149410,#149430);
#149450=EDGE_CURVE('',#149360,#1730,#149440,.T.);
#149460=ORIENTED_EDGE('',*,*,#149450,.T.);
#149470=EDGE_LOOP('',(#149460,#149400,#149390,#149380));
#149480=FACE_OUTER_BOUND('',#149470,.T.);
#149490=ADVANCED_FACE('',(#149480),#149300,.T.);
#149500=CARTESIAN_POINT('',(-0.29,-0.369999999999998,0.64));
#149510=DIRECTION('',(4.77352634534854E-16,-0.171824574947335,
-0.985127563031391));
#149520=DIRECTION('',(-2.73682177133317E-15,0.985127563031391,
-0.171824574947335));
#149530=AXIS2_PLACEMENT_3D('',#149500,#149510,#149520);
#149540=PLANE('',#149530);
#149550=CARTESIAN_POINT('',(-0.290000000000001,0.290000000000002,
0.524883720930233));
#149560=DIRECTION('',(-1.,-2.69144975666703E-15,0.));
#149570=VECTOR('',#149560,1.);
#149580=LINE('',#149550,#149570);
#149590=CARTESIAN_POINT('',(-0.29,0.290000000000002,0.524883720930233));
#149600=VERTEX_POINT('',#149590);
#149610=CARTESIAN_POINT('',(-0.455000000000001,0.290000000000001,
0.524883720930233));
#149620=VERTEX_POINT('',#149610);
#149630=EDGE_CURVE('',#149600,#149620,#149580,.T.);
#149640=ORIENTED_EDGE('',*,*,#149630,.T.);
#149650=CARTESIAN_POINT('',(-0.29,0.290000000000002,0.524883720930233));
#149660=DIRECTION('',(0.,-0.985127563031391,0.171824574947335));
#149670=VECTOR('',#149660,1.);
#149680=LINE('',#149650,#149670);
#149690=CARTESIAN_POINT('',(-0.290000000179373,-0.309995360516625,
0.629534074508714));
#149700=VERTEX_POINT('',#149690);
#149710=EDGE_CURVE('',#149600,#149700,#149680,.T.);
#149720=ORIENTED_EDGE('',*,*,#149710,.F.);
#149730=CARTESIAN_POINT('',(-0.290895154027564,-0.320309474496838,
0.631333047877356));
#149740=CARTESIAN_POINT('',(-0.29069714847028,-0.319174172647621,
0.631135030112958));
#149750=CARTESIAN_POINT('',(-0.290363824495513,-0.31689661435967,
0.630737781574361));
#149760=CARTESIAN_POINT('',(-0.290065500820674,-0.313457939437747,
0.630138012692631));
#149770=CARTESIAN_POINT('',(-0.289999999999999,-0.311149108007372,
0.62973530953617));
#149780=CARTESIAN_POINT('',(-0.289999999999999,-0.309990720975651,
0.629533265286451));
#149790=B_SPLINE_CURVE_WITH_KNOTS('',3,(#149730,#149740,#149750,#149760,
#149770,#149780),.UNSPECIFIED.,.F.,.F.,(4,1,1,4),(0.,0.333333333333333,
0.666666666666667,1.),.UNSPECIFIED.);
#149800=CARTESIAN_POINT('',(-0.290893793489073,-0.320309474496838,
0.631333047877356));
#149810=VERTEX_POINT('',#149800);
#149820=EDGE_CURVE('',#149810,#149700,#149790,.T.);
#149830=ORIENTED_EDGE('',*,*,#149820,.T.);
#149840=CARTESIAN_POINT('',(-0.290892432950582,-0.320309474496838,
0.631333047877355));
#149850=DIRECTION('',(-1.,-3.83780516686972E-15,0.));
#149860=VECTOR('',#149850,1.);
#149870=LINE('',#149840,#149860);
#149880=EDGE_CURVE('',#149810,#147410,#149870,.T.);
#149890=ORIENTED_EDGE('',*,*,#149880,.F.);
#149900=ORIENTED_EDGE('',*,*,#147420,.T.);
#149910=ORIENTED_EDGE('',*,*,#147940,.F.);
#149920=CARTESIAN_POINT('',(-1.42,0.290000000000002,0.524883720930233));
#149930=DIRECTION('',(1.,-3.36431219583381E-15,0.));
#149940=VECTOR('',#149930,1.);
#149950=LINE('',#149920,#149940);
#149960=EDGE_CURVE('',#147870,#149360,#149950,.T.);
#149970=ORIENTED_EDGE('',*,*,#149960,.F.);
#149980=ORIENTED_EDGE('',*,*,#149450,.F.);
#149990=ORIENTED_EDGE('',*,*,#1740,.T.);
#150000=CARTESIAN_POINT('',(-0.455000000000002,0.490000000000003,0.49));
#150010=DIRECTION('',(3.55456173367851E-15,-0.985127563031391,
0.171824574947335));
#150020=VECTOR('',#150010,1.);
#150030=LINE('',#150000,#150020);
#150040=EDGE_CURVE('',#1650,#149620,#150030,.T.);
#150050=ORIENTED_EDGE('',*,*,#150040,.F.);
#150060=EDGE_LOOP('',(#150050,#149990,#149980,#149970,#149910,#149900,
#149890,#149830,#149720,#149640));
#150070=FACE_OUTER_BOUND('',#150060,.T.);
#150080=ADVANCED_FACE('',(#150070),#149540,.F.);
#150090=CARTESIAN_POINT('',(-0.455000000000002,0.490000000000001,0.39));
#150100=DIRECTION('',(-1.,-3.5527136788005E-15,0.));
#150110=DIRECTION('',(0.,0.,-1.));
#150120=AXIS2_PLACEMENT_3D('',#150090,#150100,#150110);
#150130=PLANE('',#150120);
#150140=ORIENTED_EDGE('',*,*,#1660,.T.);
#150150=CARTESIAN_POINT('',(-0.455000000000002,0.490000000000002,0.39));
#150160=DIRECTION('',(3.60822483003174E-15,-1.,0.));
#150170=VECTOR('',#150160,1.);
#150180=LINE('',#150150,#150170);
#150190=CARTESIAN_POINT('',(-0.455000000000001,0.290000000000001,0.39));
#150200=VERTEX_POINT('',#150190);
#150210=EDGE_CURVE('',#1570,#150200,#150180,.T.);
#150220=ORIENTED_EDGE('',*,*,#150210,.F.);
#150230=CARTESIAN_POINT('',(-0.455000000000001,0.290000000000001,
0.524883720930232));
#150240=DIRECTION('',(0.,0.,-1.));
#150250=VECTOR('',#150240,1.);
#150260=LINE('',#150230,#150250);
#150270=EDGE_CURVE('',#149620,#150200,#150260,.T.);
#150280=ORIENTED_EDGE('',*,*,#150270,.T.);
#150290=ORIENTED_EDGE('',*,*,#150040,.T.);
#150300=EDGE_LOOP('',(#150290,#150280,#150220,#150140));
#150310=FACE_OUTER_BOUND('',#150300,.T.);
#150320=ADVANCED_FACE('',(#150310),#150130,.F.);
#150330=CARTESIAN_POINT('',(-0.290000000000002,0.490000000000002,0.39));
#150340=DIRECTION('',(0.,0.,-1.));
#150350=DIRECTION('',(1.,3.5527136788005E-15,0.));
#150360=AXIS2_PLACEMENT_3D('',#150330,#150340,#150350);
#150370=PLANE('',#150360);
#150380=ORIENTED_EDGE('',*,*,#1580,.T.);
#150390=ORIENTED_EDGE('',*,*,#143700,.T.);
#150400=CARTESIAN_POINT('',(-0.29,0.290000000000002,0.39));
#150410=DIRECTION('',(-4.44089209850214E-15,1.,0.));
#150420=VECTOR('',#150410,1.);
#150430=LINE('',#150400,#150420);
#150440=CARTESIAN_POINT('',(-0.29,0.290000000000002,0.39));
#150450=VERTEX_POINT('',#150440);
#150460=EDGE_CURVE('',#150450,#143620,#150430,.T.);
#150470=ORIENTED_EDGE('',*,*,#150460,.T.);
#150480=CARTESIAN_POINT('',(-0.29,0.290000000000002,0.39));
#150490=DIRECTION('',(-1.,-3.70074341541716E-15,0.));
#150500=VECTOR('',#150490,1.);
#150510=LINE('',#150480,#150500);
#150520=EDGE_CURVE('',#150450,#150200,#150510,.T.);
#150530=ORIENTED_EDGE('',*,*,#150520,.F.);
#150540=ORIENTED_EDGE('',*,*,#150210,.T.);
#150550=EDGE_LOOP('',(#150540,#150530,#150470,#150390,#150380));
#150560=FACE_OUTER_BOUND('',#150550,.T.);
#150570=ADVANCED_FACE('',(#150560),#150370,.F.);
#150580=CARTESIAN_POINT('',(-0.29,0.340000000000002,0.695));
#150590=DIRECTION('',(-1.,0.,0.));
#150600=DIRECTION('',(0.,-1.,0.));
#150610=AXIS2_PLACEMENT_3D('',#150580,#150590,#150600);
#150620=PLANE('',#150610);
#150630=ORIENTED_EDGE('',*,*,#144010,.F.);
#150640=CARTESIAN_POINT('',(-0.29,0.290000000000002,7.13));
#150650=DIRECTION('',(0.,0.,-1.));
#150660=VECTOR('',#150650,1.);
#150670=LINE('',#150640,#150660);
#150680=EDGE_CURVE('',#143940,#144550,#150670,.T.);
#150690=ORIENTED_EDGE('',*,*,#150680,.F.);
#150700=ORIENTED_EDGE('',*,*,#144560,.T.);
#150710=CARTESIAN_POINT('',(-0.29,-0.309999999999998,6.89046511775512));
#150720=DIRECTION('',(0.,0.,-1.));
#150730=VECTOR('',#150720,1.);
#150740=LINE('',#150710,#150730);
#150750=EDGE_CURVE('',#144450,#149700,#150740,.T.);
#150760=ORIENTED_EDGE('',*,*,#150750,.F.);
#150770=ORIENTED_EDGE('',*,*,#149710,.T.);
#150780=CARTESIAN_POINT('',(-0.29,0.290000000000002,0.524883720930233));
#150790=DIRECTION('',(0.,0.,-1.));
#150800=VECTOR('',#150790,1.);
#150810=LINE('',#150780,#150800);
#150820=EDGE_CURVE('',#149600,#150450,#150810,.T.);
#150830=ORIENTED_EDGE('',*,*,#150820,.F.);
#150840=ORIENTED_EDGE('',*,*,#150460,.F.);
#150850=ORIENTED_EDGE('',*,*,#143630,.F.);
#150860=EDGE_LOOP('',(#150850,#150840,#150830,#150770,#150760,#150700,
#150690,#150630));
#150870=FACE_OUTER_BOUND('',#150860,.T.);
#150880=ADVANCED_FACE('',(#150870),#150620,.T.);
#150890=CARTESIAN_POINT('',(-0.372953082378511,0.290000000000002,
-1.52065983402191));
#150900=DIRECTION('',(-3.5527136788005E-15,1.,0.));
#150910=DIRECTION('',(-1.,-3.5527136788005E-15,0.));
#150920=AXIS2_PLACEMENT_3D('',#150890,#150900,#150910);
#150930=PLANE('',#150920);
#150940=ORIENTED_EDGE('',*,*,#150680,.T.);
#150950=ORIENTED_EDGE('',*,*,#143950,.T.);
#150960=ORIENTED_EDGE('',*,*,#144190,.T.);
#150970=ORIENTED_EDGE('',*,*,#144620,.T.);
#150980=EDGE_LOOP('',(#150970,#150960,#150950,#150940));
#150990=FACE_OUTER_BOUND('',#150980,.T.);
#151000=ADVANCED_FACE('',(#150990),#150930,.T.);
#151010=CARTESIAN_POINT('',(-0.35,-0.309999999999998,-2.));
#151020=DIRECTION('',(0.,0.,-1.));
#151030=DIRECTION('',(-1.,0.,0.));
#151040=AXIS2_PLACEMENT_3D('',#151010,#151020,#151030);
#151050=CYLINDRICAL_SURFACE('',#151040,0.06);
#151060=CARTESIAN_POINT('',(-0.290892238643223,-0.320308857715104,
0.631332856572165));
#151070=CARTESIAN_POINT('',(-0.291755558701514,-0.325258864533535,
0.63219622985445));
#151080=CARTESIAN_POINT('',(-0.294713465817544,-0.33528950571869,
0.635162486512756));
#151090=CARTESIAN_POINT('',(-0.304339531241153,-0.350183916904125,
0.644779018511762));
#151100=CARTESIAN_POINT('',(-0.316607515615845,-0.360586264881578,
0.657046356332959));
#151110=CARTESIAN_POINT('',(-0.330293222341946,-0.367511015638348,
0.670734322946415));
#151120=CARTESIAN_POINT('',(-0.343050734341372,-0.369999999999998,
0.683491436000611));
#151130=CARTESIAN_POINT('',(-0.35,-0.369999999999998,0.690440701659239))
;
#151140=B_SPLINE_CURVE_WITH_KNOTS('',3,(#151060,#151070,#151080,#151090,
#151100,#151110,#151120,#151130),.UNSPECIFIED.,.F.,.F.,(4,1,1,1,1,4),(0.
,0.2,0.4,0.6,0.8,1.),.UNSPECIFIED.);
#151150=EDGE_CURVE('',#149810,#145630,#151140,.T.);
#151160=ORIENTED_EDGE('',*,*,#151150,.T.);
#151170=ORIENTED_EDGE('',*,*,#149820,.F.);
#151180=ORIENTED_EDGE('',*,*,#150750,.T.);
#151190=ORIENTED_EDGE('',*,*,#144480,.F.);
#151200=ORIENTED_EDGE('',*,*,#145260,.F.);
#151210=ORIENTED_EDGE('',*,*,#145700,.T.);
#151220=EDGE_LOOP('',(#151210,#151200,#151190,#151180,#151170,#151160));
#151230=FACE_OUTER_BOUND('',#151220,.T.);
#151240=ADVANCED_FACE('',(#151230),#151050,.F.);
#151250=CARTESIAN_POINT('',(0.,-0.309999999999997,0.690440701659239));
#151260=DIRECTION('',(1.,3.83738624921721E-15,0.));
#151270=DIRECTION('',(3.83738624921721E-15,-1.,0.));
#151280=AXIS2_PLACEMENT_3D('',#151250,#151260,#151270);
#151290=CYLINDRICAL_SURFACE('',#151280,0.06);
#151300=ORIENTED_EDGE('',*,*,#147530,.T.);
#151310=ORIENTED_EDGE('',*,*,#149880,.T.);
#151320=ORIENTED_EDGE('',*,*,#151150,.F.);
#151330=ORIENTED_EDGE('',*,*,#145640,.T.);
#151340=EDGE_LOOP('',(#151330,#151320,#151310,#151300));
#151350=FACE_OUTER_BOUND('',#151340,.T.);
#151360=ADVANCED_FACE('',(#151350),#151290,.F.);
#151370=CARTESIAN_POINT('',(-0.172914716668175,0.290000000000002,
0.381875070658398));
#151380=DIRECTION('',(-3.5527136788005E-15,1.,0.));
#151390=DIRECTION('',(-1.,-3.5527136788005E-15,0.));
#151400=AXIS2_PLACEMENT_3D('',#151370,#151380,#151390);
#151410=PLANE('',#151400);
#151420=ORIENTED_EDGE('',*,*,#150820,.T.);
#151430=ORIENTED_EDGE('',*,*,#149630,.F.);
#151440=ORIENTED_EDGE('',*,*,#150270,.F.);
#151450=ORIENTED_EDGE('',*,*,#150520,.T.);
#151460=EDGE_LOOP('',(#151450,#151440,#151430,#151420));
#151470=FACE_OUTER_BOUND('',#151460,.T.);
#151480=ADVANCED_FACE('',(#151470),#151410,.T.);
#151490=CARTESIAN_POINT('',(-1.53708528333183,0.290000000000002,
0.381875070658398));
#151500=DIRECTION('',(-3.5527136788005E-15,-1.,-1.22460635382238E-16));
#151510=DIRECTION('',(1.,-3.5527136788005E-15,-4.35067574437077E-31));
#151520=AXIS2_PLACEMENT_3D('',#151490,#151500,#151510);
#151530=PLANE('',#151520);
#151540=ORIENTED_EDGE('',*,*,#149200,.T.);
#151550=ORIENTED_EDGE('',*,*,#149370,.T.);
#151560=ORIENTED_EDGE('',*,*,#149960,.T.);
#151570=ORIENTED_EDGE('',*,*,#147880,.F.);
#151580=EDGE_LOOP('',(#151570,#151560,#151550,#151540));
#151590=FACE_OUTER_BOUND('',#151580,.T.);
#151600=ADVANCED_FACE('',(#151590),#151530,.F.);
#151610=CARTESIAN_POINT('',(-0.99,-0.320000000000001,4.7211731409782));
#151620=DIRECTION('',(3.59246497845273E-15,-1.,0.));
#151630=DIRECTION('',(-1.,-3.59246497845273E-15,0.));
#151640=AXIS2_PLACEMENT_3D('',#151610,#151620,#151630);
#151650=TOROIDAL_SURFACE('',#151640,0.1,0.05);
#151660=CARTESIAN_POINT('',(-1.04,-0.320000000000001,4.63457060059976));
#151670=DIRECTION('',(-0.866025403784439,-5.03585882423412E-15,0.5));
#151680=DIRECTION('',(-4.44089209850063E-15,-1.,-1.77635683940025E-14));
#151690=AXIS2_PLACEMENT_3D('',#151660,#151670,#151680);
#151700=CIRCLE('',#151690,0.05);
#151710=CARTESIAN_POINT('',(-1.015,-0.320000000000001,4.67787187078898))
;
#151720=VERTEX_POINT('',#151710);
#151730=EDGE_CURVE('',#146410,#151720,#151700,.T.);
#151740=ORIENTED_EDGE('',*,*,#151730,.F.);
#151750=CARTESIAN_POINT('',(-0.99,-0.320000000000001,4.7211731409782));
#151760=DIRECTION('',(3.33066907387547E-15,-1.,0.));
#151770=DIRECTION('',(-1.,-3.33066907387547E-15,0.));
#151780=AXIS2_PLACEMENT_3D('',#151750,#151760,#151770);
#151790=CIRCLE('',#151780,0.05);
#151800=CARTESIAN_POINT('',(-1.04,-0.320000000000001,4.7211731409782));
#151810=VERTEX_POINT('',#151800);
#151820=EDGE_CURVE('',#151810,#151720,#151790,.T.);
#151830=ORIENTED_EDGE('',*,*,#151820,.T.);
#151840=CARTESIAN_POINT('',(-1.09,-0.320000000000001,4.7211731409782));
#151850=DIRECTION('',(0.,0.,1.));
#151860=DIRECTION('',(0.,-1.,0.));
#151870=AXIS2_PLACEMENT_3D('',#151840,#151850,#151860);
#151880=CIRCLE('',#151870,0.05);
#151890=EDGE_CURVE('',#145860,#151810,#151880,.T.);
#151900=ORIENTED_EDGE('',*,*,#151890,.T.);
#151910=ORIENTED_EDGE('',*,*,#146490,.F.);
#151920=EDGE_LOOP('',(#151910,#151900,#151830,#151740));
#151930=FACE_OUTER_BOUND('',#151920,.T.);
#151940=ADVANCED_FACE('',(#151930),#151650,.F.);
#151950=CARTESIAN_POINT('',(-0.855,-0.32,4.955));
#151960=DIRECTION('',(3.59246497845273E-15,-1.,0.));
#151970=DIRECTION('',(-1.,-3.59246497845273E-15,0.));
#151980=AXIS2_PLACEMENT_3D('',#151950,#151960,#151970);
#151990=TOROIDAL_SURFACE('',#151980,0.37,0.05);
#152000=CARTESIAN_POINT('',(-0.669999999999998,-0.319999999999999,
4.63457060059976));
#152010=DIRECTION('',(0.866025403784434,3.11116593354596E-15,
0.500000000000007));
#152020=DIRECTION('',(-0.500000000000007,-2.22044604925031E-15,
0.866025403784434));
#152030=AXIS2_PLACEMENT_3D('',#152000,#152010,#152020);
#152040=CIRCLE('',#152030,0.05);
#152050=CARTESIAN_POINT('',(-0.694999999999999,-0.319999999999999,
4.67787187078898));
#152060=VERTEX_POINT('',#152050);
#152070=EDGE_CURVE('',#152060,#146320,#152040,.T.);
#152080=ORIENTED_EDGE('',*,*,#152070,.T.);
#152090=CARTESIAN_POINT('',(-0.855,-0.32,4.955));
#152100=DIRECTION('',(3.56171047182795E-15,-1.,-5.32683680358342E-17));
#152110=DIRECTION('',(-0.500000000000001,-1.73472347597681E-15,
-0.866025403784438));
#152120=AXIS2_PLACEMENT_3D('',#152090,#152100,#152110);
#152130=CIRCLE('',#152120,0.32);
#152140=EDGE_CURVE('',#151720,#152060,#152130,.T.);
#152150=ORIENTED_EDGE('',*,*,#152140,.T.);
#152160=ORIENTED_EDGE('',*,*,#151730,.T.);
#152170=ORIENTED_EDGE('',*,*,#146420,.F.);
#152180=EDGE_LOOP('',(#152170,#152160,#152150,#152080));
#152190=FACE_OUTER_BOUND('',#152180,.T.);
#152200=ADVANCED_FACE('',(#152190),#151990,.F.);
#152210=CARTESIAN_POINT('',(-0.72,-0.32,4.7211731409782));
#152220=DIRECTION('',(-3.59246497845273E-15,1.,0.));
#152230=DIRECTION('',(1.,3.59246497845273E-15,0.));
#152240=AXIS2_PLACEMENT_3D('',#152210,#152220,#152230);
#152250=TOROIDAL_SURFACE('',#152240,0.1,0.05);
#152260=CARTESIAN_POINT('',(-0.62,-0.32,4.7211731409782));
#152270=DIRECTION('',(0.,0.,1.));
#152280=DIRECTION('',(-1.,1.33226762955019E-14,0.));
#152290=AXIS2_PLACEMENT_3D('',#152260,#152270,#152280);
#152300=CIRCLE('',#152290,0.05);
#152310=CARTESIAN_POINT('',(-0.67,-0.32,4.7211731409782));
#152320=VERTEX_POINT('',#152310);
#152330=EDGE_CURVE('',#152320,#146230,#152300,.T.);
#152340=ORIENTED_EDGE('',*,*,#152330,.T.);
#152350=CARTESIAN_POINT('',(-0.72,-0.32,4.7211731409782));
#152360=DIRECTION('',(3.80457175846466E-15,-1.,-3.67379719610461E-16));
#152370=DIRECTION('',(0.500000000000035,2.22044604925032E-15,
-0.866025403784418));
#152380=AXIS2_PLACEMENT_3D('',#152350,#152360,#152370);
#152390=CIRCLE('',#152380,0.05);
#152400=EDGE_CURVE('',#152060,#152320,#152390,.T.);
#152410=ORIENTED_EDGE('',*,*,#152400,.T.);
#152420=ORIENTED_EDGE('',*,*,#152070,.F.);
#152430=ORIENTED_EDGE('',*,*,#146330,.F.);
#152440=EDGE_LOOP('',(#152430,#152420,#152410,#152340));
#152450=FACE_OUTER_BOUND('',#152440,.T.);
#152460=ADVANCED_FACE('',(#152450),#152250,.F.);
#152470=CARTESIAN_POINT('',(-0.62,-0.319999999999999,0.));
#152480=DIRECTION('',(0.,0.,1.));
#152490=DIRECTION('',(1.,0.,0.));
#152500=AXIS2_PLACEMENT_3D('',#152470,#152480,#152490);
#152510=CYLINDRICAL_SURFACE('',#152500,0.05);
#152520=CARTESIAN_POINT('',(-0.62,-0.32,5.9838268590218));
#152530=DIRECTION('',(-1.22464679914735E-16,-0.,-1.));
#152540=DIRECTION('',(0.,-1.,0.));
#152550=AXIS2_PLACEMENT_3D('',#152520,#152530,#152540);
#152560=CIRCLE('',#152550,0.05);
#152570=CARTESIAN_POINT('',(-0.67,-0.319999999999999,5.9838268590218));
#152580=VERTEX_POINT('',#152570);
#152590=EDGE_CURVE('',#146150,#152580,#152560,.T.);
#152600=ORIENTED_EDGE('',*,*,#152590,.F.);
#152610=CARTESIAN_POINT('',(-0.67,-0.319999999999999,4.7211731409782));
#152620=DIRECTION('',(0.,0.,1.));
#152630=VECTOR('',#152620,1.);
#152640=LINE('',#152610,#152630);
#152650=EDGE_CURVE('',#152320,#152580,#152640,.T.);
#152660=ORIENTED_EDGE('',*,*,#152650,.T.);
#152670=ORIENTED_EDGE('',*,*,#152330,.F.);
#152680=ORIENTED_EDGE('',*,*,#146240,.T.);
#152690=EDGE_LOOP('',(#152680,#152670,#152660,#152600));
#152700=FACE_OUTER_BOUND('',#152690,.T.);
#152710=ADVANCED_FACE('',(#152700),#152510,.F.);
#152720=CARTESIAN_POINT('',(-0.72,-0.32,5.9838268590218));
#152730=DIRECTION('',(3.59246497845273E-15,-1.,0.));
#152740=DIRECTION('',(-1.,-3.59246497845273E-15,0.));
#152750=AXIS2_PLACEMENT_3D('',#152720,#152730,#152740);
#152760=TOROIDAL_SURFACE('',#152750,0.1,0.05);
#152770=CARTESIAN_POINT('',(-0.669999999999997,-0.319999999999999,
6.07042939940024));
#152780=DIRECTION('',(0.866025403784434,3.84592537276711E-15,
-0.500000000000008));
#152790=DIRECTION('',(4.44089209850063E-15,-1.,0.));
#152800=AXIS2_PLACEMENT_3D('',#152770,#152780,#152790);
#152810=CIRCLE('',#152800,0.05);
#152820=CARTESIAN_POINT('',(-0.694999999999998,-0.32,6.02712812921102));
#152830=VERTEX_POINT('',#152820);
#152840=EDGE_CURVE('',#146060,#152830,#152810,.T.);
#152850=ORIENTED_EDGE('',*,*,#152840,.F.);
#152860=CARTESIAN_POINT('',(-0.72,-0.32,5.9838268590218));
#152870=DIRECTION('',(3.33066907387547E-15,-1.,0.));
#152880=DIRECTION('',(1.,3.33066907387547E-15,0.));
#152890=AXIS2_PLACEMENT_3D('',#152860,#152870,#152880);
#152900=CIRCLE('',#152890,0.05);
#152910=EDGE_CURVE('',#152580,#152830,#152900,.T.);
#152920=ORIENTED_EDGE('',*,*,#152910,.T.);
#152930=ORIENTED_EDGE('',*,*,#152590,.T.);
#152940=ORIENTED_EDGE('',*,*,#146160,.F.);
#152950=EDGE_LOOP('',(#152940,#152930,#152920,#152850));
#152960=FACE_OUTER_BOUND('',#152950,.T.);
#152970=ADVANCED_FACE('',(#152960),#152760,.F.);
#152980=CARTESIAN_POINT('',(-0.855,-0.32,5.75));
#152990=DIRECTION('',(3.59246497845273E-15,-1.,0.));
#153000=DIRECTION('',(-1.,-3.59246497845273E-15,0.));
#153010=AXIS2_PLACEMENT_3D('',#152980,#152990,#153000);
#153020=TOROIDAL_SURFACE('',#153010,0.37,0.05);
#153030=CARTESIAN_POINT('',(-1.04,-0.320000000000001,6.07042939940024));
#153040=DIRECTION('',(0.866025403784424,3.84592537276706E-15,
0.500000000000026));
#153050=DIRECTION('',(4.44089209850063E-15,-1.,0.));
#153060=AXIS2_PLACEMENT_3D('',#153030,#153040,#153050);
#153070=CIRCLE('',#153060,0.05);
#153080=CARTESIAN_POINT('',(-1.015,-0.320000000000001,6.02712812921102))
;
#153090=VERTEX_POINT('',#153080);
#153100=EDGE_CURVE('',#145970,#153090,#153070,.T.);
#153110=ORIENTED_EDGE('',*,*,#153100,.F.);
#153120=CARTESIAN_POINT('',(-0.855,-0.32,5.75));
#153130=DIRECTION('',(3.56171047182795E-15,-1.,-5.32683680358408E-17));
#153140=DIRECTION('',(0.500000000000003,1.73472347597681E-15,
0.866025403784437));
#153150=AXIS2_PLACEMENT_3D('',#153120,#153130,#153140);
#153160=CIRCLE('',#153150,0.32);
#153170=EDGE_CURVE('',#152830,#153090,#153160,.T.);
#153180=ORIENTED_EDGE('',*,*,#153170,.T.);
#153190=ORIENTED_EDGE('',*,*,#152840,.T.);
#153200=ORIENTED_EDGE('',*,*,#146070,.F.);
#153210=EDGE_LOOP('',(#153200,#153190,#153180,#153110));
#153220=FACE_OUTER_BOUND('',#153210,.T.);
#153230=ADVANCED_FACE('',(#153220),#153020,.F.);
#153240=CARTESIAN_POINT('',(-0.99,-0.320000000000001,5.9838268590218));
#153250=DIRECTION('',(-3.59246497845273E-15,1.,0.));
#153260=DIRECTION('',(1.,3.59246497845273E-15,0.));
#153270=AXIS2_PLACEMENT_3D('',#153240,#153250,#153260);
#153280=TOROIDAL_SURFACE('',#153270,0.1,0.05);
#153290=CARTESIAN_POINT('',(-1.09,-0.320000000000001,5.9838268590218));
#153300=DIRECTION('',(2.50352119286717E-45,-3.75828570377024E-31,-1.));
#153310=DIRECTION('',(1.,6.66133814775093E-15,0.));
#153320=AXIS2_PLACEMENT_3D('',#153290,#153300,#153310);
#153330=CIRCLE('',#153320,0.05);
#153340=CARTESIAN_POINT('',(-1.04,-0.320000000000001,5.9838268590218));
#153350=VERTEX_POINT('',#153340);
#153360=EDGE_CURVE('',#153350,#145880,#153330,.T.);
#153370=ORIENTED_EDGE('',*,*,#153360,.T.);
#153380=CARTESIAN_POINT('',(-0.99,-0.320000000000001,5.9838268590218));
#153390=DIRECTION('',(3.80457175846468E-15,-1.,-3.6737971961052E-16));
#153400=DIRECTION('',(-0.500000000000014,-2.2204460492503E-15,
0.866025403784431));
#153410=AXIS2_PLACEMENT_3D('',#153380,#153390,#153400);
#153420=CIRCLE('',#153410,0.05);
#153430=EDGE_CURVE('',#153090,#153350,#153420,.T.);
#153440=ORIENTED_EDGE('',*,*,#153430,.T.);
#153450=ORIENTED_EDGE('',*,*,#153100,.T.);
#153460=ORIENTED_EDGE('',*,*,#145980,.F.);
#153470=EDGE_LOOP('',(#153460,#153450,#153440,#153370));
#153480=FACE_OUTER_BOUND('',#153470,.T.);
#153490=ADVANCED_FACE('',(#153480),#153280,.F.);
#153500=CARTESIAN_POINT('',(-1.09,-0.320000000000001,0.));
#153510=DIRECTION('',(0.,0.,-1.));
#153520=DIRECTION('',(-1.,0.,0.));
#153530=AXIS2_PLACEMENT_3D('',#153500,#153510,#153520);
#153540=CYLINDRICAL_SURFACE('',#153530,0.05);
#153550=ORIENTED_EDGE('',*,*,#151890,.F.);
#153560=CARTESIAN_POINT('',(-1.04,-0.320000000000001,5.9838268590218));
#153570=DIRECTION('',(0.,0.,-1.));
#153580=VECTOR('',#153570,1.);
#153590=LINE('',#153560,#153580);
#153600=EDGE_CURVE('',#153350,#151810,#153590,.T.);
#153610=ORIENTED_EDGE('',*,*,#153600,.T.);
#153620=ORIENTED_EDGE('',*,*,#153360,.F.);
#153630=ORIENTED_EDGE('',*,*,#145890,.T.);
#153640=EDGE_LOOP('',(#153630,#153620,#153610,#153550));
#153650=FACE_OUTER_BOUND('',#153640,.T.);
#153660=ADVANCED_FACE('',(#153650),#153540,.F.);
#153670=CARTESIAN_POINT('',(-1.04,-0.370000000000001,4.7211731409782));
#153680=DIRECTION('',(1.,3.59246497845273E-15,0.));
#153690=DIRECTION('',(0.,0.,1.));
#153700=AXIS2_PLACEMENT_3D('',#153670,#153680,#153690);
#153710=PLANE('',#153700);
#153720=ORIENTED_EDGE('',*,*,#153600,.F.);
#153730=CARTESIAN_POINT('',(-1.04,-0.320000000000001,4.7211731409782));
#153740=DIRECTION('',(-2.96059473233375E-15,1.,0.));
#153750=VECTOR('',#153740,1.);
#153760=LINE('',#153730,#153750);
#153770=CARTESIAN_POINT('',(-1.04,-0.245000000000001,4.7211731409782));
#153780=VERTEX_POINT('',#153770);
#153790=EDGE_CURVE('',#151810,#153780,#153760,.T.);
#153800=ORIENTED_EDGE('',*,*,#153790,.F.);
#153810=CARTESIAN_POINT('',(-1.04,-0.245000000000001,5.9838268590218));
#153820=DIRECTION('',(0.,0.,-1.));
#153830=VECTOR('',#153820,1.);
#153840=LINE('',#153810,#153830);
#153850=CARTESIAN_POINT('',(-1.04,-0.245000000000001,5.9838268590218));
#153860=VERTEX_POINT('',#153850);
#153870=EDGE_CURVE('',#153860,#153780,#153840,.T.);
#153880=ORIENTED_EDGE('',*,*,#153870,.T.);
#153890=CARTESIAN_POINT('',(-1.04,-0.245000000000001,5.9838268590218));
#153900=DIRECTION('',(2.96059473233375E-15,-1.,0.));
#153910=VECTOR('',#153900,1.);
#153920=LINE('',#153890,#153910);
#153930=EDGE_CURVE('',#153860,#153350,#153920,.T.);
#153940=ORIENTED_EDGE('',*,*,#153930,.F.);
#153950=EDGE_LOOP('',(#153940,#153880,#153800,#153720));
#153960=FACE_OUTER_BOUND('',#153950,.T.);
#153970=ADVANCED_FACE('',(#153960),#153710,.F.);
#153980=CARTESIAN_POINT('',(-0.99,-0.370000000000001,5.9838268590218));
#153990=DIRECTION('',(3.59246497845273E-15,-1.,0.));
#154000=DIRECTION('',(1.,3.59246497845273E-15,0.));
#154010=AXIS2_PLACEMENT_3D('',#153980,#153990,#154000);
#154020=CYLINDRICAL_SURFACE('',#154010,0.05);
#154030=CARTESIAN_POINT('',(-1.015,-0.220000000000001,6.02712812921102))
;
#154040=DIRECTION('',(2.22044604925032E-15,-1.,0.));
#154050=VECTOR('',#154040,1.);
#154060=LINE('',#154030,#154050);
#154070=CARTESIAN_POINT('',(-1.015,-0.220000000000001,6.02712812921102))
;
#154080=VERTEX_POINT('',#154070);
#154090=EDGE_CURVE('',#154080,#153090,#154060,.T.);
#154100=ORIENTED_EDGE('',*,*,#154090,.F.);
#154110=ORIENTED_EDGE('',*,*,#153430,.F.);
#154120=ORIENTED_EDGE('',*,*,#153930,.T.);
#154130=CARTESIAN_POINT('',(-0.990000000000001,-0.195000000000001,
5.9838268590218));
#154140=DIRECTION('',(-0.707106781186551,0.707106781186544,0.));
#154150=DIRECTION('',(0.707106781186544,0.707106781186551,0.));
#154160=AXIS2_PLACEMENT_3D('',#154130,#154140,#154150);
#154170=ELLIPSE('',#154160,0.0707106781186548,0.05);
#154180=EDGE_CURVE('',#153860,#154080,#154170,.T.);
#154190=ORIENTED_EDGE('',*,*,#154180,.F.);
#154200=EDGE_LOOP('',(#154190,#154120,#154110,#154100));
#154210=FACE_OUTER_BOUND('',#154200,.T.);
#154220=ADVANCED_FACE('',(#154210),#154020,.T.);
#154230=CARTESIAN_POINT('',(-0.977500000000001,-0.182500000000001,5.3525
));
#154240=DIRECTION('',(0.707106781186551,-0.707106781186544,0.));
#154250=DIRECTION('',(-0.707106781186544,-0.707106781186551,0.));
#154260=AXIS2_PLACEMENT_3D('',#154230,#154240,#154250);
#154270=PLANE('',#154260);
#154280=ORIENTED_EDGE('',*,*,#153870,.F.);
#154290=CARTESIAN_POINT('',(-0.990000000000001,-0.195000000000001,
4.7211731409782));
#154300=DIRECTION('',(-0.707106781186551,0.707106781186544,0.));
#154310=DIRECTION('',(-0.707106781186544,-0.707106781186551,-0.));
#154320=AXIS2_PLACEMENT_3D('',#154290,#154300,#154310);
#154330=ELLIPSE('',#154320,0.0707106781186548,0.05);
#154340=CARTESIAN_POINT('',(-1.01500000000001,-0.220000000000008,
4.67787187078898));
#154350=VERTEX_POINT('',#154340);
#154360=EDGE_CURVE('',#154350,#153780,#154330,.T.);
#154370=ORIENTED_EDGE('',*,*,#154360,.T.);
#154380=CARTESIAN_POINT('',(-0.855000000000001,-0.0599999999999998,4.955
));
#154390=DIRECTION('',(-0.707106781186551,0.707106781186544,0.));
#154400=DIRECTION('',(-0.707106781186544,-0.707106781186551,-0.));
#154410=AXIS2_PLACEMENT_3D('',#154380,#154390,#154400);
#154420=ELLIPSE('',#154410,0.452548339959391,0.32);
#154430=CARTESIAN_POINT('',(-0.964999999986331,-0.169999999986331,
4.65450041598322));
#154440=VERTEX_POINT('',#154430);
#154450=EDGE_CURVE('',#154440,#154350,#154420,.T.);
#154460=ORIENTED_EDGE('',*,*,#154450,.T.);
#154470=CARTESIAN_POINT('',(-0.964999999969455,-0.169999999969455,
4.65450041596184));
#154480=CARTESIAN_POINT('',(-0.959076396942178,-0.164076396942178,
4.65864004444035));
#154490=CARTESIAN_POINT('',(-0.947474504409305,-0.152474504409305,
4.66691877959042));
#154500=CARTESIAN_POINT('',(-0.9308063009464,-0.1358063009464,
4.67933725601741));
#154510=CARTESIAN_POINT('',(-0.920186815585123,-0.125186815585123,
4.68761342091975));
#154520=CARTESIAN_POINT('',(-0.915000000000001,-0.120000000000001,
4.69175106837824));
#154530=B_SPLINE_CURVE_WITH_KNOTS('',3,(#154470,#154480,#154490,#154500,
#154510,#154520),.UNSPECIFIED.,.F.,.F.,(4,1,1,4),(0.,0.333333333333333,
0.666666666666667,1.),.UNSPECIFIED.);
#154540=CARTESIAN_POINT('',(-0.915000000000002,-0.120000000000001,
4.69175106837824));
#154550=VERTEX_POINT('',#154540);
#154560=EDGE_CURVE('',#154440,#154550,#154530,.T.);
#154570=ORIENTED_EDGE('',*,*,#154560,.F.);
#154580=CARTESIAN_POINT('',(-0.915000000000001,-0.120000000000001,
4.69175106837824));
#154590=DIRECTION('',(0.,0.,1.));
#154600=VECTOR('',#154590,1.);
#154610=LINE('',#154580,#154600);
#154620=CARTESIAN_POINT('',(-0.915000000000001,-0.12,6.01324893162176));
#154630=VERTEX_POINT('',#154620);
#154640=EDGE_CURVE('',#154550,#154630,#154610,.T.);
#154650=ORIENTED_EDGE('',*,*,#154640,.F.);
#154660=CARTESIAN_POINT('',(-0.915000000000001,-0.120000000000001,
6.01324893162176));
#154670=CARTESIAN_POINT('',(-0.920196550122096,-0.125196550122095,
6.01739434455437));
#154680=CARTESIAN_POINT('',(-0.930829232602045,-0.135829232602044,
6.02568033357669));
#154690=CARTESIAN_POINT('',(-0.947498239678506,-0.152498239678506,
6.03809840445423));
#154700=CARTESIAN_POINT('',(-0.959086644145776,-0.164086644145776,
6.04636711667692));
#154710=CARTESIAN_POINT('',(-0.964999999969312,-0.169999999969312,
6.05049958403808));
#154720=B_SPLINE_CURVE_WITH_KNOTS('',3,(#154660,#154670,#154680,#154690,
#154700,#154710),.UNSPECIFIED.,.F.,.F.,(4,1,1,4),(0.,0.333333333333333,
0.666666666666667,1.),.UNSPECIFIED.);
#154730=CARTESIAN_POINT('',(-0.964999999984658,-0.169999999984658,
6.05049958403195));
#154740=VERTEX_POINT('',#154730);
#154750=EDGE_CURVE('',#154630,#154740,#154720,.T.);
#154760=ORIENTED_EDGE('',*,*,#154750,.F.);
#154770=CARTESIAN_POINT('',(-0.855000000000001,-0.0599999999999998,5.75)
);
#154780=DIRECTION('',(-0.707106781186551,0.707106781186544,0.));
#154790=DIRECTION('',(-0.707106781186544,-0.707106781186551,-0.));
#154800=AXIS2_PLACEMENT_3D('',#154770,#154780,#154790);
#154810=ELLIPSE('',#154800,0.452548339959391,0.32);
#154820=EDGE_CURVE('',#154080,#154740,#154810,.T.);
#154830=ORIENTED_EDGE('',*,*,#154820,.T.);
#154840=ORIENTED_EDGE('',*,*,#154180,.T.);
#154850=EDGE_LOOP('',(#154840,#154830,#154760,#154650,#154570,#154460,
#154370,#154280));
#154860=FACE_OUTER_BOUND('',#154850,.T.);
#154870=ADVANCED_FACE('',(#154860),#154270,.F.);
#154880=CARTESIAN_POINT('',(-0.99,-0.370000000000001,4.7211731409782));
#154890=DIRECTION('',(-3.59246497845273E-15,1.,0.));
#154900=DIRECTION('',(1.,3.59246497845273E-15,0.));
#154910=AXIS2_PLACEMENT_3D('',#154880,#154890,#154900);
#154920=CYLINDRICAL_SURFACE('',#154910,0.05);
#154930=ORIENTED_EDGE('',*,*,#153790,.T.);
#154940=ORIENTED_EDGE('',*,*,#151820,.F.);
#154950=CARTESIAN_POINT('',(-1.015,-0.220000000000002,4.67787187078898))
;
#154960=DIRECTION('',(4.44089209850065E-15,-1.,0.));
#154970=VECTOR('',#154960,1.);
#154980=LINE('',#154950,#154970);
#154990=EDGE_CURVE('',#154350,#151720,#154980,.T.);
#155000=ORIENTED_EDGE('',*,*,#154990,.T.);
#155010=ORIENTED_EDGE('',*,*,#154360,.F.);
#155020=EDGE_LOOP('',(#155010,#155000,#154940,#154930));
#155030=FACE_OUTER_BOUND('',#155020,.T.);
#155040=ADVANCED_FACE('',(#155030),#154920,.T.);
#155050=CARTESIAN_POINT('',(-0.855,-0.37,4.955));
#155060=DIRECTION('',(-3.59246497845273E-15,1.,0.));
#155070=DIRECTION('',(1.,3.59246497845273E-15,0.));
#155080=AXIS2_PLACEMENT_3D('',#155050,#155060,#155070);
#155090=CYLINDRICAL_SURFACE('',#155080,0.32);
#155100=CARTESIAN_POINT('',(-0.855,-0.170000000000001,4.955));
#155110=DIRECTION('',(-3.6780474499396E-15,1.,3.90962762192363E-17));
#155120=DIRECTION('',(0.343750000000187,1.30104260698261E-15,
-0.939061200082227));
#155130=AXIS2_PLACEMENT_3D('',#155100,#155110,#155120);
#155140=CIRCLE('',#155130,0.319999999999999);
#155150=CARTESIAN_POINT('',(-0.745000000010167,-0.170000000000001,
4.65450041596995));
#155160=VERTEX_POINT('',#155150);
#155170=EDGE_CURVE('',#155160,#154440,#155140,.T.);
#155180=ORIENTED_EDGE('',*,*,#155170,.F.);
#155190=ORIENTED_EDGE('',*,*,#154450,.F.);
#155200=ORIENTED_EDGE('',*,*,#154990,.F.);
#155210=ORIENTED_EDGE('',*,*,#152140,.F.);
#155220=CARTESIAN_POINT('',(-0.694999999999999,-0.220000000000001,
4.67787187078898));
#155230=DIRECTION('',(4.44089209850071E-15,-1.,0.));
#155240=VECTOR('',#155230,1.);
#155250=LINE('',#155220,#155240);
#155260=CARTESIAN_POINT('',(-0.694999999999992,-0.220000000000009,
4.67787187078898));
#155270=VERTEX_POINT('',#155260);
#155280=EDGE_CURVE('',#155270,#152060,#155250,.T.);
#155290=ORIENTED_EDGE('',*,*,#155280,.T.);
#155300=CARTESIAN_POINT('',(-0.855000000000001,-0.0600000000000012,4.955
));
#155310=DIRECTION('',(-0.707106781186544,-0.707106781186551,0.));
#155320=DIRECTION('',(0.707106781186551,-0.707106781186544,0.));
#155330=AXIS2_PLACEMENT_3D('',#155300,#155310,#155320);
#155340=ELLIPSE('',#155330,0.45254833995939,0.32);
#155350=EDGE_CURVE('',#155160,#155270,#155340,.T.);
#155360=ORIENTED_EDGE('',*,*,#155350,.T.);
#155370=EDGE_LOOP('',(#155360,#155290,#155210,#155200,#155190,#155180));
#155380=FACE_OUTER_BOUND('',#155370,.T.);
#155390=ADVANCED_FACE('',(#155380),#155090,.T.);
#155400=CARTESIAN_POINT('',(-0.732500000000001,-0.1825,5.3525));
#155410=DIRECTION('',(0.707106781186544,0.707106781186551,0.));
#155420=DIRECTION('',(0.707106781186551,-0.707106781186544,0.));
#155430=AXIS2_PLACEMENT_3D('',#155400,#155410,#155420);
#155440=PLANE('',#155430);
#155450=CARTESIAN_POINT('',(-0.855000000000001,-0.0600000000000012,5.75)
);
#155460=DIRECTION('',(-0.707106781186544,-0.707106781186551,0.));
#155470=DIRECTION('',(0.707106781186551,-0.707106781186544,0.));
#155480=AXIS2_PLACEMENT_3D('',#155450,#155460,#155470);
#155490=ELLIPSE('',#155480,0.45254833995939,0.32);
#155500=CARTESIAN_POINT('',(-0.694999999999991,-0.22000000000001,
6.02712812921101));
#155510=VERTEX_POINT('',#155500);
#155520=CARTESIAN_POINT('',(-0.745000000013681,-0.16999999998632,
6.05049958401677));
#155530=VERTEX_POINT('',#155520);
#155540=EDGE_CURVE('',#155510,#155530,#155490,.T.);
#155550=ORIENTED_EDGE('',*,*,#155540,.F.);
#155560=CARTESIAN_POINT('',(-0.795000000000001,-0.12,6.01324893162177));
#155570=CARTESIAN_POINT('',(-0.789697490344702,-0.1253025096553,
6.01747887102078));
#155580=CARTESIAN_POINT('',(-0.778921136912381,-0.13607886308762,
6.02587144860201));
#155590=CARTESIAN_POINT('',(-0.762251179919482,-0.15274882008052,
6.03827972714749));
#155600=CARTESIAN_POINT('',(-0.750805222284778,-0.164194777715223,
6.04644268433422));
#155610=CARTESIAN_POINT('',(-0.745000000030565,-0.169999999969436,
6.05049958403817));
#155620=B_SPLINE_CURVE_WITH_KNOTS('',3,(#155560,#155570,#155580,#155590,
#155600,#155610),.UNSPECIFIED.,.F.,.F.,(4,1,1,4),(0.,0.333333333333333,
0.666666666666667,1.),.UNSPECIFIED.);
#155630=CARTESIAN_POINT('',(-0.795000000000001,-0.12,6.01324893162177));
#155640=VERTEX_POINT('',#155630);
#155650=EDGE_CURVE('',#155640,#155530,#155620,.T.);
#155660=ORIENTED_EDGE('',*,*,#155650,.T.);
#155670=CARTESIAN_POINT('',(-0.795000000000001,-0.12,4.69175106837824));
#155680=DIRECTION('',(0.,0.,1.));
#155690=VECTOR('',#155680,1.);
#155700=LINE('',#155670,#155690);
#155710=CARTESIAN_POINT('',(-0.795000000000001,-0.120000000000001,
4.69175106837824));
#155720=VERTEX_POINT('',#155710);
#155730=EDGE_CURVE('',#155720,#155640,#155700,.T.);
#155740=ORIENTED_EDGE('',*,*,#155730,.T.);
#155750=CARTESIAN_POINT('',(-0.745000000030298,-0.169999999969703,
4.65450041596174));
#155760=CARTESIAN_POINT('',(-0.750832941313516,-0.164167058686486,
4.65857668672775));
#155770=CARTESIAN_POINT('',(-0.76231544017363,-0.152684559826371,
4.66676675655844));
#155780=CARTESIAN_POINT('',(-0.778987013721678,-0.136012986278323,
4.67917896371161));
#155790=CARTESIAN_POINT('',(-0.789725459017318,-0.125274540982683,
4.68754344026161));
#155800=CARTESIAN_POINT('',(-0.795000000000001,-0.12,4.69175106837824));
#155810=B_SPLINE_CURVE_WITH_KNOTS('',3,(#155750,#155760,#155770,#155780,
#155790,#155800),.UNSPECIFIED.,.F.,.F.,(4,1,1,4),(0.,0.333333333333333,
0.666666666666667,1.),.UNSPECIFIED.);
#155820=EDGE_CURVE('',#155160,#155720,#155810,.T.);
#155830=ORIENTED_EDGE('',*,*,#155820,.T.);
#155840=ORIENTED_EDGE('',*,*,#155350,.F.);
#155850=CARTESIAN_POINT('',(-0.720000000000001,-0.195,4.7211731409782));
#155860=DIRECTION('',(-0.707106781186544,-0.707106781186551,-0.));
#155870=DIRECTION('',(-0.707106781186551,0.707106781186544,0.));
#155880=AXIS2_PLACEMENT_3D('',#155850,#155860,#155870);
#155890=ELLIPSE('',#155880,0.0707106781186547,0.05);
#155900=CARTESIAN_POINT('',(-0.67,-0.245,4.7211731409782));
#155910=VERTEX_POINT('',#155900);
#155920=EDGE_CURVE('',#155270,#155910,#155890,.T.);
#155930=ORIENTED_EDGE('',*,*,#155920,.F.);
#155940=CARTESIAN_POINT('',(-0.67,-0.245,5.98382685902179));
#155950=DIRECTION('',(0.,0.,-1.));
#155960=VECTOR('',#155950,1.);
#155970=LINE('',#155940,#155960);
#155980=CARTESIAN_POINT('',(-0.67,-0.245,5.9838268590218));
#155990=VERTEX_POINT('',#155980);
#156000=EDGE_CURVE('',#155990,#155910,#155970,.T.);
#156010=ORIENTED_EDGE('',*,*,#156000,.T.);
#156020=CARTESIAN_POINT('',(-0.720000000000001,-0.195,5.9838268590218));
#156030=DIRECTION('',(-0.707106781186544,-0.707106781186551,0.));
#156040=DIRECTION('',(0.707106781186551,-0.707106781186544,0.));
#156050=AXIS2_PLACEMENT_3D('',#156020,#156030,#156040);
#156060=ELLIPSE('',#156050,0.0707106781186547,0.05);
#156070=EDGE_CURVE('',#155990,#155510,#156060,.T.);
#156080=ORIENTED_EDGE('',*,*,#156070,.F.);
#156090=EDGE_LOOP('',(#156080,#156010,#155930,#155840,#155830,#155740,
#155660,#155550));
#156100=FACE_OUTER_BOUND('',#156090,.T.);
#156110=ADVANCED_FACE('',(#156100),#155440,.T.);
#156120=CARTESIAN_POINT('',(-0.72,-0.37,5.9838268590218));
#156130=DIRECTION('',(-3.59246497845273E-15,1.,0.));
#156140=DIRECTION('',(-1.,-3.59246497845273E-15,0.));
#156150=AXIS2_PLACEMENT_3D('',#156120,#156130,#156140);
#156160=CYLINDRICAL_SURFACE('',#156150,0.05);
#156170=CARTESIAN_POINT('',(-0.67,-0.32,5.9838268590218));
#156180=DIRECTION('',(-2.96059473233375E-15,1.,0.));
#156190=VECTOR('',#156180,1.);
#156200=LINE('',#156170,#156190);
#156210=EDGE_CURVE('',#152580,#155990,#156200,.T.);
#156220=ORIENTED_EDGE('',*,*,#156210,.T.);
#156230=ORIENTED_EDGE('',*,*,#152910,.F.);
#156240=CARTESIAN_POINT('',(-0.694999999999999,-0.220000000000002,
6.02712812921102));
#156250=DIRECTION('',(3.33066907387555E-15,-1.,0.));
#156260=VECTOR('',#156250,1.);
#156270=LINE('',#156240,#156260);
#156280=EDGE_CURVE('',#155510,#152830,#156270,.T.);
#156290=ORIENTED_EDGE('',*,*,#156280,.T.);
#156300=ORIENTED_EDGE('',*,*,#156070,.T.);
#156310=EDGE_LOOP('',(#156300,#156290,#156230,#156220));
#156320=FACE_OUTER_BOUND('',#156310,.T.);
#156330=ADVANCED_FACE('',(#156320),#156160,.T.);
#156340=CARTESIAN_POINT('',(-0.67,-0.37,5.9838268590218));
#156350=DIRECTION('',(-1.,-3.59246497845273E-15,0.));
#156360=DIRECTION('',(0.,0.,-1.));
#156370=AXIS2_PLACEMENT_3D('',#156340,#156350,#156360);
#156380=PLANE('',#156370);
#156390=CARTESIAN_POINT('',(-0.67,-0.245,4.7211731409782));
#156400=DIRECTION('',(2.96059473233375E-15,-1.,0.));
#156410=VECTOR('',#156400,1.);
#156420=LINE('',#156390,#156410);
#156430=EDGE_CURVE('',#155910,#152320,#156420,.T.);
#156440=ORIENTED_EDGE('',*,*,#156430,.F.);
#156450=ORIENTED_EDGE('',*,*,#152650,.F.);
#156460=ORIENTED_EDGE('',*,*,#156210,.F.);
#156470=ORIENTED_EDGE('',*,*,#156000,.F.);
#156480=EDGE_LOOP('',(#156470,#156460,#156450,#156440));
#156490=FACE_OUTER_BOUND('',#156480,.T.);
#156500=ADVANCED_FACE('',(#156490),#156380,.F.);
#156510=CARTESIAN_POINT('',(-0.72,-0.37,4.7211731409782));
#156520=DIRECTION('',(3.59246497845273E-15,-1.,0.));
#156530=DIRECTION('',(-1.,-3.59246497845273E-15,0.));
#156540=AXIS2_PLACEMENT_3D('',#156510,#156520,#156530);
#156550=CYLINDRICAL_SURFACE('',#156540,0.05);
#156560=ORIENTED_EDGE('',*,*,#155280,.F.);
#156570=ORIENTED_EDGE('',*,*,#152400,.F.);
#156580=ORIENTED_EDGE('',*,*,#156430,.T.);
#156590=ORIENTED_EDGE('',*,*,#155920,.T.);
#156600=EDGE_LOOP('',(#156590,#156580,#156570,#156560));
#156610=FACE_OUTER_BOUND('',#156600,.T.);
#156620=ADVANCED_FACE('',(#156610),#156550,.T.);
#156630=CARTESIAN_POINT('',(-0.855,-0.37,5.75));
#156640=DIRECTION('',(-3.59246497845273E-15,1.,0.));
#156650=DIRECTION('',(-1.,-3.59246497845273E-15,0.));
#156660=AXIS2_PLACEMENT_3D('',#156630,#156640,#156650);
#156670=CYLINDRICAL_SURFACE('',#156660,0.32);
#156680=ORIENTED_EDGE('',*,*,#153170,.F.);
#156690=ORIENTED_EDGE('',*,*,#154090,.T.);
#156700=ORIENTED_EDGE('',*,*,#154820,.F.);
#156710=CARTESIAN_POINT('',(-0.855,-0.17,5.75));
#156720=DIRECTION('',(-3.67804744993916E-15,1.,3.90962762179997E-17));
#156730=DIRECTION('',(-0.343750000000545,-1.30104260698261E-15,
0.939061200082095));
#156740=AXIS2_PLACEMENT_3D('',#156710,#156720,#156730);
#156750=CIRCLE('',#156740,0.32);
#156760=EDGE_CURVE('',#154740,#155530,#156750,.T.);
#156770=ORIENTED_EDGE('',*,*,#156760,.F.);
#156780=ORIENTED_EDGE('',*,*,#155540,.T.);
#156790=ORIENTED_EDGE('',*,*,#156280,.F.);
#156800=EDGE_LOOP('',(#156790,#156780,#156770,#156700,#156690,#156680));
#156810=FACE_OUTER_BOUND('',#156800,.T.);
#156820=ADVANCED_FACE('',(#156810),#156670,.T.);
#156830=CARTESIAN_POINT('',(-0.854999999999998,-0.850000000000001,5.75))
;
#156840=DIRECTION('',(3.66373598126301E-15,-1.,0.));
#156850=DIRECTION('',(1.,3.66373598126301E-15,0.));
#156860=AXIS2_PLACEMENT_3D('',#156830,#156840,#156850);
#156870=CONICAL_SURFACE('',#156860,1.,0.785398163397448);
#156880=CARTESIAN_POINT('',(-0.855000000000001,-0.12,5.75));
#156890=DIRECTION('',(-3.66556350887556E-15,1.,8.01824485855468E-18));
#156900=DIRECTION('',(-0.222222222222224,-8.22387425648264E-16,
0.974996043043569));
#156910=AXIS2_PLACEMENT_3D('',#156880,#156890,#156900);
#156920=CIRCLE('',#156910,0.27);
#156930=EDGE_CURVE('',#154630,#155640,#156920,.T.);
#156940=ORIENTED_EDGE('',*,*,#156930,.F.);
#156950=ORIENTED_EDGE('',*,*,#155650,.F.);
#156960=ORIENTED_EDGE('',*,*,#156760,.T.);
#156970=ORIENTED_EDGE('',*,*,#154750,.T.);
#156980=EDGE_LOOP('',(#156970,#156960,#156950,#156940));
#156990=FACE_OUTER_BOUND('',#156980,.T.);
#157000=ADVANCED_FACE('',(#156990),#156870,.T.);
#157010=CARTESIAN_POINT('',(-0.950491304244202,-0.120000000000001,
5.9174699579328));
#157020=DIRECTION('',(3.59246497845273E-15,-1.,0.));
#157030=DIRECTION('',(-1.,-3.59246497845273E-15,0.));
#157040=AXIS2_PLACEMENT_3D('',#157010,#157020,#157030);
#157050=PLANE('',#157040);
#157060=CARTESIAN_POINT('',(-0.855000000000001,-0.120000000000001,4.955)
);
#157070=DIRECTION('',(-3.66556350887557E-15,1.,8.01824485856444E-18));
#157080=DIRECTION('',(0.22222222222222,8.22387425648265E-16,
-0.97499604304357));
#157090=AXIS2_PLACEMENT_3D('',#157060,#157070,#157080);
#157100=CIRCLE('',#157090,0.27);
#157110=EDGE_CURVE('',#155720,#154550,#157100,.T.);
#157120=ORIENTED_EDGE('',*,*,#157110,.T.);
#157130=ORIENTED_EDGE('',*,*,#155730,.F.);
#157140=ORIENTED_EDGE('',*,*,#156930,.T.);
#157150=ORIENTED_EDGE('',*,*,#154640,.T.);
#157160=EDGE_LOOP('',(#157150,#157140,#157130,#157120));
#157170=FACE_OUTER_BOUND('',#157160,.T.);
#157180=ADVANCED_FACE('',(#157170),#157050,.F.);
#157190=CARTESIAN_POINT('',(-0.854999999999998,-0.850000000000002,4.955)
);
#157200=DIRECTION('',(3.66373598126302E-15,-1.,0.));
#157210=DIRECTION('',(1.,3.66373598126302E-15,0.));
#157220=AXIS2_PLACEMENT_3D('',#157190,#157200,#157210);
#157230=CONICAL_SURFACE('',#157220,1.,0.785398163397449);
#157240=ORIENTED_EDGE('',*,*,#157110,.F.);
#157250=ORIENTED_EDGE('',*,*,#154560,.T.);
#157260=ORIENTED_EDGE('',*,*,#155170,.T.);
#157270=ORIENTED_EDGE('',*,*,#155820,.F.);
#157280=EDGE_LOOP('',(#157270,#157260,#157250,#157240));
#157290=FACE_OUTER_BOUND('',#157280,.T.);
#157300=ADVANCED_FACE('',(#157290),#157230,.T.);
#157310=CARTESIAN_POINT('',(-0.72,-0.32,1.5361731409782));
#157320=DIRECTION('',(-3.71492561383497E-15,1.,0.));
#157330=DIRECTION('',(1.,3.71492561383497E-15,0.));
#157340=AXIS2_PLACEMENT_3D('',#157310,#157320,#157330);
#157350=TOROIDAL_SURFACE('',#157340,0.1,0.05);
#157360=CARTESIAN_POINT('',(-0.62,-0.32,1.5361731409782));
#157370=DIRECTION('',(0.,0.,1.));
#157380=DIRECTION('',(-1.,1.22124532708767E-14,0.));
#157390=AXIS2_PLACEMENT_3D('',#157360,#157370,#157380);
#157400=CIRCLE('',#157390,0.05);
#157410=CARTESIAN_POINT('',(-0.67,-0.32,1.5361731409782));
#157420=VERTEX_POINT('',#157410);
#157430=EDGE_CURVE('',#157420,#147130,#157400,.T.);
#157440=ORIENTED_EDGE('',*,*,#157430,.T.);
#157450=CARTESIAN_POINT('',(-0.72,-0.32,1.5361731409782));
#157460=DIRECTION('',(3.89641723500133E-15,-1.,-3.14352709008156E-16));
#157470=DIRECTION('',(0.500000000000033,2.22044604925031E-15,
-0.86602540378442));
#157480=AXIS2_PLACEMENT_3D('',#157450,#157460,#157470);
#157490=CIRCLE('',#157480,0.05);
#157500=CARTESIAN_POINT('',(-0.694999999999998,-0.32,1.49287187078898));
#157510=VERTEX_POINT('',#157500);
#157520=EDGE_CURVE('',#157510,#157420,#157490,.T.);
#157530=ORIENTED_EDGE('',*,*,#157520,.T.);
#157540=CARTESIAN_POINT('',(-0.669999999999997,-0.319999999999999,
1.44957060059976));
#157550=DIRECTION('',(0.866025403784433,3.21721995475056E-15,
0.500000000000009));
#157560=DIRECTION('',(-0.500000000000009,-1.11022302462516E-15,
0.866025403784433));
#157570=AXIS2_PLACEMENT_3D('',#157540,#157550,#157560);
#157580=CIRCLE('',#157570,0.05);
#157590=EDGE_CURVE('',#157510,#146610,#157580,.T.);
#157600=ORIENTED_EDGE('',*,*,#157590,.F.);
#157610=ORIENTED_EDGE('',*,*,#147210,.F.);
#157620=EDGE_LOOP('',(#157610,#157600,#157530,#157440));
#157630=FACE_OUTER_BOUND('',#157620,.T.);
#157640=ADVANCED_FACE('',(#157630),#157350,.F.);
#157650=CARTESIAN_POINT('',(-0.62,-0.319999999999999,0.));
#157660=DIRECTION('',(0.,0.,-1.));
#157670=DIRECTION('',(-1.,0.,0.));
#157680=AXIS2_PLACEMENT_3D('',#157650,#157660,#157670);
#157690=CYLINDRICAL_SURFACE('',#157680,0.05);
#157700=CARTESIAN_POINT('',(-0.62,-0.32,2.7988268590218));
#157710=DIRECTION('',(-1.22464679914735E-16,-0.,-1.));
#157720=DIRECTION('',(0.,-1.,0.));
#157730=AXIS2_PLACEMENT_3D('',#157700,#157710,#157720);
#157740=CIRCLE('',#157730,0.05);
#157750=CARTESIAN_POINT('',(-0.67,-0.319999999999999,2.7988268590218));
#157760=VERTEX_POINT('',#157750);
#157770=EDGE_CURVE('',#147050,#157760,#157740,.T.);
#157780=ORIENTED_EDGE('',*,*,#157770,.F.);
#157790=CARTESIAN_POINT('',(-0.67,-0.319999999999999,1.5361731409782));
#157800=DIRECTION('',(0.,0.,1.));
#157810=VECTOR('',#157800,1.);
#157820=LINE('',#157790,#157810);
#157830=EDGE_CURVE('',#157420,#157760,#157820,.T.);
#157840=ORIENTED_EDGE('',*,*,#157830,.T.);
#157850=ORIENTED_EDGE('',*,*,#157430,.F.);
#157860=ORIENTED_EDGE('',*,*,#147140,.T.);
#157870=EDGE_LOOP('',(#157860,#157850,#157840,#157780));
#157880=FACE_OUTER_BOUND('',#157870,.T.);
#157890=ADVANCED_FACE('',(#157880),#157690,.F.);
#157900=CARTESIAN_POINT('',(-0.72,-0.32,2.7988268590218));
#157910=DIRECTION('',(3.71492561383497E-15,-1.,0.));
#157920=DIRECTION('',(-1.,-3.71492561383497E-15,0.));
#157930=AXIS2_PLACEMENT_3D('',#157900,#157910,#157920);
#157940=TOROIDAL_SURFACE('',#157930,0.1,0.05);
#157950=CARTESIAN_POINT('',(-0.669999999999997,-0.319999999999999,
2.88542939940024));
#157960=DIRECTION('',(0.866025403784434,3.84592537276711E-15,
-0.500000000000009));
#157970=DIRECTION('',(4.44089209850063E-15,-1.,0.));
#157980=AXIS2_PLACEMENT_3D('',#157950,#157960,#157970);
#157990=CIRCLE('',#157980,0.05);
#158000=CARTESIAN_POINT('',(-0.694999999999998,-0.32,2.84212812921102));
#158010=VERTEX_POINT('',#158000);
#158020=EDGE_CURVE('',#146960,#158010,#157990,.T.);
#158030=ORIENTED_EDGE('',*,*,#158020,.F.);
#158040=CARTESIAN_POINT('',(-0.72,-0.32,2.7988268590218));
#158050=DIRECTION('',(3.33066907387547E-15,-1.,0.));
#158060=DIRECTION('',(1.,3.33066907387547E-15,0.));
#158070=AXIS2_PLACEMENT_3D('',#158040,#158050,#158060);
#158080=CIRCLE('',#158070,0.05);
#158090=EDGE_CURVE('',#157760,#158010,#158080,.T.);
#158100=ORIENTED_EDGE('',*,*,#158090,.T.);
#158110=ORIENTED_EDGE('',*,*,#157770,.T.);
#158120=ORIENTED_EDGE('',*,*,#147060,.F.);
#158130=EDGE_LOOP('',(#158120,#158110,#158100,#158030));
#158140=FACE_OUTER_BOUND('',#158130,.T.);
#158150=ADVANCED_FACE('',(#158140),#157940,.F.);
#158160=CARTESIAN_POINT('',(-0.855,-0.32,2.565));
#158170=DIRECTION('',(-3.71492561383497E-15,1.,0.));
#158180=DIRECTION('',(1.,3.71492561383497E-15,0.));
#158190=AXIS2_PLACEMENT_3D('',#158160,#158170,#158180);
#158200=TOROIDAL_SURFACE('',#158190,0.37,0.05);
#158210=CARTESIAN_POINT('',(-1.04,-0.320000000000001,2.88542939940024));
#158220=DIRECTION('',(-0.866025403784436,-3.21721995475058E-15,
-0.500000000000004));
#158230=DIRECTION('',(0.500000000000004,1.11022302462516E-15,
-0.866025403784436));
#158240=AXIS2_PLACEMENT_3D('',#158210,#158220,#158230);
#158250=CIRCLE('',#158240,0.05);
#158260=CARTESIAN_POINT('',(-1.015,-0.320000000000001,2.84212812921102))
;
#158270=VERTEX_POINT('',#158260);
#158280=EDGE_CURVE('',#158270,#146870,#158250,.T.);
#158290=ORIENTED_EDGE('',*,*,#158280,.T.);
#158300=CARTESIAN_POINT('',(-0.855,-0.32,2.565));
#158310=DIRECTION('',(3.74029212216347E-15,-1.,4.39360812355824E-17));
#158320=DIRECTION('',(0.5,1.90819582357449E-15,0.866025403784438));
#158330=AXIS2_PLACEMENT_3D('',#158300,#158310,#158320);
#158340=CIRCLE('',#158330,0.32);
#158350=EDGE_CURVE('',#158010,#158270,#158340,.T.);
#158360=ORIENTED_EDGE('',*,*,#158350,.T.);
#158370=ORIENTED_EDGE('',*,*,#158020,.T.);
#158380=ORIENTED_EDGE('',*,*,#146970,.F.);
#158390=EDGE_LOOP('',(#158380,#158370,#158360,#158290));
#158400=FACE_OUTER_BOUND('',#158390,.T.);
#158410=ADVANCED_FACE('',(#158400),#158200,.F.);
#158420=CARTESIAN_POINT('',(-0.99,-0.320000000000001,2.7988268590218));
#158430=DIRECTION('',(-3.71492561383497E-15,1.,0.));
#158440=DIRECTION('',(1.,3.71492561383497E-15,0.));
#158450=AXIS2_PLACEMENT_3D('',#158420,#158430,#158440);
#158460=TOROIDAL_SURFACE('',#158450,0.1,0.05);
#158470=CARTESIAN_POINT('',(-1.09,-0.320000000000001,2.7988268590218));
#158480=DIRECTION('',(3.86086943132946E-45,-4.96794575207472E-31,-1.));
#158490=DIRECTION('',(1.,7.77156117237609E-15,0.));
#158500=AXIS2_PLACEMENT_3D('',#158470,#158480,#158490);
#158510=CIRCLE('',#158500,0.05);
#158520=CARTESIAN_POINT('',(-1.04,-0.320000000000001,2.7988268590218));
#158530=VERTEX_POINT('',#158520);
#158540=EDGE_CURVE('',#158530,#146780,#158510,.T.);
#158550=ORIENTED_EDGE('',*,*,#158540,.T.);
#158560=CARTESIAN_POINT('',(-0.99,-0.320000000000001,2.7988268590218));
#158570=DIRECTION('',(3.89641723500136E-15,-1.,-3.14352709008219E-16));
#158580=DIRECTION('',(-0.500000000000018,-2.22044604925032E-15,
0.866025403784428));
#158590=AXIS2_PLACEMENT_3D('',#158560,#158570,#158580);
#158600=CIRCLE('',#158590,0.05);
#158610=EDGE_CURVE('',#158270,#158530,#158600,.T.);
#158620=ORIENTED_EDGE('',*,*,#158610,.T.);
#158630=ORIENTED_EDGE('',*,*,#158280,.F.);
#158640=ORIENTED_EDGE('',*,*,#146880,.F.);
#158650=EDGE_LOOP('',(#158640,#158630,#158620,#158550));
#158660=FACE_OUTER_BOUND('',#158650,.T.);
#158670=ADVANCED_FACE('',(#158660),#158460,.F.);
#158680=CARTESIAN_POINT('',(-1.09,-0.320000000000001,0.));
#158690=DIRECTION('',(0.,0.,1.));
#158700=DIRECTION('',(1.,0.,0.));
#158710=AXIS2_PLACEMENT_3D('',#158680,#158690,#158700);
#158720=CYLINDRICAL_SURFACE('',#158710,0.05);
#158730=CARTESIAN_POINT('',(-1.09,-0.320000000000001,1.5361731409782));
#158740=DIRECTION('',(0.,0.,1.));
#158750=DIRECTION('',(0.,-1.,0.));
#158760=AXIS2_PLACEMENT_3D('',#158730,#158740,#158750);
#158770=CIRCLE('',#158760,0.05);
#158780=CARTESIAN_POINT('',(-1.04,-0.320000000000001,1.5361731409782));
#158790=VERTEX_POINT('',#158780);
#158800=EDGE_CURVE('',#146700,#158790,#158770,.T.);
#158810=ORIENTED_EDGE('',*,*,#158800,.F.);
#158820=CARTESIAN_POINT('',(-1.04,-0.320000000000001,2.7988268590218));
#158830=DIRECTION('',(0.,0.,-1.));
#158840=VECTOR('',#158830,1.);
#158850=LINE('',#158820,#158840);
#158860=EDGE_CURVE('',#158530,#158790,#158850,.T.);
#158870=ORIENTED_EDGE('',*,*,#158860,.T.);
#158880=ORIENTED_EDGE('',*,*,#158540,.F.);
#158890=ORIENTED_EDGE('',*,*,#146790,.T.);
#158900=EDGE_LOOP('',(#158890,#158880,#158870,#158810));
#158910=FACE_OUTER_BOUND('',#158900,.T.);
#158920=ADVANCED_FACE('',(#158910),#158720,.F.);
#158930=CARTESIAN_POINT('',(-0.99,-0.320000000000001,1.5361731409782));
#158940=DIRECTION('',(3.71492561383497E-15,-1.,0.));
#158950=DIRECTION('',(-1.,-3.71492561383497E-15,0.));
#158960=AXIS2_PLACEMENT_3D('',#158930,#158940,#158950);
#158970=TOROIDAL_SURFACE('',#158960,0.1,0.05);
#158980=CARTESIAN_POINT('',(-1.04,-0.320000000000001,1.44957060059976));
#158990=DIRECTION('',(0.866025403784425,3.21721995475053E-15,
-0.500000000000025));
#159000=DIRECTION('',(0.500000000000025,1.11022302462516E-15,
0.866025403784425));
#159010=AXIS2_PLACEMENT_3D('',#158980,#158990,#159000);
#159020=CIRCLE('',#159010,0.05);
#159030=CARTESIAN_POINT('',(-1.015,-0.320000000000001,1.49287187078898))
;
#159040=VERTEX_POINT('',#159030);
#159050=EDGE_CURVE('',#159040,#146590,#159020,.T.);
#159060=ORIENTED_EDGE('',*,*,#159050,.T.);
#159070=CARTESIAN_POINT('',(-0.99,-0.320000000000001,1.5361731409782));
#159080=DIRECTION('',(3.33066907387547E-15,-1.,0.));
#159090=DIRECTION('',(-1.,-3.33066907387547E-15,0.));
#159100=AXIS2_PLACEMENT_3D('',#159070,#159080,#159090);
#159110=CIRCLE('',#159100,0.05);
#159120=EDGE_CURVE('',#158790,#159040,#159110,.T.);
#159130=ORIENTED_EDGE('',*,*,#159120,.T.);
#159140=ORIENTED_EDGE('',*,*,#158800,.T.);
#159150=ORIENTED_EDGE('',*,*,#146710,.F.);
#159160=EDGE_LOOP('',(#159150,#159140,#159130,#159060));
#159170=FACE_OUTER_BOUND('',#159160,.T.);
#159180=ADVANCED_FACE('',(#159170),#158970,.F.);
#159190=CARTESIAN_POINT('',(-0.855,-0.32,1.77));
#159200=DIRECTION('',(-3.71492561383497E-15,1.,0.));
#159210=DIRECTION('',(1.,3.71492561383497E-15,0.));
#159220=AXIS2_PLACEMENT_3D('',#159190,#159200,#159210);
#159230=TOROIDAL_SURFACE('',#159220,0.37,0.05);
#159240=ORIENTED_EDGE('',*,*,#157590,.T.);
#159250=CARTESIAN_POINT('',(-0.855,-0.32,1.77));
#159260=DIRECTION('',(3.74029212216347E-15,-1.,4.39360812355848E-17));
#159270=DIRECTION('',(-0.5,-1.90819582357449E-15,-0.866025403784439));
#159280=AXIS2_PLACEMENT_3D('',#159250,#159260,#159270);
#159290=CIRCLE('',#159280,0.32);
#159300=EDGE_CURVE('',#159040,#157510,#159290,.T.);
#159310=ORIENTED_EDGE('',*,*,#159300,.T.);
#159320=ORIENTED_EDGE('',*,*,#159050,.F.);
#159330=ORIENTED_EDGE('',*,*,#146620,.F.);
#159340=EDGE_LOOP('',(#159330,#159320,#159310,#159240));
#159350=FACE_OUTER_BOUND('',#159340,.T.);
#159360=ADVANCED_FACE('',(#159350),#159230,.F.);
#159370=CARTESIAN_POINT('',(-0.855,-0.37,1.77));
#159380=DIRECTION('',(-3.71492561383497E-15,1.,0.));
#159390=DIRECTION('',(-1.,-3.71492561383497E-15,0.));
#159400=AXIS2_PLACEMENT_3D('',#159370,#159380,#159390);
#159410=CYLINDRICAL_SURFACE('',#159400,0.32);
#159420=ORIENTED_EDGE('',*,*,#159300,.F.);
#159430=CARTESIAN_POINT('',(-0.694999999999999,-0.220000000000001,
1.49287187078898));
#159440=DIRECTION('',(3.33066907387553E-15,-1.,0.));
#159450=VECTOR('',#159440,1.);
#159460=LINE('',#159430,#159450);
#159470=CARTESIAN_POINT('',(-0.694999999999993,-0.220000000000007,
1.49287187078898));
#159480=VERTEX_POINT('',#159470);
#159490=EDGE_CURVE('',#159480,#157510,#159460,.T.);
#159500=ORIENTED_EDGE('',*,*,#159490,.T.);
#159510=CARTESIAN_POINT('',(-0.855000000000001,-0.0600000000000011,1.77)
);
#159520=DIRECTION('',(0.707106781186544,0.707106781186551,0.));
#159530=DIRECTION('',(0.707106781186551,-0.707106781186544,0.));
#159540=AXIS2_PLACEMENT_3D('',#159510,#159520,#159530);
#159550=ELLIPSE('',#159540,0.45254833995939,0.32);
#159560=CARTESIAN_POINT('',(-0.745000000010168,-0.17,1.46950041596994));
#159570=VERTEX_POINT('',#159560);
#159580=EDGE_CURVE('',#159480,#159570,#159550,.T.);
#159590=ORIENTED_EDGE('',*,*,#159580,.F.);
#159600=CARTESIAN_POINT('',(-0.855,-0.17,1.77));
#159610=DIRECTION('',(-3.67804744993959E-15,1.,3.90962762192345E-17));
#159620=DIRECTION('',(0.343750000000188,1.30104260698261E-15,
-0.939061200082226));
#159630=AXIS2_PLACEMENT_3D('',#159600,#159610,#159620);
#159640=CIRCLE('',#159630,0.32);
#159650=CARTESIAN_POINT('',(-0.964999999984669,-0.169999999984668,
1.46950041596805));
#159660=VERTEX_POINT('',#159650);
#159670=EDGE_CURVE('',#159570,#159660,#159640,.T.);
#159680=ORIENTED_EDGE('',*,*,#159670,.F.);
#159690=CARTESIAN_POINT('',(-0.855000000000001,-0.0599999999999999,1.77)
);
#159700=DIRECTION('',(0.707106781186551,-0.707106781186544,0.));
#159710=DIRECTION('',(-0.707106781186544,-0.707106781186551,-0.));
#159720=AXIS2_PLACEMENT_3D('',#159690,#159700,#159710);
#159730=ELLIPSE('',#159720,0.452548339959391,0.32);
#159740=CARTESIAN_POINT('',(-1.01500000000001,-0.220000000000011,
1.49287187078898));
#159750=VERTEX_POINT('',#159740);
#159760=EDGE_CURVE('',#159750,#159660,#159730,.T.);
#159770=ORIENTED_EDGE('',*,*,#159760,.T.);
#159780=CARTESIAN_POINT('',(-1.015,-0.220000000000002,1.49287187078898))
;
#159790=DIRECTION('',(2.22044604925033E-15,-1.,0.));
#159800=VECTOR('',#159790,1.);
#159810=LINE('',#159780,#159800);
#159820=EDGE_CURVE('',#159750,#159040,#159810,.T.);
#159830=ORIENTED_EDGE('',*,*,#159820,.F.);
#159840=EDGE_LOOP('',(#159830,#159770,#159680,#159590,#159500,#159420));
#159850=FACE_OUTER_BOUND('',#159840,.T.);
#159860=ADVANCED_FACE('',(#159850),#159410,.T.);
#159870=CARTESIAN_POINT('',(-0.99,-0.370000000000001,1.5361731409782));
#159880=DIRECTION('',(3.71492561383497E-15,-1.,0.));
#159890=DIRECTION('',(1.,3.71492561383497E-15,0.));
#159900=AXIS2_PLACEMENT_3D('',#159870,#159880,#159890);
#159910=CYLINDRICAL_SURFACE('',#159900,0.05);
#159920=CARTESIAN_POINT('',(-1.04,-0.320000000000001,1.5361731409782));
#159930=DIRECTION('',(-2.96059473233375E-15,1.,0.));
#159940=VECTOR('',#159930,1.);
#159950=LINE('',#159920,#159940);
#159960=CARTESIAN_POINT('',(-1.04,-0.245000000000001,1.5361731409782));
#159970=VERTEX_POINT('',#159960);
#159980=EDGE_CURVE('',#158790,#159970,#159950,.T.);
#159990=ORIENTED_EDGE('',*,*,#159980,.T.);
#160000=ORIENTED_EDGE('',*,*,#159120,.F.);
#160010=ORIENTED_EDGE('',*,*,#159820,.T.);
#160020=CARTESIAN_POINT('',(-0.990000000000001,-0.195000000000001,
1.5361731409782));
#160030=DIRECTION('',(0.707106781186551,-0.707106781186544,0.));
#160040=DIRECTION('',(0.707106781186544,0.707106781186551,0.));
#160050=AXIS2_PLACEMENT_3D('',#160020,#160030,#160040);
#160060=ELLIPSE('',#160050,0.0707106781186548,0.05);
#160070=EDGE_CURVE('',#159970,#159750,#160060,.T.);
#160080=ORIENTED_EDGE('',*,*,#160070,.T.);
#160090=EDGE_LOOP('',(#160080,#160010,#160000,#159990));
#160100=FACE_OUTER_BOUND('',#160090,.T.);
#160110=ADVANCED_FACE('',(#160100),#159910,.T.);
#160120=CARTESIAN_POINT('',(-0.977500000000001,-0.182500000000001,2.1675
));
#160130=DIRECTION('',(-0.707106781186551,0.707106781186544,0.));
#160140=DIRECTION('',(-0.707106781186544,-0.707106781186551,0.));
#160150=AXIS2_PLACEMENT_3D('',#160120,#160130,#160140);
#160160=PLANE('',#160150);
#160170=CARTESIAN_POINT('',(-1.04,-0.245000000000001,2.7988268590218));
#160180=DIRECTION('',(0.,0.,-1.));
#160190=VECTOR('',#160180,1.);
#160200=LINE('',#160170,#160190);
#160210=CARTESIAN_POINT('',(-1.04,-0.245000000000001,2.7988268590218));
#160220=VERTEX_POINT('',#160210);
#160230=EDGE_CURVE('',#160220,#159970,#160200,.T.);
#160240=ORIENTED_EDGE('',*,*,#160230,.F.);
#160250=ORIENTED_EDGE('',*,*,#160070,.F.);
#160260=ORIENTED_EDGE('',*,*,#159760,.F.);
#160270=CARTESIAN_POINT('',(-0.964999999969332,-0.169999999969331,
1.46950041596193));
#160280=CARTESIAN_POINT('',(-0.959076396941775,-0.164076396941775,
1.47364004444064));
#160290=CARTESIAN_POINT('',(-0.947474504408529,-0.152474504408528,
1.48191877959097));
#160300=CARTESIAN_POINT('',(-0.930806300944658,-0.135806300944657,
1.49433725601874));
#160310=CARTESIAN_POINT('',(-0.920186815584382,-0.125186815584381,
1.50261342092033));
#160320=CARTESIAN_POINT('',(-0.915000000000001,-0.120000000000001,
1.50675106837823));
#160330=B_SPLINE_CURVE_WITH_KNOTS('',3,(#160270,#160280,#160290,#160300,
#160310,#160320),.UNSPECIFIED.,.F.,.F.,(4,1,1,4),(0.,0.333333333333333,
0.666666666666667,1.),.UNSPECIFIED.);
#160340=CARTESIAN_POINT('',(-0.915000000000002,-0.120000000000001,
1.50675106837823));
#160350=VERTEX_POINT('',#160340);
#160360=EDGE_CURVE('',#159660,#160350,#160330,.T.);
#160370=ORIENTED_EDGE('',*,*,#160360,.F.);
#160380=CARTESIAN_POINT('',(-0.915000000000001,-0.120000000000001,
1.50675106837824));
#160390=DIRECTION('',(0.,0.,1.));
#160400=VECTOR('',#160390,1.);
#160410=LINE('',#160380,#160400);
#160420=CARTESIAN_POINT('',(-0.915000000000002,-0.120000000000002,
2.82824893162176));
#160430=VERTEX_POINT('',#160420);
#160440=EDGE_CURVE('',#160350,#160430,#160410,.T.);
#160450=ORIENTED_EDGE('',*,*,#160440,.F.);
#160460=CARTESIAN_POINT('',(-0.915000000000001,-0.120000000000001,
2.82824893162177));
#160470=CARTESIAN_POINT('',(-0.920196550119505,-0.125196550119504,
2.83239434455231));
#160480=CARTESIAN_POINT('',(-0.930829232595994,-0.135829232595993,
2.84068033357211));
#160490=CARTESIAN_POINT('',(-0.947498239677731,-0.152498239677731,
2.85309840445375));
#160500=CARTESIAN_POINT('',(-0.959086644145542,-0.164086644145542,
2.86136711667666));
#160510=CARTESIAN_POINT('',(-0.964999999969402,-0.169999999969402,
2.86549958403805));
#160520=B_SPLINE_CURVE_WITH_KNOTS('',3,(#160460,#160470,#160480,#160490,
#160500,#160510),.UNSPECIFIED.,.F.,.F.,(4,1,1,4),(0.,0.333333333333333,
0.666666666666667,1.),.UNSPECIFIED.);
#160530=CARTESIAN_POINT('',(-0.964999999984704,-0.169999999984703,
2.86549958403193));
#160540=VERTEX_POINT('',#160530);
#160550=EDGE_CURVE('',#160430,#160540,#160520,.T.);
#160560=ORIENTED_EDGE('',*,*,#160550,.F.);
#160570=CARTESIAN_POINT('',(-0.855000000000001,-0.0599999999999999,2.565
));
#160580=DIRECTION('',(0.707106781186551,-0.707106781186544,0.));
#160590=DIRECTION('',(-0.707106781186544,-0.707106781186551,-0.));
#160600=AXIS2_PLACEMENT_3D('',#160570,#160580,#160590);
#160610=ELLIPSE('',#160600,0.452548339959391,0.32);
#160620=CARTESIAN_POINT('',(-1.015,-0.220000000000001,2.84212812921102))
;
#160630=VERTEX_POINT('',#160620);
#160640=EDGE_CURVE('',#160540,#160630,#160610,.T.);
#160650=ORIENTED_EDGE('',*,*,#160640,.F.);
#160660=CARTESIAN_POINT('',(-0.990000000000001,-0.195000000000001,
2.7988268590218));
#160670=DIRECTION('',(0.707106781186551,-0.707106781186544,0.));
#160680=DIRECTION('',(-0.707106781186544,-0.707106781186551,-0.));
#160690=AXIS2_PLACEMENT_3D('',#160660,#160670,#160680);
#160700=ELLIPSE('',#160690,0.0707106781186548,0.05);
#160710=EDGE_CURVE('',#160630,#160220,#160700,.T.);
#160720=ORIENTED_EDGE('',*,*,#160710,.F.);
#160730=EDGE_LOOP('',(#160720,#160650,#160560,#160450,#160370,#160260,
#160250,#160240));
#160740=FACE_OUTER_BOUND('',#160730,.T.);
#160750=ADVANCED_FACE('',(#160740),#160160,.T.);
#160760=CARTESIAN_POINT('',(-0.99,-0.370000000000001,2.7988268590218));
#160770=DIRECTION('',(-3.71492561383497E-15,1.,0.));
#160780=DIRECTION('',(1.,3.71492561383497E-15,0.));
#160790=AXIS2_PLACEMENT_3D('',#160760,#160770,#160780);
#160800=CYLINDRICAL_SURFACE('',#160790,0.05);
#160810=CARTESIAN_POINT('',(-1.015,-0.220000000000001,2.84212812921102))
;
#160820=DIRECTION('',(2.22044604925032E-15,-1.,0.));
#160830=VECTOR('',#160820,1.);
#160840=LINE('',#160810,#160830);
#160850=EDGE_CURVE('',#160630,#158270,#160840,.T.);
#160860=ORIENTED_EDGE('',*,*,#160850,.F.);
#160870=ORIENTED_EDGE('',*,*,#158610,.F.);
#160880=CARTESIAN_POINT('',(-1.04,-0.245000000000001,2.7988268590218));
#160890=DIRECTION('',(2.96059473233375E-15,-1.,0.));
#160900=VECTOR('',#160890,1.);
#160910=LINE('',#160880,#160900);
#160920=EDGE_CURVE('',#160220,#158530,#160910,.T.);
#160930=ORIENTED_EDGE('',*,*,#160920,.T.);
#160940=ORIENTED_EDGE('',*,*,#160710,.T.);
#160950=EDGE_LOOP('',(#160940,#160930,#160870,#160860));
#160960=FACE_OUTER_BOUND('',#160950,.T.);
#160970=ADVANCED_FACE('',(#160960),#160800,.T.);
#160980=CARTESIAN_POINT('',(-0.855,-0.37,2.565));
#160990=DIRECTION('',(-3.71492561383497E-15,1.,0.));
#161000=DIRECTION('',(1.,3.71492561383497E-15,0.));
#161010=AXIS2_PLACEMENT_3D('',#160980,#160990,#161000);
#161020=CYLINDRICAL_SURFACE('',#161010,0.32);
#161030=ORIENTED_EDGE('',*,*,#158350,.F.);
#161040=ORIENTED_EDGE('',*,*,#160850,.T.);
#161050=ORIENTED_EDGE('',*,*,#160640,.T.);
#161060=CARTESIAN_POINT('',(-0.855,-0.170000000000001,2.565));
#161070=DIRECTION('',(-3.67804744993917E-15,1.,3.90962762180123E-17));
#161080=DIRECTION('',(-0.343750000000541,-1.30104260698261E-15,
0.939061200082097));
#161090=AXIS2_PLACEMENT_3D('',#161060,#161070,#161080);
#161100=CIRCLE('',#161090,0.319999999999999);
#161110=CARTESIAN_POINT('',(-0.745000000015304,-0.169999999984697,
2.86549958403194));
#161120=VERTEX_POINT('',#161110);
#161130=EDGE_CURVE('',#160540,#161120,#161100,.T.);
#161140=ORIENTED_EDGE('',*,*,#161130,.F.);
#161150=CARTESIAN_POINT('',(-0.855000000000001,-0.0600000000000011,2.565
));
#161160=DIRECTION('',(0.707106781186544,0.707106781186551,0.));
#161170=DIRECTION('',(0.707106781186551,-0.707106781186544,0.));
#161180=AXIS2_PLACEMENT_3D('',#161150,#161160,#161170);
#161190=ELLIPSE('',#161180,0.45254833995939,0.32);
#161200=CARTESIAN_POINT('',(-0.694999999999992,-0.220000000000009,
2.84212812921102));
#161210=VERTEX_POINT('',#161200);
#161220=EDGE_CURVE('',#161120,#161210,#161190,.T.);
#161230=ORIENTED_EDGE('',*,*,#161220,.F.);
#161240=CARTESIAN_POINT('',(-0.695,-0.220000000000001,2.84212812921102))
;
#161250=DIRECTION('',(3.33066907387552E-15,-1.,0.));
#161260=VECTOR('',#161250,1.);
#161270=LINE('',#161240,#161260);
#161280=EDGE_CURVE('',#161210,#158010,#161270,.T.);
#161290=ORIENTED_EDGE('',*,*,#161280,.F.);
#161300=EDGE_LOOP('',(#161290,#161230,#161140,#161050,#161040,#161030));
#161310=FACE_OUTER_BOUND('',#161300,.T.);
#161320=ADVANCED_FACE('',(#161310),#161020,.T.);
#161330=CARTESIAN_POINT('',(-0.72,-0.37,2.7988268590218));
#161340=DIRECTION('',(3.71492561383497E-15,-1.,0.));
#161350=DIRECTION('',(-1.,-3.71492561383497E-15,0.));
#161360=AXIS2_PLACEMENT_3D('',#161330,#161340,#161350);
#161370=CYLINDRICAL_SURFACE('',#161360,0.05);
#161380=CARTESIAN_POINT('',(-0.67,-0.32,2.7988268590218));
#161390=DIRECTION('',(-4.44089209850062E-15,1.,0.));
#161400=VECTOR('',#161390,1.);
#161410=LINE('',#161380,#161400);
#161420=CARTESIAN_POINT('',(-0.67,-0.245,2.7988268590218));
#161430=VERTEX_POINT('',#161420);
#161440=EDGE_CURVE('',#157760,#161430,#161410,.T.);
#161450=ORIENTED_EDGE('',*,*,#161440,.T.);
#161460=ORIENTED_EDGE('',*,*,#158090,.F.);
#161470=ORIENTED_EDGE('',*,*,#161280,.T.);
#161480=CARTESIAN_POINT('',(-0.720000000000001,-0.195,2.7988268590218));
#161490=DIRECTION('',(0.707106781186544,0.707106781186551,0.));
#161500=DIRECTION('',(-0.707106781186551,0.707106781186544,0.));
#161510=AXIS2_PLACEMENT_3D('',#161480,#161490,#161500);
#161520=ELLIPSE('',#161510,0.0707106781186547,0.05);
#161530=EDGE_CURVE('',#161210,#161430,#161520,.T.);
#161540=ORIENTED_EDGE('',*,*,#161530,.F.);
#161550=EDGE_LOOP('',(#161540,#161470,#161460,#161450));
#161560=FACE_OUTER_BOUND('',#161550,.T.);
#161570=ADVANCED_FACE('',(#161560),#161370,.T.);
#161580=CARTESIAN_POINT('',(-0.732500000000001,-0.1825,2.1675));
#161590=DIRECTION('',(-0.707106781186544,-0.707106781186551,0.));
#161600=DIRECTION('',(0.707106781186551,-0.707106781186544,0.));
#161610=AXIS2_PLACEMENT_3D('',#161580,#161590,#161600);
#161620=PLANE('',#161610);
#161630=ORIENTED_EDGE('',*,*,#161530,.T.);
#161640=ORIENTED_EDGE('',*,*,#161220,.T.);
#161650=CARTESIAN_POINT('',(-0.795000000000001,-0.12,2.82824893162177));
#161660=CARTESIAN_POINT('',(-0.789697490350572,-0.12530250964943,
2.83247887101609));
#161670=CARTESIAN_POINT('',(-0.778921136926187,-0.136078863073814,
2.84087144859146));
#161680=CARTESIAN_POINT('',(-0.762251179930522,-0.15274882006948,
2.85327972713956));
#161690=CARTESIAN_POINT('',(-0.750805222289538,-0.164194777710463,
2.86144268433081));
#161700=CARTESIAN_POINT('',(-0.745000000030611,-0.16999999996939,
2.86549958403805));
#161710=B_SPLINE_CURVE_WITH_KNOTS('',3,(#161650,#161660,#161670,#161680,
#161690,#161700),.UNSPECIFIED.,.F.,.F.,(4,1,1,4),(0.,0.333333333333333,
0.666666666666667,1.),.UNSPECIFIED.);
#161720=CARTESIAN_POINT('',(-0.795000000000001,-0.12,2.82824893162177));
#161730=VERTEX_POINT('',#161720);
#161740=EDGE_CURVE('',#161730,#161120,#161710,.T.);
#161750=ORIENTED_EDGE('',*,*,#161740,.T.);
#161760=CARTESIAN_POINT('',(-0.795000000000001,-0.12,1.50675106837823));
#161770=DIRECTION('',(0.,0.,1.));
#161780=VECTOR('',#161770,1.);
#161790=LINE('',#161760,#161780);
#161800=CARTESIAN_POINT('',(-0.795000000000001,-0.120000000000001,
1.50675106837824));
#161810=VERTEX_POINT('',#161800);
#161820=EDGE_CURVE('',#161810,#161730,#161790,.T.);
#161830=ORIENTED_EDGE('',*,*,#161820,.T.);
#161840=CARTESIAN_POINT('',(-0.745000000030294,-0.169999999969707,
1.46950041596174));
#161850=CARTESIAN_POINT('',(-0.75083294130936,-0.164167058690641,
1.47357668672485));
#161860=CARTESIAN_POINT('',(-0.762315440163995,-0.152684559836006,
1.48176675655147));
#161870=CARTESIAN_POINT('',(-0.778987013711,-0.136012986289001,
1.49417896370344));
#161880=CARTESIAN_POINT('',(-0.789725459012783,-0.125274540987219,
1.50254344025799));
#161890=CARTESIAN_POINT('',(-0.795000000000001,-0.12,1.50675106837823));
#161900=B_SPLINE_CURVE_WITH_KNOTS('',3,(#161840,#161850,#161860,#161870,
#161880,#161890),.UNSPECIFIED.,.F.,.F.,(4,1,1,4),(0.,0.333333333333333,
0.666666666666667,1.),.UNSPECIFIED.);
#161910=EDGE_CURVE('',#159570,#161810,#161900,.T.);
#161920=ORIENTED_EDGE('',*,*,#161910,.T.);
#161930=ORIENTED_EDGE('',*,*,#159580,.T.);
#161940=CARTESIAN_POINT('',(-0.720000000000001,-0.195,1.5361731409782));
#161950=DIRECTION('',(0.707106781186544,0.707106781186551,0.));
#161960=DIRECTION('',(0.707106781186551,-0.707106781186544,0.));
#161970=AXIS2_PLACEMENT_3D('',#161940,#161950,#161960);
#161980=ELLIPSE('',#161970,0.0707106781186547,0.05);
#161990=CARTESIAN_POINT('',(-0.67,-0.245,1.5361731409782));
#162000=VERTEX_POINT('',#161990);
#162010=EDGE_CURVE('',#162000,#159480,#161980,.T.);
#162020=ORIENTED_EDGE('',*,*,#162010,.T.);
#162030=CARTESIAN_POINT('',(-0.67,-0.245,2.79882685902179));
#162040=DIRECTION('',(0.,0.,-1.));
#162050=VECTOR('',#162040,1.);
#162060=LINE('',#162030,#162050);
#162070=EDGE_CURVE('',#161430,#162000,#162060,.T.);
#162080=ORIENTED_EDGE('',*,*,#162070,.T.);
#162090=EDGE_LOOP('',(#162080,#162020,#161930,#161920,#161830,#161750,
#161640,#161630));
#162100=FACE_OUTER_BOUND('',#162090,.T.);
#162110=ADVANCED_FACE('',(#162100),#161620,.F.);
#162120=CARTESIAN_POINT('',(-0.67,-0.37,1.5361731409782));
#162130=DIRECTION('',(1.,3.71492561383497E-15,0.));
#162140=DIRECTION('',(0.,0.,1.));
#162150=AXIS2_PLACEMENT_3D('',#162120,#162130,#162140);
#162160=PLANE('',#162150);
#162170=CARTESIAN_POINT('',(-0.67,-0.245,1.5361731409782));
#162180=DIRECTION('',(4.44089209850062E-15,-1.,0.));
#162190=VECTOR('',#162180,1.);
#162200=LINE('',#162170,#162190);
#162210=EDGE_CURVE('',#162000,#157420,#162200,.T.);
#162220=ORIENTED_EDGE('',*,*,#162210,.F.);
#162230=ORIENTED_EDGE('',*,*,#157830,.F.);
#162240=ORIENTED_EDGE('',*,*,#161440,.F.);
#162250=ORIENTED_EDGE('',*,*,#162070,.F.);
#162260=EDGE_LOOP('',(#162250,#162240,#162230,#162220));
#162270=FACE_OUTER_BOUND('',#162260,.T.);
#162280=ADVANCED_FACE('',(#162270),#162160,.T.);
#162290=CARTESIAN_POINT('',(-0.72,-0.37,1.5361731409782));
#162300=DIRECTION('',(-3.71492561383497E-15,1.,0.));
#162310=DIRECTION('',(-1.,-3.71492561383497E-15,0.));
#162320=AXIS2_PLACEMENT_3D('',#162290,#162300,#162310);
#162330=CYLINDRICAL_SURFACE('',#162320,0.05);
#162340=ORIENTED_EDGE('',*,*,#159490,.F.);
#162350=ORIENTED_EDGE('',*,*,#157520,.F.);
#162360=ORIENTED_EDGE('',*,*,#162210,.T.);
#162370=ORIENTED_EDGE('',*,*,#162010,.F.);
#162380=EDGE_LOOP('',(#162370,#162360,#162350,#162340));
#162390=FACE_OUTER_BOUND('',#162380,.T.);
#162400=ADVANCED_FACE('',(#162390),#162330,.T.);
#162410=CARTESIAN_POINT('',(-0.854999999999998,-0.850000000000002,2.565)
);
#162420=DIRECTION('',(3.66373598126302E-15,-1.,0.));
#162430=DIRECTION('',(1.,3.66373598126302E-15,0.));
#162440=AXIS2_PLACEMENT_3D('',#162410,#162420,#162430);
#162450=CONICAL_SURFACE('',#162440,1.,0.785398163397449);
#162460=ORIENTED_EDGE('',*,*,#161740,.F.);
#162470=ORIENTED_EDGE('',*,*,#161130,.T.);
#162480=ORIENTED_EDGE('',*,*,#160550,.T.);
#162490=CARTESIAN_POINT('',(-0.855000000000001,-0.120000000000001,2.565)
);
#162500=DIRECTION('',(-3.66556350887557E-15,1.,8.01824485855409E-18));
#162510=DIRECTION('',(-0.222222222222224,-8.22387425648266E-16,
0.974996043043569));
#162520=AXIS2_PLACEMENT_3D('',#162490,#162500,#162510);
#162530=CIRCLE('',#162520,0.27);
#162540=EDGE_CURVE('',#160430,#161730,#162530,.T.);
#162550=ORIENTED_EDGE('',*,*,#162540,.F.);
#162560=EDGE_LOOP('',(#162550,#162480,#162470,#162460));
#162570=FACE_OUTER_BOUND('',#162560,.T.);
#162580=ADVANCED_FACE('',(#162570),#162450,.T.);
#162590=CARTESIAN_POINT('',(-0.950491304244202,-0.120000000000001,
1.6025300420672));
#162600=DIRECTION('',(-3.71492561383497E-15,1.,0.));
#162610=DIRECTION('',(-1.,-3.71492561383497E-15,0.));
#162620=AXIS2_PLACEMENT_3D('',#162590,#162600,#162610);
#162630=PLANE('',#162620);
#162640=ORIENTED_EDGE('',*,*,#160440,.T.);
#162650=CARTESIAN_POINT('',(-0.855000000000001,-0.12,1.77));
#162660=DIRECTION('',(-3.66556350887556E-15,1.,8.01824485856503E-18));
#162670=DIRECTION('',(0.222222222222221,8.22387425648265E-16,
-0.974996043043569));
#162680=AXIS2_PLACEMENT_3D('',#162650,#162660,#162670);
#162690=CIRCLE('',#162680,0.27);
#162700=EDGE_CURVE('',#161810,#160350,#162690,.T.);
#162710=ORIENTED_EDGE('',*,*,#162700,.T.);
#162720=ORIENTED_EDGE('',*,*,#161820,.F.);
#162730=ORIENTED_EDGE('',*,*,#162540,.T.);
#162740=EDGE_LOOP('',(#162730,#162720,#162710,#162640));
#162750=FACE_OUTER_BOUND('',#162740,.T.);
#162760=ADVANCED_FACE('',(#162750),#162630,.T.);
#162770=CARTESIAN_POINT('',(-0.854999999999998,-0.850000000000001,1.77))
;
#162780=DIRECTION('',(3.66373598126301E-15,-1.,0.));
#162790=DIRECTION('',(1.,3.66373598126301E-15,0.));
#162800=AXIS2_PLACEMENT_3D('',#162770,#162780,#162790);
#162810=CONICAL_SURFACE('',#162800,1.,0.785398163397448);
#162820=ORIENTED_EDGE('',*,*,#160360,.T.);
#162830=ORIENTED_EDGE('',*,*,#159670,.T.);
#162840=ORIENTED_EDGE('',*,*,#161910,.F.);
#162850=ORIENTED_EDGE('',*,*,#162700,.F.);
#162860=EDGE_LOOP('',(#162850,#162840,#162830,#162820));
#162870=FACE_OUTER_BOUND('',#162860,.T.);
#162880=ADVANCED_FACE('',(#162870),#162810,.T.);
#162890=CARTESIAN_POINT('',(-1.04,-0.370000000000001,2.7988268590218));
#162900=DIRECTION('',(-1.,-3.71492561383497E-15,0.));
#162910=DIRECTION('',(0.,0.,-1.));
#162920=AXIS2_PLACEMENT_3D('',#162890,#162900,#162910);
#162930=PLANE('',#162920);
#162940=ORIENTED_EDGE('',*,*,#158860,.F.);
#162950=ORIENTED_EDGE('',*,*,#159980,.F.);
#162960=ORIENTED_EDGE('',*,*,#160230,.T.);
#162970=ORIENTED_EDGE('',*,*,#160920,.F.);
#162980=EDGE_LOOP('',(#162970,#162960,#162950,#162940));
#162990=FACE_OUTER_BOUND('',#162980,.T.);
#163000=ADVANCED_FACE('',(#162990),#162930,.T.);
#163010=CLOSED_SHELL('',(#640,#950,#1190,#2480,#2720,#8400,#12550,#12790
,#13280,#13590,#19340,#19670,#19980,#20310,#20620,#21310,#25460,#26380,
#26630,#26870,#27120,#27360,#27980,#28150,#28320,#28490,#28660,#28830,
#28950,#29870,#30120,#30360,#30610,#30850,#31470,#31640,#31810,#31980,
#32150,#32320,#32440,#33360,#33610,#33850,#34100,#34340,#34960,#35130,
#35300,#35470,#35640,#35810,#35930,#36850,#37100,#37340,#37590,#37830,
#38450,#38620,#38790,#38960,#39130,#39300,#39420,#40040,#40210,#40380,
#40550,#40720,#40890,#41010,#41930,#42180,#42420,#42670,#42910,#43530,
#43700,#43870,#44040,#44210,#44380,#44500,#45420,#45670,#45910,#46160,
#46400,#47020,#47190,#47360,#47530,#47700,#47870,#47990,#48910,#49160,
#49400,#49650,#49890,#50510,#50680,#50850,#51020,#51190,#51360,#51480,
#52400,#52650,#52890,#53140,#53380,#54000,#54170,#54340,#54510,#54680,
#54850,#54970,#55890,#56140,#56380,#56630,#56870,#57490,#57660,#57830,
#58000,#58170,#58340,#58460,#59380,#59630,#59870,#60120,#60360,#60980,
#61150,#61320,#61490,#61660,#61830,#61950,#62870,#63120,#63360,#63610,
#63850,#64470,#64640,#64810,#64980,#65150,#65320,#65440,#66360,#66610,
#66850,#67100,#67340,#67960,#68130,#68300,#68470,#68640,#68810,#68930,
#69850,#70100,#70340,#70590,#70830,#71450,#71620,#71790,#71960,#72130,
#72300,#72420,#73340,#73590,#73830,#74080,#74320,#74940,#75110,#75280,
#75450,#75620,#75790,#75910,#76830,#77080,#77320,#77570,#77810,#78430,
#78600,#78770,#78940,#79110,#79280,#79400,#79600,#79770,#80040,#80280,
#80480,#80600,#81520,#81770,#82010,#82260,#82500,#83120,#83290,#83460,
#83630,#83800,#83970,#84090,#85010,#85250,#86100,#86270,#86440,#86610,
#86780,#86950,#87120,#87290,#87460,#87580,#88500,#88740,#89590,#89760,
#89930,#90100,#90270,#90440,#90610,#90780,#90950,#91070,#91990,#92230,
#93080,#93250,#93420,#93590,#93760,#93930,#94100,#94270,#94440,#94560,
#95480,#95720,#96570,#96740,#96910,#97080,#97250,#97420,#97590,#97760,
#97930,#98050,#98970,#99210,#100060,#100230,#100400,#100570,#100740,
#100910,#101080,#101250,#101420,#101540,#102460,#102700,#103550,#103720,
#103890,#104060,#104230,#104400,#104570,#104740,#104910,#105030,#105950,
#106190,#107040,#107210,#107380,#107550,#107720,#107890,#108060,#108230,
#108400,#108520,#109440,#109680,#110530,#110700,#110870,#111040,#111210,
#111380,#111550,#111720,#111890,#112010,#112930,#113170,#114020,#114190,
#114360,#114530,#114700,#114870,#115040,#115210,#115380,#115500,#116420,
#116660,#117510,#117680,#117850,#118020,#118190,#118360,#118530,#118700,
#118870,#118990,#119910,#120150,#121000,#121170,#121340,#121510,#121680,
#121850,#122020,#122190,#122360,#122480,#123400,#123640,#124490,#124660,
#124830,#125000,#125170,#125340,#125510,#125680,#125850,#125970,#126890,
#127130,#127980,#128150,#128320,#128490,#128660,#128830,#129000,#129170,
#129340,#129460,#130380,#130620,#131470,#131640,#131810,#131980,#132150,
#132320,#132490,#132660,#132830,#132950,#133870,#134110,#134960,#135130,
#135300,#135470,#135640,#135810,#135980,#136150,#136320,#136440,#137360,
#137600,#138450,#138620,#138790,#138960,#139130,#139300,#139470,#139640,
#139810,#139930,#140850,#141090,#141940,#142110,#142280,#142450,#142620,
#142790,#142960,#143130,#143300,#143420,#143750,#144070,#144310,#145090,
#145500,#147250,#147660,#148220,#148460,#148710,#148880,#149000,#149250,
#149490,#150080,#150320,#150570,#150880,#151000,#151240,#151360,#151480,
#151600,#151940,#152200,#152460,#152710,#152970,#153230,#153490,#153660,
#153970,#154220,#154870,#155040,#155390,#156110,#156330,#156500,#156620,
#156820,#157000,#157180,#157300,#157640,#157890,#158150,#158410,#158670,
#158920,#159180,#159360,#159860,#160110,#160750,#160970,#161320,#161570,
#162110,#162280,#162400,#162580,#162760,#162880,#163000));
#163020=MANIFOLD_SOLID_BREP('',#163010);
#163030=CARTESIAN_POINT('',(0.,0.,0.));
#163040=DIRECTION('',(0.,0.,1.));
#163050=DIRECTION('',(1.,0.,0.));
#163060=AXIS2_PLACEMENT_3D('',#163030,#163040,#163050);
#163070=APPLICATION_CONTEXT(' ');
#163080=APPLICATION_PROTOCOL_DEFINITION(' ','automotive_design',1998,
#163070);
#163090=PRODUCT_CONTEXT('',#163070,'mechanical');
#163100=PRODUCT_DEFINITION_CONTEXT('part definition',#163070,'design');
#163110=PRODUCT('DF40TC-30DP-0.4V','DF40TC-30DP-0.4V','',(#163090));
#163120=PRODUCT_RELATED_PRODUCT_CATEGORY('part',' ',(#163110));
#163130=PRODUCT_DEFINITION_FORMATION_WITH_SPECIFIED_SOURCE('','',#163110
,.BOUGHT.);
#163140=PRODUCT_DEFINITION('',' ',#163130,#163100);
#163150=PRODUCT_DEFINITION_SHAPE('','',#163140);
#163160=DIMENSIONAL_EXPONENTS(1.,0.,0.,0.,0.,0.,0.);
#163170=DIMENSIONAL_EXPONENTS(0.,0.,0.,0.,0.,0.,0.);
#163180=DIMENSIONAL_EXPONENTS(0.,0.,0.,0.,0.,0.,0.);
#163190=(LENGTH_UNIT() NAMED_UNIT(*) SI_UNIT(.MILLI.,.METRE.));
#163200=(NAMED_UNIT(*) PLANE_ANGLE_UNIT() SI_UNIT($,.RADIAN.));
#163210=(NAMED_UNIT(*) SI_UNIT($,.STERADIAN.) SOLID_ANGLE_UNIT());
#163220=(GEOMETRIC_REPRESENTATION_CONTEXT(3) 
GLOBAL_UNCERTAINTY_ASSIGNED_CONTEXT((#163230)) 
GLOBAL_UNIT_ASSIGNED_CONTEXT((#163190,#163200,#163210)) 
REPRESENTATION_CONTEXT('',''));
#163230=UNCERTAINTY_MEASURE_WITH_UNIT(LENGTH_MEASURE(0.00082),#163190,
'distance_accuracy_value','maximum gap value');
#163240=ADVANCED_BREP_SHAPE_REPRESENTATION('',(#163060,#163020),#163220)
;
#163250=SHAPE_DEFINITION_REPRESENTATION(#163150,#163240);
#163260=COLOUR_RGB('',0.600000023841858,0.600000023841858,
0.600000023841858);
#163270=FILL_AREA_STYLE_COLOUR('',#163260);
#163280=FILL_AREA_STYLE('',(#163270));
#163290=SURFACE_STYLE_FILL_AREA(#163280);
#163300=SURFACE_SIDE_STYLE('',(#163290));
#163310=SURFACE_STYLE_USAGE(.BOTH.,#163300);
#163320=PRESENTATION_STYLE_ASSIGNMENT((#163310));
#163330=STYLED_ITEM('',(#163320),#163020);
#163340=DRAUGHTING_MODEL('',(#163330),#163220);
#163350=CARTESIAN_POINT('',(-0.484999999999996,2.34000000000001,
0.650000000000009));
#163360=DIRECTION('',(1.,-4.27008855625044E-16,-4.01388324287563E-15));
#163370=DIRECTION('',(4.27008855625062E-16,1.,4.44089209850067E-15));
#163380=AXIS2_PLACEMENT_3D('',#163350,#163360,#163370);
#163390=ITEM_DEFINED_TRANSFORMATION('DF40TC-30DP-0.4V','',#163060,
#163380);
#163400=APPLICATION_CONTEXT(' ');
#163410=APPLICATION_PROTOCOL_DEFINITION(' ','automotive_design',1998,
#163400);
#163420=PRODUCT_CONTEXT('',#163400,'mechanical');
#163430=PRODUCT_DEFINITION_CONTEXT('part definition',#163400,'design');
#163440=PRODUCT('DF40TC-30DP-0.4V','DF40TC-30DP-0.4V','',(#163420));
#163450=PRODUCT_RELATED_PRODUCT_CATEGORY('part',' ',(#163440));
#163460=PRODUCT_DEFINITION_FORMATION_WITH_SPECIFIED_SOURCE('','',#163440
,.BOUGHT.);
#163470=PRODUCT_DEFINITION('',' ',#163460,#163430);
#163480=PRODUCT_DEFINITION_SHAPE('','',#163470);
#163490=DIMENSIONAL_EXPONENTS(1.,0.,0.,0.,0.,0.,0.);
#163500=DIMENSIONAL_EXPONENTS(0.,0.,0.,0.,0.,0.,0.);
#163510=DIMENSIONAL_EXPONENTS(0.,0.,0.,0.,0.,0.,0.);
#163520=(LENGTH_UNIT() NAMED_UNIT(*) SI_UNIT(.MILLI.,.METRE.));
#163530=(NAMED_UNIT(*) PLANE_ANGLE_UNIT() SI_UNIT($,.RADIAN.));
#163540=(NAMED_UNIT(*) SI_UNIT($,.STERADIAN.) SOLID_ANGLE_UNIT());
#163550=(GEOMETRIC_REPRESENTATION_CONTEXT(3) 
GLOBAL_UNCERTAINTY_ASSIGNED_CONTEXT((#163560)) 
GLOBAL_UNIT_ASSIGNED_CONTEXT((#163520,#163530,#163540)) 
REPRESENTATION_CONTEXT('',''));
#163560=UNCERTAINTY_MEASURE_WITH_UNIT(LENGTH_MEASURE(0.00082),#163520,
'distance_accuracy_value','maximum gap value');
#163570=SHAPE_REPRESENTATION('',(#163060,#163380),#163550);
#163580=SHAPE_DEFINITION_REPRESENTATION(#163480,#163570);
#163590=(REPRESENTATION_RELATIONSHIP('','',#163240,#163570) 
REPRESENTATION_RELATIONSHIP_WITH_TRANSFORMATION(#163390) 
SHAPE_REPRESENTATION_RELATIONSHIP());
#163600=NEXT_ASSEMBLY_USAGE_OCCURRENCE('1','','DF40TC-30DP-0.4V',#163470
,#163140,'');
#163610=PRODUCT_DEFINITION_SHAPE('','',#163600);
#163620=CONTEXT_DEPENDENT_SHAPE_REPRESENTATION(#163590,#163610);
ENDSEC;
END-ISO-10303-21;
