ISO-10303-21;
HEADER;
FILE_DESCRIPTION(('Creo Elements/Direct Modeling STEP Export'),'2;1');
FILE_NAME('DF40TC(4.0)-30DS-0.4V.stp','2021-04-06T11:40:47',(''),(''),
'Creo Elements/Direct Modeling STEP processor for AP214 (Solid Model)',
'Creo Elements/Direct Modeling 19.0F  14-Feb-2017 (C) Parametric Technol
ogy GmbH','');
FILE_SCHEMA(('AUTOMOTIVE_DESIGN { 1 0 10303 214 1 1 1 1 }'));
ENDSEC;
DATA;
#10=CARTESIAN_POINT('',(1.19461298454738,-1.02797295789044,
0.514999999999999));
#20=DIRECTION('',(0.,0.,-1.));
#30=DIRECTION('',(1.,0.,0.));
#40=AXIS2_PLACEMENT_3D('',#10,#20,#30);
#50=PLANE('',#40);
#60=CARTESIAN_POINT('',(-1.04000000000001,-1.65,0.514999999999999));
#70=DIRECTION('',(1.,0.,-1.11022302462501E-15));
#80=VECTOR('',#70,1.);
#90=LINE('',#60,#80);
#100=CARTESIAN_POINT('',(-1.04,-1.65,0.514999999999999));
#110=VERTEX_POINT('',#100);
#120=CARTESIAN_POINT('',(-0.940000000000004,-1.65,0.514999999999999));
#130=VERTEX_POINT('',#120);
#140=EDGE_CURVE('',#110,#130,#90,.T.);
#150=ORIENTED_EDGE('',*,*,#140,.F.);
#160=CARTESIAN_POINT('',(-0.940000000000004,-1.55,0.514999999999999));
#170=DIRECTION('',(0.,-1.,0.));
#180=VECTOR('',#170,1.);
#190=LINE('',#160,#180);
#200=CARTESIAN_POINT('',(-0.940000000000003,-1.55,0.514999999999999));
#210=VERTEX_POINT('',#200);
#220=EDGE_CURVE('',#210,#130,#190,.T.);
#230=ORIENTED_EDGE('',*,*,#220,.T.);
#240=CARTESIAN_POINT('',(-1.04,-1.65,0.514999999999999));
#250=DIRECTION('',(0.707106781186547,0.707106781186548,0.));
#260=VECTOR('',#250,1.);
#270=LINE('',#240,#260);
#280=EDGE_CURVE('',#110,#210,#270,.T.);
#290=ORIENTED_EDGE('',*,*,#280,.T.);
#300=EDGE_LOOP('',(#290,#230,#150));
#310=FACE_OUTER_BOUND('',#300,.T.);
#320=ADVANCED_FACE('',(#310),#50,.T.);
#330=CARTESIAN_POINT('',(-0.990000000000003,-1.6,-3.885));
#340=DIRECTION('',(-0.707106781186547,0.707106781186548,
8.65927457071937E-17));
#350=DIRECTION('',(0.707106781186548,0.707106781186547,
-3.14018491736755E-15));
#360=AXIS2_PLACEMENT_3D('',#330,#340,#350);
#370=PLANE('',#360);
#380=ORIENTED_EDGE('',*,*,#280,.F.);
#390=CARTESIAN_POINT('',(-0.940000000000003,-1.55,0.515));
#400=DIRECTION('',(0.,1.30614473485313E-16,-1.));
#410=VECTOR('',#400,1.);
#420=LINE('',#390,#410);
#430=CARTESIAN_POINT('',(-0.940000000000007,-1.55,-6.285));
#440=VERTEX_POINT('',#430);
#450=EDGE_CURVE('',#210,#440,#420,.T.);
#460=ORIENTED_EDGE('',*,*,#450,.F.);
#470=CARTESIAN_POINT('',(-0.940000000000003,-1.55,-6.285));
#480=DIRECTION('',(-0.707106781186548,-0.707106781186547,0.));
#490=VECTOR('',#480,1.);
#500=LINE('',#470,#490);
#510=CARTESIAN_POINT('',(-1.04,-1.65,-6.285));
#520=VERTEX_POINT('',#510);
#530=EDGE_CURVE('',#440,#520,#500,.T.);
#540=ORIENTED_EDGE('',*,*,#530,.F.);
#550=CARTESIAN_POINT('',(-1.03999999999999,-1.64999999999999,
0.514999999999999));
#560=DIRECTION('',(-2.28575328599297E-15,-2.15513881250766E-15,-1.));
#570=VECTOR('',#560,1.);
#580=LINE('',#550,#570);
#590=EDGE_CURVE('',#110,#520,#580,.T.);
#600=ORIENTED_EDGE('',*,*,#590,.T.);
#610=EDGE_LOOP('',(#600,#540,#460,#380));
#620=FACE_OUTER_BOUND('',#610,.T.);
#630=ADVANCED_FACE('',(#620),#370,.F.);
#640=CARTESIAN_POINT('',(-1.09,-1.65,1.43));
#650=DIRECTION('',(1.35783673078464E-15,1.,1.22460635382238E-16));
#660=DIRECTION('',(1.,-1.35783673078464E-15,-1.81278156015448E-31));
#670=AXIS2_PLACEMENT_3D('',#640,#650,#660);
#680=PLANE('',#670);
#690=CARTESIAN_POINT('',(-1.04,-1.65,-6.285));
#700=DIRECTION('',(-1.,0.,0.));
#710=VECTOR('',#700,1.);
#720=LINE('',#690,#710);
#730=CARTESIAN_POINT('',(-1.47,-1.65,-6.285));
#740=VERTEX_POINT('',#730);
#750=EDGE_CURVE('',#520,#740,#720,.T.);
#760=ORIENTED_EDGE('',*,*,#750,.F.);
#770=CARTESIAN_POINT('',(-1.47,-1.65,0.514999999999999));
#780=DIRECTION('',(0.,1.30614473485313E-16,-1.));
#790=VECTOR('',#780,1.);
#800=LINE('',#770,#790);
#810=CARTESIAN_POINT('',(-1.47,-1.65,0.514999999999999));
#820=VERTEX_POINT('',#810);
#830=EDGE_CURVE('',#820,#740,#800,.T.);
#840=ORIENTED_EDGE('',*,*,#830,.T.);
#850=CARTESIAN_POINT('',(-1.04,-1.65,0.514999999999999));
#860=DIRECTION('',(-1.,1.54914840645371E-15,0.));
#870=VECTOR('',#860,1.);
#880=LINE('',#850,#870);
#890=EDGE_CURVE('',#110,#820,#880,.T.);
#900=ORIENTED_EDGE('',*,*,#890,.T.);
#910=ORIENTED_EDGE('',*,*,#590,.F.);
#920=EDGE_LOOP('',(#910,#900,#840,#760));
#930=FACE_OUTER_BOUND('',#920,.T.);
#940=ADVANCED_FACE('',(#930),#680,.F.);
#950=CARTESIAN_POINT('',(-0.889997599999997,-1.65,-6.285));
#960=DIRECTION('',(-2.38899707612823E-16,-0.371390676354104,
0.928476690885259));
#970=DIRECTION('',(-5.97249269032059E-16,-0.928476690885259,
-0.371390676354104));
#980=AXIS2_PLACEMENT_3D('',#950,#960,#970);
#990=PLANE('',#980);
#1000=CARTESIAN_POINT('',(-0.94,-1.65,-6.285));
#1010=DIRECTION('',(-0.680413817439771,-0.680413817439772,
-0.27216552697591));
#1020=VECTOR('',#1010,1.);
#1030=LINE('',#1000,#1020);
#1040=CARTESIAN_POINT('',(-0.94,-1.65,-6.285));
#1050=VERTEX_POINT('',#1040);
#1060=CARTESIAN_POINT('',(-1.19,-1.9,-6.385));
#1070=VERTEX_POINT('',#1060);
#1080=EDGE_CURVE('',#1050,#1070,#1030,.T.);
#1090=ORIENTED_EDGE('',*,*,#1080,.F.);
#1100=CARTESIAN_POINT('',(-1.47,-1.9,-6.385));
#1110=DIRECTION('',(1.,0.,0.));
#1120=VECTOR('',#1110,1.);
#1130=LINE('',#1100,#1120);
#1140=CARTESIAN_POINT('',(-1.47,-1.9,-6.385));
#1150=VERTEX_POINT('',#1140);
#1160=EDGE_CURVE('',#1150,#1070,#1130,.T.);
#1170=ORIENTED_EDGE('',*,*,#1160,.T.);
#1180=CARTESIAN_POINT('',(-1.47,-1.9,-6.385));
#1190=DIRECTION('',(8.24652960038873E-16,0.92847669088526,
0.371390676354103));
#1200=VECTOR('',#1190,1.);
#1210=LINE('',#1180,#1200);
#1220=EDGE_CURVE('',#1150,#740,#1210,.T.);
#1230=ORIENTED_EDGE('',*,*,#1220,.F.);
#1240=ORIENTED_EDGE('',*,*,#750,.T.);
#1250=CARTESIAN_POINT('',(-1.04,-1.65,-6.285));
#1260=DIRECTION('',(1.,0.,0.));
#1270=VECTOR('',#1260,1.);
#1280=LINE('',#1250,#1270);
#1290=EDGE_CURVE('',#520,#1050,#1280,.T.);
#1300=ORIENTED_EDGE('',*,*,#1290,.F.);
#1310=EDGE_LOOP('',(#1300,#1240,#1230,#1170,#1090));
#1320=FACE_OUTER_BOUND('',#1310,.T.);
#1330=ADVANCED_FACE('',(#1320),#990,.T.);
#1340=CARTESIAN_POINT('',(1.19461298454738,-1.02797295789044,-6.285));
#1350=DIRECTION('',(0.,0.,-1.));
#1360=DIRECTION('',(1.,0.,0.));
#1370=AXIS2_PLACEMENT_3D('',#1340,#1350,#1360);
#1380=PLANE('',#1370);
#1390=CARTESIAN_POINT('',(-0.940000000000003,-1.65,-6.285));
#1400=DIRECTION('',(0.,1.,0.));
#1410=VECTOR('',#1400,1.);
#1420=LINE('',#1390,#1410);
#1430=EDGE_CURVE('',#1050,#440,#1420,.T.);
#1440=ORIENTED_EDGE('',*,*,#1430,.T.);
#1450=ORIENTED_EDGE('',*,*,#1290,.T.);
#1460=ORIENTED_EDGE('',*,*,#530,.T.);
#1470=EDGE_LOOP('',(#1460,#1450,#1440));
#1480=FACE_OUTER_BOUND('',#1470,.T.);
#1490=ADVANCED_FACE('',(#1480),#1380,.F.);
#1500=CARTESIAN_POINT('',(-0.94,0.950000000000002,-4.95));
#1510=DIRECTION('',(1.,-1.35783673078464E-15,-1.66281548797227E-31));
#1520=DIRECTION('',(8.53916251697935E-46,1.22460635382238E-16,-1.));
#1530=AXIS2_PLACEMENT_3D('',#1500,#1510,#1520);
#1540=PLANE('',#1530);
#1550=CARTESIAN_POINT('',(-0.940000000000004,-1.65,-6.675));
#1560=DIRECTION('',(1.41730598888318E-15,1.,0.));
#1570=VECTOR('',#1560,1.);
#1580=LINE('',#1550,#1570);
#1590=CARTESIAN_POINT('',(-0.940000000000004,-1.65,-6.675));
#1600=VERTEX_POINT('',#1590);
#1610=CARTESIAN_POINT('',(-0.940000000000002,-0.475,-6.675));
#1620=VERTEX_POINT('',#1610);
#1630=EDGE_CURVE('',#1600,#1620,#1580,.T.);
#1640=ORIENTED_EDGE('',*,*,#1630,.T.);
#1650=CARTESIAN_POINT('',(-0.940000000000004,-1.65,-6.285));
#1660=DIRECTION('',(0.,0.,-1.));
#1670=VECTOR('',#1660,1.);
#1680=LINE('',#1650,#1670);
#1690=EDGE_CURVE('',#1050,#1600,#1680,.T.);
#1700=ORIENTED_EDGE('',*,*,#1690,.T.);
#1710=ORIENTED_EDGE('',*,*,#1430,.F.);
#1720=ORIENTED_EDGE('',*,*,#450,.T.);
#1730=ORIENTED_EDGE('',*,*,#220,.F.);
#1740=CARTESIAN_POINT('',(-0.940000000000002,-1.65,0.515));
#1750=DIRECTION('',(0.,0.,1.));
#1760=VECTOR('',#1750,1.);
#1770=LINE('',#1740,#1760);
#1780=CARTESIAN_POINT('',(-0.940000000000004,-1.65,0.904999999999997));
#1790=VERTEX_POINT('',#1780);
#1800=EDGE_CURVE('',#130,#1790,#1770,.T.);
#1810=ORIENTED_EDGE('',*,*,#1800,.F.);
#1820=CARTESIAN_POINT('',(-0.940000000000002,-0.475,0.904999999999997));
#1830=DIRECTION('',(-1.41730598888318E-15,-1.,0.));
#1840=VECTOR('',#1830,1.);
#1850=LINE('',#1820,#1840);
#1860=CARTESIAN_POINT('',(-0.94,-0.475000000000001,0.904999999999998));
#1870=VERTEX_POINT('',#1860);
#1880=EDGE_CURVE('',#1870,#1790,#1850,.T.);
#1890=ORIENTED_EDGE('',*,*,#1880,.T.);
#1900=CARTESIAN_POINT('',(-0.94,-0.475000000000001,0.904999999999998));
#1910=DIRECTION('',(5.8586966998689E-17,-5.8586966998689E-17,-1.));
#1920=VECTOR('',#1910,1.);
#1930=LINE('',#1900,#1920);
#1940=EDGE_CURVE('',#1870,#1620,#1930,.T.);
#1950=ORIENTED_EDGE('',*,*,#1940,.F.);
#1960=EDGE_LOOP('',(#1950,#1890,#1810,#1730,#1720,#1710,#1700,#1640));
#1970=FACE_OUTER_BOUND('',#1960,.T.);
#1980=ADVANCED_FACE('',(#1970),#1540,.T.);
#1990=CARTESIAN_POINT('',(-0.914999999999998,-0.45,-6.2025));
#2000=DIRECTION('',(0.707106781186546,-0.707106781186549,
8.65927457071937E-17));
#2010=DIRECTION('',(-0.707106781186549,-0.707106781186546,0.));
#2020=AXIS2_PLACEMENT_3D('',#1990,#2000,#2010);
#2030=PLANE('',#2020);
#2040=CARTESIAN_POINT('',(-0.889999999999999,-0.425,0.854999999999998));
#2050=DIRECTION('',(-0.577350269189629,-0.577350269189628,
0.577350269189621));
#2060=VECTOR('',#2050,1.);
#2070=LINE('',#2040,#2060);
#2080=CARTESIAN_POINT('',(-0.889999999999999,-0.425000000000001,
0.854999999999997));
#2090=VERTEX_POINT('',#2080);
#2100=EDGE_CURVE('',#2090,#1870,#2070,.T.);
#2110=ORIENTED_EDGE('',*,*,#2100,.T.);
#2120=CARTESIAN_POINT('',(-0.889999999999998,-0.425,-6.625));
#2130=DIRECTION('',(-5.93702152205966E-17,6.67914921231712E-17,1.));
#2140=VECTOR('',#2130,1.);
#2150=LINE('',#2120,#2140);
#2160=CARTESIAN_POINT('',(-0.889999999999998,-0.425,-6.625));
#2170=VERTEX_POINT('',#2160);
#2180=EDGE_CURVE('',#2170,#2090,#2150,.T.);
#2190=ORIENTED_EDGE('',*,*,#2180,.T.);
#2200=CARTESIAN_POINT('',(-0.94,-0.475000000000002,-6.675));
#2210=DIRECTION('',(0.577350269189626,0.577350269189624,
0.577350269189628));
#2220=VECTOR('',#2210,1.);
#2230=LINE('',#2200,#2220);
#2240=EDGE_CURVE('',#1620,#2170,#2230,.T.);
#2250=ORIENTED_EDGE('',*,*,#2240,.T.);
#2260=ORIENTED_EDGE('',*,*,#1940,.T.);
#2270=EDGE_LOOP('',(#2260,#2250,#2190,#2110));
#2280=FACE_OUTER_BOUND('',#2270,.T.);
#2290=ADVANCED_FACE('',(#2280),#2030,.T.);
#2300=CARTESIAN_POINT('',(2.0122792321331E-15,-0.45,0.879999999999997));
#2310=DIRECTION('',(-2.62395290203239E-16,0.707106781186548,
0.707106781186547));
#2320=DIRECTION('',(3.92523114670944E-16,-0.707106781186547,
0.707106781186548));
#2330=AXIS2_PLACEMENT_3D('',#2300,#2310,#2320);
#2340=PLANE('',#2330);
#2350=ORIENTED_EDGE('',*,*,#2100,.F.);
#2360=CARTESIAN_POINT('',(-0.94,-0.475000000000001,0.904999999999997));
#2370=DIRECTION('',(1.,3.54326497220795E-16,0.));
#2380=VECTOR('',#2370,1.);
#2390=LINE('',#2360,#2380);
#2400=CARTESIAN_POINT('',(0.940000000000002,-0.475000000000001,
0.904999999999998));
#2410=VERTEX_POINT('',#2400);
#2420=EDGE_CURVE('',#1870,#2410,#2390,.T.);
#2430=ORIENTED_EDGE('',*,*,#2420,.F.);
#2440=CARTESIAN_POINT('',(0.890000000000001,-0.425,0.854999999999997));
#2450=DIRECTION('',(0.577350269189627,-0.577350269189625,
0.577350269189626));
#2460=VECTOR('',#2450,1.);
#2470=LINE('',#2440,#2460);
#2480=CARTESIAN_POINT('',(0.890000000000001,-0.425,0.854999999999998));
#2490=VERTEX_POINT('',#2480);
#2500=EDGE_CURVE('',#2490,#2410,#2470,.T.);
#2510=ORIENTED_EDGE('',*,*,#2500,.T.);
#2520=CARTESIAN_POINT('',(-0.889999999999997,-0.425000000000001,
0.854999999999997));
#2530=DIRECTION('',(1.,4.67790600263409E-16,-6.23720800351212E-17));
#2540=VECTOR('',#2530,1.);
#2550=LINE('',#2520,#2540);
#2560=EDGE_CURVE('',#2090,#2490,#2550,.T.);
#2570=ORIENTED_EDGE('',*,*,#2560,.T.);
#2580=EDGE_LOOP('',(#2570,#2510,#2430,#2350));
#2590=FACE_OUTER_BOUND('',#2580,.T.);
#2600=ADVANCED_FACE('',(#2590),#2340,.F.);
#2610=CARTESIAN_POINT('',(0.615432951387821,-0.425,0.586105979280234));
#2620=DIRECTION('',(3.71082978108243E-16,-1.,-1.22460635382238E-16));
#2630=DIRECTION('',(1.,3.71082978108243E-16,0.));
#2640=AXIS2_PLACEMENT_3D('',#2610,#2620,#2630);
#2650=PLANE('',#2640);
#2660=ORIENTED_EDGE('',*,*,#2560,.F.);
#2670=CARTESIAN_POINT('',(0.890000000000001,-0.424999999999999,-6.625));
#2680=DIRECTION('',(0.,-1.26161707343768E-16,1.));
#2690=VECTOR('',#2680,1.);
#2700=LINE('',#2670,#2690);
#2710=CARTESIAN_POINT('',(0.890000000000001,-0.424999999999999,-6.625));
#2720=VERTEX_POINT('',#2710);
#2730=EDGE_CURVE('',#2720,#2490,#2700,.T.);
#2740=ORIENTED_EDGE('',*,*,#2730,.T.);
#2750=CARTESIAN_POINT('',(-0.889999999999998,-0.425,-6.625));
#2760=DIRECTION('',(1.,3.74232480210727E-16,0.));
#2770=VECTOR('',#2760,1.);
#2780=LINE('',#2750,#2770);
#2790=EDGE_CURVE('',#2170,#2720,#2780,.T.);
#2800=ORIENTED_EDGE('',*,*,#2790,.T.);
#2810=ORIENTED_EDGE('',*,*,#2180,.F.);
#2820=EDGE_LOOP('',(#2810,#2800,#2740,#2660));
#2830=FACE_OUTER_BOUND('',#2820,.T.);
#2840=CARTESIAN_POINT('',(0.595,-0.424999999999999,-5.89571067811866));
#2850=DIRECTION('',(-0.707106781186548,0.,-0.707106781186547));
#2860=VECTOR('',#2850,1.);
#2870=LINE('',#2840,#2860);
#2880=CARTESIAN_POINT('',(0.595,-0.424999999999999,-5.89571067811866));
#2890=VERTEX_POINT('',#2880);
#2900=CARTESIAN_POINT('',(0.465710678118653,-0.424999999999999,-6.025));
#2910=VERTEX_POINT('',#2900);
#2920=EDGE_CURVE('',#2890,#2910,#2870,.T.);
#2930=ORIENTED_EDGE('',*,*,#2920,.T.);
#2940=CARTESIAN_POINT('',(0.594999999999986,-0.425000000000013,
-5.89571067811865));
#2950=DIRECTION('',(4.4988450729815E-15,4.37899879029962E-15,1.));
#2960=VECTOR('',#2950,1.);
#2970=LINE('',#2940,#2960);
#2980=CARTESIAN_POINT('',(0.595,-0.425,0.125710678118651));
#2990=VERTEX_POINT('',#2980);
#3000=EDGE_CURVE('',#2890,#2990,#2970,.T.);
#3010=ORIENTED_EDGE('',*,*,#3000,.F.);
#3020=CARTESIAN_POINT('',(0.465710678118655,-0.425,0.254999999999997));
#3030=DIRECTION('',(0.707106781186547,3.03600567285194E-16,
-0.707106781186548));
#3040=VECTOR('',#3030,1.);
#3050=LINE('',#3020,#3040);
#3060=CARTESIAN_POINT('',(0.465710678118655,-0.425,0.254999999999997));
#3070=VERTEX_POINT('',#3060);
#3080=EDGE_CURVE('',#3070,#2990,#3050,.T.);
#3090=ORIENTED_EDGE('',*,*,#3080,.T.);
#3100=CARTESIAN_POINT('',(0.465710678118655,-0.425,0.254999999999997));
#3110=DIRECTION('',(-1.,-2.38393293688295E-16,1.78794970266221E-16));
#3120=VECTOR('',#3110,1.);
#3130=LINE('',#3100,#3120);
#3140=CARTESIAN_POINT('',(-0.465710678118654,-0.425,0.254999999999997));
#3150=VERTEX_POINT('',#3140);
#3160=EDGE_CURVE('',#3070,#3150,#3130,.T.);
#3170=ORIENTED_EDGE('',*,*,#3160,.F.);
#3180=CARTESIAN_POINT('',(-0.594999999999999,-0.425,0.125710678118652));
#3190=DIRECTION('',(0.707106781186548,3.03600567285194E-16,
0.707106781186547));
#3200=VECTOR('',#3190,1.);
#3210=LINE('',#3180,#3200);
#3220=CARTESIAN_POINT('',(-0.594999999999999,-0.425,0.125710678118652));
#3230=VERTEX_POINT('',#3220);
#3240=EDGE_CURVE('',#3230,#3150,#3210,.T.);
#3250=ORIENTED_EDGE('',*,*,#3240,.T.);
#3260=CARTESIAN_POINT('',(-0.594999999999999,-0.425,0.125710678118652));
#3270=DIRECTION('',(5.53136689301004E-17,5.53136689301004E-17,-1.));
#3280=VECTOR('',#3270,1.);
#3290=LINE('',#3260,#3280);
#3300=CARTESIAN_POINT('',(-0.594999999999997,-0.425,-5.89571067811866));
#3310=VERTEX_POINT('',#3300);
#3320=EDGE_CURVE('',#3230,#3310,#3290,.T.);
#3330=ORIENTED_EDGE('',*,*,#3320,.F.);
#3340=CARTESIAN_POINT('',(-0.465710678118657,-0.425,-6.025));
#3350=DIRECTION('',(-0.707106781186549,-3.036005672852E-16,
0.707106781186546));
#3360=VECTOR('',#3350,1.);
#3370=LINE('',#3340,#3360);
#3380=CARTESIAN_POINT('',(-0.465710678118653,-0.424999999999998,-6.025))
;
#3390=VERTEX_POINT('',#3380);
#3400=EDGE_CURVE('',#3390,#3310,#3370,.T.);
#3410=ORIENTED_EDGE('',*,*,#3400,.T.);
#3420=CARTESIAN_POINT('',(-0.465710678118655,-0.424999999999999,-6.025))
;
#3430=DIRECTION('',(1.,1.78794970266222E-16,0.));
#3440=VECTOR('',#3430,1.);
#3450=LINE('',#3420,#3440);
#3460=EDGE_CURVE('',#3390,#2910,#3450,.T.);
#3470=ORIENTED_EDGE('',*,*,#3460,.F.);
#3480=EDGE_LOOP('',(#3470,#3410,#3330,#3250,#3170,#3090,#3010,#2930));
#3490=FACE_BOUND('',#3480,.T.);
#3500=ADVANCED_FACE('',(#2830,#3490),#2650,.T.);
#3510=CARTESIAN_POINT('',(0.915000000000001,-0.45,-1.5675));
#3520=DIRECTION('',(-0.707106781186548,-0.707106781186548,
-8.65927457071933E-17));
#3530=DIRECTION('',(0.707106781186548,-0.707106781186548,
-7.85046229341887E-16));
#3540=AXIS2_PLACEMENT_3D('',#3510,#3520,#3530);
#3550=PLANE('',#3540);
#3560=CARTESIAN_POINT('',(0.940000000000001,-0.474999999999999,-6.675));
#3570=DIRECTION('',(-0.577350269189628,0.577350269189628,
0.577350269189622));
#3580=VECTOR('',#3570,1.);
#3590=LINE('',#3560,#3580);
#3600=CARTESIAN_POINT('',(0.940000000000001,-0.474999999999999,-6.675));
#3610=VERTEX_POINT('',#3600);
#3620=EDGE_CURVE('',#3610,#2720,#3590,.T.);
#3630=ORIENTED_EDGE('',*,*,#3620,.F.);
#3640=ORIENTED_EDGE('',*,*,#2730,.F.);
#3650=ORIENTED_EDGE('',*,*,#2500,.F.);
#3660=CARTESIAN_POINT('',(0.939999999999999,-0.475,0.904999999999998));
#3670=DIRECTION('',(0.,0.,-1.));
#3680=VECTOR('',#3670,1.);
#3690=LINE('',#3660,#3680);
#3700=EDGE_CURVE('',#2410,#3610,#3690,.T.);
#3710=ORIENTED_EDGE('',*,*,#3700,.F.);
#3720=EDGE_LOOP('',(#3710,#3650,#3640,#3630));
#3730=FACE_OUTER_BOUND('',#3720,.T.);
#3740=ADVANCED_FACE('',(#3730),#3550,.T.);
#3750=CARTESIAN_POINT('',(0.939999999999999,-0.0250000000000001,-11.975)
);
#3760=DIRECTION('',(-1.,-1.22460635382238E-16,0.));
#3770=DIRECTION('',(1.22460635382238E-16,-1.,0.));
#3780=AXIS2_PLACEMENT_3D('',#3750,#3760,#3770);
#3790=PLANE('',#3780);
#3800=CARTESIAN_POINT('',(0.939999999999999,-0.475,0.904999999999997));
#3810=DIRECTION('',(3.77948263702181E-16,-1.,-2.83461197776636E-16));
#3820=VECTOR('',#3810,1.);
#3830=LINE('',#3800,#3820);
#3840=CARTESIAN_POINT('',(0.939999999999999,-1.65,0.904999999999996));
#3850=VERTEX_POINT('',#3840);
#3860=EDGE_CURVE('',#2410,#3850,#3830,.T.);
#3870=ORIENTED_EDGE('',*,*,#3860,.F.);
#3880=CARTESIAN_POINT('',(0.94,-1.65,0.904999999999995));
#3890=DIRECTION('',(-1.42336285208355E-15,1.13869028166684E-15,-1.));
#3900=VECTOR('',#3890,1.);
#3910=LINE('',#3880,#3900);
#3920=CARTESIAN_POINT('',(0.939999999999999,-1.65,0.514999999999999));
#3930=VERTEX_POINT('',#3920);
#3940=EDGE_CURVE('',#3850,#3930,#3910,.T.);
#3950=ORIENTED_EDGE('',*,*,#3940,.F.);
#3960=CARTESIAN_POINT('',(0.939999999999999,-1.65,0.514999999999999));
#3970=DIRECTION('',(0.,1.,0.));
#3980=VECTOR('',#3970,1.);
#3990=LINE('',#3960,#3980);
#4000=CARTESIAN_POINT('',(0.939999999999999,-1.55,0.515000000000001));
#4010=VERTEX_POINT('',#4000);
#4020=EDGE_CURVE('',#3930,#4010,#3990,.T.);
#4030=ORIENTED_EDGE('',*,*,#4020,.F.);
#4040=CARTESIAN_POINT('',(0.939999999999999,-1.55,0.515000000000001));
#4050=DIRECTION('',(0.,0.,-1.));
#4060=VECTOR('',#4050,1.);
#4070=LINE('',#4040,#4060);
#4080=CARTESIAN_POINT('',(0.939999999999999,-1.55,-6.285));
#4090=VERTEX_POINT('',#4080);
#4100=EDGE_CURVE('',#4010,#4090,#4070,.T.);
#4110=ORIENTED_EDGE('',*,*,#4100,.F.);
#4120=CARTESIAN_POINT('',(0.939999999999999,-1.55,-6.285));
#4130=DIRECTION('',(0.,-1.,0.));
#4140=VECTOR('',#4130,1.);
#4150=LINE('',#4120,#4140);
#4160=CARTESIAN_POINT('',(0.939999999999999,-1.65,-6.285));
#4170=VERTEX_POINT('',#4160);
#4180=EDGE_CURVE('',#4090,#4170,#4150,.T.);
#4190=ORIENTED_EDGE('',*,*,#4180,.F.);
#4200=CARTESIAN_POINT('',(0.939999999999999,-1.65,-6.675));
#4210=DIRECTION('',(0.,0.,1.));
#4220=VECTOR('',#4210,1.);
#4230=LINE('',#4200,#4220);
#4240=CARTESIAN_POINT('',(0.939999999999999,-1.65,-6.675));
#4250=VERTEX_POINT('',#4240);
#4260=EDGE_CURVE('',#4250,#4170,#4230,.T.);
#4270=ORIENTED_EDGE('',*,*,#4260,.T.);
#4280=CARTESIAN_POINT('',(0.939999999999999,-1.65,-6.675));
#4290=DIRECTION('',(0.,1.,0.));
#4300=VECTOR('',#4290,1.);
#4310=LINE('',#4280,#4300);
#4320=EDGE_CURVE('',#4250,#3610,#4310,.T.);
#4330=ORIENTED_EDGE('',*,*,#4320,.F.);
#4340=ORIENTED_EDGE('',*,*,#3700,.T.);
#4350=EDGE_LOOP('',(#4340,#4330,#4270,#4190,#4110,#4030,#3950,#3870));
#4360=FACE_OUTER_BOUND('',#4350,.T.);
#4370=ADVANCED_FACE('',(#4360),#3790,.T.);
#4380=CARTESIAN_POINT('',(0.243421239000537,-1.16537417040976,
0.904999999999997));
#4390=DIRECTION('',(3.32563097594454E-31,2.44921270764475E-16,-1.));
#4400=DIRECTION('',(1.,3.71082978108243E-16,4.23449212151791E-31));
#4410=AXIS2_PLACEMENT_3D('',#4380,#4390,#4400);
#4420=PLANE('',#4410);
#4430=ORIENTED_EDGE('',*,*,#3860,.T.);
#4440=ORIENTED_EDGE('',*,*,#2420,.T.);
#4450=ORIENTED_EDGE('',*,*,#1880,.F.);
#4460=CARTESIAN_POINT('',(0.939999999999999,-1.65,0.904999999999997));
#4470=DIRECTION('',(-1.,-3.54326497220795E-16,0.));
#4480=VECTOR('',#4470,1.);
#4490=LINE('',#4460,#4480);
#4500=EDGE_CURVE('',#3850,#1790,#4490,.T.);
#4510=ORIENTED_EDGE('',*,*,#4500,.T.);
#4520=EDGE_LOOP('',(#4510,#4450,#4440,#4430));
#4530=FACE_OUTER_BOUND('',#4520,.T.);
#4540=ADVANCED_FACE('',(#4530),#4420,.T.);
#4550=CARTESIAN_POINT('',(-1.19,-1.9,1.165));
#4560=DIRECTION('',(1.11150759106272E-16,0.720833064901859,
0.693108716251782));
#4570=DIRECTION('',(-1.06875729909877E-16,-0.693108716251782,
0.720833064901859));
#4580=AXIS2_PLACEMENT_3D('',#4550,#4560,#4570);
#4590=PLANE('',#4580);
#4600=ORIENTED_EDGE('',*,*,#4500,.F.);
#4610=CARTESIAN_POINT('',(-1.19,-1.9,1.165));
#4620=DIRECTION('',(0.569654939187218,0.569654939187218,
-0.592441136754711));
#4630=VECTOR('',#4620,1.);
#4640=LINE('',#4610,#4630);
#4650=CARTESIAN_POINT('',(-1.19,-1.9,1.165));
#4660=VERTEX_POINT('',#4650);
#4670=EDGE_CURVE('',#4660,#1790,#4640,.T.);
#4680=ORIENTED_EDGE('',*,*,#4670,.T.);
#4690=CARTESIAN_POINT('',(1.19,-1.9,1.165));
#4700=DIRECTION('',(-1.,1.86592104979017E-16,0.));
#4710=VECTOR('',#4700,1.);
#4720=LINE('',#4690,#4710);
#4730=CARTESIAN_POINT('',(1.19,-1.9,1.165));
#4740=VERTEX_POINT('',#4730);
#4750=EDGE_CURVE('',#4740,#4660,#4720,.T.);
#4760=ORIENTED_EDGE('',*,*,#4750,.T.);
#4770=CARTESIAN_POINT('',(1.19,-1.9,1.165));
#4780=DIRECTION('',(-0.569654939187218,0.569654939187218,
-0.592441136754711));
#4790=VECTOR('',#4780,1.);
#4800=LINE('',#4770,#4790);
#4810=EDGE_CURVE('',#4740,#3850,#4800,.T.);
#4820=ORIENTED_EDGE('',*,*,#4810,.F.);
#4830=EDGE_LOOP('',(#4820,#4760,#4680,#4600));
#4840=FACE_OUTER_BOUND('',#4830,.T.);
#4850=ADVANCED_FACE('',(#4840),#4590,.F.);
#4860=CARTESIAN_POINT('',(1.065,-1.775,0.764999999999998));
#4870=DIRECTION('',(-0.707106781186547,-0.707106781186548,0.));
#4880=DIRECTION('',(-0.707106781186548,0.707106781186547,
1.88411095042053E-15));
#4890=AXIS2_PLACEMENT_3D('',#4860,#4870,#4880);
#4900=PLANE('',#4890);
#4910=CARTESIAN_POINT('',(0.939999999999999,-1.65,0.514999999999998));
#4920=DIRECTION('',(0.680413817439772,-0.680413817439771,
0.272165526975909));
#4930=VECTOR('',#4920,1.);
#4940=LINE('',#4910,#4930);
#4950=CARTESIAN_POINT('',(1.19,-1.9,0.614999999999999));
#4960=VERTEX_POINT('',#4950);
#4970=EDGE_CURVE('',#3930,#4960,#4940,.T.);
#4980=ORIENTED_EDGE('',*,*,#4970,.T.);
#4990=ORIENTED_EDGE('',*,*,#3940,.T.);
#5000=ORIENTED_EDGE('',*,*,#4810,.T.);
#5010=CARTESIAN_POINT('',(1.19,-1.9,1.165));
#5020=DIRECTION('',(0.,0.,-1.));
#5030=VECTOR('',#5020,1.);
#5040=LINE('',#5010,#5030);
#5050=EDGE_CURVE('',#4740,#4960,#5040,.T.);
#5060=ORIENTED_EDGE('',*,*,#5050,.F.);
#5070=EDGE_LOOP('',(#5060,#5000,#4990,#4980));
#5080=FACE_OUTER_BOUND('',#5070,.T.);
#5090=ADVANCED_FACE('',(#5080),#4900,.T.);
#5100=CARTESIAN_POINT('',(1.44,-1.9,1.415));
#5110=DIRECTION('',(1.54197642309049E-16,1.,0.));
#5120=DIRECTION('',(1.,-1.54197642309049E-16,0.));
#5130=AXIS2_PLACEMENT_3D('',#5100,#5110,#5120);
#5140=PLANE('',#5130);
#5150=CARTESIAN_POINT('',(-1.19,-1.9,0.614999999999999));
#5160=DIRECTION('',(-1.,0.,0.));
#5170=VECTOR('',#5160,1.);
#5180=LINE('',#5150,#5170);
#5190=CARTESIAN_POINT('',(-1.19,-1.9,0.614999999999999));
#5200=VERTEX_POINT('',#5190);
#5210=CARTESIAN_POINT('',(-1.47,-1.9,0.614999999999999));
#5220=VERTEX_POINT('',#5210);
#5230=EDGE_CURVE('',#5200,#5220,#5180,.T.);
#5240=ORIENTED_EDGE('',*,*,#5230,.F.);
#5250=CARTESIAN_POINT('',(-1.47,-1.9,1.415));
#5260=DIRECTION('',(0.,0.,-1.));
#5270=VECTOR('',#5260,1.);
#5280=LINE('',#5250,#5270);
#5290=CARTESIAN_POINT('',(-1.47,-1.9,1.415));
#5300=VERTEX_POINT('',#5290);
#5310=EDGE_CURVE('',#5300,#5220,#5280,.T.);
#5320=ORIENTED_EDGE('',*,*,#5310,.T.);
#5330=CARTESIAN_POINT('',(1.47,-1.9,1.415));
#5340=DIRECTION('',(-1.,1.51050751649681E-16,0.));
#5350=VECTOR('',#5340,1.);
#5360=LINE('',#5330,#5350);
#5370=CARTESIAN_POINT('',(1.47,-1.9,1.415));
#5380=VERTEX_POINT('',#5370);
#5390=EDGE_CURVE('',#5380,#5300,#5360,.T.);
#5400=ORIENTED_EDGE('',*,*,#5390,.T.);
#5410=CARTESIAN_POINT('',(1.47,-1.9,1.415));
#5420=DIRECTION('',(0.,-5.55111512312578E-16,-1.));
#5430=VECTOR('',#5420,1.);
#5440=LINE('',#5410,#5430);
#5450=CARTESIAN_POINT('',(1.47,-1.9,0.614999999999999));
#5460=VERTEX_POINT('',#5450);
#5470=EDGE_CURVE('',#5380,#5460,#5440,.T.);
#5480=ORIENTED_EDGE('',*,*,#5470,.F.);
#5490=CARTESIAN_POINT('',(1.19,-1.9,0.614999999999999));
#5500=DIRECTION('',(1.,0.,0.));
#5510=VECTOR('',#5500,1.);
#5520=LINE('',#5490,#5510);
#5530=EDGE_CURVE('',#4960,#5460,#5520,.T.);
#5540=ORIENTED_EDGE('',*,*,#5530,.T.);
#5550=ORIENTED_EDGE('',*,*,#5050,.T.);
#5560=ORIENTED_EDGE('',*,*,#4750,.F.);
#5570=CARTESIAN_POINT('',(-1.19,-1.9,1.16499999999999));
#5580=DIRECTION('',(0.,0.,-1.));
#5590=VECTOR('',#5580,1.);
#5600=LINE('',#5570,#5590);
#5610=EDGE_CURVE('',#4660,#5200,#5600,.T.);
#5620=ORIENTED_EDGE('',*,*,#5610,.F.);
#5630=EDGE_LOOP('',(#5620,#5560,#5550,#5540,#5480,#5400,#5320,#5240));
#5640=FACE_OUTER_BOUND('',#5630,.T.);
#5650=ADVANCED_FACE('',(#5640),#5140,.F.);
#5660=CARTESIAN_POINT('',(-1.065,-1.775,0.764999999999998));
#5670=DIRECTION('',(-0.707106781186548,0.707106781186547,
-3.21330939595952E-32));
#5680=DIRECTION('',(0.707106781186547,0.707106781186548,0.));
#5690=AXIS2_PLACEMENT_3D('',#5660,#5670,#5680);
#5700=PLANE('',#5690);
#5710=ORIENTED_EDGE('',*,*,#4670,.F.);
#5720=ORIENTED_EDGE('',*,*,#1800,.T.);
#5730=CARTESIAN_POINT('',(-1.19,-1.9,0.615));
#5740=DIRECTION('',(0.680413817439771,0.680413817439772,
-0.272165526975909));
#5750=VECTOR('',#5740,1.);
#5760=LINE('',#5730,#5750);
#5770=EDGE_CURVE('',#5200,#130,#5760,.T.);
#5780=ORIENTED_EDGE('',*,*,#5770,.T.);
#5790=ORIENTED_EDGE('',*,*,#5610,.T.);
#5800=EDGE_LOOP('',(#5790,#5780,#5720,#5710));
#5810=FACE_OUTER_BOUND('',#5800,.T.);
#5820=ADVANCED_FACE('',(#5810),#5700,.F.);
#5830=CARTESIAN_POINT('',(-0.889997599999997,-1.65,0.514999999999999));
#5840=DIRECTION('',(2.38899707612823E-16,0.371390676354104,
0.928476690885259));
#5850=DIRECTION('',(-5.97249269032059E-16,-0.928476690885259,
0.371390676354104));
#5860=AXIS2_PLACEMENT_3D('',#5830,#5840,#5850);
#5870=PLANE('',#5860);
#5880=ORIENTED_EDGE('',*,*,#890,.F.);
#5890=CARTESIAN_POINT('',(-1.47,-1.65,0.515000000000001));
#5900=DIRECTION('',(-8.24652960038876E-16,-0.92847669088526,
0.371390676354101));
#5910=VECTOR('',#5900,1.);
#5920=LINE('',#5890,#5910);
#5930=EDGE_CURVE('',#820,#5220,#5920,.T.);
#5940=ORIENTED_EDGE('',*,*,#5930,.F.);
#5950=ORIENTED_EDGE('',*,*,#5230,.T.);
#5960=ORIENTED_EDGE('',*,*,#5770,.F.);
#5970=ORIENTED_EDGE('',*,*,#140,.T.);
#5980=EDGE_LOOP('',(#5970,#5960,#5950,#5940,#5880));
#5990=FACE_OUTER_BOUND('',#5980,.T.);
#6000=ADVANCED_FACE('',(#5990),#5870,.F.);
#6010=CARTESIAN_POINT('',(-1.47,0.950000000000003,-7.185));
#6020=DIRECTION('',(-1.,1.35783673078464E-15,-3.09336775080259E-32));
#6030=DIRECTION('',(-1.97215226305254E-31,-1.22460635382238E-16,1.));
#6040=AXIS2_PLACEMENT_3D('',#6010,#6020,#6030);
#6050=PLANE('',#6040);
#6060=CARTESIAN_POINT('',(-1.47,1.65,-7.185));
#6070=DIRECTION('',(0.,1.29095700537809E-16,1.));
#6080=VECTOR('',#6070,1.);
#6090=LINE('',#6060,#6080);
#6100=CARTESIAN_POINT('',(-1.47,1.65,-7.185));
#6110=VERTEX_POINT('',#6100);
#6120=CARTESIAN_POINT('',(-1.47,1.65,1.415));
#6130=VERTEX_POINT('',#6120);
#6140=EDGE_CURVE('',#6110,#6130,#6090,.T.);
#6150=ORIENTED_EDGE('',*,*,#6140,.F.);
#6160=CARTESIAN_POINT('',(-1.47,1.65,1.415));
#6170=DIRECTION('',(-1.31350329673962E-15,-1.,-1.2509555207044E-16));
#6180=VECTOR('',#6170,1.);
#6190=LINE('',#6160,#6180);
#6200=EDGE_CURVE('',#6130,#5300,#6190,.T.);
#6210=ORIENTED_EDGE('',*,*,#6200,.F.);
#6220=ORIENTED_EDGE('',*,*,#5310,.F.);
#6230=ORIENTED_EDGE('',*,*,#5930,.T.);
#6240=ORIENTED_EDGE('',*,*,#830,.F.);
#6250=ORIENTED_EDGE('',*,*,#1220,.T.);
#6260=CARTESIAN_POINT('',(-1.47,-1.9,-7.185));
#6270=DIRECTION('',(0.,0.,1.));
#6280=VECTOR('',#6270,1.);
#6290=LINE('',#6260,#6280);
#6300=CARTESIAN_POINT('',(-1.47,-1.9,-7.185));
#6310=VERTEX_POINT('',#6300);
#6320=EDGE_CURVE('',#6310,#1150,#6290,.T.);
#6330=ORIENTED_EDGE('',*,*,#6320,.T.);
#6340=CARTESIAN_POINT('',(-1.47,1.65,-7.185));
#6350=DIRECTION('',(-1.31350329673962E-15,-1.,0.));
#6360=VECTOR('',#6350,1.);
#6370=LINE('',#6340,#6360);
#6380=EDGE_CURVE('',#6110,#6310,#6370,.T.);
#6390=ORIENTED_EDGE('',*,*,#6380,.T.);
#6400=EDGE_LOOP('',(#6390,#6330,#6250,#6240,#6230,#6220,#6210,#6150));
#6410=FACE_OUTER_BOUND('',#6400,.T.);
#6420=ADVANCED_FACE('',(#6410),#6050,.T.);
#6430=CARTESIAN_POINT('',(0.670201083764795,0.0620458542830422,-7.185));
#6440=DIRECTION('',(0.,0.,-1.));
#6450=DIRECTION('',(1.,0.,0.));
#6460=AXIS2_PLACEMENT_3D('',#6430,#6440,#6450);
#6470=PLANE('',#6460);
#6480=CARTESIAN_POINT('',(1.47,1.65,-7.185));
#6490=DIRECTION('',(-1.,0.,0.));
#6500=VECTOR('',#6490,1.);
#6510=LINE('',#6480,#6500);
#6520=CARTESIAN_POINT('',(1.47,1.65,-7.185));
#6530=VERTEX_POINT('',#6520);
#6540=CARTESIAN_POINT('',(1.32,1.65,-7.185));
#6550=VERTEX_POINT('',#6540);
#6560=EDGE_CURVE('',#6530,#6550,#6510,.T.);
#6570=ORIENTED_EDGE('',*,*,#6560,.F.);
#6580=CARTESIAN_POINT('',(1.32,1.95,-7.185));
#6590=DIRECTION('',(0.,-1.,0.));
#6600=VECTOR('',#6590,1.);
#6610=LINE('',#6580,#6600);
#6620=CARTESIAN_POINT('',(1.32,1.95,-7.185));
#6630=VERTEX_POINT('',#6620);
#6640=EDGE_CURVE('',#6630,#6550,#6610,.T.);
#6650=ORIENTED_EDGE('',*,*,#6640,.T.);
#6660=CARTESIAN_POINT('',(1.32,1.95,-7.185));
#6670=DIRECTION('',(-1.,1.76626390281275E-15,0.));
#6680=VECTOR('',#6670,1.);
#6690=LINE('',#6660,#6680);
#6700=CARTESIAN_POINT('',(-1.32,1.95,-7.185));
#6710=VERTEX_POINT('',#6700);
#6720=EDGE_CURVE('',#6630,#6710,#6690,.T.);
#6730=ORIENTED_EDGE('',*,*,#6720,.F.);
#6740=CARTESIAN_POINT('',(-1.32,1.65,-7.185));
#6750=DIRECTION('',(0.,1.,0.));
#6760=VECTOR('',#6750,1.);
#6770=LINE('',#6740,#6760);
#6780=CARTESIAN_POINT('',(-1.32,1.65,-7.185));
#6790=VERTEX_POINT('',#6780);
#6800=EDGE_CURVE('',#6790,#6710,#6770,.T.);
#6810=ORIENTED_EDGE('',*,*,#6800,.T.);
#6820=CARTESIAN_POINT('',(-1.32,1.65,-7.185));
#6830=DIRECTION('',(-1.,0.,0.));
#6840=VECTOR('',#6830,1.);
#6850=LINE('',#6820,#6840);
#6860=EDGE_CURVE('',#6790,#6110,#6850,.T.);
#6870=ORIENTED_EDGE('',*,*,#6860,.F.);
#6880=ORIENTED_EDGE('',*,*,#6380,.F.);
#6890=CARTESIAN_POINT('',(-1.47,-1.9,-7.185));
#6900=DIRECTION('',(1.,-1.51050751649681E-16,0.));
#6910=VECTOR('',#6900,1.);
#6920=LINE('',#6890,#6910);
#6930=CARTESIAN_POINT('',(1.47,-1.9,-7.185));
#6940=VERTEX_POINT('',#6930);
#6950=EDGE_CURVE('',#6310,#6940,#6920,.T.);
#6960=ORIENTED_EDGE('',*,*,#6950,.F.);
#6970=CARTESIAN_POINT('',(1.47,-1.9,-7.185));
#6980=DIRECTION('',(-3.75286656211321E-16,1.,-2.5019110414088E-16));
#6990=VECTOR('',#6980,1.);
#7000=LINE('',#6970,#6990);
#7010=EDGE_CURVE('',#6940,#6530,#7000,.T.);
#7020=ORIENTED_EDGE('',*,*,#7010,.F.);
#7030=EDGE_LOOP('',(#7020,#6960,#6880,#6870,#6810,#6730,#6650,#6570));
#7040=FACE_OUTER_BOUND('',#7030,.T.);
#7050=ADVANCED_FACE('',(#7040),#6470,.T.);
#7060=CARTESIAN_POINT('',(1.47,-0.35,-5.185));
#7070=DIRECTION('',(1.,3.67381906146713E-16,0.));
#7080=DIRECTION('',(-4.49898216546642E-32,1.22460635382238E-16,1.));
#7090=AXIS2_PLACEMENT_3D('',#7060,#7070,#7080);
#7100=PLANE('',#7090);
#7110=CARTESIAN_POINT('',(1.47,1.65,-7.185));
#7120=DIRECTION('',(0.,1.03276560430247E-16,1.));
#7130=VECTOR('',#7120,1.);
#7140=LINE('',#7110,#7130);
#7150=CARTESIAN_POINT('',(1.47,1.65,1.415));
#7160=VERTEX_POINT('',#7150);
#7170=EDGE_CURVE('',#6530,#7160,#7140,.T.);
#7180=ORIENTED_EDGE('',*,*,#7170,.T.);
#7190=ORIENTED_EDGE('',*,*,#7010,.T.);
#7200=CARTESIAN_POINT('',(1.47,-1.9,-7.185));
#7210=DIRECTION('',(0.,0.,1.));
#7220=VECTOR('',#7210,1.);
#7230=LINE('',#7200,#7220);
#7240=CARTESIAN_POINT('',(1.47,-1.9,-6.385));
#7250=VERTEX_POINT('',#7240);
#7260=EDGE_CURVE('',#6940,#7250,#7230,.T.);
#7270=ORIENTED_EDGE('',*,*,#7260,.F.);
#7280=CARTESIAN_POINT('',(1.47,-1.65,-6.285));
#7290=DIRECTION('',(8.24652960038877E-16,-0.928476690885261,
-0.371390676354099));
#7300=VECTOR('',#7290,1.);
#7310=LINE('',#7280,#7300);
#7320=CARTESIAN_POINT('',(1.47,-1.65,-6.285));
#7330=VERTEX_POINT('',#7320);
#7340=EDGE_CURVE('',#7330,#7250,#7310,.T.);
#7350=ORIENTED_EDGE('',*,*,#7340,.T.);
#7360=CARTESIAN_POINT('',(1.47,-1.65,-6.285));
#7370=DIRECTION('',(0.,0.,1.));
#7380=VECTOR('',#7370,1.);
#7390=LINE('',#7360,#7380);
#7400=CARTESIAN_POINT('',(1.47,-1.65,0.515));
#7410=VERTEX_POINT('',#7400);
#7420=EDGE_CURVE('',#7330,#7410,#7390,.T.);
#7430=ORIENTED_EDGE('',*,*,#7420,.F.);
#7440=CARTESIAN_POINT('',(1.47,-1.9,0.614999999999999));
#7450=DIRECTION('',(-8.24652960038873E-16,0.92847669088526,
-0.371390676354103));
#7460=VECTOR('',#7450,1.);
#7470=LINE('',#7440,#7460);
#7480=EDGE_CURVE('',#5460,#7410,#7470,.T.);
#7490=ORIENTED_EDGE('',*,*,#7480,.T.);
#7500=ORIENTED_EDGE('',*,*,#5470,.T.);
#7510=CARTESIAN_POINT('',(1.47,-1.9,1.415));
#7520=DIRECTION('',(1.37605107277484E-15,1.,1.2509555207044E-16));
#7530=VECTOR('',#7520,1.);
#7540=LINE('',#7510,#7530);
#7550=EDGE_CURVE('',#5380,#7160,#7540,.T.);
#7560=ORIENTED_EDGE('',*,*,#7550,.F.);
#7570=EDGE_LOOP('',(#7560,#7500,#7490,#7430,#7350,#7270,#7190,#7180));
#7580=FACE_OUTER_BOUND('',#7570,.T.);
#7590=ADVANCED_FACE('',(#7580),#7100,.T.);
#7600=CARTESIAN_POINT('',(-1.47,0.950000000000002,1.415));
#7610=DIRECTION('',(-1.66281548797227E-31,-1.22460635382238E-16,1.));
#7620=DIRECTION('',(1.,-1.35783673078464E-15,-8.53916251697935E-46));
#7630=AXIS2_PLACEMENT_3D('',#7600,#7610,#7620);
#7640=PLANE('',#7630);
#7650=CARTESIAN_POINT('',(-1.32,1.65,1.415));
#7660=DIRECTION('',(-1.,0.,0.));
#7670=VECTOR('',#7660,1.);
#7680=LINE('',#7650,#7670);
#7690=CARTESIAN_POINT('',(-1.32,1.65,1.415));
#7700=VERTEX_POINT('',#7690);
#7710=EDGE_CURVE('',#7700,#6130,#7680,.T.);
#7720=ORIENTED_EDGE('',*,*,#7710,.T.);
#7730=CARTESIAN_POINT('',(-1.32,1.95,1.415));
#7740=DIRECTION('',(-1.48029736616688E-15,-1.,-7.40148683083439E-16));
#7750=VECTOR('',#7740,1.);
#7760=LINE('',#7730,#7750);
#7770=CARTESIAN_POINT('',(-1.32,1.95,1.415));
#7780=VERTEX_POINT('',#7770);
#7790=EDGE_CURVE('',#7780,#7700,#7760,.T.);
#7800=ORIENTED_EDGE('',*,*,#7790,.T.);
#7810=CARTESIAN_POINT('',(1.32,1.95,1.415));
#7820=DIRECTION('',(-1.,1.34572487833352E-15,0.));
#7830=VECTOR('',#7820,1.);
#7840=LINE('',#7810,#7830);
#7850=CARTESIAN_POINT('',(1.32,1.95,1.415));
#7860=VERTEX_POINT('',#7850);
#7870=EDGE_CURVE('',#7860,#7780,#7840,.T.);
#7880=ORIENTED_EDGE('',*,*,#7870,.T.);
#7890=CARTESIAN_POINT('',(1.32,1.65,1.415));
#7900=DIRECTION('',(1.4802973661669E-15,1.,7.40148683083449E-16));
#7910=VECTOR('',#7900,1.);
#7920=LINE('',#7890,#7910);
#7930=CARTESIAN_POINT('',(1.32,1.65,1.415));
#7940=VERTEX_POINT('',#7930);
#7950=EDGE_CURVE('',#7940,#7860,#7920,.T.);
#7960=ORIENTED_EDGE('',*,*,#7950,.T.);
#7970=CARTESIAN_POINT('',(1.47,1.65,1.415));
#7980=DIRECTION('',(-1.,1.48029736616685E-15,0.));
#7990=VECTOR('',#7980,1.);
#8000=LINE('',#7970,#7990);
#8010=EDGE_CURVE('',#7160,#7940,#8000,.T.);
#8020=ORIENTED_EDGE('',*,*,#8010,.T.);
#8030=ORIENTED_EDGE('',*,*,#7550,.T.);
#8040=ORIENTED_EDGE('',*,*,#5390,.F.);
#8050=ORIENTED_EDGE('',*,*,#6200,.T.);
#8060=EDGE_LOOP('',(#8050,#8040,#8030,#8020,#7960,#7880,#7800,#7720));
#8070=FACE_OUTER_BOUND('',#8060,.T.);
#8080=ADVANCED_FACE('',(#8070),#7640,.T.);
#8090=CARTESIAN_POINT('',(-1.39845367857875,1.65,-1.83978887223424));
#8100=DIRECTION('',(-3.67381906146713E-16,1.,-1.22460635382238E-16));
#8110=DIRECTION('',(-1.,-3.67381906146713E-16,0.));
#8120=AXIS2_PLACEMENT_3D('',#8090,#8100,#8110);
#8130=PLANE('',#8120);
#8140=ORIENTED_EDGE('',*,*,#6860,.T.);
#8150=CARTESIAN_POINT('',(-1.32,1.65,-7.185));
#8160=DIRECTION('',(0.,-1.29095700537809E-16,1.));
#8170=VECTOR('',#8160,1.);
#8180=LINE('',#8150,#8170);
#8190=EDGE_CURVE('',#6790,#7700,#8180,.T.);
#8200=ORIENTED_EDGE('',*,*,#8190,.F.);
#8210=ORIENTED_EDGE('',*,*,#7710,.F.);
#8220=ORIENTED_EDGE('',*,*,#6140,.T.);
#8230=EDGE_LOOP('',(#8220,#8210,#8200,#8140));
#8240=FACE_OUTER_BOUND('',#8230,.T.);
#8250=ADVANCED_FACE('',(#8240),#8130,.T.);
#8260=CARTESIAN_POINT('',(-1.32,1.45,-3.2));
#8270=DIRECTION('',(-1.,1.78077883540374E-15,2.33071914877005E-31));
#8280=DIRECTION('',(-1.78077883540374E-15,-1.,-1.22460635382238E-16));
#8290=AXIS2_PLACEMENT_3D('',#8260,#8270,#8280);
#8300=PLANE('',#8290);
#8310=ORIENTED_EDGE('',*,*,#7790,.F.);
#8320=ORIENTED_EDGE('',*,*,#8190,.T.);
#8330=ORIENTED_EDGE('',*,*,#6800,.F.);
#8340=CARTESIAN_POINT('',(-1.32,1.95,-7.185));
#8350=DIRECTION('',(0.,0.,1.));
#8360=VECTOR('',#8350,1.);
#8370=LINE('',#8340,#8360);
#8380=EDGE_CURVE('',#6710,#7780,#8370,.T.);
#8390=ORIENTED_EDGE('',*,*,#8380,.F.);
#8400=EDGE_LOOP('',(#8390,#8330,#8320,#8310));
#8410=FACE_OUTER_BOUND('',#8400,.T.);
#8420=CARTESIAN_POINT('',(-1.32,1.68499999999999,-0.144999999999999));
#8430=DIRECTION('',(0.,0.,1.));
#8440=VECTOR('',#8430,1.);
#8450=LINE('',#8420,#8440);
#8460=CARTESIAN_POINT('',(-1.32,1.68499999999999,-0.144999999999999));
#8470=VERTEX_POINT('',#8460);
#8480=CARTESIAN_POINT('',(-1.32,1.68499999999999,-0.0249999999999991));
#8490=VERTEX_POINT('',#8480);
#8500=EDGE_CURVE('',#8470,#8490,#8450,.T.);
#8510=ORIENTED_EDGE('',*,*,#8500,.F.);
#8520=CARTESIAN_POINT('',(-1.32,1.68499999999999,-0.0249999999999991));
#8530=DIRECTION('',(0.,1.,0.));
#8540=VECTOR('',#8530,1.);
#8550=LINE('',#8520,#8540);
#8560=CARTESIAN_POINT('',(-1.32,1.93249999999999,-0.0249999999999991));
#8570=VERTEX_POINT('',#8560);
#8580=EDGE_CURVE('',#8490,#8570,#8550,.T.);
#8590=ORIENTED_EDGE('',*,*,#8580,.F.);
#8600=CARTESIAN_POINT('',(-1.32,1.93249999999999,-0.0249999999999992));
#8610=DIRECTION('',(0.,0.,-1.));
#8620=VECTOR('',#8610,1.);
#8630=LINE('',#8600,#8620);
#8640=CARTESIAN_POINT('',(-1.32,1.93249999999999,-0.144999999999999));
#8650=VERTEX_POINT('',#8640);
#8660=EDGE_CURVE('',#8570,#8650,#8630,.T.);
#8670=ORIENTED_EDGE('',*,*,#8660,.F.);
#8680=CARTESIAN_POINT('',(-1.32,1.68499999999999,-0.144999999999999));
#8690=DIRECTION('',(1.79429983777803E-15,1.,0.));
#8700=VECTOR('',#8690,1.);
#8710=LINE('',#8680,#8700);
#8720=EDGE_CURVE('',#8470,#8650,#8710,.T.);
#8730=ORIENTED_EDGE('',*,*,#8720,.T.);
#8740=EDGE_LOOP('',(#8730,#8670,#8590,#8510));
#8750=FACE_BOUND('',#8740,.T.);
#8760=CARTESIAN_POINT('',(-1.32,1.68499999999999,-0.544999999999999));
#8770=DIRECTION('',(0.,0.,1.));
#8780=VECTOR('',#8770,1.);
#8790=LINE('',#8760,#8780);
#8800=CARTESIAN_POINT('',(-1.32,1.68499999999999,-0.544999999999999));
#8810=VERTEX_POINT('',#8800);
#8820=CARTESIAN_POINT('',(-1.32,1.68499999999999,-0.424999999999999));
#8830=VERTEX_POINT('',#8820);
#8840=EDGE_CURVE('',#8810,#8830,#8790,.T.);
#8850=ORIENTED_EDGE('',*,*,#8840,.F.);
#8860=CARTESIAN_POINT('',(-1.32,1.68499999999999,-0.424999999999999));
#8870=DIRECTION('',(0.,1.,0.));
#8880=VECTOR('',#8870,1.);
#8890=LINE('',#8860,#8880);
#8900=CARTESIAN_POINT('',(-1.32,1.93249999999999,-0.424999999999999));
#8910=VERTEX_POINT('',#8900);
#8920=EDGE_CURVE('',#8830,#8910,#8890,.T.);
#8930=ORIENTED_EDGE('',*,*,#8920,.F.);
#8940=CARTESIAN_POINT('',(-1.32,1.93249999999999,-0.424999999999999));
#8950=DIRECTION('',(0.,0.,-1.));
#8960=VECTOR('',#8950,1.);
#8970=LINE('',#8940,#8960);
#8980=CARTESIAN_POINT('',(-1.32,1.93249999999999,-0.544999999999999));
#8990=VERTEX_POINT('',#8980);
#9000=EDGE_CURVE('',#8910,#8990,#8970,.T.);
#9010=ORIENTED_EDGE('',*,*,#9000,.F.);
#9020=CARTESIAN_POINT('',(-1.32,1.68499999999999,-0.544999999999999));
#9030=DIRECTION('',(1.79429983777803E-15,1.,0.));
#9040=VECTOR('',#9030,1.);
#9050=LINE('',#9020,#9040);
#9060=EDGE_CURVE('',#8810,#8990,#9050,.T.);
#9070=ORIENTED_EDGE('',*,*,#9060,.T.);
#9080=EDGE_LOOP('',(#9070,#9010,#8930,#8850));
#9090=FACE_BOUND('',#9080,.T.);
#9100=CARTESIAN_POINT('',(-1.32,1.93249999999999,-1.225));
#9110=DIRECTION('',(0.,0.,-1.));
#9120=VECTOR('',#9110,1.);
#9130=LINE('',#9100,#9120);
#9140=CARTESIAN_POINT('',(-1.32,1.93249999999999,-1.225));
#9150=VERTEX_POINT('',#9140);
#9160=CARTESIAN_POINT('',(-1.32,1.93249999999999,-1.345));
#9170=VERTEX_POINT('',#9160);
#9180=EDGE_CURVE('',#9150,#9170,#9130,.T.);
#9190=ORIENTED_EDGE('',*,*,#9180,.F.);
#9200=CARTESIAN_POINT('',(-1.32,1.68499999999999,-1.345));
#9210=DIRECTION('',(1.79429983777803E-15,1.,0.));
#9220=VECTOR('',#9210,1.);
#9230=LINE('',#9200,#9220);
#9240=CARTESIAN_POINT('',(-1.32,1.68499999999999,-1.345));
#9250=VERTEX_POINT('',#9240);
#9260=EDGE_CURVE('',#9250,#9170,#9230,.T.);
#9270=ORIENTED_EDGE('',*,*,#9260,.T.);
#9280=CARTESIAN_POINT('',(-1.32,1.68499999999999,-1.345));
#9290=DIRECTION('',(0.,0.,1.));
#9300=VECTOR('',#9290,1.);
#9310=LINE('',#9280,#9300);
#9320=CARTESIAN_POINT('',(-1.32,1.68499999999999,-1.225));
#9330=VERTEX_POINT('',#9320);
#9340=EDGE_CURVE('',#9250,#9330,#9310,.T.);
#9350=ORIENTED_EDGE('',*,*,#9340,.F.);
#9360=CARTESIAN_POINT('',(-1.32,1.68499999999999,-1.225));
#9370=DIRECTION('',(0.,1.,0.));
#9380=VECTOR('',#9370,1.);
#9390=LINE('',#9360,#9380);
#9400=EDGE_CURVE('',#9330,#9150,#9390,.T.);
#9410=ORIENTED_EDGE('',*,*,#9400,.F.);
#9420=EDGE_LOOP('',(#9410,#9350,#9270,#9190));
#9430=FACE_BOUND('',#9420,.T.);
#9440=CARTESIAN_POINT('',(-1.32,1.93249999999999,-1.625));
#9450=DIRECTION('',(0.,0.,-1.));
#9460=VECTOR('',#9450,1.);
#9470=LINE('',#9440,#9460);
#9480=CARTESIAN_POINT('',(-1.32,1.93249999999999,-1.625));
#9490=VERTEX_POINT('',#9480);
#9500=CARTESIAN_POINT('',(-1.32,1.93249999999999,-1.745));
#9510=VERTEX_POINT('',#9500);
#9520=EDGE_CURVE('',#9490,#9510,#9470,.T.);
#9530=ORIENTED_EDGE('',*,*,#9520,.F.);
#9540=CARTESIAN_POINT('',(-1.32,1.68499999999999,-1.745));
#9550=DIRECTION('',(1.79429983777803E-15,1.,0.));
#9560=VECTOR('',#9550,1.);
#9570=LINE('',#9540,#9560);
#9580=CARTESIAN_POINT('',(-1.32,1.68499999999999,-1.745));
#9590=VERTEX_POINT('',#9580);
#9600=EDGE_CURVE('',#9590,#9510,#9570,.T.);
#9610=ORIENTED_EDGE('',*,*,#9600,.T.);
#9620=CARTESIAN_POINT('',(-1.32,1.68499999999999,-1.745));
#9630=DIRECTION('',(0.,0.,1.));
#9640=VECTOR('',#9630,1.);
#9650=LINE('',#9620,#9640);
#9660=CARTESIAN_POINT('',(-1.32,1.68499999999999,-1.625));
#9670=VERTEX_POINT('',#9660);
#9680=EDGE_CURVE('',#9590,#9670,#9650,.T.);
#9690=ORIENTED_EDGE('',*,*,#9680,.F.);
#9700=CARTESIAN_POINT('',(-1.32,1.68499999999999,-1.625));
#9710=DIRECTION('',(0.,1.,0.));
#9720=VECTOR('',#9710,1.);
#9730=LINE('',#9700,#9720);
#9740=EDGE_CURVE('',#9670,#9490,#9730,.T.);
#9750=ORIENTED_EDGE('',*,*,#9740,.F.);
#9760=EDGE_LOOP('',(#9750,#9690,#9610,#9530));
#9770=FACE_BOUND('',#9760,.T.);
#9780=CARTESIAN_POINT('',(-1.32,1.93249999999999,-2.025));
#9790=DIRECTION('',(0.,0.,-1.));
#9800=VECTOR('',#9790,1.);
#9810=LINE('',#9780,#9800);
#9820=CARTESIAN_POINT('',(-1.32,1.93249999999999,-2.025));
#9830=VERTEX_POINT('',#9820);
#9840=CARTESIAN_POINT('',(-1.32,1.93249999999999,-2.145));
#9850=VERTEX_POINT('',#9840);
#9860=EDGE_CURVE('',#9830,#9850,#9810,.T.);
#9870=ORIENTED_EDGE('',*,*,#9860,.F.);
#9880=CARTESIAN_POINT('',(-1.32,1.68499999999999,-2.145));
#9890=DIRECTION('',(1.79429983777803E-15,1.,0.));
#9900=VECTOR('',#9890,1.);
#9910=LINE('',#9880,#9900);
#9920=CARTESIAN_POINT('',(-1.32,1.68499999999999,-2.145));
#9930=VERTEX_POINT('',#9920);
#9940=EDGE_CURVE('',#9930,#9850,#9910,.T.);
#9950=ORIENTED_EDGE('',*,*,#9940,.T.);
#9960=CARTESIAN_POINT('',(-1.32,1.68499999999999,-2.145));
#9970=DIRECTION('',(0.,0.,1.));
#9980=VECTOR('',#9970,1.);
#9990=LINE('',#9960,#9980);
#10000=CARTESIAN_POINT('',(-1.32,1.68499999999999,-2.025));
#10010=VERTEX_POINT('',#10000);
#10020=EDGE_CURVE('',#9930,#10010,#9990,.T.);
#10030=ORIENTED_EDGE('',*,*,#10020,.F.);
#10040=CARTESIAN_POINT('',(-1.32,1.68499999999999,-2.025));
#10050=DIRECTION('',(0.,1.,0.));
#10060=VECTOR('',#10050,1.);
#10070=LINE('',#10040,#10060);
#10080=EDGE_CURVE('',#10010,#9830,#10070,.T.);
#10090=ORIENTED_EDGE('',*,*,#10080,.F.);
#10100=EDGE_LOOP('',(#10090,#10030,#9950,#9870));
#10110=FACE_BOUND('',#10100,.T.);
#10120=CARTESIAN_POINT('',(-1.32,1.93249999999999,-2.425));
#10130=DIRECTION('',(0.,0.,-1.));
#10140=VECTOR('',#10130,1.);
#10150=LINE('',#10120,#10140);
#10160=CARTESIAN_POINT('',(-1.32,1.93249999999999,-2.425));
#10170=VERTEX_POINT('',#10160);
#10180=CARTESIAN_POINT('',(-1.32,1.93249999999999,-2.545));
#10190=VERTEX_POINT('',#10180);
#10200=EDGE_CURVE('',#10170,#10190,#10150,.T.);
#10210=ORIENTED_EDGE('',*,*,#10200,.F.);
#10220=CARTESIAN_POINT('',(-1.32,1.68499999999999,-2.545));
#10230=DIRECTION('',(1.79429983777803E-15,1.,0.));
#10240=VECTOR('',#10230,1.);
#10250=LINE('',#10220,#10240);
#10260=CARTESIAN_POINT('',(-1.32,1.68499999999999,-2.545));
#10270=VERTEX_POINT('',#10260);
#10280=EDGE_CURVE('',#10270,#10190,#10250,.T.);
#10290=ORIENTED_EDGE('',*,*,#10280,.T.);
#10300=CARTESIAN_POINT('',(-1.32,1.68499999999999,-2.545));
#10310=DIRECTION('',(0.,0.,1.));
#10320=VECTOR('',#10310,1.);
#10330=LINE('',#10300,#10320);
#10340=CARTESIAN_POINT('',(-1.32,1.68499999999999,-2.425));
#10350=VERTEX_POINT('',#10340);
#10360=EDGE_CURVE('',#10270,#10350,#10330,.T.);
#10370=ORIENTED_EDGE('',*,*,#10360,.F.);
#10380=CARTESIAN_POINT('',(-1.32,1.68499999999999,-2.425));
#10390=DIRECTION('',(0.,1.,0.));
#10400=VECTOR('',#10390,1.);
#10410=LINE('',#10380,#10400);
#10420=EDGE_CURVE('',#10350,#10170,#10410,.T.);
#10430=ORIENTED_EDGE('',*,*,#10420,.F.);
#10440=EDGE_LOOP('',(#10430,#10370,#10290,#10210));
#10450=FACE_BOUND('',#10440,.T.);
#10460=CARTESIAN_POINT('',(-1.32,1.93249999999999,-2.825));
#10470=DIRECTION('',(0.,0.,-1.));
#10480=VECTOR('',#10470,1.);
#10490=LINE('',#10460,#10480);
#10500=CARTESIAN_POINT('',(-1.32,1.93249999999999,-2.825));
#10510=VERTEX_POINT('',#10500);
#10520=CARTESIAN_POINT('',(-1.32,1.93249999999999,-2.945));
#10530=VERTEX_POINT('',#10520);
#10540=EDGE_CURVE('',#10510,#10530,#10490,.T.);
#10550=ORIENTED_EDGE('',*,*,#10540,.F.);
#10560=CARTESIAN_POINT('',(-1.32,1.68499999999999,-2.945));
#10570=DIRECTION('',(1.79429983777803E-15,1.,0.));
#10580=VECTOR('',#10570,1.);
#10590=LINE('',#10560,#10580);
#10600=CARTESIAN_POINT('',(-1.32,1.68499999999999,-2.945));
#10610=VERTEX_POINT('',#10600);
#10620=EDGE_CURVE('',#10610,#10530,#10590,.T.);
#10630=ORIENTED_EDGE('',*,*,#10620,.T.);
#10640=CARTESIAN_POINT('',(-1.32,1.68499999999999,-2.945));
#10650=DIRECTION('',(0.,0.,1.));
#10660=VECTOR('',#10650,1.);
#10670=LINE('',#10640,#10660);
#10680=CARTESIAN_POINT('',(-1.32,1.68499999999999,-2.825));
#10690=VERTEX_POINT('',#10680);
#10700=EDGE_CURVE('',#10610,#10690,#10670,.T.);
#10710=ORIENTED_EDGE('',*,*,#10700,.F.);
#10720=CARTESIAN_POINT('',(-1.32,1.68499999999999,-2.825));
#10730=DIRECTION('',(0.,1.,0.));
#10740=VECTOR('',#10730,1.);
#10750=LINE('',#10720,#10740);
#10760=EDGE_CURVE('',#10690,#10510,#10750,.T.);
#10770=ORIENTED_EDGE('',*,*,#10760,.F.);
#10780=EDGE_LOOP('',(#10770,#10710,#10630,#10550));
#10790=FACE_BOUND('',#10780,.T.);
#10800=CARTESIAN_POINT('',(-1.32,1.93249999999999,-3.225));
#10810=DIRECTION('',(0.,0.,-1.));
#10820=VECTOR('',#10810,1.);
#10830=LINE('',#10800,#10820);
#10840=CARTESIAN_POINT('',(-1.32,1.93249999999999,-3.225));
#10850=VERTEX_POINT('',#10840);
#10860=CARTESIAN_POINT('',(-1.32,1.93249999999999,-3.345));
#10870=VERTEX_POINT('',#10860);
#10880=EDGE_CURVE('',#10850,#10870,#10830,.T.);
#10890=ORIENTED_EDGE('',*,*,#10880,.F.);
#10900=CARTESIAN_POINT('',(-1.32,1.68499999999999,-3.345));
#10910=DIRECTION('',(1.79429983777803E-15,1.,0.));
#10920=VECTOR('',#10910,1.);
#10930=LINE('',#10900,#10920);
#10940=CARTESIAN_POINT('',(-1.32,1.68499999999999,-3.345));
#10950=VERTEX_POINT('',#10940);
#10960=EDGE_CURVE('',#10950,#10870,#10930,.T.);
#10970=ORIENTED_EDGE('',*,*,#10960,.T.);
#10980=CARTESIAN_POINT('',(-1.32,1.68499999999999,-3.345));
#10990=DIRECTION('',(0.,0.,1.));
#11000=VECTOR('',#10990,1.);
#11010=LINE('',#10980,#11000);
#11020=CARTESIAN_POINT('',(-1.32,1.68499999999999,-3.225));
#11030=VERTEX_POINT('',#11020);
#11040=EDGE_CURVE('',#10950,#11030,#11010,.T.);
#11050=ORIENTED_EDGE('',*,*,#11040,.F.);
#11060=CARTESIAN_POINT('',(-1.32,1.68499999999999,-3.225));
#11070=DIRECTION('',(0.,1.,0.));
#11080=VECTOR('',#11070,1.);
#11090=LINE('',#11060,#11080);
#11100=EDGE_CURVE('',#11030,#10850,#11090,.T.);
#11110=ORIENTED_EDGE('',*,*,#11100,.F.);
#11120=EDGE_LOOP('',(#11110,#11050,#10970,#10890));
#11130=FACE_BOUND('',#11120,.T.);
#11140=CARTESIAN_POINT('',(-1.32,1.93249999999999,-3.745));
#11150=DIRECTION('',(0.,0.,1.));
#11160=VECTOR('',#11150,1.);
#11170=LINE('',#11140,#11160);
#11180=CARTESIAN_POINT('',(-1.32,1.93249999999999,-3.745));
#11190=VERTEX_POINT('',#11180);
#11200=CARTESIAN_POINT('',(-1.32,1.93249999999999,-3.625));
#11210=VERTEX_POINT('',#11200);
#11220=EDGE_CURVE('',#11190,#11210,#11170,.T.);
#11230=ORIENTED_EDGE('',*,*,#11220,.T.);
#11240=CARTESIAN_POINT('',(-1.32,1.93249999999999,-3.745));
#11250=DIRECTION('',(0.,-1.,0.));
#11260=VECTOR('',#11250,1.);
#11270=LINE('',#11240,#11260);
#11280=CARTESIAN_POINT('',(-1.32,1.68499999999999,-3.745));
#11290=VERTEX_POINT('',#11280);
#11300=EDGE_CURVE('',#11190,#11290,#11270,.T.);
#11310=ORIENTED_EDGE('',*,*,#11300,.F.);
#11320=CARTESIAN_POINT('',(-1.32,1.68499999999999,-3.625));
#11330=DIRECTION('',(0.,0.,-1.));
#11340=VECTOR('',#11330,1.);
#11350=LINE('',#11320,#11340);
#11360=CARTESIAN_POINT('',(-1.32,1.68499999999999,-3.625));
#11370=VERTEX_POINT('',#11360);
#11380=EDGE_CURVE('',#11370,#11290,#11350,.T.);
#11390=ORIENTED_EDGE('',*,*,#11380,.T.);
#11400=CARTESIAN_POINT('',(-1.32,1.93249999999999,-3.625));
#11410=DIRECTION('',(-1.79429983777803E-15,-1.,0.));
#11420=VECTOR('',#11410,1.);
#11430=LINE('',#11400,#11420);
#11440=EDGE_CURVE('',#11210,#11370,#11430,.T.);
#11450=ORIENTED_EDGE('',*,*,#11440,.T.);
#11460=EDGE_LOOP('',(#11450,#11390,#11310,#11230));
#11470=FACE_BOUND('',#11460,.T.);
#11480=CARTESIAN_POINT('',(-1.32,1.68499999999999,-4.545));
#11490=DIRECTION('',(0.,0.,1.));
#11500=VECTOR('',#11490,1.);
#11510=LINE('',#11480,#11500);
#11520=CARTESIAN_POINT('',(-1.32,1.68499999999999,-4.545));
#11530=VERTEX_POINT('',#11520);
#11540=CARTESIAN_POINT('',(-1.32,1.68499999999999,-4.425));
#11550=VERTEX_POINT('',#11540);
#11560=EDGE_CURVE('',#11530,#11550,#11510,.T.);
#11570=ORIENTED_EDGE('',*,*,#11560,.F.);
#11580=CARTESIAN_POINT('',(-1.32,1.68499999999999,-4.425));
#11590=DIRECTION('',(0.,1.,0.));
#11600=VECTOR('',#11590,1.);
#11610=LINE('',#11580,#11600);
#11620=CARTESIAN_POINT('',(-1.32,1.93249999999999,-4.425));
#11630=VERTEX_POINT('',#11620);
#11640=EDGE_CURVE('',#11550,#11630,#11610,.T.);
#11650=ORIENTED_EDGE('',*,*,#11640,.F.);
#11660=CARTESIAN_POINT('',(-1.32,1.93249999999999,-4.425));
#11670=DIRECTION('',(0.,0.,-1.));
#11680=VECTOR('',#11670,1.);
#11690=LINE('',#11660,#11680);
#11700=CARTESIAN_POINT('',(-1.32,1.93249999999999,-4.545));
#11710=VERTEX_POINT('',#11700);
#11720=EDGE_CURVE('',#11630,#11710,#11690,.T.);
#11730=ORIENTED_EDGE('',*,*,#11720,.F.);
#11740=CARTESIAN_POINT('',(-1.32,1.68499999999999,-4.545));
#11750=DIRECTION('',(1.79429983777803E-15,1.,0.));
#11760=VECTOR('',#11750,1.);
#11770=LINE('',#11740,#11760);
#11780=EDGE_CURVE('',#11530,#11710,#11770,.T.);
#11790=ORIENTED_EDGE('',*,*,#11780,.T.);
#11800=EDGE_LOOP('',(#11790,#11730,#11650,#11570));
#11810=FACE_BOUND('',#11800,.T.);
#11820=CARTESIAN_POINT('',(-1.32,1.93249999999999,-5.225));
#11830=DIRECTION('',(0.,0.,-1.));
#11840=VECTOR('',#11830,1.);
#11850=LINE('',#11820,#11840);
#11860=CARTESIAN_POINT('',(-1.32,1.93249999999999,-5.225));
#11870=VERTEX_POINT('',#11860);
#11880=CARTESIAN_POINT('',(-1.32,1.93249999999999,-5.345));
#11890=VERTEX_POINT('',#11880);
#11900=EDGE_CURVE('',#11870,#11890,#11850,.T.);
#11910=ORIENTED_EDGE('',*,*,#11900,.F.);
#11920=CARTESIAN_POINT('',(-1.32,1.68499999999999,-5.345));
#11930=DIRECTION('',(1.79429983777803E-15,1.,0.));
#11940=VECTOR('',#11930,1.);
#11950=LINE('',#11920,#11940);
#11960=CARTESIAN_POINT('',(-1.32,1.68499999999999,-5.345));
#11970=VERTEX_POINT('',#11960);
#11980=EDGE_CURVE('',#11970,#11890,#11950,.T.);
#11990=ORIENTED_EDGE('',*,*,#11980,.T.);
#12000=CARTESIAN_POINT('',(-1.32,1.68499999999999,-5.345));
#12010=DIRECTION('',(0.,0.,1.));
#12020=VECTOR('',#12010,1.);
#12030=LINE('',#12000,#12020);
#12040=CARTESIAN_POINT('',(-1.32,1.68499999999999,-5.225));
#12050=VERTEX_POINT('',#12040);
#12060=EDGE_CURVE('',#11970,#12050,#12030,.T.);
#12070=ORIENTED_EDGE('',*,*,#12060,.F.);
#12080=CARTESIAN_POINT('',(-1.32,1.68499999999999,-5.225));
#12090=DIRECTION('',(0.,1.,0.));
#12100=VECTOR('',#12090,1.);
#12110=LINE('',#12080,#12100);
#12120=EDGE_CURVE('',#12050,#11870,#12110,.T.);
#12130=ORIENTED_EDGE('',*,*,#12120,.F.);
#12140=EDGE_LOOP('',(#12130,#12070,#11990,#11910));
#12150=FACE_BOUND('',#12140,.T.);
#12160=CARTESIAN_POINT('',(-1.32,1.68499999999999,-4.945));
#12170=DIRECTION('',(0.,0.,1.));
#12180=VECTOR('',#12170,1.);
#12190=LINE('',#12160,#12180);
#12200=CARTESIAN_POINT('',(-1.32,1.68499999999999,-4.945));
#12210=VERTEX_POINT('',#12200);
#12220=CARTESIAN_POINT('',(-1.32,1.68499999999999,-4.825));
#12230=VERTEX_POINT('',#12220);
#12240=EDGE_CURVE('',#12210,#12230,#12190,.T.);
#12250=ORIENTED_EDGE('',*,*,#12240,.F.);
#12260=CARTESIAN_POINT('',(-1.32,1.68499999999999,-4.825));
#12270=DIRECTION('',(0.,1.,0.));
#12280=VECTOR('',#12270,1.);
#12290=LINE('',#12260,#12280);
#12300=CARTESIAN_POINT('',(-1.32,1.93249999999999,-4.825));
#12310=VERTEX_POINT('',#12300);
#12320=EDGE_CURVE('',#12230,#12310,#12290,.T.);
#12330=ORIENTED_EDGE('',*,*,#12320,.F.);
#12340=CARTESIAN_POINT('',(-1.32,1.93249999999999,-4.825));
#12350=DIRECTION('',(0.,0.,-1.));
#12360=VECTOR('',#12350,1.);
#12370=LINE('',#12340,#12360);
#12380=CARTESIAN_POINT('',(-1.32,1.93249999999999,-4.945));
#12390=VERTEX_POINT('',#12380);
#12400=EDGE_CURVE('',#12310,#12390,#12370,.T.);
#12410=ORIENTED_EDGE('',*,*,#12400,.F.);
#12420=CARTESIAN_POINT('',(-1.32,1.68499999999999,-4.945));
#12430=DIRECTION('',(1.79429983777803E-15,1.,0.));
#12440=VECTOR('',#12430,1.);
#12450=LINE('',#12420,#12440);
#12460=EDGE_CURVE('',#12210,#12390,#12450,.T.);
#12470=ORIENTED_EDGE('',*,*,#12460,.T.);
#12480=EDGE_LOOP('',(#12470,#12410,#12330,#12250));
#12490=FACE_BOUND('',#12480,.T.);
#12500=CARTESIAN_POINT('',(-1.32,1.68499999999999,-5.745));
#12510=DIRECTION('',(0.,0.,1.));
#12520=VECTOR('',#12510,1.);
#12530=LINE('',#12500,#12520);
#12540=CARTESIAN_POINT('',(-1.32,1.68499999999999,-5.745));
#12550=VERTEX_POINT('',#12540);
#12560=CARTESIAN_POINT('',(-1.32,1.68499999999999,-5.625));
#12570=VERTEX_POINT('',#12560);
#12580=EDGE_CURVE('',#12550,#12570,#12530,.T.);
#12590=ORIENTED_EDGE('',*,*,#12580,.F.);
#12600=CARTESIAN_POINT('',(-1.32,1.68499999999999,-5.625));
#12610=DIRECTION('',(0.,1.,0.));
#12620=VECTOR('',#12610,1.);
#12630=LINE('',#12600,#12620);
#12640=CARTESIAN_POINT('',(-1.32,1.93249999999999,-5.625));
#12650=VERTEX_POINT('',#12640);
#12660=EDGE_CURVE('',#12570,#12650,#12630,.T.);
#12670=ORIENTED_EDGE('',*,*,#12660,.F.);
#12680=CARTESIAN_POINT('',(-1.32,1.93249999999999,-5.625));
#12690=DIRECTION('',(0.,0.,-1.));
#12700=VECTOR('',#12690,1.);
#12710=LINE('',#12680,#12700);
#12720=CARTESIAN_POINT('',(-1.32,1.93249999999999,-5.745));
#12730=VERTEX_POINT('',#12720);
#12740=EDGE_CURVE('',#12650,#12730,#12710,.T.);
#12750=ORIENTED_EDGE('',*,*,#12740,.F.);
#12760=CARTESIAN_POINT('',(-1.32,1.68499999999999,-5.745));
#12770=DIRECTION('',(1.79429983777803E-15,1.,0.));
#12780=VECTOR('',#12770,1.);
#12790=LINE('',#12760,#12780);
#12800=EDGE_CURVE('',#12550,#12730,#12790,.T.);
#12810=ORIENTED_EDGE('',*,*,#12800,.T.);
#12820=EDGE_LOOP('',(#12810,#12750,#12670,#12590));
#12830=FACE_BOUND('',#12820,.T.);
#12840=CARTESIAN_POINT('',(-1.32,1.93249999999999,-4.025));
#12850=DIRECTION('',(0.,0.,-1.));
#12860=VECTOR('',#12850,1.);
#12870=LINE('',#12840,#12860);
#12880=CARTESIAN_POINT('',(-1.32,1.93249999999999,-4.025));
#12890=VERTEX_POINT('',#12880);
#12900=CARTESIAN_POINT('',(-1.32,1.93249999999999,-4.145));
#12910=VERTEX_POINT('',#12900);
#12920=EDGE_CURVE('',#12890,#12910,#12870,.T.);
#12930=ORIENTED_EDGE('',*,*,#12920,.F.);
#12940=CARTESIAN_POINT('',(-1.32,1.68499999999999,-4.145));
#12950=DIRECTION('',(1.79429983777803E-15,1.,0.));
#12960=VECTOR('',#12950,1.);
#12970=LINE('',#12940,#12960);
#12980=CARTESIAN_POINT('',(-1.32,1.68499999999999,-4.145));
#12990=VERTEX_POINT('',#12980);
#13000=EDGE_CURVE('',#12990,#12910,#12970,.T.);
#13010=ORIENTED_EDGE('',*,*,#13000,.T.);
#13020=CARTESIAN_POINT('',(-1.32,1.68499999999999,-4.145));
#13030=DIRECTION('',(0.,0.,1.));
#13040=VECTOR('',#13030,1.);
#13050=LINE('',#13020,#13040);
#13060=CARTESIAN_POINT('',(-1.32,1.68499999999999,-4.025));
#13070=VERTEX_POINT('',#13060);
#13080=EDGE_CURVE('',#12990,#13070,#13050,.T.);
#13090=ORIENTED_EDGE('',*,*,#13080,.F.);
#13100=CARTESIAN_POINT('',(-1.32,1.68499999999999,-4.025));
#13110=DIRECTION('',(0.,1.,0.));
#13120=VECTOR('',#13110,1.);
#13130=LINE('',#13100,#13120);
#13140=EDGE_CURVE('',#13070,#12890,#13130,.T.);
#13150=ORIENTED_EDGE('',*,*,#13140,.F.);
#13160=EDGE_LOOP('',(#13150,#13090,#13010,#12930));
#13170=FACE_BOUND('',#13160,.T.);
#13180=CARTESIAN_POINT('',(-1.32,1.68499999999999,-0.944999999999999));
#13190=DIRECTION('',(0.,0.,1.));
#13200=VECTOR('',#13190,1.);
#13210=LINE('',#13180,#13200);
#13220=CARTESIAN_POINT('',(-1.32,1.68499999999999,-0.944999999999999));
#13230=VERTEX_POINT('',#13220);
#13240=CARTESIAN_POINT('',(-1.32,1.68499999999999,-0.824999999999999));
#13250=VERTEX_POINT('',#13240);
#13260=EDGE_CURVE('',#13230,#13250,#13210,.T.);
#13270=ORIENTED_EDGE('',*,*,#13260,.F.);
#13280=CARTESIAN_POINT('',(-1.32,1.68499999999999,-0.824999999999999));
#13290=DIRECTION('',(0.,1.,0.));
#13300=VECTOR('',#13290,1.);
#13310=LINE('',#13280,#13300);
#13320=CARTESIAN_POINT('',(-1.32,1.93249999999999,-0.824999999999999));
#13330=VERTEX_POINT('',#13320);
#13340=EDGE_CURVE('',#13250,#13330,#13310,.T.);
#13350=ORIENTED_EDGE('',*,*,#13340,.F.);
#13360=CARTESIAN_POINT('',(-1.32,1.93249999999999,-0.824999999999999));
#13370=DIRECTION('',(0.,0.,-1.));
#13380=VECTOR('',#13370,1.);
#13390=LINE('',#13360,#13380);
#13400=CARTESIAN_POINT('',(-1.32,1.93249999999999,-0.944999999999999));
#13410=VERTEX_POINT('',#13400);
#13420=EDGE_CURVE('',#13330,#13410,#13390,.T.);
#13430=ORIENTED_EDGE('',*,*,#13420,.F.);
#13440=CARTESIAN_POINT('',(-1.32,1.68499999999999,-0.944999999999999));
#13450=DIRECTION('',(1.79429983777803E-15,1.,0.));
#13460=VECTOR('',#13450,1.);
#13470=LINE('',#13440,#13460);
#13480=EDGE_CURVE('',#13230,#13410,#13470,.T.);
#13490=ORIENTED_EDGE('',*,*,#13480,.T.);
#13500=EDGE_LOOP('',(#13490,#13430,#13350,#13270));
#13510=FACE_BOUND('',#13500,.T.);
#13520=ADVANCED_FACE('',(#8410,#8750,#9090,#9430,#9770,#10110,#10450,
#10790,#11130,#11470,#11810,#12150,#12490,#12830,#13170,#13510),#8300,
.T.);
#13530=CARTESIAN_POINT('',(-0.929999999999999,1.95,2.01));
#13540=DIRECTION('',(1.78077883540374E-15,1.,1.62093906809941E-47));
#13550=DIRECTION('',(2.33071914877005E-31,-4.31258923820987E-46,1.));
#13560=AXIS2_PLACEMENT_3D('',#13530,#13540,#13550);
#13570=PLANE('',#13560);
#13580=ORIENTED_EDGE('',*,*,#6720,.T.);
#13590=CARTESIAN_POINT('',(1.32,1.95,-7.185));
#13600=DIRECTION('',(0.,0.,1.));
#13610=VECTOR('',#13600,1.);
#13620=LINE('',#13590,#13610);
#13630=EDGE_CURVE('',#6630,#7860,#13620,.T.);
#13640=ORIENTED_EDGE('',*,*,#13630,.F.);
#13650=ORIENTED_EDGE('',*,*,#7870,.F.);
#13660=ORIENTED_EDGE('',*,*,#8380,.T.);
#13670=EDGE_LOOP('',(#13660,#13650,#13640,#13580));
#13680=FACE_OUTER_BOUND('',#13670,.T.);
#13690=ADVANCED_FACE('',(#13680),#13570,.T.);
#13700=CARTESIAN_POINT('',(1.32,1.9167,0.204999999999997));
#13710=DIRECTION('',(-1.,-5.17519264650211E-15,0.));
#13720=DIRECTION('',(5.17519264650211E-15,-1.,0.));
#13730=AXIS2_PLACEMENT_3D('',#13700,#13710,#13720);
#13740=PLANE('',#13730);
#13750=ORIENTED_EDGE('',*,*,#6640,.F.);
#13760=CARTESIAN_POINT('',(1.32,1.65,1.415));
#13770=DIRECTION('',(0.,0.,-1.));
#13780=VECTOR('',#13770,1.);
#13790=LINE('',#13760,#13780);
#13800=EDGE_CURVE('',#7940,#6550,#13790,.T.);
#13810=ORIENTED_EDGE('',*,*,#13800,.T.);
#13820=ORIENTED_EDGE('',*,*,#7950,.F.);
#13830=ORIENTED_EDGE('',*,*,#13630,.T.);
#13840=EDGE_LOOP('',(#13830,#13820,#13810,#13750));
#13850=FACE_OUTER_BOUND('',#13840,.T.);
#13860=CARTESIAN_POINT('',(1.32,1.68499999999999,-0.144999999999999));
#13870=DIRECTION('',(0.,0.,1.));
#13880=VECTOR('',#13870,1.);
#13890=LINE('',#13860,#13880);
#13900=CARTESIAN_POINT('',(1.32,1.68499999999999,-0.144999999999999));
#13910=VERTEX_POINT('',#13900);
#13920=CARTESIAN_POINT('',(1.32,1.68499999999999,-0.024999999999999));
#13930=VERTEX_POINT('',#13920);
#13940=EDGE_CURVE('',#13910,#13930,#13890,.T.);
#13950=ORIENTED_EDGE('',*,*,#13940,.T.);
#13960=CARTESIAN_POINT('',(1.32,1.93249999999999,-0.144999999999999));
#13970=DIRECTION('',(4.48574959444508E-15,-1.,0.));
#13980=VECTOR('',#13970,1.);
#13990=LINE('',#13960,#13980);
#14000=CARTESIAN_POINT('',(1.32,1.93249999999999,-0.144999999999999));
#14010=VERTEX_POINT('',#14000);
#14020=EDGE_CURVE('',#14010,#13910,#13990,.T.);
#14030=ORIENTED_EDGE('',*,*,#14020,.T.);
#14040=CARTESIAN_POINT('',(1.32,1.93249999999999,-0.024999999999999));
#14050=DIRECTION('',(0.,0.,-1.));
#14060=VECTOR('',#14050,1.);
#14070=LINE('',#14040,#14060);
#14080=CARTESIAN_POINT('',(1.32,1.93249999999999,-0.024999999999999));
#14090=VERTEX_POINT('',#14080);
#14100=EDGE_CURVE('',#14090,#14010,#14070,.T.);
#14110=ORIENTED_EDGE('',*,*,#14100,.T.);
#14120=CARTESIAN_POINT('',(1.32,1.93249999999999,-0.024999999999999));
#14130=DIRECTION('',(0.,-1.,0.));
#14140=VECTOR('',#14130,1.);
#14150=LINE('',#14120,#14140);
#14160=EDGE_CURVE('',#14090,#13930,#14150,.T.);
#14170=ORIENTED_EDGE('',*,*,#14160,.F.);
#14180=EDGE_LOOP('',(#14170,#14110,#14030,#13950));
#14190=FACE_BOUND('',#14180,.T.);
#14200=CARTESIAN_POINT('',(1.32,1.68499999999999,-1.345));
#14210=DIRECTION('',(0.,0.,1.));
#14220=VECTOR('',#14210,1.);
#14230=LINE('',#14200,#14220);
#14240=CARTESIAN_POINT('',(1.32,1.68499999999999,-1.345));
#14250=VERTEX_POINT('',#14240);
#14260=CARTESIAN_POINT('',(1.32,1.68499999999999,-1.225));
#14270=VERTEX_POINT('',#14260);
#14280=EDGE_CURVE('',#14250,#14270,#14230,.T.);
#14290=ORIENTED_EDGE('',*,*,#14280,.T.);
#14300=CARTESIAN_POINT('',(1.32,1.93249999999999,-1.345));
#14310=DIRECTION('',(4.48574959444508E-15,-1.,0.));
#14320=VECTOR('',#14310,1.);
#14330=LINE('',#14300,#14320);
#14340=CARTESIAN_POINT('',(1.32,1.93249999999999,-1.345));
#14350=VERTEX_POINT('',#14340);
#14360=EDGE_CURVE('',#14350,#14250,#14330,.T.);
#14370=ORIENTED_EDGE('',*,*,#14360,.T.);
#14380=CARTESIAN_POINT('',(1.32,1.93249999999999,-1.225));
#14390=DIRECTION('',(0.,0.,-1.));
#14400=VECTOR('',#14390,1.);
#14410=LINE('',#14380,#14400);
#14420=CARTESIAN_POINT('',(1.32,1.93249999999999,-1.225));
#14430=VERTEX_POINT('',#14420);
#14440=EDGE_CURVE('',#14430,#14350,#14410,.T.);
#14450=ORIENTED_EDGE('',*,*,#14440,.T.);
#14460=CARTESIAN_POINT('',(1.32,1.93249999999999,-1.225));
#14470=DIRECTION('',(0.,-1.,0.));
#14480=VECTOR('',#14470,1.);
#14490=LINE('',#14460,#14480);
#14500=EDGE_CURVE('',#14430,#14270,#14490,.T.);
#14510=ORIENTED_EDGE('',*,*,#14500,.F.);
#14520=EDGE_LOOP('',(#14510,#14450,#14370,#14290));
#14530=FACE_BOUND('',#14520,.T.);
#14540=CARTESIAN_POINT('',(1.32,1.93249999999999,-0.824999999999999));
#14550=DIRECTION('',(0.,0.,-1.));
#14560=VECTOR('',#14550,1.);
#14570=LINE('',#14540,#14560);
#14580=CARTESIAN_POINT('',(1.32,1.93249999999999,-0.824999999999999));
#14590=VERTEX_POINT('',#14580);
#14600=CARTESIAN_POINT('',(1.32,1.93249999999999,-0.944999999999999));
#14610=VERTEX_POINT('',#14600);
#14620=EDGE_CURVE('',#14590,#14610,#14570,.T.);
#14630=ORIENTED_EDGE('',*,*,#14620,.T.);
#14640=CARTESIAN_POINT('',(1.32,1.93249999999999,-0.824999999999999));
#14650=DIRECTION('',(0.,-1.,0.));
#14660=VECTOR('',#14650,1.);
#14670=LINE('',#14640,#14660);
#14680=CARTESIAN_POINT('',(1.32,1.68499999999999,-0.824999999999999));
#14690=VERTEX_POINT('',#14680);
#14700=EDGE_CURVE('',#14590,#14690,#14670,.T.);
#14710=ORIENTED_EDGE('',*,*,#14700,.F.);
#14720=CARTESIAN_POINT('',(1.32,1.68499999999999,-0.944999999999999));
#14730=DIRECTION('',(0.,0.,1.));
#14740=VECTOR('',#14730,1.);
#14750=LINE('',#14720,#14740);
#14760=CARTESIAN_POINT('',(1.32,1.68499999999999,-0.944999999999999));
#14770=VERTEX_POINT('',#14760);
#14780=EDGE_CURVE('',#14770,#14690,#14750,.T.);
#14790=ORIENTED_EDGE('',*,*,#14780,.T.);
#14800=CARTESIAN_POINT('',(1.32,1.93249999999999,-0.944999999999999));
#14810=DIRECTION('',(4.48574959444508E-15,-1.,0.));
#14820=VECTOR('',#14810,1.);
#14830=LINE('',#14800,#14820);
#14840=EDGE_CURVE('',#14610,#14770,#14830,.T.);
#14850=ORIENTED_EDGE('',*,*,#14840,.T.);
#14860=EDGE_LOOP('',(#14850,#14790,#14710,#14630));
#14870=FACE_BOUND('',#14860,.T.);
#14880=CARTESIAN_POINT('',(1.32,1.93249999999999,-2.025));
#14890=DIRECTION('',(0.,0.,-1.));
#14900=VECTOR('',#14890,1.);
#14910=LINE('',#14880,#14900);
#14920=CARTESIAN_POINT('',(1.32,1.93249999999999,-2.025));
#14930=VERTEX_POINT('',#14920);
#14940=CARTESIAN_POINT('',(1.32,1.93249999999999,-2.145));
#14950=VERTEX_POINT('',#14940);
#14960=EDGE_CURVE('',#14930,#14950,#14910,.T.);
#14970=ORIENTED_EDGE('',*,*,#14960,.T.);
#14980=CARTESIAN_POINT('',(1.32,1.93249999999999,-2.025));
#14990=DIRECTION('',(0.,-1.,0.));
#15000=VECTOR('',#14990,1.);
#15010=LINE('',#14980,#15000);
#15020=CARTESIAN_POINT('',(1.32,1.68499999999999,-2.025));
#15030=VERTEX_POINT('',#15020);
#15040=EDGE_CURVE('',#14930,#15030,#15010,.T.);
#15050=ORIENTED_EDGE('',*,*,#15040,.F.);
#15060=CARTESIAN_POINT('',(1.32,1.68499999999999,-2.145));
#15070=DIRECTION('',(0.,0.,1.));
#15080=VECTOR('',#15070,1.);
#15090=LINE('',#15060,#15080);
#15100=CARTESIAN_POINT('',(1.32,1.68499999999999,-2.145));
#15110=VERTEX_POINT('',#15100);
#15120=EDGE_CURVE('',#15110,#15030,#15090,.T.);
#15130=ORIENTED_EDGE('',*,*,#15120,.T.);
#15140=CARTESIAN_POINT('',(1.32,1.93249999999999,-2.145));
#15150=DIRECTION('',(4.48574959444508E-15,-1.,0.));
#15160=VECTOR('',#15150,1.);
#15170=LINE('',#15140,#15160);
#15180=EDGE_CURVE('',#14950,#15110,#15170,.T.);
#15190=ORIENTED_EDGE('',*,*,#15180,.T.);
#15200=EDGE_LOOP('',(#15190,#15130,#15050,#14970));
#15210=FACE_BOUND('',#15200,.T.);
#15220=CARTESIAN_POINT('',(1.32,1.93249999999999,-1.625));
#15230=DIRECTION('',(0.,0.,-1.));
#15240=VECTOR('',#15230,1.);
#15250=LINE('',#15220,#15240);
#15260=CARTESIAN_POINT('',(1.32,1.93249999999999,-1.625));
#15270=VERTEX_POINT('',#15260);
#15280=CARTESIAN_POINT('',(1.32,1.93249999999999,-1.745));
#15290=VERTEX_POINT('',#15280);
#15300=EDGE_CURVE('',#15270,#15290,#15250,.T.);
#15310=ORIENTED_EDGE('',*,*,#15300,.T.);
#15320=CARTESIAN_POINT('',(1.32,1.93249999999999,-1.625));
#15330=DIRECTION('',(0.,-1.,0.));
#15340=VECTOR('',#15330,1.);
#15350=LINE('',#15320,#15340);
#15360=CARTESIAN_POINT('',(1.32,1.68499999999999,-1.625));
#15370=VERTEX_POINT('',#15360);
#15380=EDGE_CURVE('',#15270,#15370,#15350,.T.);
#15390=ORIENTED_EDGE('',*,*,#15380,.F.);
#15400=CARTESIAN_POINT('',(1.32,1.68499999999999,-1.745));
#15410=DIRECTION('',(0.,0.,1.));
#15420=VECTOR('',#15410,1.);
#15430=LINE('',#15400,#15420);
#15440=CARTESIAN_POINT('',(1.32,1.68499999999999,-1.745));
#15450=VERTEX_POINT('',#15440);
#15460=EDGE_CURVE('',#15450,#15370,#15430,.T.);
#15470=ORIENTED_EDGE('',*,*,#15460,.T.);
#15480=CARTESIAN_POINT('',(1.32,1.93249999999999,-1.745));
#15490=DIRECTION('',(4.48574959444508E-15,-1.,0.));
#15500=VECTOR('',#15490,1.);
#15510=LINE('',#15480,#15500);
#15520=EDGE_CURVE('',#15290,#15450,#15510,.T.);
#15530=ORIENTED_EDGE('',*,*,#15520,.T.);
#15540=EDGE_LOOP('',(#15530,#15470,#15390,#15310));
#15550=FACE_BOUND('',#15540,.T.);
#15560=CARTESIAN_POINT('',(1.32,1.93249999999999,-2.825));
#15570=DIRECTION('',(0.,0.,-1.));
#15580=VECTOR('',#15570,1.);
#15590=LINE('',#15560,#15580);
#15600=CARTESIAN_POINT('',(1.32,1.93249999999999,-2.825));
#15610=VERTEX_POINT('',#15600);
#15620=CARTESIAN_POINT('',(1.32,1.93249999999999,-2.945));
#15630=VERTEX_POINT('',#15620);
#15640=EDGE_CURVE('',#15610,#15630,#15590,.T.);
#15650=ORIENTED_EDGE('',*,*,#15640,.T.);
#15660=CARTESIAN_POINT('',(1.32,1.93249999999999,-2.825));
#15670=DIRECTION('',(0.,-1.,0.));
#15680=VECTOR('',#15670,1.);
#15690=LINE('',#15660,#15680);
#15700=CARTESIAN_POINT('',(1.32,1.68499999999999,-2.825));
#15710=VERTEX_POINT('',#15700);
#15720=EDGE_CURVE('',#15610,#15710,#15690,.T.);
#15730=ORIENTED_EDGE('',*,*,#15720,.F.);
#15740=CARTESIAN_POINT('',(1.32,1.68499999999999,-2.945));
#15750=DIRECTION('',(0.,0.,1.));
#15760=VECTOR('',#15750,1.);
#15770=LINE('',#15740,#15760);
#15780=CARTESIAN_POINT('',(1.32,1.68499999999999,-2.945));
#15790=VERTEX_POINT('',#15780);
#15800=EDGE_CURVE('',#15790,#15710,#15770,.T.);
#15810=ORIENTED_EDGE('',*,*,#15800,.T.);
#15820=CARTESIAN_POINT('',(1.32,1.93249999999999,-2.945));
#15830=DIRECTION('',(4.48574959444508E-15,-1.,0.));
#15840=VECTOR('',#15830,1.);
#15850=LINE('',#15820,#15840);
#15860=EDGE_CURVE('',#15630,#15790,#15850,.T.);
#15870=ORIENTED_EDGE('',*,*,#15860,.T.);
#15880=EDGE_LOOP('',(#15870,#15810,#15730,#15650));
#15890=FACE_BOUND('',#15880,.T.);
#15900=CARTESIAN_POINT('',(1.32,1.93249999999999,-2.425));
#15910=DIRECTION('',(0.,0.,-1.));
#15920=VECTOR('',#15910,1.);
#15930=LINE('',#15900,#15920);
#15940=CARTESIAN_POINT('',(1.32,1.93249999999999,-2.425));
#15950=VERTEX_POINT('',#15940);
#15960=CARTESIAN_POINT('',(1.32,1.93249999999999,-2.545));
#15970=VERTEX_POINT('',#15960);
#15980=EDGE_CURVE('',#15950,#15970,#15930,.T.);
#15990=ORIENTED_EDGE('',*,*,#15980,.T.);
#16000=CARTESIAN_POINT('',(1.32,1.93249999999999,-2.425));
#16010=DIRECTION('',(0.,-1.,0.));
#16020=VECTOR('',#16010,1.);
#16030=LINE('',#16000,#16020);
#16040=CARTESIAN_POINT('',(1.32,1.68499999999999,-2.425));
#16050=VERTEX_POINT('',#16040);
#16060=EDGE_CURVE('',#15950,#16050,#16030,.T.);
#16070=ORIENTED_EDGE('',*,*,#16060,.F.);
#16080=CARTESIAN_POINT('',(1.32,1.68499999999999,-2.545));
#16090=DIRECTION('',(0.,0.,1.));
#16100=VECTOR('',#16090,1.);
#16110=LINE('',#16080,#16100);
#16120=CARTESIAN_POINT('',(1.32,1.68499999999999,-2.545));
#16130=VERTEX_POINT('',#16120);
#16140=EDGE_CURVE('',#16130,#16050,#16110,.T.);
#16150=ORIENTED_EDGE('',*,*,#16140,.T.);
#16160=CARTESIAN_POINT('',(1.32,1.93249999999999,-2.545));
#16170=DIRECTION('',(4.48574959444508E-15,-1.,0.));
#16180=VECTOR('',#16170,1.);
#16190=LINE('',#16160,#16180);
#16200=EDGE_CURVE('',#15970,#16130,#16190,.T.);
#16210=ORIENTED_EDGE('',*,*,#16200,.T.);
#16220=EDGE_LOOP('',(#16210,#16150,#16070,#15990));
#16230=FACE_BOUND('',#16220,.T.);
#16240=CARTESIAN_POINT('',(1.32,1.93249999999999,-3.225));
#16250=DIRECTION('',(0.,0.,-1.));
#16260=VECTOR('',#16250,1.);
#16270=LINE('',#16240,#16260);
#16280=CARTESIAN_POINT('',(1.32,1.93249999999999,-3.225));
#16290=VERTEX_POINT('',#16280);
#16300=CARTESIAN_POINT('',(1.32,1.93249999999999,-3.345));
#16310=VERTEX_POINT('',#16300);
#16320=EDGE_CURVE('',#16290,#16310,#16270,.T.);
#16330=ORIENTED_EDGE('',*,*,#16320,.T.);
#16340=CARTESIAN_POINT('',(1.32,1.93249999999999,-3.225));
#16350=DIRECTION('',(0.,-1.,0.));
#16360=VECTOR('',#16350,1.);
#16370=LINE('',#16340,#16360);
#16380=CARTESIAN_POINT('',(1.32,1.68499999999999,-3.225));
#16390=VERTEX_POINT('',#16380);
#16400=EDGE_CURVE('',#16290,#16390,#16370,.T.);
#16410=ORIENTED_EDGE('',*,*,#16400,.F.);
#16420=CARTESIAN_POINT('',(1.32,1.68499999999999,-3.345));
#16430=DIRECTION('',(0.,0.,1.));
#16440=VECTOR('',#16430,1.);
#16450=LINE('',#16420,#16440);
#16460=CARTESIAN_POINT('',(1.32,1.68499999999999,-3.345));
#16470=VERTEX_POINT('',#16460);
#16480=EDGE_CURVE('',#16470,#16390,#16450,.T.);
#16490=ORIENTED_EDGE('',*,*,#16480,.T.);
#16500=CARTESIAN_POINT('',(1.32,1.93249999999999,-3.345));
#16510=DIRECTION('',(4.48574959444508E-15,-1.,0.));
#16520=VECTOR('',#16510,1.);
#16530=LINE('',#16500,#16520);
#16540=EDGE_CURVE('',#16310,#16470,#16530,.T.);
#16550=ORIENTED_EDGE('',*,*,#16540,.T.);
#16560=EDGE_LOOP('',(#16550,#16490,#16410,#16330));
#16570=FACE_BOUND('',#16560,.T.);
#16580=CARTESIAN_POINT('',(1.32,1.68499999999999,-5.345));
#16590=DIRECTION('',(0.,0.,1.));
#16600=VECTOR('',#16590,1.);
#16610=LINE('',#16580,#16600);
#16620=CARTESIAN_POINT('',(1.32,1.68499999999999,-5.345));
#16630=VERTEX_POINT('',#16620);
#16640=CARTESIAN_POINT('',(1.32,1.68499999999999,-5.225));
#16650=VERTEX_POINT('',#16640);
#16660=EDGE_CURVE('',#16630,#16650,#16610,.T.);
#16670=ORIENTED_EDGE('',*,*,#16660,.T.);
#16680=CARTESIAN_POINT('',(1.32,1.93249999999999,-5.345));
#16690=DIRECTION('',(4.48574959444508E-15,-1.,0.));
#16700=VECTOR('',#16690,1.);
#16710=LINE('',#16680,#16700);
#16720=CARTESIAN_POINT('',(1.32,1.93249999999999,-5.345));
#16730=VERTEX_POINT('',#16720);
#16740=EDGE_CURVE('',#16730,#16630,#16710,.T.);
#16750=ORIENTED_EDGE('',*,*,#16740,.T.);
#16760=CARTESIAN_POINT('',(1.32,1.93249999999999,-5.225));
#16770=DIRECTION('',(0.,0.,-1.));
#16780=VECTOR('',#16770,1.);
#16790=LINE('',#16760,#16780);
#16800=CARTESIAN_POINT('',(1.32,1.93249999999999,-5.225));
#16810=VERTEX_POINT('',#16800);
#16820=EDGE_CURVE('',#16810,#16730,#16790,.T.);
#16830=ORIENTED_EDGE('',*,*,#16820,.T.);
#16840=CARTESIAN_POINT('',(1.32,1.93249999999999,-5.225));
#16850=DIRECTION('',(0.,-1.,0.));
#16860=VECTOR('',#16850,1.);
#16870=LINE('',#16840,#16860);
#16880=EDGE_CURVE('',#16810,#16650,#16870,.T.);
#16890=ORIENTED_EDGE('',*,*,#16880,.F.);
#16900=EDGE_LOOP('',(#16890,#16830,#16750,#16670));
#16910=FACE_BOUND('',#16900,.T.);
#16920=CARTESIAN_POINT('',(1.32,1.68499999999999,-5.745));
#16930=DIRECTION('',(0.,0.,1.));
#16940=VECTOR('',#16930,1.);
#16950=LINE('',#16920,#16940);
#16960=CARTESIAN_POINT('',(1.32,1.68499999999999,-5.745));
#16970=VERTEX_POINT('',#16960);
#16980=CARTESIAN_POINT('',(1.32,1.68499999999999,-5.625));
#16990=VERTEX_POINT('',#16980);
#17000=EDGE_CURVE('',#16970,#16990,#16950,.T.);
#17010=ORIENTED_EDGE('',*,*,#17000,.T.);
#17020=CARTESIAN_POINT('',(1.32,1.93249999999999,-5.745));
#17030=DIRECTION('',(4.48574959444508E-15,-1.,0.));
#17040=VECTOR('',#17030,1.);
#17050=LINE('',#17020,#17040);
#17060=CARTESIAN_POINT('',(1.32,1.93249999999999,-5.745));
#17070=VERTEX_POINT('',#17060);
#17080=EDGE_CURVE('',#17070,#16970,#17050,.T.);
#17090=ORIENTED_EDGE('',*,*,#17080,.T.);
#17100=CARTESIAN_POINT('',(1.32,1.93249999999999,-5.625));
#17110=DIRECTION('',(0.,0.,-1.));
#17120=VECTOR('',#17110,1.);
#17130=LINE('',#17100,#17120);
#17140=CARTESIAN_POINT('',(1.32,1.93249999999999,-5.625));
#17150=VERTEX_POINT('',#17140);
#17160=EDGE_CURVE('',#17150,#17070,#17130,.T.);
#17170=ORIENTED_EDGE('',*,*,#17160,.T.);
#17180=CARTESIAN_POINT('',(1.32,1.93249999999999,-5.625));
#17190=DIRECTION('',(0.,-1.,0.));
#17200=VECTOR('',#17190,1.);
#17210=LINE('',#17180,#17200);
#17220=EDGE_CURVE('',#17150,#16990,#17210,.T.);
#17230=ORIENTED_EDGE('',*,*,#17220,.F.);
#17240=EDGE_LOOP('',(#17230,#17170,#17090,#17010));
#17250=FACE_BOUND('',#17240,.T.);
#17260=CARTESIAN_POINT('',(1.32,1.68499999999999,-4.945));
#17270=DIRECTION('',(0.,0.,1.));
#17280=VECTOR('',#17270,1.);
#17290=LINE('',#17260,#17280);
#17300=CARTESIAN_POINT('',(1.32,1.68499999999999,-4.945));
#17310=VERTEX_POINT('',#17300);
#17320=CARTESIAN_POINT('',(1.32,1.68499999999999,-4.825));
#17330=VERTEX_POINT('',#17320);
#17340=EDGE_CURVE('',#17310,#17330,#17290,.T.);
#17350=ORIENTED_EDGE('',*,*,#17340,.T.);
#17360=CARTESIAN_POINT('',(1.32,1.93249999999999,-4.945));
#17370=DIRECTION('',(4.48574959444508E-15,-1.,0.));
#17380=VECTOR('',#17370,1.);
#17390=LINE('',#17360,#17380);
#17400=CARTESIAN_POINT('',(1.32,1.93249999999999,-4.945));
#17410=VERTEX_POINT('',#17400);
#17420=EDGE_CURVE('',#17410,#17310,#17390,.T.);
#17430=ORIENTED_EDGE('',*,*,#17420,.T.);
#17440=CARTESIAN_POINT('',(1.32,1.93249999999999,-4.825));
#17450=DIRECTION('',(0.,0.,-1.));
#17460=VECTOR('',#17450,1.);
#17470=LINE('',#17440,#17460);
#17480=CARTESIAN_POINT('',(1.32,1.93249999999999,-4.825));
#17490=VERTEX_POINT('',#17480);
#17500=EDGE_CURVE('',#17490,#17410,#17470,.T.);
#17510=ORIENTED_EDGE('',*,*,#17500,.T.);
#17520=CARTESIAN_POINT('',(1.32,1.93249999999999,-4.825));
#17530=DIRECTION('',(0.,-1.,0.));
#17540=VECTOR('',#17530,1.);
#17550=LINE('',#17520,#17540);
#17560=EDGE_CURVE('',#17490,#17330,#17550,.T.);
#17570=ORIENTED_EDGE('',*,*,#17560,.F.);
#17580=EDGE_LOOP('',(#17570,#17510,#17430,#17350));
#17590=FACE_BOUND('',#17580,.T.);
#17600=CARTESIAN_POINT('',(1.32,1.93249999999999,-4.425));
#17610=DIRECTION('',(0.,0.,-1.));
#17620=VECTOR('',#17610,1.);
#17630=LINE('',#17600,#17620);
#17640=CARTESIAN_POINT('',(1.32,1.93249999999999,-4.425));
#17650=VERTEX_POINT('',#17640);
#17660=CARTESIAN_POINT('',(1.32,1.93249999999999,-4.545));
#17670=VERTEX_POINT('',#17660);
#17680=EDGE_CURVE('',#17650,#17670,#17630,.T.);
#17690=ORIENTED_EDGE('',*,*,#17680,.T.);
#17700=CARTESIAN_POINT('',(1.32,1.93249999999999,-4.425));
#17710=DIRECTION('',(0.,-1.,0.));
#17720=VECTOR('',#17710,1.);
#17730=LINE('',#17700,#17720);
#17740=CARTESIAN_POINT('',(1.32,1.68499999999999,-4.425));
#17750=VERTEX_POINT('',#17740);
#17760=EDGE_CURVE('',#17650,#17750,#17730,.T.);
#17770=ORIENTED_EDGE('',*,*,#17760,.F.);
#17780=CARTESIAN_POINT('',(1.32,1.68499999999999,-4.545));
#17790=DIRECTION('',(0.,0.,1.));
#17800=VECTOR('',#17790,1.);
#17810=LINE('',#17780,#17800);
#17820=CARTESIAN_POINT('',(1.32,1.68499999999999,-4.545));
#17830=VERTEX_POINT('',#17820);
#17840=EDGE_CURVE('',#17830,#17750,#17810,.T.);
#17850=ORIENTED_EDGE('',*,*,#17840,.T.);
#17860=CARTESIAN_POINT('',(1.32,1.93249999999999,-4.545));
#17870=DIRECTION('',(4.48574959444508E-15,-1.,0.));
#17880=VECTOR('',#17870,1.);
#17890=LINE('',#17860,#17880);
#17900=EDGE_CURVE('',#17670,#17830,#17890,.T.);
#17910=ORIENTED_EDGE('',*,*,#17900,.T.);
#17920=EDGE_LOOP('',(#17910,#17850,#17770,#17690));
#17930=FACE_BOUND('',#17920,.T.);
#17940=CARTESIAN_POINT('',(1.32,1.93249999999999,-4.025));
#17950=DIRECTION('',(0.,0.,-1.));
#17960=VECTOR('',#17950,1.);
#17970=LINE('',#17940,#17960);
#17980=CARTESIAN_POINT('',(1.32,1.93249999999999,-4.025));
#17990=VERTEX_POINT('',#17980);
#18000=CARTESIAN_POINT('',(1.32,1.93249999999999,-4.145));
#18010=VERTEX_POINT('',#18000);
#18020=EDGE_CURVE('',#17990,#18010,#17970,.T.);
#18030=ORIENTED_EDGE('',*,*,#18020,.T.);
#18040=CARTESIAN_POINT('',(1.32,1.93249999999999,-4.025));
#18050=DIRECTION('',(0.,-1.,0.));
#18060=VECTOR('',#18050,1.);
#18070=LINE('',#18040,#18060);
#18080=CARTESIAN_POINT('',(1.32,1.68499999999999,-4.025));
#18090=VERTEX_POINT('',#18080);
#18100=EDGE_CURVE('',#17990,#18090,#18070,.T.);
#18110=ORIENTED_EDGE('',*,*,#18100,.F.);
#18120=CARTESIAN_POINT('',(1.32,1.68499999999999,-4.145));
#18130=DIRECTION('',(0.,0.,1.));
#18140=VECTOR('',#18130,1.);
#18150=LINE('',#18120,#18140);
#18160=CARTESIAN_POINT('',(1.32,1.68499999999999,-4.145));
#18170=VERTEX_POINT('',#18160);
#18180=EDGE_CURVE('',#18170,#18090,#18150,.T.);
#18190=ORIENTED_EDGE('',*,*,#18180,.T.);
#18200=CARTESIAN_POINT('',(1.32,1.93249999999999,-4.145));
#18210=DIRECTION('',(4.48574959444508E-15,-1.,0.));
#18220=VECTOR('',#18210,1.);
#18230=LINE('',#18200,#18220);
#18240=EDGE_CURVE('',#18010,#18170,#18230,.T.);
#18250=ORIENTED_EDGE('',*,*,#18240,.T.);
#18260=EDGE_LOOP('',(#18250,#18190,#18110,#18030));
#18270=FACE_BOUND('',#18260,.T.);
#18280=CARTESIAN_POINT('',(1.32,1.93249999999999,-3.745));
#18290=DIRECTION('',(0.,0.,1.));
#18300=VECTOR('',#18290,1.);
#18310=LINE('',#18280,#18300);
#18320=CARTESIAN_POINT('',(1.32,1.93249999999999,-3.745));
#18330=VERTEX_POINT('',#18320);
#18340=CARTESIAN_POINT('',(1.32,1.93249999999998,-3.625));
#18350=VERTEX_POINT('',#18340);
#18360=EDGE_CURVE('',#18330,#18350,#18310,.T.);
#18370=ORIENTED_EDGE('',*,*,#18360,.F.);
#18380=CARTESIAN_POINT('',(1.32,1.68499999999999,-3.625));
#18390=DIRECTION('',(-4.48574959444526E-15,1.,0.));
#18400=VECTOR('',#18390,1.);
#18410=LINE('',#18380,#18400);
#18420=CARTESIAN_POINT('',(1.32,1.68499999999999,-3.625));
#18430=VERTEX_POINT('',#18420);
#18440=EDGE_CURVE('',#18430,#18350,#18410,.T.);
#18450=ORIENTED_EDGE('',*,*,#18440,.T.);
#18460=CARTESIAN_POINT('',(1.32,1.68499999999999,-3.625));
#18470=DIRECTION('',(0.,0.,-1.));
#18480=VECTOR('',#18470,1.);
#18490=LINE('',#18460,#18480);
#18500=CARTESIAN_POINT('',(1.32,1.68499999999999,-3.745));
#18510=VERTEX_POINT('',#18500);
#18520=EDGE_CURVE('',#18430,#18510,#18490,.T.);
#18530=ORIENTED_EDGE('',*,*,#18520,.F.);
#18540=CARTESIAN_POINT('',(1.32,1.68499999999999,-3.745));
#18550=DIRECTION('',(0.,1.,0.));
#18560=VECTOR('',#18550,1.);
#18570=LINE('',#18540,#18560);
#18580=EDGE_CURVE('',#18510,#18330,#18570,.T.);
#18590=ORIENTED_EDGE('',*,*,#18580,.F.);
#18600=EDGE_LOOP('',(#18590,#18530,#18450,#18370));
#18610=FACE_BOUND('',#18600,.T.);
#18620=CARTESIAN_POINT('',(1.32,1.68499999999999,-0.544999999999999));
#18630=DIRECTION('',(0.,0.,1.));
#18640=VECTOR('',#18630,1.);
#18650=LINE('',#18620,#18640);
#18660=CARTESIAN_POINT('',(1.32,1.68499999999999,-0.544999999999999));
#18670=VERTEX_POINT('',#18660);
#18680=CARTESIAN_POINT('',(1.32,1.68499999999999,-0.424999999999999));
#18690=VERTEX_POINT('',#18680);
#18700=EDGE_CURVE('',#18670,#18690,#18650,.T.);
#18710=ORIENTED_EDGE('',*,*,#18700,.T.);
#18720=CARTESIAN_POINT('',(1.32,1.93249999999999,-0.544999999999999));
#18730=DIRECTION('',(4.48574959444508E-15,-1.,0.));
#18740=VECTOR('',#18730,1.);
#18750=LINE('',#18720,#18740);
#18760=CARTESIAN_POINT('',(1.32,1.93249999999999,-0.544999999999999));
#18770=VERTEX_POINT('',#18760);
#18780=EDGE_CURVE('',#18770,#18670,#18750,.T.);
#18790=ORIENTED_EDGE('',*,*,#18780,.T.);
#18800=CARTESIAN_POINT('',(1.32,1.93249999999999,-0.424999999999999));
#18810=DIRECTION('',(0.,0.,-1.));
#18820=VECTOR('',#18810,1.);
#18830=LINE('',#18800,#18820);
#18840=CARTESIAN_POINT('',(1.32,1.93249999999999,-0.424999999999999));
#18850=VERTEX_POINT('',#18840);
#18860=EDGE_CURVE('',#18850,#18770,#18830,.T.);
#18870=ORIENTED_EDGE('',*,*,#18860,.T.);
#18880=CARTESIAN_POINT('',(1.32,1.93249999999999,-0.424999999999999));
#18890=DIRECTION('',(0.,-1.,0.));
#18900=VECTOR('',#18890,1.);
#18910=LINE('',#18880,#18900);
#18920=EDGE_CURVE('',#18850,#18690,#18910,.T.);
#18930=ORIENTED_EDGE('',*,*,#18920,.F.);
#18940=EDGE_LOOP('',(#18930,#18870,#18790,#18710));
#18950=FACE_BOUND('',#18940,.T.);
#18960=ADVANCED_FACE('',(#13850,#14190,#14530,#14870,#15210,#15550,
#15890,#16230,#16570,#16910,#17250,#17590,#17930,#18270,#18610,#18950),
#13740,.F.);
#18970=CARTESIAN_POINT('',(-1.39845367857875,1.65,-3.83978887223424));
#18980=DIRECTION('',(-3.67381906146713E-16,1.,-1.22460635382238E-16));
#18990=DIRECTION('',(-1.,-3.67381906146713E-16,0.));
#19000=AXIS2_PLACEMENT_3D('',#18970,#18980,#18990);
#19010=PLANE('',#19000);
#19020=ORIENTED_EDGE('',*,*,#6560,.T.);
#19030=ORIENTED_EDGE('',*,*,#7170,.F.);
#19040=ORIENTED_EDGE('',*,*,#8010,.F.);
#19050=ORIENTED_EDGE('',*,*,#13800,.F.);
#19060=EDGE_LOOP('',(#19050,#19040,#19030,#19020));
#19070=FACE_OUTER_BOUND('',#19060,.T.);
#19080=ADVANCED_FACE('',(#19070),#19010,.T.);
#19090=CARTESIAN_POINT('',(-2.96101731916344,3.3223480408227,
-0.024999999999999));
#19100=DIRECTION('',(0.,0.,-1.));
#19110=DIRECTION('',(1.,1.22460635382238E-16,0.));
#19120=AXIS2_PLACEMENT_3D('',#19090,#19100,#19110);
#19130=PLANE('',#19120);
#19140=CARTESIAN_POINT('',(1.39,1.99999999999999,-0.024999999999999));
#19150=DIRECTION('',(-0.719844295420682,-0.694135570584235,0.));
#19160=VECTOR('',#19150,1.);
#19170=LINE('',#19140,#19160);
#19180=CARTESIAN_POINT('',(1.39,1.99999999999999,-0.024999999999999));
#19190=VERTEX_POINT('',#19180);
#19200=EDGE_CURVE('',#19190,#14090,#19170,.T.);
#19210=ORIENTED_EDGE('',*,*,#19200,.T.);
#19220=CARTESIAN_POINT('',(1.64,1.99999999999999,-0.024999999999999));
#19230=DIRECTION('',(-1.,-8.88178419700128E-16,0.));
#19240=VECTOR('',#19230,1.);
#19250=LINE('',#19220,#19240);
#19260=CARTESIAN_POINT('',(1.64,1.99999999999999,-0.024999999999999));
#19270=VERTEX_POINT('',#19260);
#19280=EDGE_CURVE('',#19270,#19190,#19250,.T.);
#19290=ORIENTED_EDGE('',*,*,#19280,.T.);
#19300=CARTESIAN_POINT('',(1.64,1.94999999999999,-0.024999999999999));
#19310=DIRECTION('',(0.,0.,1.));
#19320=DIRECTION('',(1.,0.,0.));
#19330=AXIS2_PLACEMENT_3D('',#19300,#19310,#19320);
#19340=CIRCLE('',#19330,0.05);
#19350=CARTESIAN_POINT('',(1.69,1.94999999999999,-0.024999999999999));
#19360=VERTEX_POINT('',#19350);
#19370=EDGE_CURVE('',#19360,#19270,#19340,.T.);
#19380=ORIENTED_EDGE('',*,*,#19370,.T.);
#19390=CARTESIAN_POINT('',(1.69,1.86999999999999,-0.024999999999999));
#19400=DIRECTION('',(0.,1.,0.));
#19410=VECTOR('',#19400,1.);
#19420=LINE('',#19390,#19410);
#19430=CARTESIAN_POINT('',(1.69,1.86999999999999,-0.024999999999999));
#19440=VERTEX_POINT('',#19430);
#19450=EDGE_CURVE('',#19440,#19360,#19420,.T.);
#19460=ORIENTED_EDGE('',*,*,#19450,.T.);
#19470=CARTESIAN_POINT('',(1.51999999999999,1.86999999999999,
-0.024999999999999));
#19480=DIRECTION('',(1.,1.30614473485302E-15,0.));
#19490=VECTOR('',#19480,1.);
#19500=LINE('',#19470,#19490);
#19510=CARTESIAN_POINT('',(1.51999999999999,1.86999999999999,
-0.024999999999999));
#19520=VERTEX_POINT('',#19510);
#19530=EDGE_CURVE('',#19520,#19440,#19500,.T.);
#19540=ORIENTED_EDGE('',*,*,#19530,.T.);
#19550=CARTESIAN_POINT('',(1.52,1.81999999999999,-0.024999999999999));
#19560=DIRECTION('',(0.,0.,-1.));
#19570=DIRECTION('',(-0.900478877885031,-0.434899747623422,0.));
#19580=AXIS2_PLACEMENT_3D('',#19550,#19560,#19570);
#19590=CIRCLE('',#19580,0.0500000000000009);
#19600=CARTESIAN_POINT('',(1.47497605610576,1.79825501261879,
-0.024999999999999));
#19610=VERTEX_POINT('',#19600);
#19620=EDGE_CURVE('',#19610,#19520,#19590,.T.);
#19630=ORIENTED_EDGE('',*,*,#19620,.T.);
#19640=CARTESIAN_POINT('',(1.49502394389422,1.75674498738124,
-0.024999999999999));
#19650=DIRECTION('',(-0.434899747624539,0.900478877884491,0.));
#19660=VECTOR('',#19650,1.);
#19670=LINE('',#19640,#19660);
#19680=CARTESIAN_POINT('',(1.49502394389422,1.75674498738122,
-0.024999999999999));
#19690=VERTEX_POINT('',#19680);
#19700=EDGE_CURVE('',#19690,#19610,#19670,.T.);
#19710=ORIENTED_EDGE('',*,*,#19700,.T.);
#19720=CARTESIAN_POINT('',(1.45,1.73499999999999,-0.024999999999999));
#19730=DIRECTION('',(0.,0.,1.));
#19740=DIRECTION('',(-3.99680288865058E-14,-1.,0.));
#19750=AXIS2_PLACEMENT_3D('',#19720,#19730,#19740);
#19760=CIRCLE('',#19750,0.0499999999999998);
#19770=CARTESIAN_POINT('',(1.45,1.68499999999999,-0.024999999999999));
#19780=VERTEX_POINT('',#19770);
#19790=EDGE_CURVE('',#19780,#19690,#19760,.T.);
#19800=ORIENTED_EDGE('',*,*,#19790,.T.);
#19810=CARTESIAN_POINT('',(1.32,1.68499999999999,-0.024999999999999));
#19820=DIRECTION('',(1.,0.,0.));
#19830=VECTOR('',#19820,1.);
#19840=LINE('',#19810,#19830);
#19850=EDGE_CURVE('',#13930,#19780,#19840,.T.);
#19860=ORIENTED_EDGE('',*,*,#19850,.T.);
#19870=ORIENTED_EDGE('',*,*,#14160,.T.);
#19880=EDGE_LOOP('',(#19870,#19860,#19800,#19710,#19630,#19540,#19460,
#19380,#19290,#19210));
#19890=FACE_OUTER_BOUND('',#19880,.T.);
#19900=ADVANCED_FACE('',(#19890),#19130,.F.);
#19910=CARTESIAN_POINT('',(1.39,1.99999999999999,-0.024999999999999));
#19920=DIRECTION('',(-0.694135570584234,0.719844295420684,0.));
#19930=DIRECTION('',(-0.719844295420684,-0.694135570584234,0.));
#19940=AXIS2_PLACEMENT_3D('',#19910,#19920,#19930);
#19950=PLANE('',#19940);
#19960=CARTESIAN_POINT('',(1.31999999999999,1.93249999999998,
-0.144999999999999));
#19970=DIRECTION('',(0.719844295420682,0.694135570584235,0.));
#19980=VECTOR('',#19970,1.);
#19990=LINE('',#19960,#19980);
#20000=CARTESIAN_POINT('',(1.39,1.99999999999999,-0.144999999999999));
#20010=VERTEX_POINT('',#20000);
#20020=EDGE_CURVE('',#14010,#20010,#19990,.T.);
#20030=ORIENTED_EDGE('',*,*,#20020,.F.);
#20040=CARTESIAN_POINT('',(1.39,1.99999999999999,-0.024999999999999));
#20050=DIRECTION('',(0.,0.,-1.));
#20060=VECTOR('',#20050,1.);
#20070=LINE('',#20040,#20060);
#20080=EDGE_CURVE('',#19190,#20010,#20070,.T.);
#20090=ORIENTED_EDGE('',*,*,#20080,.T.);
#20100=ORIENTED_EDGE('',*,*,#19200,.F.);
#20110=ORIENTED_EDGE('',*,*,#14100,.F.);
#20120=EDGE_LOOP('',(#20110,#20100,#20090,#20030));
#20130=FACE_OUTER_BOUND('',#20120,.T.);
#20140=ADVANCED_FACE('',(#20130),#19950,.T.);
#20150=CARTESIAN_POINT('',(-2.96101731916344,3.3223480408227,
-0.144999999999999));
#20160=DIRECTION('',(0.,0.,-1.));
#20170=DIRECTION('',(1.,1.22460635382238E-16,0.));
#20180=AXIS2_PLACEMENT_3D('',#20150,#20160,#20170);
#20190=PLANE('',#20180);
#20200=CARTESIAN_POINT('',(1.32,1.68499999999999,-0.144999999999999));
#20210=DIRECTION('',(1.,0.,0.));
#20220=VECTOR('',#20210,1.);
#20230=LINE('',#20200,#20220);
#20240=CARTESIAN_POINT('',(1.45,1.68499999999999,-0.144999999999999));
#20250=VERTEX_POINT('',#20240);
#20260=EDGE_CURVE('',#13910,#20250,#20230,.T.);
#20270=ORIENTED_EDGE('',*,*,#20260,.F.);
#20280=CARTESIAN_POINT('',(1.45,1.73499999999999,-0.144999999999999));
#20290=DIRECTION('',(0.,0.,-1.));
#20300=DIRECTION('',(0.900478877884499,0.434899747624523,0.));
#20310=AXIS2_PLACEMENT_3D('',#20280,#20290,#20300);
#20320=CIRCLE('',#20310,0.0499999999999998);
#20330=CARTESIAN_POINT('',(1.49502394389423,1.75674498738121,
-0.144999999999999));
#20340=VERTEX_POINT('',#20330);
#20350=EDGE_CURVE('',#20340,#20250,#20320,.T.);
#20360=ORIENTED_EDGE('',*,*,#20350,.T.);
#20370=CARTESIAN_POINT('',(1.47497605610577,1.79825501261876,
-0.144999999999999));
#20380=DIRECTION('',(0.434899747624554,-0.900478877884484,0.));
#20390=VECTOR('',#20380,1.);
#20400=LINE('',#20370,#20390);
#20410=CARTESIAN_POINT('',(1.47497605610578,1.79825501261876,
-0.144999999999999));
#20420=VERTEX_POINT('',#20410);
#20430=EDGE_CURVE('',#20420,#20340,#20400,.T.);
#20440=ORIENTED_EDGE('',*,*,#20430,.T.);
#20450=CARTESIAN_POINT('',(1.52,1.81999999999999,-0.144999999999999));
#20460=DIRECTION('',(0.,0.,1.));
#20470=DIRECTION('',(-3.55271367880043E-13,1.,0.));
#20480=AXIS2_PLACEMENT_3D('',#20450,#20460,#20470);
#20490=CIRCLE('',#20480,0.0500000000000009);
#20500=CARTESIAN_POINT('',(1.51999999999999,1.86999999999999,
-0.144999999999999));
#20510=VERTEX_POINT('',#20500);
#20520=EDGE_CURVE('',#20510,#20420,#20490,.T.);
#20530=ORIENTED_EDGE('',*,*,#20520,.T.);
#20540=CARTESIAN_POINT('',(1.52,1.86999999999999,-0.144999999999999));
#20550=DIRECTION('',(1.,-6.53072367426563E-15,0.));
#20560=VECTOR('',#20550,1.);
#20570=LINE('',#20540,#20560);
#20580=CARTESIAN_POINT('',(1.69,1.86999999999999,-0.144999999999999));
#20590=VERTEX_POINT('',#20580);
#20600=EDGE_CURVE('',#20510,#20590,#20570,.T.);
#20610=ORIENTED_EDGE('',*,*,#20600,.F.);
#20620=CARTESIAN_POINT('',(1.69,1.86999999999999,-0.144999999999999));
#20630=DIRECTION('',(0.,1.,0.));
#20640=VECTOR('',#20630,1.);
#20650=LINE('',#20620,#20640);
#20660=CARTESIAN_POINT('',(1.69,1.94999999999999,-0.144999999999999));
#20670=VERTEX_POINT('',#20660);
#20680=EDGE_CURVE('',#20590,#20670,#20650,.T.);
#20690=ORIENTED_EDGE('',*,*,#20680,.F.);
#20700=CARTESIAN_POINT('',(1.64,1.94999999999999,-0.144999999999999));
#20710=DIRECTION('',(0.,0.,-1.));
#20720=DIRECTION('',(-4.88498130835068E-14,1.,0.));
#20730=AXIS2_PLACEMENT_3D('',#20700,#20710,#20720);
#20740=CIRCLE('',#20730,0.05);
#20750=CARTESIAN_POINT('',(1.64,1.99999999999999,-0.144999999999999));
#20760=VERTEX_POINT('',#20750);
#20770=EDGE_CURVE('',#20760,#20670,#20740,.T.);
#20780=ORIENTED_EDGE('',*,*,#20770,.T.);
#20790=CARTESIAN_POINT('',(1.64,1.99999999999999,-0.144999999999999));
#20800=DIRECTION('',(-1.,0.,0.));
#20810=VECTOR('',#20800,1.);
#20820=LINE('',#20790,#20810);
#20830=EDGE_CURVE('',#20760,#20010,#20820,.T.);
#20840=ORIENTED_EDGE('',*,*,#20830,.F.);
#20850=ORIENTED_EDGE('',*,*,#20020,.T.);
#20860=ORIENTED_EDGE('',*,*,#14020,.F.);
#20870=EDGE_LOOP('',(#20860,#20850,#20840,#20780,#20690,#20610,#20530,
#20440,#20360,#20270));
#20880=FACE_OUTER_BOUND('',#20870,.T.);
#20890=ADVANCED_FACE('',(#20880),#20190,.T.);
#20900=CARTESIAN_POINT('',(1.32,1.68499999999999,-0.024999999999999));
#20910=DIRECTION('',(1.22460635382238E-16,-1.,0.));
#20920=DIRECTION('',(1.,1.22460635382238E-16,0.));
#20930=AXIS2_PLACEMENT_3D('',#20900,#20910,#20920);
#20940=PLANE('',#20930);
#20950=CARTESIAN_POINT('',(1.45,1.68499999999999,-0.024999999999999));
#20960=DIRECTION('',(0.,0.,-1.));
#20970=VECTOR('',#20960,1.);
#20980=LINE('',#20950,#20970);
#20990=EDGE_CURVE('',#19780,#20250,#20980,.T.);
#21000=ORIENTED_EDGE('',*,*,#20990,.F.);
#21010=ORIENTED_EDGE('',*,*,#20260,.T.);
#21020=ORIENTED_EDGE('',*,*,#13940,.F.);
#21030=ORIENTED_EDGE('',*,*,#19850,.F.);
#21040=EDGE_LOOP('',(#21030,#21020,#21010,#21000));
#21050=FACE_OUTER_BOUND('',#21040,.T.);
#21060=ADVANCED_FACE('',(#21050),#20940,.T.);
#21070=CARTESIAN_POINT('',(1.45,1.73499999999999,-0.024999999999999));
#21080=DIRECTION('',(0.,0.,-1.));
#21090=DIRECTION('',(1.,1.22460635382238E-16,0.));
#21100=AXIS2_PLACEMENT_3D('',#21070,#21080,#21090);
#21110=CYLINDRICAL_SURFACE('',#21100,0.0499999999999998);
#21120=CARTESIAN_POINT('',(1.49502394389423,1.75674498738121,
-0.144999999999999));
#21130=DIRECTION('',(0.,0.,1.));
#21140=VECTOR('',#21130,1.);
#21150=LINE('',#21120,#21140);
#21160=EDGE_CURVE('',#20340,#19690,#21150,.T.);
#21170=ORIENTED_EDGE('',*,*,#21160,.T.);
#21180=ORIENTED_EDGE('',*,*,#20350,.F.);
#21190=ORIENTED_EDGE('',*,*,#20990,.T.);
#21200=ORIENTED_EDGE('',*,*,#19790,.F.);
#21210=EDGE_LOOP('',(#21200,#21190,#21180,#21170));
#21220=FACE_OUTER_BOUND('',#21210,.T.);
#21230=ADVANCED_FACE('',(#21220),#21110,.T.);
#21240=CARTESIAN_POINT('',(1.49502394389423,1.75674498738121,
-0.024999999999999));
#21250=DIRECTION('',(0.900478877884487,0.434899747624548,-0.));
#21260=DIRECTION('',(-0.434899747624548,0.900478877884487,0.));
#21270=AXIS2_PLACEMENT_3D('',#21240,#21250,#21260);
#21280=PLANE('',#21270);
#21290=CARTESIAN_POINT('',(1.47497605610578,1.79825501261876,
-0.024999999999999));
#21300=DIRECTION('',(0.,0.,-1.));
#21310=VECTOR('',#21300,1.);
#21320=LINE('',#21290,#21310);
#21330=EDGE_CURVE('',#19610,#20420,#21320,.T.);
#21340=ORIENTED_EDGE('',*,*,#21330,.F.);
#21350=ORIENTED_EDGE('',*,*,#20430,.F.);
#21360=ORIENTED_EDGE('',*,*,#21160,.F.);
#21370=ORIENTED_EDGE('',*,*,#19700,.F.);
#21380=EDGE_LOOP('',(#21370,#21360,#21350,#21340));
#21390=FACE_OUTER_BOUND('',#21380,.T.);
#21400=ADVANCED_FACE('',(#21390),#21280,.T.);
#21410=CARTESIAN_POINT('',(1.52,1.81999999999999,-0.024999999999999));
#21420=DIRECTION('',(0.,0.,-1.));
#21430=DIRECTION('',(1.,1.22460635382238E-16,0.));
#21440=AXIS2_PLACEMENT_3D('',#21410,#21420,#21430);
#21450=CYLINDRICAL_SURFACE('',#21440,0.0500000000000009);
#21460=CARTESIAN_POINT('',(1.52,1.86999999999999,-0.144999999999999));
#21470=DIRECTION('',(0.,0.,1.));
#21480=VECTOR('',#21470,1.);
#21490=LINE('',#21460,#21480);
#21500=EDGE_CURVE('',#20510,#19520,#21490,.T.);
#21510=ORIENTED_EDGE('',*,*,#21500,.T.);
#21520=ORIENTED_EDGE('',*,*,#20520,.F.);
#21530=ORIENTED_EDGE('',*,*,#21330,.T.);
#21540=ORIENTED_EDGE('',*,*,#19620,.F.);
#21550=EDGE_LOOP('',(#21540,#21530,#21520,#21510));
#21560=FACE_OUTER_BOUND('',#21550,.T.);
#21570=ADVANCED_FACE('',(#21560),#21450,.F.);
#21580=CARTESIAN_POINT('',(1.52,1.86999999999999,-0.024999999999999));
#21590=DIRECTION('',(-6.40826303888332E-15,-1.,0.));
#21600=DIRECTION('',(1.,-6.40826303888332E-15,0.));
#21610=AXIS2_PLACEMENT_3D('',#21580,#21590,#21600);
#21620=PLANE('',#21610);
#21630=CARTESIAN_POINT('',(1.69,1.86999999999999,-0.024999999999999));
#21640=DIRECTION('',(0.,0.,-1.));
#21650=VECTOR('',#21640,1.);
#21660=LINE('',#21630,#21650);
#21670=EDGE_CURVE('',#19440,#20590,#21660,.T.);
#21680=ORIENTED_EDGE('',*,*,#21670,.F.);
#21690=ORIENTED_EDGE('',*,*,#20600,.T.);
#21700=ORIENTED_EDGE('',*,*,#21500,.F.);
#21710=ORIENTED_EDGE('',*,*,#19530,.F.);
#21720=EDGE_LOOP('',(#21710,#21700,#21690,#21680));
#21730=FACE_OUTER_BOUND('',#21720,.T.);
#21740=ADVANCED_FACE('',(#21730),#21620,.T.);
#21750=CARTESIAN_POINT('',(1.69,1.86999999999999,-0.024999999999999));
#21760=DIRECTION('',(1.,1.22460635382238E-16,-0.));
#21770=DIRECTION('',(-1.22460635382238E-16,1.,0.));
#21780=AXIS2_PLACEMENT_3D('',#21750,#21760,#21770);
#21790=PLANE('',#21780);
#21800=CARTESIAN_POINT('',(1.69,1.94999999999999,-0.024999999999999));
#21810=DIRECTION('',(0.,0.,-1.));
#21820=VECTOR('',#21810,1.);
#21830=LINE('',#21800,#21820);
#21840=EDGE_CURVE('',#19360,#20670,#21830,.T.);
#21850=ORIENTED_EDGE('',*,*,#21840,.F.);
#21860=ORIENTED_EDGE('',*,*,#20680,.T.);
#21870=ORIENTED_EDGE('',*,*,#21670,.T.);
#21880=ORIENTED_EDGE('',*,*,#19450,.F.);
#21890=EDGE_LOOP('',(#21880,#21870,#21860,#21850));
#21900=FACE_OUTER_BOUND('',#21890,.T.);
#21910=ADVANCED_FACE('',(#21900),#21790,.T.);
#21920=CARTESIAN_POINT('',(1.64,1.94999999999999,-0.024999999999999));
#21930=DIRECTION('',(0.,0.,-1.));
#21940=DIRECTION('',(1.,1.22460635382238E-16,0.));
#21950=AXIS2_PLACEMENT_3D('',#21920,#21930,#21940);
#21960=CYLINDRICAL_SURFACE('',#21950,0.05);
#21970=CARTESIAN_POINT('',(1.64,1.99999999999999,-0.144999999999999));
#21980=DIRECTION('',(0.,0.,1.));
#21990=VECTOR('',#21980,1.);
#22000=LINE('',#21970,#21990);
#22010=EDGE_CURVE('',#20760,#19270,#22000,.T.);
#22020=ORIENTED_EDGE('',*,*,#22010,.T.);
#22030=ORIENTED_EDGE('',*,*,#20770,.F.);
#22040=ORIENTED_EDGE('',*,*,#21840,.T.);
#22050=ORIENTED_EDGE('',*,*,#19370,.F.);
#22060=EDGE_LOOP('',(#22050,#22040,#22030,#22020));
#22070=FACE_OUTER_BOUND('',#22060,.T.);
#22080=ADVANCED_FACE('',(#22070),#21960,.T.);
#22090=CARTESIAN_POINT('',(1.64,1.99999999999999,-0.024999999999999));
#22100=DIRECTION('',(-1.22460635382238E-16,1.,0.));
#22110=DIRECTION('',(-1.,-1.22460635382238E-16,0.));
#22120=AXIS2_PLACEMENT_3D('',#22090,#22100,#22110);
#22130=PLANE('',#22120);
#22140=ORIENTED_EDGE('',*,*,#20080,.F.);
#22150=ORIENTED_EDGE('',*,*,#20830,.T.);
#22160=ORIENTED_EDGE('',*,*,#22010,.F.);
#22170=ORIENTED_EDGE('',*,*,#19280,.F.);
#22180=EDGE_LOOP('',(#22170,#22160,#22150,#22140));
#22190=FACE_OUTER_BOUND('',#22180,.T.);
#22200=ADVANCED_FACE('',(#22190),#22130,.T.);
#22210=CARTESIAN_POINT('',(-2.96101731916344,3.3223480408227,-1.225));
#22220=DIRECTION('',(0.,0.,-1.));
#22230=DIRECTION('',(1.,1.22460635382238E-16,0.));
#22240=AXIS2_PLACEMENT_3D('',#22210,#22220,#22230);
#22250=PLANE('',#22240);
#22260=CARTESIAN_POINT('',(1.39,1.99999999999999,-1.225));
#22270=DIRECTION('',(-0.719844295420682,-0.694135570584235,0.));
#22280=VECTOR('',#22270,1.);
#22290=LINE('',#22260,#22280);
#22300=CARTESIAN_POINT('',(1.39,1.99999999999999,-1.225));
#22310=VERTEX_POINT('',#22300);
#22320=EDGE_CURVE('',#22310,#14430,#22290,.T.);
#22330=ORIENTED_EDGE('',*,*,#22320,.T.);
#22340=CARTESIAN_POINT('',(1.64,1.99999999999999,-1.225));
#22350=DIRECTION('',(-1.,-8.88178419700128E-16,0.));
#22360=VECTOR('',#22350,1.);
#22370=LINE('',#22340,#22360);
#22380=CARTESIAN_POINT('',(1.64,1.99999999999999,-1.225));
#22390=VERTEX_POINT('',#22380);
#22400=EDGE_CURVE('',#22390,#22310,#22370,.T.);
#22410=ORIENTED_EDGE('',*,*,#22400,.T.);
#22420=CARTESIAN_POINT('',(1.64,1.94999999999999,-1.225));
#22430=DIRECTION('',(0.,0.,1.));
#22440=DIRECTION('',(1.,0.,0.));
#22450=AXIS2_PLACEMENT_3D('',#22420,#22430,#22440);
#22460=CIRCLE('',#22450,0.05);
#22470=CARTESIAN_POINT('',(1.69,1.94999999999999,-1.225));
#22480=VERTEX_POINT('',#22470);
#22490=EDGE_CURVE('',#22480,#22390,#22460,.T.);
#22500=ORIENTED_EDGE('',*,*,#22490,.T.);
#22510=CARTESIAN_POINT('',(1.69,1.86999999999999,-1.225));
#22520=DIRECTION('',(0.,1.,0.));
#22530=VECTOR('',#22520,1.);
#22540=LINE('',#22510,#22530);
#22550=CARTESIAN_POINT('',(1.69,1.86999999999999,-1.225));
#22560=VERTEX_POINT('',#22550);
#22570=EDGE_CURVE('',#22560,#22480,#22540,.T.);
#22580=ORIENTED_EDGE('',*,*,#22570,.T.);
#22590=CARTESIAN_POINT('',(1.52,1.86999999999999,-1.225));
#22600=DIRECTION('',(1.,1.3061447348531E-15,0.));
#22610=VECTOR('',#22600,1.);
#22620=LINE('',#22590,#22610);
#22630=CARTESIAN_POINT('',(1.52,1.86999999999999,-1.225));
#22640=VERTEX_POINT('',#22630);
#22650=EDGE_CURVE('',#22640,#22560,#22620,.T.);
#22660=ORIENTED_EDGE('',*,*,#22650,.T.);
#22670=CARTESIAN_POINT('',(1.52,1.81999999999999,-1.225));
#22680=DIRECTION('',(0.,0.,-1.));
#22690=DIRECTION('',(-0.90047887788497,-0.434899747623547,0.));
#22700=AXIS2_PLACEMENT_3D('',#22670,#22680,#22690);
#22710=CIRCLE('',#22700,0.0500000000000009);
#22720=CARTESIAN_POINT('',(1.47497605610577,1.79825501261879,-1.225));
#22730=VERTEX_POINT('',#22720);
#22740=EDGE_CURVE('',#22730,#22640,#22710,.T.);
#22750=ORIENTED_EDGE('',*,*,#22740,.T.);
#22760=CARTESIAN_POINT('',(1.49502394389422,1.75674498738123,-1.225));
#22770=DIRECTION('',(-0.434899747624551,0.900478877884486,0.));
#22780=VECTOR('',#22770,1.);
#22790=LINE('',#22760,#22780);
#22800=CARTESIAN_POINT('',(1.49502394389422,1.75674498738122,-1.225));
#22810=VERTEX_POINT('',#22800);
#22820=EDGE_CURVE('',#22810,#22730,#22790,.T.);
#22830=ORIENTED_EDGE('',*,*,#22820,.T.);
#22840=CARTESIAN_POINT('',(1.45,1.73499999999999,-1.225));
#22850=DIRECTION('',(0.,0.,1.));
#22860=DIRECTION('',(-3.99680288865058E-14,-1.,0.));
#22870=AXIS2_PLACEMENT_3D('',#22840,#22850,#22860);
#22880=CIRCLE('',#22870,0.0499999999999998);
#22890=CARTESIAN_POINT('',(1.45,1.68499999999999,-1.225));
#22900=VERTEX_POINT('',#22890);
#22910=EDGE_CURVE('',#22900,#22810,#22880,.T.);
#22920=ORIENTED_EDGE('',*,*,#22910,.T.);
#22930=CARTESIAN_POINT('',(1.32,1.68499999999999,-1.225));
#22940=DIRECTION('',(1.,0.,0.));
#22950=VECTOR('',#22940,1.);
#22960=LINE('',#22930,#22950);
#22970=EDGE_CURVE('',#14270,#22900,#22960,.T.);
#22980=ORIENTED_EDGE('',*,*,#22970,.T.);
#22990=ORIENTED_EDGE('',*,*,#14500,.T.);
#23000=EDGE_LOOP('',(#22990,#22980,#22920,#22830,#22750,#22660,#22580,
#22500,#22410,#22330));
#23010=FACE_OUTER_BOUND('',#23000,.T.);
#23020=ADVANCED_FACE('',(#23010),#22250,.F.);
#23030=CARTESIAN_POINT('',(1.39,1.99999999999999,-1.225));
#23040=DIRECTION('',(-0.694135570584234,0.719844295420684,0.));
#23050=DIRECTION('',(-0.719844295420684,-0.694135570584234,0.));
#23060=AXIS2_PLACEMENT_3D('',#23030,#23040,#23050);
#23070=PLANE('',#23060);
#23080=CARTESIAN_POINT('',(1.31999999999999,1.93249999999998,-1.345));
#23090=DIRECTION('',(0.719844295420682,0.694135570584235,0.));
#23100=VECTOR('',#23090,1.);
#23110=LINE('',#23080,#23100);
#23120=CARTESIAN_POINT('',(1.39,1.99999999999999,-1.345));
#23130=VERTEX_POINT('',#23120);
#23140=EDGE_CURVE('',#14350,#23130,#23110,.T.);
#23150=ORIENTED_EDGE('',*,*,#23140,.F.);
#23160=CARTESIAN_POINT('',(1.39,1.99999999999999,-1.225));
#23170=DIRECTION('',(0.,0.,-1.));
#23180=VECTOR('',#23170,1.);
#23190=LINE('',#23160,#23180);
#23200=EDGE_CURVE('',#22310,#23130,#23190,.T.);
#23210=ORIENTED_EDGE('',*,*,#23200,.T.);
#23220=ORIENTED_EDGE('',*,*,#22320,.F.);
#23230=ORIENTED_EDGE('',*,*,#14440,.F.);
#23240=EDGE_LOOP('',(#23230,#23220,#23210,#23150));
#23250=FACE_OUTER_BOUND('',#23240,.T.);
#23260=ADVANCED_FACE('',(#23250),#23070,.T.);
#23270=CARTESIAN_POINT('',(-2.96101731916344,3.3223480408227,-1.345));
#23280=DIRECTION('',(0.,0.,-1.));
#23290=DIRECTION('',(1.,1.22460635382238E-16,0.));
#23300=AXIS2_PLACEMENT_3D('',#23270,#23280,#23290);
#23310=PLANE('',#23300);
#23320=CARTESIAN_POINT('',(1.32,1.68499999999999,-1.345));
#23330=DIRECTION('',(1.,0.,0.));
#23340=VECTOR('',#23330,1.);
#23350=LINE('',#23320,#23340);
#23360=CARTESIAN_POINT('',(1.45,1.68499999999999,-1.345));
#23370=VERTEX_POINT('',#23360);
#23380=EDGE_CURVE('',#14250,#23370,#23350,.T.);
#23390=ORIENTED_EDGE('',*,*,#23380,.F.);
#23400=CARTESIAN_POINT('',(1.45,1.73499999999999,-1.345));
#23410=DIRECTION('',(0.,0.,-1.));
#23420=DIRECTION('',(0.900478877884548,0.434899747624421,0.));
#23430=AXIS2_PLACEMENT_3D('',#23400,#23410,#23420);
#23440=CIRCLE('',#23430,0.0499999999999998);
#23450=CARTESIAN_POINT('',(1.49502394389423,1.75674498738121,-1.345));
#23460=VERTEX_POINT('',#23450);
#23470=EDGE_CURVE('',#23460,#23370,#23440,.T.);
#23480=ORIENTED_EDGE('',*,*,#23470,.T.);
#23490=CARTESIAN_POINT('',(1.47497605610578,1.79825501261875,-1.345));
#23500=DIRECTION('',(0.434899747624542,-0.90047887788449,0.));
#23510=VECTOR('',#23500,1.);
#23520=LINE('',#23490,#23510);
#23530=CARTESIAN_POINT('',(1.47497605610578,1.79825501261875,-1.345));
#23540=VERTEX_POINT('',#23530);
#23550=EDGE_CURVE('',#23540,#23460,#23520,.T.);
#23560=ORIENTED_EDGE('',*,*,#23550,.T.);
#23570=CARTESIAN_POINT('',(1.52,1.81999999999999,-1.345));
#23580=DIRECTION('',(0.,0.,1.));
#23590=DIRECTION('',(-3.55271367880043E-13,1.,0.));
#23600=AXIS2_PLACEMENT_3D('',#23570,#23580,#23590);
#23610=CIRCLE('',#23600,0.0500000000000009);
#23620=CARTESIAN_POINT('',(1.51999999999999,1.86999999999999,-1.345));
#23630=VERTEX_POINT('',#23620);
#23640=EDGE_CURVE('',#23630,#23540,#23610,.T.);
#23650=ORIENTED_EDGE('',*,*,#23640,.T.);
#23660=CARTESIAN_POINT('',(1.52,1.86999999999999,-1.345));
#23670=DIRECTION('',(1.,-6.53072367426563E-15,0.));
#23680=VECTOR('',#23670,1.);
#23690=LINE('',#23660,#23680);
#23700=CARTESIAN_POINT('',(1.69,1.86999999999999,-1.345));
#23710=VERTEX_POINT('',#23700);
#23720=EDGE_CURVE('',#23630,#23710,#23690,.T.);
#23730=ORIENTED_EDGE('',*,*,#23720,.F.);
#23740=CARTESIAN_POINT('',(1.69,1.86999999999999,-1.345));
#23750=DIRECTION('',(0.,1.,0.));
#23760=VECTOR('',#23750,1.);
#23770=LINE('',#23740,#23760);
#23780=CARTESIAN_POINT('',(1.69,1.94999999999999,-1.345));
#23790=VERTEX_POINT('',#23780);
#23800=EDGE_CURVE('',#23710,#23790,#23770,.T.);
#23810=ORIENTED_EDGE('',*,*,#23800,.F.);
#23820=CARTESIAN_POINT('',(1.64,1.94999999999999,-1.345));
#23830=DIRECTION('',(0.,0.,-1.));
#23840=DIRECTION('',(-4.88498130835068E-14,1.,0.));
#23850=AXIS2_PLACEMENT_3D('',#23820,#23830,#23840);
#23860=CIRCLE('',#23850,0.05);
#23870=CARTESIAN_POINT('',(1.64,1.99999999999999,-1.345));
#23880=VERTEX_POINT('',#23870);
#23890=EDGE_CURVE('',#23880,#23790,#23860,.T.);
#23900=ORIENTED_EDGE('',*,*,#23890,.T.);
#23910=CARTESIAN_POINT('',(1.64,1.99999999999999,-1.345));
#23920=DIRECTION('',(-1.,0.,0.));
#23930=VECTOR('',#23920,1.);
#23940=LINE('',#23910,#23930);
#23950=EDGE_CURVE('',#23880,#23130,#23940,.T.);
#23960=ORIENTED_EDGE('',*,*,#23950,.F.);
#23970=ORIENTED_EDGE('',*,*,#23140,.T.);
#23980=ORIENTED_EDGE('',*,*,#14360,.F.);
#23990=EDGE_LOOP('',(#23980,#23970,#23960,#23900,#23810,#23730,#23650,
#23560,#23480,#23390));
#24000=FACE_OUTER_BOUND('',#23990,.T.);
#24010=ADVANCED_FACE('',(#24000),#23310,.T.);
#24020=CARTESIAN_POINT('',(1.32,1.68499999999999,-1.225));
#24030=DIRECTION('',(1.22460635382238E-16,-1.,0.));
#24040=DIRECTION('',(1.,1.22460635382238E-16,0.));
#24050=AXIS2_PLACEMENT_3D('',#24020,#24030,#24040);
#24060=PLANE('',#24050);
#24070=CARTESIAN_POINT('',(1.45,1.68499999999999,-1.225));
#24080=DIRECTION('',(0.,0.,-1.));
#24090=VECTOR('',#24080,1.);
#24100=LINE('',#24070,#24090);
#24110=EDGE_CURVE('',#22900,#23370,#24100,.T.);
#24120=ORIENTED_EDGE('',*,*,#24110,.F.);
#24130=ORIENTED_EDGE('',*,*,#23380,.T.);
#24140=ORIENTED_EDGE('',*,*,#14280,.F.);
#24150=ORIENTED_EDGE('',*,*,#22970,.F.);
#24160=EDGE_LOOP('',(#24150,#24140,#24130,#24120));
#24170=FACE_OUTER_BOUND('',#24160,.T.);
#24180=ADVANCED_FACE('',(#24170),#24060,.T.);
#24190=CARTESIAN_POINT('',(1.45,1.73499999999999,-1.225));
#24200=DIRECTION('',(0.,0.,-1.));
#24210=DIRECTION('',(1.,1.22460635382238E-16,0.));
#24220=AXIS2_PLACEMENT_3D('',#24190,#24200,#24210);
#24230=CYLINDRICAL_SURFACE('',#24220,0.0499999999999998);
#24240=CARTESIAN_POINT('',(1.49502394389423,1.75674498738121,-1.345));
#24250=DIRECTION('',(0.,0.,1.));
#24260=VECTOR('',#24250,1.);
#24270=LINE('',#24240,#24260);
#24280=EDGE_CURVE('',#23460,#22810,#24270,.T.);
#24290=ORIENTED_EDGE('',*,*,#24280,.T.);
#24300=ORIENTED_EDGE('',*,*,#23470,.F.);
#24310=ORIENTED_EDGE('',*,*,#24110,.T.);
#24320=ORIENTED_EDGE('',*,*,#22910,.F.);
#24330=EDGE_LOOP('',(#24320,#24310,#24300,#24290));
#24340=FACE_OUTER_BOUND('',#24330,.T.);
#24350=ADVANCED_FACE('',(#24340),#24230,.T.);
#24360=CARTESIAN_POINT('',(1.49502394389423,1.75674498738121,-1.225));
#24370=DIRECTION('',(0.900478877884487,0.434899747624548,-0.));
#24380=DIRECTION('',(-0.434899747624548,0.900478877884487,0.));
#24390=AXIS2_PLACEMENT_3D('',#24360,#24370,#24380);
#24400=PLANE('',#24390);
#24410=CARTESIAN_POINT('',(1.47497605610578,1.79825501261876,-1.225));
#24420=DIRECTION('',(0.,0.,-1.));
#24430=VECTOR('',#24420,1.);
#24440=LINE('',#24410,#24430);
#24450=EDGE_CURVE('',#22730,#23540,#24440,.T.);
#24460=ORIENTED_EDGE('',*,*,#24450,.F.);
#24470=ORIENTED_EDGE('',*,*,#23550,.F.);
#24480=ORIENTED_EDGE('',*,*,#24280,.F.);
#24490=ORIENTED_EDGE('',*,*,#22820,.F.);
#24500=EDGE_LOOP('',(#24490,#24480,#24470,#24460));
#24510=FACE_OUTER_BOUND('',#24500,.T.);
#24520=ADVANCED_FACE('',(#24510),#24400,.T.);
#24530=CARTESIAN_POINT('',(1.52,1.81999999999999,-1.225));
#24540=DIRECTION('',(0.,0.,-1.));
#24550=DIRECTION('',(1.,1.22460635382238E-16,0.));
#24560=AXIS2_PLACEMENT_3D('',#24530,#24540,#24550);
#24570=CYLINDRICAL_SURFACE('',#24560,0.0500000000000009);
#24580=CARTESIAN_POINT('',(1.52,1.86999999999999,-1.345));
#24590=DIRECTION('',(0.,0.,1.));
#24600=VECTOR('',#24590,1.);
#24610=LINE('',#24580,#24600);
#24620=EDGE_CURVE('',#23630,#22640,#24610,.T.);
#24630=ORIENTED_EDGE('',*,*,#24620,.T.);
#24640=ORIENTED_EDGE('',*,*,#23640,.F.);
#24650=ORIENTED_EDGE('',*,*,#24450,.T.);
#24660=ORIENTED_EDGE('',*,*,#22740,.F.);
#24670=EDGE_LOOP('',(#24660,#24650,#24640,#24630));
#24680=FACE_OUTER_BOUND('',#24670,.T.);
#24690=ADVANCED_FACE('',(#24680),#24570,.F.);
#24700=CARTESIAN_POINT('',(1.52,1.86999999999999,-1.225));
#24710=DIRECTION('',(-6.40826303888332E-15,-1.,0.));
#24720=DIRECTION('',(1.,-6.40826303888332E-15,0.));
#24730=AXIS2_PLACEMENT_3D('',#24700,#24710,#24720);
#24740=PLANE('',#24730);
#24750=CARTESIAN_POINT('',(1.69,1.86999999999999,-1.225));
#24760=DIRECTION('',(0.,0.,-1.));
#24770=VECTOR('',#24760,1.);
#24780=LINE('',#24750,#24770);
#24790=EDGE_CURVE('',#22560,#23710,#24780,.T.);
#24800=ORIENTED_EDGE('',*,*,#24790,.F.);
#24810=ORIENTED_EDGE('',*,*,#23720,.T.);
#24820=ORIENTED_EDGE('',*,*,#24620,.F.);
#24830=ORIENTED_EDGE('',*,*,#22650,.F.);
#24840=EDGE_LOOP('',(#24830,#24820,#24810,#24800));
#24850=FACE_OUTER_BOUND('',#24840,.T.);
#24860=ADVANCED_FACE('',(#24850),#24740,.T.);
#24870=CARTESIAN_POINT('',(1.69,1.86999999999999,-1.225));
#24880=DIRECTION('',(1.,1.22460635382238E-16,-0.));
#24890=DIRECTION('',(-1.22460635382238E-16,1.,0.));
#24900=AXIS2_PLACEMENT_3D('',#24870,#24880,#24890);
#24910=PLANE('',#24900);
#24920=CARTESIAN_POINT('',(1.69,1.94999999999999,-1.225));
#24930=DIRECTION('',(0.,0.,-1.));
#24940=VECTOR('',#24930,1.);
#24950=LINE('',#24920,#24940);
#24960=EDGE_CURVE('',#22480,#23790,#24950,.T.);
#24970=ORIENTED_EDGE('',*,*,#24960,.F.);
#24980=ORIENTED_EDGE('',*,*,#23800,.T.);
#24990=ORIENTED_EDGE('',*,*,#24790,.T.);
#25000=ORIENTED_EDGE('',*,*,#22570,.F.);
#25010=EDGE_LOOP('',(#25000,#24990,#24980,#24970));
#25020=FACE_OUTER_BOUND('',#25010,.T.);
#25030=ADVANCED_FACE('',(#25020),#24910,.T.);
#25040=CARTESIAN_POINT('',(1.64,1.94999999999999,-1.225));
#25050=DIRECTION('',(0.,0.,-1.));
#25060=DIRECTION('',(1.,1.22460635382238E-16,0.));
#25070=AXIS2_PLACEMENT_3D('',#25040,#25050,#25060);
#25080=CYLINDRICAL_SURFACE('',#25070,0.05);
#25090=CARTESIAN_POINT('',(1.64,1.99999999999999,-1.345));
#25100=DIRECTION('',(0.,0.,1.));
#25110=VECTOR('',#25100,1.);
#25120=LINE('',#25090,#25110);
#25130=EDGE_CURVE('',#23880,#22390,#25120,.T.);
#25140=ORIENTED_EDGE('',*,*,#25130,.T.);
#25150=ORIENTED_EDGE('',*,*,#23890,.F.);
#25160=ORIENTED_EDGE('',*,*,#24960,.T.);
#25170=ORIENTED_EDGE('',*,*,#22490,.F.);
#25180=EDGE_LOOP('',(#25170,#25160,#25150,#25140));
#25190=FACE_OUTER_BOUND('',#25180,.T.);
#25200=ADVANCED_FACE('',(#25190),#25080,.T.);
#25210=CARTESIAN_POINT('',(1.64,1.99999999999999,-1.225));
#25220=DIRECTION('',(-1.22460635382238E-16,1.,0.));
#25230=DIRECTION('',(-1.,-1.22460635382238E-16,0.));
#25240=AXIS2_PLACEMENT_3D('',#25210,#25220,#25230);
#25250=PLANE('',#25240);
#25260=ORIENTED_EDGE('',*,*,#23200,.F.);
#25270=ORIENTED_EDGE('',*,*,#23950,.T.);
#25280=ORIENTED_EDGE('',*,*,#25130,.F.);
#25290=ORIENTED_EDGE('',*,*,#22400,.F.);
#25300=EDGE_LOOP('',(#25290,#25280,#25270,#25260));
#25310=FACE_OUTER_BOUND('',#25300,.T.);
#25320=ADVANCED_FACE('',(#25310),#25250,.T.);
#25330=CARTESIAN_POINT('',(-2.96101731916344,3.3223480408227,
-0.944999999999999));
#25340=DIRECTION('',(0.,0.,-1.));
#25350=DIRECTION('',(1.,1.22460635382238E-16,0.));
#25360=AXIS2_PLACEMENT_3D('',#25330,#25340,#25350);
#25370=PLANE('',#25360);
#25380=CARTESIAN_POINT('',(1.32,1.68499999999999,-0.944999999999999));
#25390=DIRECTION('',(1.,0.,0.));
#25400=VECTOR('',#25390,1.);
#25410=LINE('',#25380,#25400);
#25420=CARTESIAN_POINT('',(1.45,1.68499999999999,-0.944999999999999));
#25430=VERTEX_POINT('',#25420);
#25440=EDGE_CURVE('',#14770,#25430,#25410,.T.);
#25450=ORIENTED_EDGE('',*,*,#25440,.F.);
#25460=CARTESIAN_POINT('',(1.45,1.73499999999999,-0.944999999999999));
#25470=DIRECTION('',(0.,0.,-1.));
#25480=DIRECTION('',(0.900478877884548,0.434899747624421,0.));
#25490=AXIS2_PLACEMENT_3D('',#25460,#25470,#25480);
#25500=CIRCLE('',#25490,0.0499999999999998);
#25510=CARTESIAN_POINT('',(1.49502394389423,1.75674498738121,
-0.944999999999999));
#25520=VERTEX_POINT('',#25510);
#25530=EDGE_CURVE('',#25520,#25430,#25500,.T.);
#25540=ORIENTED_EDGE('',*,*,#25530,.T.);
#25550=CARTESIAN_POINT('',(1.47497605610578,1.79825501261875,
-0.944999999999999));
#25560=DIRECTION('',(0.434899747624542,-0.90047887788449,0.));
#25570=VECTOR('',#25560,1.);
#25580=LINE('',#25550,#25570);
#25590=CARTESIAN_POINT('',(1.47497605610578,1.79825501261875,
-0.944999999999999));
#25600=VERTEX_POINT('',#25590);
#25610=EDGE_CURVE('',#25600,#25520,#25580,.T.);
#25620=ORIENTED_EDGE('',*,*,#25610,.T.);
#25630=CARTESIAN_POINT('',(1.52,1.81999999999999,-0.944999999999999));
#25640=DIRECTION('',(0.,0.,1.));
#25650=DIRECTION('',(-3.55271367880043E-13,1.,0.));
#25660=AXIS2_PLACEMENT_3D('',#25630,#25640,#25650);
#25670=CIRCLE('',#25660,0.0500000000000009);
#25680=CARTESIAN_POINT('',(1.51999999999999,1.86999999999999,
-0.944999999999999));
#25690=VERTEX_POINT('',#25680);
#25700=EDGE_CURVE('',#25690,#25600,#25670,.T.);
#25710=ORIENTED_EDGE('',*,*,#25700,.T.);
#25720=CARTESIAN_POINT('',(1.52,1.86999999999999,-0.944999999999999));
#25730=DIRECTION('',(1.,-6.53072367426563E-15,0.));
#25740=VECTOR('',#25730,1.);
#25750=LINE('',#25720,#25740);
#25760=CARTESIAN_POINT('',(1.69,1.86999999999999,-0.944999999999999));
#25770=VERTEX_POINT('',#25760);
#25780=EDGE_CURVE('',#25690,#25770,#25750,.T.);
#25790=ORIENTED_EDGE('',*,*,#25780,.F.);
#25800=CARTESIAN_POINT('',(1.69,1.86999999999999,-0.944999999999999));
#25810=DIRECTION('',(0.,1.,0.));
#25820=VECTOR('',#25810,1.);
#25830=LINE('',#25800,#25820);
#25840=CARTESIAN_POINT('',(1.69,1.94999999999999,-0.944999999999999));
#25850=VERTEX_POINT('',#25840);
#25860=EDGE_CURVE('',#25770,#25850,#25830,.T.);
#25870=ORIENTED_EDGE('',*,*,#25860,.F.);
#25880=CARTESIAN_POINT('',(1.64,1.94999999999999,-0.944999999999999));
#25890=DIRECTION('',(0.,0.,-1.));
#25900=DIRECTION('',(-4.88498130835068E-14,1.,0.));
#25910=AXIS2_PLACEMENT_3D('',#25880,#25890,#25900);
#25920=CIRCLE('',#25910,0.05);
#25930=CARTESIAN_POINT('',(1.64,1.99999999999999,-0.944999999999999));
#25940=VERTEX_POINT('',#25930);
#25950=EDGE_CURVE('',#25940,#25850,#25920,.T.);
#25960=ORIENTED_EDGE('',*,*,#25950,.T.);
#25970=CARTESIAN_POINT('',(1.64,1.99999999999999,-0.944999999999999));
#25980=DIRECTION('',(-1.,0.,0.));
#25990=VECTOR('',#25980,1.);
#26000=LINE('',#25970,#25990);
#26010=CARTESIAN_POINT('',(1.39,1.99999999999999,-0.944999999999999));
#26020=VERTEX_POINT('',#26010);
#26030=EDGE_CURVE('',#25940,#26020,#26000,.T.);
#26040=ORIENTED_EDGE('',*,*,#26030,.F.);
#26050=CARTESIAN_POINT('',(1.31999999999999,1.93249999999998,
-0.944999999999999));
#26060=DIRECTION('',(0.719844295420682,0.694135570584235,0.));
#26070=VECTOR('',#26060,1.);
#26080=LINE('',#26050,#26070);
#26090=EDGE_CURVE('',#14610,#26020,#26080,.T.);
#26100=ORIENTED_EDGE('',*,*,#26090,.T.);
#26110=ORIENTED_EDGE('',*,*,#14840,.F.);
#26120=EDGE_LOOP('',(#26110,#26100,#26040,#25960,#25870,#25790,#25710,
#25620,#25540,#25450));
#26130=FACE_OUTER_BOUND('',#26120,.T.);
#26140=ADVANCED_FACE('',(#26130),#25370,.T.);
#26150=CARTESIAN_POINT('',(1.32,1.68499999999999,-0.824999999999999));
#26160=DIRECTION('',(1.22460635382238E-16,-1.,0.));
#26170=DIRECTION('',(1.,1.22460635382238E-16,0.));
#26180=AXIS2_PLACEMENT_3D('',#26150,#26160,#26170);
#26190=PLANE('',#26180);
#26200=CARTESIAN_POINT('',(1.45,1.68499999999999,-0.824999999999999));
#26210=DIRECTION('',(0.,0.,-1.));
#26220=VECTOR('',#26210,1.);
#26230=LINE('',#26200,#26220);
#26240=CARTESIAN_POINT('',(1.45,1.68499999999999,-0.824999999999999));
#26250=VERTEX_POINT('',#26240);
#26260=EDGE_CURVE('',#26250,#25430,#26230,.T.);
#26270=ORIENTED_EDGE('',*,*,#26260,.F.);
#26280=ORIENTED_EDGE('',*,*,#25440,.T.);
#26290=ORIENTED_EDGE('',*,*,#14780,.F.);
#26300=CARTESIAN_POINT('',(1.32,1.68499999999999,-0.824999999999999));
#26310=DIRECTION('',(1.,0.,0.));
#26320=VECTOR('',#26310,1.);
#26330=LINE('',#26300,#26320);
#26340=EDGE_CURVE('',#14690,#26250,#26330,.T.);
#26350=ORIENTED_EDGE('',*,*,#26340,.F.);
#26360=EDGE_LOOP('',(#26350,#26290,#26280,#26270));
#26370=FACE_OUTER_BOUND('',#26360,.T.);
#26380=ADVANCED_FACE('',(#26370),#26190,.T.);
#26390=CARTESIAN_POINT('',(-2.96101731916344,3.3223480408227,
-0.824999999999999));
#26400=DIRECTION('',(0.,0.,-1.));
#26410=DIRECTION('',(1.,1.22460635382238E-16,0.));
#26420=AXIS2_PLACEMENT_3D('',#26390,#26400,#26410);
#26430=PLANE('',#26420);
#26440=CARTESIAN_POINT('',(1.39,1.99999999999999,-0.824999999999999));
#26450=DIRECTION('',(-0.719844295420681,-0.694135570584236,0.));
#26460=VECTOR('',#26450,1.);
#26470=LINE('',#26440,#26460);
#26480=CARTESIAN_POINT('',(1.39,1.99999999999999,-0.824999999999999));
#26490=VERTEX_POINT('',#26480);
#26500=EDGE_CURVE('',#26490,#14590,#26470,.T.);
#26510=ORIENTED_EDGE('',*,*,#26500,.T.);
#26520=CARTESIAN_POINT('',(1.64,1.99999999999999,-0.824999999999999));
#26530=DIRECTION('',(-1.,-8.88178419700128E-16,0.));
#26540=VECTOR('',#26530,1.);
#26550=LINE('',#26520,#26540);
#26560=CARTESIAN_POINT('',(1.64,1.99999999999999,-0.824999999999999));
#26570=VERTEX_POINT('',#26560);
#26580=EDGE_CURVE('',#26570,#26490,#26550,.T.);
#26590=ORIENTED_EDGE('',*,*,#26580,.T.);
#26600=CARTESIAN_POINT('',(1.64,1.94999999999999,-0.824999999999999));
#26610=DIRECTION('',(0.,0.,1.));
#26620=DIRECTION('',(1.,0.,0.));
#26630=AXIS2_PLACEMENT_3D('',#26600,#26610,#26620);
#26640=CIRCLE('',#26630,0.05);
#26650=CARTESIAN_POINT('',(1.69,1.94999999999999,-0.824999999999999));
#26660=VERTEX_POINT('',#26650);
#26670=EDGE_CURVE('',#26660,#26570,#26640,.T.);
#26680=ORIENTED_EDGE('',*,*,#26670,.T.);
#26690=CARTESIAN_POINT('',(1.69,1.86999999999999,-0.824999999999999));
#26700=DIRECTION('',(0.,1.,0.));
#26710=VECTOR('',#26700,1.);
#26720=LINE('',#26690,#26710);
#26730=CARTESIAN_POINT('',(1.69,1.86999999999999,-0.824999999999999));
#26740=VERTEX_POINT('',#26730);
#26750=EDGE_CURVE('',#26740,#26660,#26720,.T.);
#26760=ORIENTED_EDGE('',*,*,#26750,.T.);
#26770=CARTESIAN_POINT('',(1.51999999999999,1.86999999999999,
-0.824999999999999));
#26780=DIRECTION('',(1.,1.30614473485302E-15,0.));
#26790=VECTOR('',#26780,1.);
#26800=LINE('',#26770,#26790);
#26810=CARTESIAN_POINT('',(1.51999999999999,1.86999999999999,
-0.824999999999999));
#26820=VERTEX_POINT('',#26810);
#26830=EDGE_CURVE('',#26820,#26740,#26800,.T.);
#26840=ORIENTED_EDGE('',*,*,#26830,.T.);
#26850=CARTESIAN_POINT('',(1.52,1.81999999999999,-0.824999999999999));
#26860=DIRECTION('',(0.,0.,-1.));
#26870=DIRECTION('',(-0.900478877885063,-0.434899747623356,0.));
#26880=AXIS2_PLACEMENT_3D('',#26850,#26860,#26870);
#26890=CIRCLE('',#26880,0.0500000000000009);
#26900=CARTESIAN_POINT('',(1.47497605610576,1.79825501261879,
-0.824999999999999));
#26910=VERTEX_POINT('',#26900);
#26920=EDGE_CURVE('',#26910,#26820,#26890,.T.);
#26930=ORIENTED_EDGE('',*,*,#26920,.T.);
#26940=CARTESIAN_POINT('',(1.49502394389422,1.75674498738124,
-0.824999999999999));
#26950=DIRECTION('',(-0.434899747624538,0.900478877884491,0.));
#26960=VECTOR('',#26950,1.);
#26970=LINE('',#26940,#26960);
#26980=CARTESIAN_POINT('',(1.49502394389422,1.75674498738122,
-0.824999999999999));
#26990=VERTEX_POINT('',#26980);
#27000=EDGE_CURVE('',#26990,#26910,#26970,.T.);
#27010=ORIENTED_EDGE('',*,*,#27000,.T.);
#27020=CARTESIAN_POINT('',(1.45,1.73499999999999,-0.824999999999999));
#27030=DIRECTION('',(0.,0.,1.));
#27040=DIRECTION('',(-3.99680288865058E-14,-1.,0.));
#27050=AXIS2_PLACEMENT_3D('',#27020,#27030,#27040);
#27060=CIRCLE('',#27050,0.0499999999999998);
#27070=EDGE_CURVE('',#26250,#26990,#27060,.T.);
#27080=ORIENTED_EDGE('',*,*,#27070,.T.);
#27090=ORIENTED_EDGE('',*,*,#26340,.T.);
#27100=ORIENTED_EDGE('',*,*,#14700,.T.);
#27110=EDGE_LOOP('',(#27100,#27090,#27080,#27010,#26930,#26840,#26760,
#26680,#26590,#26510));
#27120=FACE_OUTER_BOUND('',#27110,.T.);
#27130=ADVANCED_FACE('',(#27120),#26430,.F.);
#27140=CARTESIAN_POINT('',(1.39,1.99999999999999,-0.824999999999999));
#27150=DIRECTION('',(-0.694135570584234,0.719844295420684,0.));
#27160=DIRECTION('',(-0.719844295420684,-0.694135570584234,0.));
#27170=AXIS2_PLACEMENT_3D('',#27140,#27150,#27160);
#27180=PLANE('',#27170);
#27190=ORIENTED_EDGE('',*,*,#26090,.F.);
#27200=CARTESIAN_POINT('',(1.39,1.99999999999999,-0.824999999999999));
#27210=DIRECTION('',(0.,0.,-1.));
#27220=VECTOR('',#27210,1.);
#27230=LINE('',#27200,#27220);
#27240=EDGE_CURVE('',#26490,#26020,#27230,.T.);
#27250=ORIENTED_EDGE('',*,*,#27240,.T.);
#27260=ORIENTED_EDGE('',*,*,#26500,.F.);
#27270=ORIENTED_EDGE('',*,*,#14620,.F.);
#27280=EDGE_LOOP('',(#27270,#27260,#27250,#27190));
#27290=FACE_OUTER_BOUND('',#27280,.T.);
#27300=ADVANCED_FACE('',(#27290),#27180,.T.);
#27310=CARTESIAN_POINT('',(1.64,1.99999999999999,-0.824999999999999));
#27320=DIRECTION('',(-1.22460635382238E-16,1.,0.));
#27330=DIRECTION('',(-1.,-1.22460635382238E-16,0.));
#27340=AXIS2_PLACEMENT_3D('',#27310,#27320,#27330);
#27350=PLANE('',#27340);
#27360=ORIENTED_EDGE('',*,*,#27240,.F.);
#27370=ORIENTED_EDGE('',*,*,#26030,.T.);
#27380=CARTESIAN_POINT('',(1.64,1.99999999999999,-0.944999999999999));
#27390=DIRECTION('',(0.,0.,1.));
#27400=VECTOR('',#27390,1.);
#27410=LINE('',#27380,#27400);
#27420=EDGE_CURVE('',#25940,#26570,#27410,.T.);
#27430=ORIENTED_EDGE('',*,*,#27420,.F.);
#27440=ORIENTED_EDGE('',*,*,#26580,.F.);
#27450=EDGE_LOOP('',(#27440,#27430,#27370,#27360));
#27460=FACE_OUTER_BOUND('',#27450,.T.);
#27470=ADVANCED_FACE('',(#27460),#27350,.T.);
#27480=CARTESIAN_POINT('',(1.64,1.94999999999999,-0.824999999999999));
#27490=DIRECTION('',(0.,0.,-1.));
#27500=DIRECTION('',(1.,1.22460635382238E-16,0.));
#27510=AXIS2_PLACEMENT_3D('',#27480,#27490,#27500);
#27520=CYLINDRICAL_SURFACE('',#27510,0.05);
#27530=ORIENTED_EDGE('',*,*,#27420,.T.);
#27540=ORIENTED_EDGE('',*,*,#25950,.F.);
#27550=CARTESIAN_POINT('',(1.69,1.94999999999999,-0.824999999999999));
#27560=DIRECTION('',(0.,0.,-1.));
#27570=VECTOR('',#27560,1.);
#27580=LINE('',#27550,#27570);
#27590=EDGE_CURVE('',#26660,#25850,#27580,.T.);
#27600=ORIENTED_EDGE('',*,*,#27590,.T.);
#27610=ORIENTED_EDGE('',*,*,#26670,.F.);
#27620=EDGE_LOOP('',(#27610,#27600,#27540,#27530));
#27630=FACE_OUTER_BOUND('',#27620,.T.);
#27640=ADVANCED_FACE('',(#27630),#27520,.T.);
#27650=CARTESIAN_POINT('',(1.69,1.86999999999999,-0.824999999999999));
#27660=DIRECTION('',(1.,1.22460635382238E-16,-0.));
#27670=DIRECTION('',(-1.22460635382238E-16,1.,0.));
#27680=AXIS2_PLACEMENT_3D('',#27650,#27660,#27670);
#27690=PLANE('',#27680);
#27700=ORIENTED_EDGE('',*,*,#27590,.F.);
#27710=ORIENTED_EDGE('',*,*,#25860,.T.);
#27720=CARTESIAN_POINT('',(1.69,1.86999999999999,-0.824999999999999));
#27730=DIRECTION('',(0.,0.,-1.));
#27740=VECTOR('',#27730,1.);
#27750=LINE('',#27720,#27740);
#27760=EDGE_CURVE('',#26740,#25770,#27750,.T.);
#27770=ORIENTED_EDGE('',*,*,#27760,.T.);
#27780=ORIENTED_EDGE('',*,*,#26750,.F.);
#27790=EDGE_LOOP('',(#27780,#27770,#27710,#27700));
#27800=FACE_OUTER_BOUND('',#27790,.T.);
#27810=ADVANCED_FACE('',(#27800),#27690,.T.);
#27820=CARTESIAN_POINT('',(1.52,1.86999999999999,-0.824999999999999));
#27830=DIRECTION('',(-6.40826303888332E-15,-1.,0.));
#27840=DIRECTION('',(1.,-6.40826303888332E-15,0.));
#27850=AXIS2_PLACEMENT_3D('',#27820,#27830,#27840);
#27860=PLANE('',#27850);
#27870=ORIENTED_EDGE('',*,*,#27760,.F.);
#27880=ORIENTED_EDGE('',*,*,#25780,.T.);
#27890=CARTESIAN_POINT('',(1.52,1.86999999999999,-0.944999999999999));
#27900=DIRECTION('',(0.,0.,1.));
#27910=VECTOR('',#27900,1.);
#27920=LINE('',#27890,#27910);
#27930=EDGE_CURVE('',#25690,#26820,#27920,.T.);
#27940=ORIENTED_EDGE('',*,*,#27930,.F.);
#27950=ORIENTED_EDGE('',*,*,#26830,.F.);
#27960=EDGE_LOOP('',(#27950,#27940,#27880,#27870));
#27970=FACE_OUTER_BOUND('',#27960,.T.);
#27980=ADVANCED_FACE('',(#27970),#27860,.T.);
#27990=CARTESIAN_POINT('',(1.52,1.81999999999999,-0.824999999999999));
#28000=DIRECTION('',(0.,0.,-1.));
#28010=DIRECTION('',(1.,1.22460635382238E-16,0.));
#28020=AXIS2_PLACEMENT_3D('',#27990,#28000,#28010);
#28030=CYLINDRICAL_SURFACE('',#28020,0.0500000000000009);
#28040=ORIENTED_EDGE('',*,*,#27930,.T.);
#28050=ORIENTED_EDGE('',*,*,#25700,.F.);
#28060=CARTESIAN_POINT('',(1.47497605610578,1.79825501261876,
-0.824999999999999));
#28070=DIRECTION('',(0.,0.,-1.));
#28080=VECTOR('',#28070,1.);
#28090=LINE('',#28060,#28080);
#28100=EDGE_CURVE('',#26910,#25600,#28090,.T.);
#28110=ORIENTED_EDGE('',*,*,#28100,.T.);
#28120=ORIENTED_EDGE('',*,*,#26920,.F.);
#28130=EDGE_LOOP('',(#28120,#28110,#28050,#28040));
#28140=FACE_OUTER_BOUND('',#28130,.T.);
#28150=ADVANCED_FACE('',(#28140),#28030,.F.);
#28160=CARTESIAN_POINT('',(1.49502394389423,1.75674498738121,
-0.824999999999999));
#28170=DIRECTION('',(0.900478877884487,0.434899747624548,-0.));
#28180=DIRECTION('',(-0.434899747624548,0.900478877884487,0.));
#28190=AXIS2_PLACEMENT_3D('',#28160,#28170,#28180);
#28200=PLANE('',#28190);
#28210=ORIENTED_EDGE('',*,*,#28100,.F.);
#28220=ORIENTED_EDGE('',*,*,#25610,.F.);
#28230=CARTESIAN_POINT('',(1.49502394389423,1.75674498738121,
-0.944999999999999));
#28240=DIRECTION('',(0.,0.,1.));
#28250=VECTOR('',#28240,1.);
#28260=LINE('',#28230,#28250);
#28270=EDGE_CURVE('',#25520,#26990,#28260,.T.);
#28280=ORIENTED_EDGE('',*,*,#28270,.F.);
#28290=ORIENTED_EDGE('',*,*,#27000,.F.);
#28300=EDGE_LOOP('',(#28290,#28280,#28220,#28210));
#28310=FACE_OUTER_BOUND('',#28300,.T.);
#28320=ADVANCED_FACE('',(#28310),#28200,.T.);
#28330=CARTESIAN_POINT('',(1.45,1.73499999999999,-0.824999999999999));
#28340=DIRECTION('',(0.,0.,-1.));
#28350=DIRECTION('',(1.,1.22460635382238E-16,0.));
#28360=AXIS2_PLACEMENT_3D('',#28330,#28340,#28350);
#28370=CYLINDRICAL_SURFACE('',#28360,0.0499999999999998);
#28380=ORIENTED_EDGE('',*,*,#28270,.T.);
#28390=ORIENTED_EDGE('',*,*,#25530,.F.);
#28400=ORIENTED_EDGE('',*,*,#26260,.T.);
#28410=ORIENTED_EDGE('',*,*,#27070,.F.);
#28420=EDGE_LOOP('',(#28410,#28400,#28390,#28380));
#28430=FACE_OUTER_BOUND('',#28420,.T.);
#28440=ADVANCED_FACE('',(#28430),#28370,.T.);
#28450=CARTESIAN_POINT('',(-2.96101731916344,3.3223480408227,-2.145));
#28460=DIRECTION('',(0.,0.,-1.));
#28470=DIRECTION('',(1.,1.22460635382238E-16,0.));
#28480=AXIS2_PLACEMENT_3D('',#28450,#28460,#28470);
#28490=PLANE('',#28480);
#28500=CARTESIAN_POINT('',(1.32,1.68499999999999,-2.145));
#28510=DIRECTION('',(1.,0.,0.));
#28520=VECTOR('',#28510,1.);
#28530=LINE('',#28500,#28520);
#28540=CARTESIAN_POINT('',(1.45,1.68499999999999,-2.145));
#28550=VERTEX_POINT('',#28540);
#28560=EDGE_CURVE('',#15110,#28550,#28530,.T.);
#28570=ORIENTED_EDGE('',*,*,#28560,.F.);
#28580=CARTESIAN_POINT('',(1.45,1.73499999999999,-2.145));
#28590=DIRECTION('',(0.,0.,-1.));
#28600=DIRECTION('',(0.900478877884548,0.434899747624421,0.));
#28610=AXIS2_PLACEMENT_3D('',#28580,#28590,#28600);
#28620=CIRCLE('',#28610,0.0499999999999998);
#28630=CARTESIAN_POINT('',(1.49502394389423,1.75674498738121,-2.145));
#28640=VERTEX_POINT('',#28630);
#28650=EDGE_CURVE('',#28640,#28550,#28620,.T.);
#28660=ORIENTED_EDGE('',*,*,#28650,.T.);
#28670=CARTESIAN_POINT('',(1.47497605610578,1.79825501261875,-2.145));
#28680=DIRECTION('',(0.434899747624542,-0.90047887788449,0.));
#28690=VECTOR('',#28680,1.);
#28700=LINE('',#28670,#28690);
#28710=CARTESIAN_POINT('',(1.47497605610578,1.79825501261875,-2.145));
#28720=VERTEX_POINT('',#28710);
#28730=EDGE_CURVE('',#28720,#28640,#28700,.T.);
#28740=ORIENTED_EDGE('',*,*,#28730,.T.);
#28750=CARTESIAN_POINT('',(1.52,1.81999999999999,-2.145));
#28760=DIRECTION('',(0.,0.,1.));
#28770=DIRECTION('',(-3.55271367880043E-13,1.,0.));
#28780=AXIS2_PLACEMENT_3D('',#28750,#28760,#28770);
#28790=CIRCLE('',#28780,0.0500000000000009);
#28800=CARTESIAN_POINT('',(1.51999999999999,1.86999999999999,-2.145));
#28810=VERTEX_POINT('',#28800);
#28820=EDGE_CURVE('',#28810,#28720,#28790,.T.);
#28830=ORIENTED_EDGE('',*,*,#28820,.T.);
#28840=CARTESIAN_POINT('',(1.52,1.86999999999999,-2.145));
#28850=DIRECTION('',(1.,-6.53072367426563E-15,0.));
#28860=VECTOR('',#28850,1.);
#28870=LINE('',#28840,#28860);
#28880=CARTESIAN_POINT('',(1.69,1.86999999999999,-2.145));
#28890=VERTEX_POINT('',#28880);
#28900=EDGE_CURVE('',#28810,#28890,#28870,.T.);
#28910=ORIENTED_EDGE('',*,*,#28900,.F.);
#28920=CARTESIAN_POINT('',(1.69,1.86999999999999,-2.145));
#28930=DIRECTION('',(0.,1.,0.));
#28940=VECTOR('',#28930,1.);
#28950=LINE('',#28920,#28940);
#28960=CARTESIAN_POINT('',(1.69,1.94999999999999,-2.145));
#28970=VERTEX_POINT('',#28960);
#28980=EDGE_CURVE('',#28890,#28970,#28950,.T.);
#28990=ORIENTED_EDGE('',*,*,#28980,.F.);
#29000=CARTESIAN_POINT('',(1.64,1.94999999999999,-2.145));
#29010=DIRECTION('',(0.,0.,-1.));
#29020=DIRECTION('',(-4.88498130835068E-14,1.,0.));
#29030=AXIS2_PLACEMENT_3D('',#29000,#29010,#29020);
#29040=CIRCLE('',#29030,0.05);
#29050=CARTESIAN_POINT('',(1.64,1.99999999999999,-2.145));
#29060=VERTEX_POINT('',#29050);
#29070=EDGE_CURVE('',#29060,#28970,#29040,.T.);
#29080=ORIENTED_EDGE('',*,*,#29070,.T.);
#29090=CARTESIAN_POINT('',(1.64,1.99999999999999,-2.145));
#29100=DIRECTION('',(-1.,0.,0.));
#29110=VECTOR('',#29100,1.);
#29120=LINE('',#29090,#29110);
#29130=CARTESIAN_POINT('',(1.39,1.99999999999999,-2.145));
#29140=VERTEX_POINT('',#29130);
#29150=EDGE_CURVE('',#29060,#29140,#29120,.T.);
#29160=ORIENTED_EDGE('',*,*,#29150,.F.);
#29170=CARTESIAN_POINT('',(1.31999999999999,1.93249999999998,-2.145));
#29180=DIRECTION('',(0.719844295420682,0.694135570584235,0.));
#29190=VECTOR('',#29180,1.);
#29200=LINE('',#29170,#29190);
#29210=EDGE_CURVE('',#14950,#29140,#29200,.T.);
#29220=ORIENTED_EDGE('',*,*,#29210,.T.);
#29230=ORIENTED_EDGE('',*,*,#15180,.F.);
#29240=EDGE_LOOP('',(#29230,#29220,#29160,#29080,#28990,#28910,#28830,
#28740,#28660,#28570));
#29250=FACE_OUTER_BOUND('',#29240,.T.);
#29260=ADVANCED_FACE('',(#29250),#28490,.T.);
#29270=CARTESIAN_POINT('',(1.32,1.68499999999999,-2.025));
#29280=DIRECTION('',(1.22460635382238E-16,-1.,0.));
#29290=DIRECTION('',(1.,1.22460635382238E-16,0.));
#29300=AXIS2_PLACEMENT_3D('',#29270,#29280,#29290);
#29310=PLANE('',#29300);
#29320=CARTESIAN_POINT('',(1.45,1.68499999999999,-2.025));
#29330=DIRECTION('',(0.,0.,-1.));
#29340=VECTOR('',#29330,1.);
#29350=LINE('',#29320,#29340);
#29360=CARTESIAN_POINT('',(1.45,1.68499999999999,-2.025));
#29370=VERTEX_POINT('',#29360);
#29380=EDGE_CURVE('',#29370,#28550,#29350,.T.);
#29390=ORIENTED_EDGE('',*,*,#29380,.F.);
#29400=ORIENTED_EDGE('',*,*,#28560,.T.);
#29410=ORIENTED_EDGE('',*,*,#15120,.F.);
#29420=CARTESIAN_POINT('',(1.32,1.68499999999999,-2.025));
#29430=DIRECTION('',(1.,0.,0.));
#29440=VECTOR('',#29430,1.);
#29450=LINE('',#29420,#29440);
#29460=EDGE_CURVE('',#15030,#29370,#29450,.T.);
#29470=ORIENTED_EDGE('',*,*,#29460,.F.);
#29480=EDGE_LOOP('',(#29470,#29410,#29400,#29390));
#29490=FACE_OUTER_BOUND('',#29480,.T.);
#29500=ADVANCED_FACE('',(#29490),#29310,.T.);
#29510=CARTESIAN_POINT('',(-2.96101731916344,3.3223480408227,-2.025));
#29520=DIRECTION('',(0.,0.,-1.));
#29530=DIRECTION('',(1.,1.22460635382238E-16,0.));
#29540=AXIS2_PLACEMENT_3D('',#29510,#29520,#29530);
#29550=PLANE('',#29540);
#29560=CARTESIAN_POINT('',(1.39,1.99999999999999,-2.025));
#29570=DIRECTION('',(-0.719844295420683,-0.694135570584234,0.));
#29580=VECTOR('',#29570,1.);
#29590=LINE('',#29560,#29580);
#29600=CARTESIAN_POINT('',(1.39,1.99999999999999,-2.025));
#29610=VERTEX_POINT('',#29600);
#29620=EDGE_CURVE('',#29610,#14930,#29590,.T.);
#29630=ORIENTED_EDGE('',*,*,#29620,.T.);
#29640=CARTESIAN_POINT('',(1.64,1.99999999999999,-2.025));
#29650=DIRECTION('',(-1.,-8.88178419700128E-16,0.));
#29660=VECTOR('',#29650,1.);
#29670=LINE('',#29640,#29660);
#29680=CARTESIAN_POINT('',(1.64,1.99999999999999,-2.025));
#29690=VERTEX_POINT('',#29680);
#29700=EDGE_CURVE('',#29690,#29610,#29670,.T.);
#29710=ORIENTED_EDGE('',*,*,#29700,.T.);
#29720=CARTESIAN_POINT('',(1.64,1.94999999999999,-2.025));
#29730=DIRECTION('',(0.,0.,1.));
#29740=DIRECTION('',(1.,0.,0.));
#29750=AXIS2_PLACEMENT_3D('',#29720,#29730,#29740);
#29760=CIRCLE('',#29750,0.05);
#29770=CARTESIAN_POINT('',(1.69,1.94999999999999,-2.025));
#29780=VERTEX_POINT('',#29770);
#29790=EDGE_CURVE('',#29780,#29690,#29760,.T.);
#29800=ORIENTED_EDGE('',*,*,#29790,.T.);
#29810=CARTESIAN_POINT('',(1.69,1.86999999999999,-2.025));
#29820=DIRECTION('',(0.,1.,0.));
#29830=VECTOR('',#29820,1.);
#29840=LINE('',#29810,#29830);
#29850=CARTESIAN_POINT('',(1.69,1.86999999999999,-2.025));
#29860=VERTEX_POINT('',#29850);
#29870=EDGE_CURVE('',#29860,#29780,#29840,.T.);
#29880=ORIENTED_EDGE('',*,*,#29870,.T.);
#29890=CARTESIAN_POINT('',(1.51999999999999,1.86999999999999,-2.025));
#29900=DIRECTION('',(1.,1.30614473485302E-15,0.));
#29910=VECTOR('',#29900,1.);
#29920=LINE('',#29890,#29910);
#29930=CARTESIAN_POINT('',(1.51999999999999,1.86999999999999,-2.025));
#29940=VERTEX_POINT('',#29930);
#29950=EDGE_CURVE('',#29940,#29860,#29920,.T.);
#29960=ORIENTED_EDGE('',*,*,#29950,.T.);
#29970=CARTESIAN_POINT('',(1.52,1.81999999999999,-2.025));
#29980=DIRECTION('',(0.,0.,-1.));
#29990=DIRECTION('',(-0.900478877885031,-0.434899747623422,0.));
#30000=AXIS2_PLACEMENT_3D('',#29970,#29980,#29990);
#30010=CIRCLE('',#30000,0.0500000000000009);
#30020=CARTESIAN_POINT('',(1.47497605610576,1.79825501261879,-2.025));
#30030=VERTEX_POINT('',#30020);
#30040=EDGE_CURVE('',#30030,#29940,#30010,.T.);
#30050=ORIENTED_EDGE('',*,*,#30040,.T.);
#30060=CARTESIAN_POINT('',(1.49502394389422,1.75674498738124,-2.025));
#30070=DIRECTION('',(-0.434899747624536,0.900478877884493,0.));
#30080=VECTOR('',#30070,1.);
#30090=LINE('',#30060,#30080);
#30100=CARTESIAN_POINT('',(1.49502394389422,1.75674498738122,-2.025));
#30110=VERTEX_POINT('',#30100);
#30120=EDGE_CURVE('',#30110,#30030,#30090,.T.);
#30130=ORIENTED_EDGE('',*,*,#30120,.T.);
#30140=CARTESIAN_POINT('',(1.45,1.73499999999999,-2.025));
#30150=DIRECTION('',(0.,0.,1.));
#30160=DIRECTION('',(-3.99680288865058E-14,-1.,0.));
#30170=AXIS2_PLACEMENT_3D('',#30140,#30150,#30160);
#30180=CIRCLE('',#30170,0.0499999999999998);
#30190=EDGE_CURVE('',#29370,#30110,#30180,.T.);
#30200=ORIENTED_EDGE('',*,*,#30190,.T.);
#30210=ORIENTED_EDGE('',*,*,#29460,.T.);
#30220=ORIENTED_EDGE('',*,*,#15040,.T.);
#30230=EDGE_LOOP('',(#30220,#30210,#30200,#30130,#30050,#29960,#29880,
#29800,#29710,#29630));
#30240=FACE_OUTER_BOUND('',#30230,.T.);
#30250=ADVANCED_FACE('',(#30240),#29550,.F.);
#30260=CARTESIAN_POINT('',(1.39,1.99999999999999,-2.025));
#30270=DIRECTION('',(-0.694135570584234,0.719844295420684,0.));
#30280=DIRECTION('',(-0.719844295420684,-0.694135570584234,0.));
#30290=AXIS2_PLACEMENT_3D('',#30260,#30270,#30280);
#30300=PLANE('',#30290);
#30310=ORIENTED_EDGE('',*,*,#29210,.F.);
#30320=CARTESIAN_POINT('',(1.39,1.99999999999999,-2.025));
#30330=DIRECTION('',(0.,0.,-1.));
#30340=VECTOR('',#30330,1.);
#30350=LINE('',#30320,#30340);
#30360=EDGE_CURVE('',#29610,#29140,#30350,.T.);
#30370=ORIENTED_EDGE('',*,*,#30360,.T.);
#30380=ORIENTED_EDGE('',*,*,#29620,.F.);
#30390=ORIENTED_EDGE('',*,*,#14960,.F.);
#30400=EDGE_LOOP('',(#30390,#30380,#30370,#30310));
#30410=FACE_OUTER_BOUND('',#30400,.T.);
#30420=ADVANCED_FACE('',(#30410),#30300,.T.);
#30430=CARTESIAN_POINT('',(1.64,1.99999999999999,-2.025));
#30440=DIRECTION('',(-1.22460635382238E-16,1.,0.));
#30450=DIRECTION('',(-1.,-1.22460635382238E-16,0.));
#30460=AXIS2_PLACEMENT_3D('',#30430,#30440,#30450);
#30470=PLANE('',#30460);
#30480=ORIENTED_EDGE('',*,*,#30360,.F.);
#30490=ORIENTED_EDGE('',*,*,#29150,.T.);
#30500=CARTESIAN_POINT('',(1.64,1.99999999999999,-2.145));
#30510=DIRECTION('',(0.,0.,1.));
#30520=VECTOR('',#30510,1.);
#30530=LINE('',#30500,#30520);
#30540=EDGE_CURVE('',#29060,#29690,#30530,.T.);
#30550=ORIENTED_EDGE('',*,*,#30540,.F.);
#30560=ORIENTED_EDGE('',*,*,#29700,.F.);
#30570=EDGE_LOOP('',(#30560,#30550,#30490,#30480));
#30580=FACE_OUTER_BOUND('',#30570,.T.);
#30590=ADVANCED_FACE('',(#30580),#30470,.T.);
#30600=CARTESIAN_POINT('',(1.64,1.94999999999999,-2.025));
#30610=DIRECTION('',(0.,0.,-1.));
#30620=DIRECTION('',(1.,1.22460635382238E-16,0.));
#30630=AXIS2_PLACEMENT_3D('',#30600,#30610,#30620);
#30640=CYLINDRICAL_SURFACE('',#30630,0.05);
#30650=ORIENTED_EDGE('',*,*,#30540,.T.);
#30660=ORIENTED_EDGE('',*,*,#29070,.F.);
#30670=CARTESIAN_POINT('',(1.69,1.94999999999999,-2.025));
#30680=DIRECTION('',(0.,0.,-1.));
#30690=VECTOR('',#30680,1.);
#30700=LINE('',#30670,#30690);
#30710=EDGE_CURVE('',#29780,#28970,#30700,.T.);
#30720=ORIENTED_EDGE('',*,*,#30710,.T.);
#30730=ORIENTED_EDGE('',*,*,#29790,.F.);
#30740=EDGE_LOOP('',(#30730,#30720,#30660,#30650));
#30750=FACE_OUTER_BOUND('',#30740,.T.);
#30760=ADVANCED_FACE('',(#30750),#30640,.T.);
#30770=CARTESIAN_POINT('',(1.69,1.86999999999999,-2.025));
#30780=DIRECTION('',(1.,1.22460635382238E-16,-0.));
#30790=DIRECTION('',(-1.22460635382238E-16,1.,0.));
#30800=AXIS2_PLACEMENT_3D('',#30770,#30780,#30790);
#30810=PLANE('',#30800);
#30820=ORIENTED_EDGE('',*,*,#30710,.F.);
#30830=ORIENTED_EDGE('',*,*,#28980,.T.);
#30840=CARTESIAN_POINT('',(1.69,1.86999999999999,-2.025));
#30850=DIRECTION('',(0.,0.,-1.));
#30860=VECTOR('',#30850,1.);
#30870=LINE('',#30840,#30860);
#30880=EDGE_CURVE('',#29860,#28890,#30870,.T.);
#30890=ORIENTED_EDGE('',*,*,#30880,.T.);
#30900=ORIENTED_EDGE('',*,*,#29870,.F.);
#30910=EDGE_LOOP('',(#30900,#30890,#30830,#30820));
#30920=FACE_OUTER_BOUND('',#30910,.T.);
#30930=ADVANCED_FACE('',(#30920),#30810,.T.);
#30940=CARTESIAN_POINT('',(1.52,1.86999999999999,-2.025));
#30950=DIRECTION('',(-6.40826303888332E-15,-1.,0.));
#30960=DIRECTION('',(1.,-6.40826303888332E-15,0.));
#30970=AXIS2_PLACEMENT_3D('',#30940,#30950,#30960);
#30980=PLANE('',#30970);
#30990=ORIENTED_EDGE('',*,*,#30880,.F.);
#31000=ORIENTED_EDGE('',*,*,#28900,.T.);
#31010=CARTESIAN_POINT('',(1.52,1.86999999999999,-2.145));
#31020=DIRECTION('',(0.,0.,1.));
#31030=VECTOR('',#31020,1.);
#31040=LINE('',#31010,#31030);
#31050=EDGE_CURVE('',#28810,#29940,#31040,.T.);
#31060=ORIENTED_EDGE('',*,*,#31050,.F.);
#31070=ORIENTED_EDGE('',*,*,#29950,.F.);
#31080=EDGE_LOOP('',(#31070,#31060,#31000,#30990));
#31090=FACE_OUTER_BOUND('',#31080,.T.);
#31100=ADVANCED_FACE('',(#31090),#30980,.T.);
#31110=CARTESIAN_POINT('',(1.52,1.81999999999999,-2.025));
#31120=DIRECTION('',(0.,0.,-1.));
#31130=DIRECTION('',(1.,1.22460635382238E-16,0.));
#31140=AXIS2_PLACEMENT_3D('',#31110,#31120,#31130);
#31150=CYLINDRICAL_SURFACE('',#31140,0.0500000000000009);
#31160=ORIENTED_EDGE('',*,*,#31050,.T.);
#31170=ORIENTED_EDGE('',*,*,#28820,.F.);
#31180=CARTESIAN_POINT('',(1.47497605610578,1.79825501261876,-2.025));
#31190=DIRECTION('',(0.,0.,-1.));
#31200=VECTOR('',#31190,1.);
#31210=LINE('',#31180,#31200);
#31220=EDGE_CURVE('',#30030,#28720,#31210,.T.);
#31230=ORIENTED_EDGE('',*,*,#31220,.T.);
#31240=ORIENTED_EDGE('',*,*,#30040,.F.);
#31250=EDGE_LOOP('',(#31240,#31230,#31170,#31160));
#31260=FACE_OUTER_BOUND('',#31250,.T.);
#31270=ADVANCED_FACE('',(#31260),#31150,.F.);
#31280=CARTESIAN_POINT('',(1.49502394389423,1.75674498738121,-2.025));
#31290=DIRECTION('',(0.900478877884487,0.434899747624548,-0.));
#31300=DIRECTION('',(-0.434899747624548,0.900478877884487,0.));
#31310=AXIS2_PLACEMENT_3D('',#31280,#31290,#31300);
#31320=PLANE('',#31310);
#31330=ORIENTED_EDGE('',*,*,#31220,.F.);
#31340=ORIENTED_EDGE('',*,*,#28730,.F.);
#31350=CARTESIAN_POINT('',(1.49502394389423,1.75674498738121,-2.145));
#31360=DIRECTION('',(0.,0.,1.));
#31370=VECTOR('',#31360,1.);
#31380=LINE('',#31350,#31370);
#31390=EDGE_CURVE('',#28640,#30110,#31380,.T.);
#31400=ORIENTED_EDGE('',*,*,#31390,.F.);
#31410=ORIENTED_EDGE('',*,*,#30120,.F.);
#31420=EDGE_LOOP('',(#31410,#31400,#31340,#31330));
#31430=FACE_OUTER_BOUND('',#31420,.T.);
#31440=ADVANCED_FACE('',(#31430),#31320,.T.);
#31450=CARTESIAN_POINT('',(1.45,1.73499999999999,-2.025));
#31460=DIRECTION('',(0.,0.,-1.));
#31470=DIRECTION('',(1.,1.22460635382238E-16,0.));
#31480=AXIS2_PLACEMENT_3D('',#31450,#31460,#31470);
#31490=CYLINDRICAL_SURFACE('',#31480,0.0499999999999998);
#31500=ORIENTED_EDGE('',*,*,#31390,.T.);
#31510=ORIENTED_EDGE('',*,*,#28650,.F.);
#31520=ORIENTED_EDGE('',*,*,#29380,.T.);
#31530=ORIENTED_EDGE('',*,*,#30190,.F.);
#31540=EDGE_LOOP('',(#31530,#31520,#31510,#31500));
#31550=FACE_OUTER_BOUND('',#31540,.T.);
#31560=ADVANCED_FACE('',(#31550),#31490,.T.);
#31570=CARTESIAN_POINT('',(-2.96101731916344,3.3223480408227,-1.745));
#31580=DIRECTION('',(0.,0.,-1.));
#31590=DIRECTION('',(1.,1.22460635382238E-16,0.));
#31600=AXIS2_PLACEMENT_3D('',#31570,#31580,#31590);
#31610=PLANE('',#31600);
#31620=CARTESIAN_POINT('',(1.32,1.68499999999999,-1.745));
#31630=DIRECTION('',(1.,0.,0.));
#31640=VECTOR('',#31630,1.);
#31650=LINE('',#31620,#31640);
#31660=CARTESIAN_POINT('',(1.45,1.68499999999999,-1.745));
#31670=VERTEX_POINT('',#31660);
#31680=EDGE_CURVE('',#15450,#31670,#31650,.T.);
#31690=ORIENTED_EDGE('',*,*,#31680,.F.);
#31700=CARTESIAN_POINT('',(1.45,1.73499999999999,-1.745));
#31710=DIRECTION('',(0.,0.,-1.));
#31720=DIRECTION('',(0.900478877884499,0.434899747624523,0.));
#31730=AXIS2_PLACEMENT_3D('',#31700,#31710,#31720);
#31740=CIRCLE('',#31730,0.0499999999999998);
#31750=CARTESIAN_POINT('',(1.49502394389423,1.75674498738121,-1.745));
#31760=VERTEX_POINT('',#31750);
#31770=EDGE_CURVE('',#31760,#31670,#31740,.T.);
#31780=ORIENTED_EDGE('',*,*,#31770,.T.);
#31790=CARTESIAN_POINT('',(1.47497605610578,1.79825501261875,-1.745));
#31800=DIRECTION('',(0.434899747624556,-0.900478877884483,0.));
#31810=VECTOR('',#31800,1.);
#31820=LINE('',#31790,#31810);
#31830=CARTESIAN_POINT('',(1.47497605610578,1.79825501261875,-1.745));
#31840=VERTEX_POINT('',#31830);
#31850=EDGE_CURVE('',#31840,#31760,#31820,.T.);
#31860=ORIENTED_EDGE('',*,*,#31850,.T.);
#31870=CARTESIAN_POINT('',(1.52,1.81999999999999,-1.745));
#31880=DIRECTION('',(0.,0.,1.));
#31890=DIRECTION('',(-3.55271367880043E-13,1.,0.));
#31900=AXIS2_PLACEMENT_3D('',#31870,#31880,#31890);
#31910=CIRCLE('',#31900,0.0500000000000009);
#31920=CARTESIAN_POINT('',(1.51999999999999,1.86999999999999,-1.745));
#31930=VERTEX_POINT('',#31920);
#31940=EDGE_CURVE('',#31930,#31840,#31910,.T.);
#31950=ORIENTED_EDGE('',*,*,#31940,.T.);
#31960=CARTESIAN_POINT('',(1.52,1.86999999999999,-1.745));
#31970=DIRECTION('',(1.,-6.53072367426563E-15,0.));
#31980=VECTOR('',#31970,1.);
#31990=LINE('',#31960,#31980);
#32000=CARTESIAN_POINT('',(1.69,1.86999999999999,-1.745));
#32010=VERTEX_POINT('',#32000);
#32020=EDGE_CURVE('',#31930,#32010,#31990,.T.);
#32030=ORIENTED_EDGE('',*,*,#32020,.F.);
#32040=CARTESIAN_POINT('',(1.69,1.86999999999999,-1.745));
#32050=DIRECTION('',(0.,1.,0.));
#32060=VECTOR('',#32050,1.);
#32070=LINE('',#32040,#32060);
#32080=CARTESIAN_POINT('',(1.69,1.94999999999999,-1.745));
#32090=VERTEX_POINT('',#32080);
#32100=EDGE_CURVE('',#32010,#32090,#32070,.T.);
#32110=ORIENTED_EDGE('',*,*,#32100,.F.);
#32120=CARTESIAN_POINT('',(1.64,1.94999999999999,-1.745));
#32130=DIRECTION('',(0.,0.,-1.));
#32140=DIRECTION('',(-4.88498130835068E-14,1.,0.));
#32150=AXIS2_PLACEMENT_3D('',#32120,#32130,#32140);
#32160=CIRCLE('',#32150,0.05);
#32170=CARTESIAN_POINT('',(1.64,1.99999999999999,-1.745));
#32180=VERTEX_POINT('',#32170);
#32190=EDGE_CURVE('',#32180,#32090,#32160,.T.);
#32200=ORIENTED_EDGE('',*,*,#32190,.T.);
#32210=CARTESIAN_POINT('',(1.64,1.99999999999999,-1.745));
#32220=DIRECTION('',(-1.,0.,0.));
#32230=VECTOR('',#32220,1.);
#32240=LINE('',#32210,#32230);
#32250=CARTESIAN_POINT('',(1.39,1.99999999999999,-1.745));
#32260=VERTEX_POINT('',#32250);
#32270=EDGE_CURVE('',#32180,#32260,#32240,.T.);
#32280=ORIENTED_EDGE('',*,*,#32270,.F.);
#32290=CARTESIAN_POINT('',(1.31999999999999,1.93249999999998,-1.745));
#32300=DIRECTION('',(0.719844295420682,0.694135570584235,0.));
#32310=VECTOR('',#32300,1.);
#32320=LINE('',#32290,#32310);
#32330=EDGE_CURVE('',#15290,#32260,#32320,.T.);
#32340=ORIENTED_EDGE('',*,*,#32330,.T.);
#32350=ORIENTED_EDGE('',*,*,#15520,.F.);
#32360=EDGE_LOOP('',(#32350,#32340,#32280,#32200,#32110,#32030,#31950,
#31860,#31780,#31690));
#32370=FACE_OUTER_BOUND('',#32360,.T.);
#32380=ADVANCED_FACE('',(#32370),#31610,.T.);
#32390=CARTESIAN_POINT('',(1.32,1.68499999999999,-1.625));
#32400=DIRECTION('',(1.22460635382238E-16,-1.,0.));
#32410=DIRECTION('',(1.,1.22460635382238E-16,0.));
#32420=AXIS2_PLACEMENT_3D('',#32390,#32400,#32410);
#32430=PLANE('',#32420);
#32440=CARTESIAN_POINT('',(1.45,1.68499999999999,-1.625));
#32450=DIRECTION('',(0.,0.,-1.));
#32460=VECTOR('',#32450,1.);
#32470=LINE('',#32440,#32460);
#32480=CARTESIAN_POINT('',(1.45,1.68499999999999,-1.625));
#32490=VERTEX_POINT('',#32480);
#32500=EDGE_CURVE('',#32490,#31670,#32470,.T.);
#32510=ORIENTED_EDGE('',*,*,#32500,.F.);
#32520=ORIENTED_EDGE('',*,*,#31680,.T.);
#32530=ORIENTED_EDGE('',*,*,#15460,.F.);
#32540=CARTESIAN_POINT('',(1.32,1.68499999999999,-1.625));
#32550=DIRECTION('',(1.,0.,0.));
#32560=VECTOR('',#32550,1.);
#32570=LINE('',#32540,#32560);
#32580=EDGE_CURVE('',#15370,#32490,#32570,.T.);
#32590=ORIENTED_EDGE('',*,*,#32580,.F.);
#32600=EDGE_LOOP('',(#32590,#32530,#32520,#32510));
#32610=FACE_OUTER_BOUND('',#32600,.T.);
#32620=ADVANCED_FACE('',(#32610),#32430,.T.);
#32630=CARTESIAN_POINT('',(-2.96101731916344,3.3223480408227,-1.625));
#32640=DIRECTION('',(0.,0.,-1.));
#32650=DIRECTION('',(1.,1.22460635382238E-16,0.));
#32660=AXIS2_PLACEMENT_3D('',#32630,#32640,#32650);
#32670=PLANE('',#32660);
#32680=CARTESIAN_POINT('',(1.39,1.99999999999999,-1.625));
#32690=DIRECTION('',(-0.719844295420682,-0.694135570584235,0.));
#32700=VECTOR('',#32690,1.);
#32710=LINE('',#32680,#32700);
#32720=CARTESIAN_POINT('',(1.39,1.99999999999999,-1.625));
#32730=VERTEX_POINT('',#32720);
#32740=EDGE_CURVE('',#32730,#15270,#32710,.T.);
#32750=ORIENTED_EDGE('',*,*,#32740,.T.);
#32760=CARTESIAN_POINT('',(1.64,1.99999999999999,-1.625));
#32770=DIRECTION('',(-1.,-8.88178419700128E-16,0.));
#32780=VECTOR('',#32770,1.);
#32790=LINE('',#32760,#32780);
#32800=CARTESIAN_POINT('',(1.64,1.99999999999999,-1.625));
#32810=VERTEX_POINT('',#32800);
#32820=EDGE_CURVE('',#32810,#32730,#32790,.T.);
#32830=ORIENTED_EDGE('',*,*,#32820,.T.);
#32840=CARTESIAN_POINT('',(1.64,1.94999999999999,-1.625));
#32850=DIRECTION('',(0.,0.,1.));
#32860=DIRECTION('',(1.,0.,0.));
#32870=AXIS2_PLACEMENT_3D('',#32840,#32850,#32860);
#32880=CIRCLE('',#32870,0.05);
#32890=CARTESIAN_POINT('',(1.69,1.94999999999999,-1.625));
#32900=VERTEX_POINT('',#32890);
#32910=EDGE_CURVE('',#32900,#32810,#32880,.T.);
#32920=ORIENTED_EDGE('',*,*,#32910,.T.);
#32930=CARTESIAN_POINT('',(1.69,1.86999999999999,-1.625));
#32940=DIRECTION('',(0.,1.,0.));
#32950=VECTOR('',#32940,1.);
#32960=LINE('',#32930,#32950);
#32970=CARTESIAN_POINT('',(1.69,1.86999999999999,-1.625));
#32980=VERTEX_POINT('',#32970);
#32990=EDGE_CURVE('',#32980,#32900,#32960,.T.);
#33000=ORIENTED_EDGE('',*,*,#32990,.T.);
#33010=CARTESIAN_POINT('',(1.51999999999999,1.86999999999999,-1.625));
#33020=DIRECTION('',(1.,1.30614473485302E-15,0.));
#33030=VECTOR('',#33020,1.);
#33040=LINE('',#33010,#33030);
#33050=CARTESIAN_POINT('',(1.51999999999999,1.86999999999999,-1.625));
#33060=VERTEX_POINT('',#33050);
#33070=EDGE_CURVE('',#33060,#32980,#33040,.T.);
#33080=ORIENTED_EDGE('',*,*,#33070,.T.);
#33090=CARTESIAN_POINT('',(1.52,1.81999999999999,-1.625));
#33100=DIRECTION('',(0.,0.,-1.));
#33110=DIRECTION('',(-0.900478877885031,-0.434899747623422,0.));
#33120=AXIS2_PLACEMENT_3D('',#33090,#33100,#33110);
#33130=CIRCLE('',#33120,0.0500000000000009);
#33140=CARTESIAN_POINT('',(1.47497605610576,1.79825501261879,-1.625));
#33150=VERTEX_POINT('',#33140);
#33160=EDGE_CURVE('',#33150,#33060,#33130,.T.);
#33170=ORIENTED_EDGE('',*,*,#33160,.T.);
#33180=CARTESIAN_POINT('',(1.49502394389422,1.75674498738124,-1.625));
#33190=DIRECTION('',(-0.434899747624539,0.900478877884491,0.));
#33200=VECTOR('',#33190,1.);
#33210=LINE('',#33180,#33200);
#33220=CARTESIAN_POINT('',(1.49502394389422,1.75674498738122,-1.625));
#33230=VERTEX_POINT('',#33220);
#33240=EDGE_CURVE('',#33230,#33150,#33210,.T.);
#33250=ORIENTED_EDGE('',*,*,#33240,.T.);
#33260=CARTESIAN_POINT('',(1.45,1.73499999999999,-1.625));
#33270=DIRECTION('',(0.,0.,1.));
#33280=DIRECTION('',(-3.99680288865058E-14,-1.,0.));
#33290=AXIS2_PLACEMENT_3D('',#33260,#33270,#33280);
#33300=CIRCLE('',#33290,0.0499999999999998);
#33310=EDGE_CURVE('',#32490,#33230,#33300,.T.);
#33320=ORIENTED_EDGE('',*,*,#33310,.T.);
#33330=ORIENTED_EDGE('',*,*,#32580,.T.);
#33340=ORIENTED_EDGE('',*,*,#15380,.T.);
#33350=EDGE_LOOP('',(#33340,#33330,#33320,#33250,#33170,#33080,#33000,
#32920,#32830,#32750));
#33360=FACE_OUTER_BOUND('',#33350,.T.);
#33370=ADVANCED_FACE('',(#33360),#32670,.F.);
#33380=CARTESIAN_POINT('',(1.39,1.99999999999999,-1.625));
#33390=DIRECTION('',(-0.694135570584234,0.719844295420684,0.));
#33400=DIRECTION('',(-0.719844295420684,-0.694135570584234,0.));
#33410=AXIS2_PLACEMENT_3D('',#33380,#33390,#33400);
#33420=PLANE('',#33410);
#33430=ORIENTED_EDGE('',*,*,#32330,.F.);
#33440=CARTESIAN_POINT('',(1.39,1.99999999999999,-1.625));
#33450=DIRECTION('',(0.,0.,-1.));
#33460=VECTOR('',#33450,1.);
#33470=LINE('',#33440,#33460);
#33480=EDGE_CURVE('',#32730,#32260,#33470,.T.);
#33490=ORIENTED_EDGE('',*,*,#33480,.T.);
#33500=ORIENTED_EDGE('',*,*,#32740,.F.);
#33510=ORIENTED_EDGE('',*,*,#15300,.F.);
#33520=EDGE_LOOP('',(#33510,#33500,#33490,#33430));
#33530=FACE_OUTER_BOUND('',#33520,.T.);
#33540=ADVANCED_FACE('',(#33530),#33420,.T.);
#33550=CARTESIAN_POINT('',(1.64,1.99999999999999,-1.625));
#33560=DIRECTION('',(-1.22460635382238E-16,1.,0.));
#33570=DIRECTION('',(-1.,-1.22460635382238E-16,0.));
#33580=AXIS2_PLACEMENT_3D('',#33550,#33560,#33570);
#33590=PLANE('',#33580);
#33600=ORIENTED_EDGE('',*,*,#33480,.F.);
#33610=ORIENTED_EDGE('',*,*,#32270,.T.);
#33620=CARTESIAN_POINT('',(1.64,1.99999999999999,-1.745));
#33630=DIRECTION('',(0.,0.,1.));
#33640=VECTOR('',#33630,1.);
#33650=LINE('',#33620,#33640);
#33660=EDGE_CURVE('',#32180,#32810,#33650,.T.);
#33670=ORIENTED_EDGE('',*,*,#33660,.F.);
#33680=ORIENTED_EDGE('',*,*,#32820,.F.);
#33690=EDGE_LOOP('',(#33680,#33670,#33610,#33600));
#33700=FACE_OUTER_BOUND('',#33690,.T.);
#33710=ADVANCED_FACE('',(#33700),#33590,.T.);
#33720=CARTESIAN_POINT('',(1.64,1.94999999999999,-1.625));
#33730=DIRECTION('',(0.,0.,-1.));
#33740=DIRECTION('',(1.,1.22460635382238E-16,0.));
#33750=AXIS2_PLACEMENT_3D('',#33720,#33730,#33740);
#33760=CYLINDRICAL_SURFACE('',#33750,0.05);
#33770=ORIENTED_EDGE('',*,*,#33660,.T.);
#33780=ORIENTED_EDGE('',*,*,#32190,.F.);
#33790=CARTESIAN_POINT('',(1.69,1.94999999999999,-1.625));
#33800=DIRECTION('',(0.,0.,-1.));
#33810=VECTOR('',#33800,1.);
#33820=LINE('',#33790,#33810);
#33830=EDGE_CURVE('',#32900,#32090,#33820,.T.);
#33840=ORIENTED_EDGE('',*,*,#33830,.T.);
#33850=ORIENTED_EDGE('',*,*,#32910,.F.);
#33860=EDGE_LOOP('',(#33850,#33840,#33780,#33770));
#33870=FACE_OUTER_BOUND('',#33860,.T.);
#33880=ADVANCED_FACE('',(#33870),#33760,.T.);
#33890=CARTESIAN_POINT('',(1.69,1.86999999999999,-1.625));
#33900=DIRECTION('',(1.,1.22460635382238E-16,-0.));
#33910=DIRECTION('',(-1.22460635382238E-16,1.,0.));
#33920=AXIS2_PLACEMENT_3D('',#33890,#33900,#33910);
#33930=PLANE('',#33920);
#33940=ORIENTED_EDGE('',*,*,#33830,.F.);
#33950=ORIENTED_EDGE('',*,*,#32100,.T.);
#33960=CARTESIAN_POINT('',(1.69,1.86999999999999,-1.625));
#33970=DIRECTION('',(0.,0.,-1.));
#33980=VECTOR('',#33970,1.);
#33990=LINE('',#33960,#33980);
#34000=EDGE_CURVE('',#32980,#32010,#33990,.T.);
#34010=ORIENTED_EDGE('',*,*,#34000,.T.);
#34020=ORIENTED_EDGE('',*,*,#32990,.F.);
#34030=EDGE_LOOP('',(#34020,#34010,#33950,#33940));
#34040=FACE_OUTER_BOUND('',#34030,.T.);
#34050=ADVANCED_FACE('',(#34040),#33930,.T.);
#34060=CARTESIAN_POINT('',(1.52,1.86999999999999,-1.625));
#34070=DIRECTION('',(-6.40826303888332E-15,-1.,0.));
#34080=DIRECTION('',(1.,-6.40826303888332E-15,0.));
#34090=AXIS2_PLACEMENT_3D('',#34060,#34070,#34080);
#34100=PLANE('',#34090);
#34110=ORIENTED_EDGE('',*,*,#34000,.F.);
#34120=ORIENTED_EDGE('',*,*,#32020,.T.);
#34130=CARTESIAN_POINT('',(1.52,1.86999999999999,-1.745));
#34140=DIRECTION('',(0.,0.,1.));
#34150=VECTOR('',#34140,1.);
#34160=LINE('',#34130,#34150);
#34170=EDGE_CURVE('',#31930,#33060,#34160,.T.);
#34180=ORIENTED_EDGE('',*,*,#34170,.F.);
#34190=ORIENTED_EDGE('',*,*,#33070,.F.);
#34200=EDGE_LOOP('',(#34190,#34180,#34120,#34110));
#34210=FACE_OUTER_BOUND('',#34200,.T.);
#34220=ADVANCED_FACE('',(#34210),#34100,.T.);
#34230=CARTESIAN_POINT('',(1.52,1.81999999999999,-1.625));
#34240=DIRECTION('',(0.,0.,-1.));
#34250=DIRECTION('',(1.,1.22460635382238E-16,0.));
#34260=AXIS2_PLACEMENT_3D('',#34230,#34240,#34250);
#34270=CYLINDRICAL_SURFACE('',#34260,0.0500000000000009);
#34280=ORIENTED_EDGE('',*,*,#34170,.T.);
#34290=ORIENTED_EDGE('',*,*,#31940,.F.);
#34300=CARTESIAN_POINT('',(1.47497605610578,1.79825501261876,-1.625));
#34310=DIRECTION('',(0.,0.,-1.));
#34320=VECTOR('',#34310,1.);
#34330=LINE('',#34300,#34320);
#34340=EDGE_CURVE('',#33150,#31840,#34330,.T.);
#34350=ORIENTED_EDGE('',*,*,#34340,.T.);
#34360=ORIENTED_EDGE('',*,*,#33160,.F.);
#34370=EDGE_LOOP('',(#34360,#34350,#34290,#34280));
#34380=FACE_OUTER_BOUND('',#34370,.T.);
#34390=ADVANCED_FACE('',(#34380),#34270,.F.);
#34400=CARTESIAN_POINT('',(1.49502394389423,1.75674498738121,-1.625));
#34410=DIRECTION('',(0.900478877884487,0.434899747624548,-0.));
#34420=DIRECTION('',(-0.434899747624548,0.900478877884487,0.));
#34430=AXIS2_PLACEMENT_3D('',#34400,#34410,#34420);
#34440=PLANE('',#34430);
#34450=ORIENTED_EDGE('',*,*,#34340,.F.);
#34460=ORIENTED_EDGE('',*,*,#31850,.F.);
#34470=CARTESIAN_POINT('',(1.49502394389423,1.75674498738121,-1.745));
#34480=DIRECTION('',(0.,0.,1.));
#34490=VECTOR('',#34480,1.);
#34500=LINE('',#34470,#34490);
#34510=EDGE_CURVE('',#31760,#33230,#34500,.T.);
#34520=ORIENTED_EDGE('',*,*,#34510,.F.);
#34530=ORIENTED_EDGE('',*,*,#33240,.F.);
#34540=EDGE_LOOP('',(#34530,#34520,#34460,#34450));
#34550=FACE_OUTER_BOUND('',#34540,.T.);
#34560=ADVANCED_FACE('',(#34550),#34440,.T.);
#34570=CARTESIAN_POINT('',(1.45,1.73499999999999,-1.625));
#34580=DIRECTION('',(0.,0.,-1.));
#34590=DIRECTION('',(1.,1.22460635382238E-16,0.));
#34600=AXIS2_PLACEMENT_3D('',#34570,#34580,#34590);
#34610=CYLINDRICAL_SURFACE('',#34600,0.0499999999999998);
#34620=ORIENTED_EDGE('',*,*,#34510,.T.);
#34630=ORIENTED_EDGE('',*,*,#31770,.F.);
#34640=ORIENTED_EDGE('',*,*,#32500,.T.);
#34650=ORIENTED_EDGE('',*,*,#33310,.F.);
#34660=EDGE_LOOP('',(#34650,#34640,#34630,#34620));
#34670=FACE_OUTER_BOUND('',#34660,.T.);
#34680=ADVANCED_FACE('',(#34670),#34610,.T.);
#34690=CARTESIAN_POINT('',(-2.96101731916344,3.3223480408227,-2.945));
#34700=DIRECTION('',(0.,0.,-1.));
#34710=DIRECTION('',(1.,1.22460635382238E-16,0.));
#34720=AXIS2_PLACEMENT_3D('',#34690,#34700,#34710);
#34730=PLANE('',#34720);
#34740=CARTESIAN_POINT('',(1.32,1.68499999999999,-2.945));
#34750=DIRECTION('',(1.,0.,0.));
#34760=VECTOR('',#34750,1.);
#34770=LINE('',#34740,#34760);
#34780=CARTESIAN_POINT('',(1.45,1.68499999999999,-2.945));
#34790=VERTEX_POINT('',#34780);
#34800=EDGE_CURVE('',#15790,#34790,#34770,.T.);
#34810=ORIENTED_EDGE('',*,*,#34800,.F.);
#34820=CARTESIAN_POINT('',(1.45,1.73499999999999,-2.945));
#34830=DIRECTION('',(0.,0.,-1.));
#34840=DIRECTION('',(0.900478877884548,0.434899747624421,0.));
#34850=AXIS2_PLACEMENT_3D('',#34820,#34830,#34840);
#34860=CIRCLE('',#34850,0.0499999999999998);
#34870=CARTESIAN_POINT('',(1.49502394389423,1.75674498738121,-2.945));
#34880=VERTEX_POINT('',#34870);
#34890=EDGE_CURVE('',#34880,#34790,#34860,.T.);
#34900=ORIENTED_EDGE('',*,*,#34890,.T.);
#34910=CARTESIAN_POINT('',(1.47497605610578,1.79825501261875,-2.945));
#34920=DIRECTION('',(0.434899747624542,-0.90047887788449,0.));
#34930=VECTOR('',#34920,1.);
#34940=LINE('',#34910,#34930);
#34950=CARTESIAN_POINT('',(1.47497605610578,1.79825501261875,-2.945));
#34960=VERTEX_POINT('',#34950);
#34970=EDGE_CURVE('',#34960,#34880,#34940,.T.);
#34980=ORIENTED_EDGE('',*,*,#34970,.T.);
#34990=CARTESIAN_POINT('',(1.52,1.81999999999999,-2.945));
#35000=DIRECTION('',(0.,0.,1.));
#35010=DIRECTION('',(-3.55271367880043E-13,1.,0.));
#35020=AXIS2_PLACEMENT_3D('',#34990,#35000,#35010);
#35030=CIRCLE('',#35020,0.0500000000000009);
#35040=CARTESIAN_POINT('',(1.51999999999999,1.86999999999999,-2.945));
#35050=VERTEX_POINT('',#35040);
#35060=EDGE_CURVE('',#35050,#34960,#35030,.T.);
#35070=ORIENTED_EDGE('',*,*,#35060,.T.);
#35080=CARTESIAN_POINT('',(1.52,1.86999999999999,-2.945));
#35090=DIRECTION('',(1.,-6.53072367426563E-15,0.));
#35100=VECTOR('',#35090,1.);
#35110=LINE('',#35080,#35100);
#35120=CARTESIAN_POINT('',(1.69,1.86999999999999,-2.945));
#35130=VERTEX_POINT('',#35120);
#35140=EDGE_CURVE('',#35050,#35130,#35110,.T.);
#35150=ORIENTED_EDGE('',*,*,#35140,.F.);
#35160=CARTESIAN_POINT('',(1.69,1.86999999999999,-2.945));
#35170=DIRECTION('',(0.,1.,0.));
#35180=VECTOR('',#35170,1.);
#35190=LINE('',#35160,#35180);
#35200=CARTESIAN_POINT('',(1.69,1.94999999999999,-2.945));
#35210=VERTEX_POINT('',#35200);
#35220=EDGE_CURVE('',#35130,#35210,#35190,.T.);
#35230=ORIENTED_EDGE('',*,*,#35220,.F.);
#35240=CARTESIAN_POINT('',(1.64,1.94999999999999,-2.945));
#35250=DIRECTION('',(0.,0.,-1.));
#35260=DIRECTION('',(-4.88498130835068E-14,1.,0.));
#35270=AXIS2_PLACEMENT_3D('',#35240,#35250,#35260);
#35280=CIRCLE('',#35270,0.05);
#35290=CARTESIAN_POINT('',(1.64,1.99999999999999,-2.945));
#35300=VERTEX_POINT('',#35290);
#35310=EDGE_CURVE('',#35300,#35210,#35280,.T.);
#35320=ORIENTED_EDGE('',*,*,#35310,.T.);
#35330=CARTESIAN_POINT('',(1.64,1.99999999999999,-2.945));
#35340=DIRECTION('',(-1.,0.,0.));
#35350=VECTOR('',#35340,1.);
#35360=LINE('',#35330,#35350);
#35370=CARTESIAN_POINT('',(1.39,1.99999999999999,-2.945));
#35380=VERTEX_POINT('',#35370);
#35390=EDGE_CURVE('',#35300,#35380,#35360,.T.);
#35400=ORIENTED_EDGE('',*,*,#35390,.F.);
#35410=CARTESIAN_POINT('',(1.31999999999999,1.93249999999998,-2.945));
#35420=DIRECTION('',(0.719844295420682,0.694135570584235,0.));
#35430=VECTOR('',#35420,1.);
#35440=LINE('',#35410,#35430);
#35450=EDGE_CURVE('',#15630,#35380,#35440,.T.);
#35460=ORIENTED_EDGE('',*,*,#35450,.T.);
#35470=ORIENTED_EDGE('',*,*,#15860,.F.);
#35480=EDGE_LOOP('',(#35470,#35460,#35400,#35320,#35230,#35150,#35070,
#34980,#34900,#34810));
#35490=FACE_OUTER_BOUND('',#35480,.T.);
#35500=ADVANCED_FACE('',(#35490),#34730,.T.);
#35510=CARTESIAN_POINT('',(1.32,1.68499999999999,-2.825));
#35520=DIRECTION('',(1.22460635382238E-16,-1.,0.));
#35530=DIRECTION('',(1.,1.22460635382238E-16,0.));
#35540=AXIS2_PLACEMENT_3D('',#35510,#35520,#35530);
#35550=PLANE('',#35540);
#35560=CARTESIAN_POINT('',(1.45,1.68499999999999,-2.825));
#35570=DIRECTION('',(0.,0.,-1.));
#35580=VECTOR('',#35570,1.);
#35590=LINE('',#35560,#35580);
#35600=CARTESIAN_POINT('',(1.45,1.68499999999999,-2.825));
#35610=VERTEX_POINT('',#35600);
#35620=EDGE_CURVE('',#35610,#34790,#35590,.T.);
#35630=ORIENTED_EDGE('',*,*,#35620,.F.);
#35640=ORIENTED_EDGE('',*,*,#34800,.T.);
#35650=ORIENTED_EDGE('',*,*,#15800,.F.);
#35660=CARTESIAN_POINT('',(1.32,1.68499999999999,-2.825));
#35670=DIRECTION('',(1.,0.,0.));
#35680=VECTOR('',#35670,1.);
#35690=LINE('',#35660,#35680);
#35700=EDGE_CURVE('',#15710,#35610,#35690,.T.);
#35710=ORIENTED_EDGE('',*,*,#35700,.F.);
#35720=EDGE_LOOP('',(#35710,#35650,#35640,#35630));
#35730=FACE_OUTER_BOUND('',#35720,.T.);
#35740=ADVANCED_FACE('',(#35730),#35550,.T.);
#35750=CARTESIAN_POINT('',(-2.96101731916344,3.3223480408227,-2.825));
#35760=DIRECTION('',(0.,0.,-1.));
#35770=DIRECTION('',(1.,1.22460635382238E-16,0.));
#35780=AXIS2_PLACEMENT_3D('',#35750,#35760,#35770);
#35790=PLANE('',#35780);
#35800=CARTESIAN_POINT('',(1.39,1.99999999999999,-2.825));
#35810=DIRECTION('',(-0.719844295420681,-0.694135570584236,0.));
#35820=VECTOR('',#35810,1.);
#35830=LINE('',#35800,#35820);
#35840=CARTESIAN_POINT('',(1.39,1.99999999999999,-2.825));
#35850=VERTEX_POINT('',#35840);
#35860=EDGE_CURVE('',#35850,#15610,#35830,.T.);
#35870=ORIENTED_EDGE('',*,*,#35860,.T.);
#35880=CARTESIAN_POINT('',(1.64,1.99999999999999,-2.825));
#35890=DIRECTION('',(-1.,-8.88178419700128E-16,0.));
#35900=VECTOR('',#35890,1.);
#35910=LINE('',#35880,#35900);
#35920=CARTESIAN_POINT('',(1.64,1.99999999999999,-2.825));
#35930=VERTEX_POINT('',#35920);
#35940=EDGE_CURVE('',#35930,#35850,#35910,.T.);
#35950=ORIENTED_EDGE('',*,*,#35940,.T.);
#35960=CARTESIAN_POINT('',(1.64,1.94999999999999,-2.825));
#35970=DIRECTION('',(0.,0.,1.));
#35980=DIRECTION('',(1.,0.,0.));
#35990=AXIS2_PLACEMENT_3D('',#35960,#35970,#35980);
#36000=CIRCLE('',#35990,0.05);
#36010=CARTESIAN_POINT('',(1.69,1.94999999999999,-2.825));
#36020=VERTEX_POINT('',#36010);
#36030=EDGE_CURVE('',#36020,#35930,#36000,.T.);
#36040=ORIENTED_EDGE('',*,*,#36030,.T.);
#36050=CARTESIAN_POINT('',(1.69,1.86999999999999,-2.825));
#36060=DIRECTION('',(0.,1.,0.));
#36070=VECTOR('',#36060,1.);
#36080=LINE('',#36050,#36070);
#36090=CARTESIAN_POINT('',(1.69,1.86999999999999,-2.825));
#36100=VERTEX_POINT('',#36090);
#36110=EDGE_CURVE('',#36100,#36020,#36080,.T.);
#36120=ORIENTED_EDGE('',*,*,#36110,.T.);
#36130=CARTESIAN_POINT('',(1.51999999999999,1.86999999999999,-2.825));
#36140=DIRECTION('',(1.,1.30614473485302E-15,0.));
#36150=VECTOR('',#36140,1.);
#36160=LINE('',#36130,#36150);
#36170=CARTESIAN_POINT('',(1.51999999999999,1.86999999999999,-2.825));
#36180=VERTEX_POINT('',#36170);
#36190=EDGE_CURVE('',#36180,#36100,#36160,.T.);
#36200=ORIENTED_EDGE('',*,*,#36190,.T.);
#36210=CARTESIAN_POINT('',(1.52,1.81999999999999,-2.825));
#36220=DIRECTION('',(0.,0.,-1.));
#36230=DIRECTION('',(-0.900478877885031,-0.434899747623422,0.));
#36240=AXIS2_PLACEMENT_3D('',#36210,#36220,#36230);
#36250=CIRCLE('',#36240,0.0500000000000009);
#36260=CARTESIAN_POINT('',(1.47497605610576,1.79825501261879,-2.825));
#36270=VERTEX_POINT('',#36260);
#36280=EDGE_CURVE('',#36270,#36180,#36250,.T.);
#36290=ORIENTED_EDGE('',*,*,#36280,.T.);
#36300=CARTESIAN_POINT('',(1.49502394389422,1.75674498738124,-2.825));
#36310=DIRECTION('',(-0.434899747624539,0.900478877884491,0.));
#36320=VECTOR('',#36310,1.);
#36330=LINE('',#36300,#36320);
#36340=CARTESIAN_POINT('',(1.49502394389422,1.75674498738122,-2.825));
#36350=VERTEX_POINT('',#36340);
#36360=EDGE_CURVE('',#36350,#36270,#36330,.T.);
#36370=ORIENTED_EDGE('',*,*,#36360,.T.);
#36380=CARTESIAN_POINT('',(1.45,1.73499999999999,-2.825));
#36390=DIRECTION('',(0.,0.,1.));
#36400=DIRECTION('',(-3.99680288865058E-14,-1.,0.));
#36410=AXIS2_PLACEMENT_3D('',#36380,#36390,#36400);
#36420=CIRCLE('',#36410,0.0499999999999998);
#36430=EDGE_CURVE('',#35610,#36350,#36420,.T.);
#36440=ORIENTED_EDGE('',*,*,#36430,.T.);
#36450=ORIENTED_EDGE('',*,*,#35700,.T.);
#36460=ORIENTED_EDGE('',*,*,#15720,.T.);
#36470=EDGE_LOOP('',(#36460,#36450,#36440,#36370,#36290,#36200,#36120,
#36040,#35950,#35870));
#36480=FACE_OUTER_BOUND('',#36470,.T.);
#36490=ADVANCED_FACE('',(#36480),#35790,.F.);
#36500=CARTESIAN_POINT('',(1.39,1.99999999999999,-2.825));
#36510=DIRECTION('',(-0.694135570584234,0.719844295420684,0.));
#36520=DIRECTION('',(-0.719844295420684,-0.694135570584234,0.));
#36530=AXIS2_PLACEMENT_3D('',#36500,#36510,#36520);
#36540=PLANE('',#36530);
#36550=ORIENTED_EDGE('',*,*,#35450,.F.);
#36560=CARTESIAN_POINT('',(1.39,1.99999999999999,-2.825));
#36570=DIRECTION('',(0.,0.,-1.));
#36580=VECTOR('',#36570,1.);
#36590=LINE('',#36560,#36580);
#36600=EDGE_CURVE('',#35850,#35380,#36590,.T.);
#36610=ORIENTED_EDGE('',*,*,#36600,.T.);
#36620=ORIENTED_EDGE('',*,*,#35860,.F.);
#36630=ORIENTED_EDGE('',*,*,#15640,.F.);
#36640=EDGE_LOOP('',(#36630,#36620,#36610,#36550));
#36650=FACE_OUTER_BOUND('',#36640,.T.);
#36660=ADVANCED_FACE('',(#36650),#36540,.T.);
#36670=CARTESIAN_POINT('',(1.64,1.99999999999999,-2.825));
#36680=DIRECTION('',(-1.22460635382238E-16,1.,0.));
#36690=DIRECTION('',(-1.,-1.22460635382238E-16,0.));
#36700=AXIS2_PLACEMENT_3D('',#36670,#36680,#36690);
#36710=PLANE('',#36700);
#36720=ORIENTED_EDGE('',*,*,#36600,.F.);
#36730=ORIENTED_EDGE('',*,*,#35390,.T.);
#36740=CARTESIAN_POINT('',(1.64,1.99999999999999,-2.945));
#36750=DIRECTION('',(0.,0.,1.));
#36760=VECTOR('',#36750,1.);
#36770=LINE('',#36740,#36760);
#36780=EDGE_CURVE('',#35300,#35930,#36770,.T.);
#36790=ORIENTED_EDGE('',*,*,#36780,.F.);
#36800=ORIENTED_EDGE('',*,*,#35940,.F.);
#36810=EDGE_LOOP('',(#36800,#36790,#36730,#36720));
#36820=FACE_OUTER_BOUND('',#36810,.T.);
#36830=ADVANCED_FACE('',(#36820),#36710,.T.);
#36840=CARTESIAN_POINT('',(1.64,1.94999999999999,-2.825));
#36850=DIRECTION('',(0.,0.,-1.));
#36860=DIRECTION('',(1.,1.22460635382238E-16,0.));
#36870=AXIS2_PLACEMENT_3D('',#36840,#36850,#36860);
#36880=CYLINDRICAL_SURFACE('',#36870,0.05);
#36890=ORIENTED_EDGE('',*,*,#36780,.T.);
#36900=ORIENTED_EDGE('',*,*,#35310,.F.);
#36910=CARTESIAN_POINT('',(1.69,1.94999999999999,-2.825));
#36920=DIRECTION('',(0.,0.,-1.));
#36930=VECTOR('',#36920,1.);
#36940=LINE('',#36910,#36930);
#36950=EDGE_CURVE('',#36020,#35210,#36940,.T.);
#36960=ORIENTED_EDGE('',*,*,#36950,.T.);
#36970=ORIENTED_EDGE('',*,*,#36030,.F.);
#36980=EDGE_LOOP('',(#36970,#36960,#36900,#36890));
#36990=FACE_OUTER_BOUND('',#36980,.T.);
#37000=ADVANCED_FACE('',(#36990),#36880,.T.);
#37010=CARTESIAN_POINT('',(1.69,1.86999999999999,-2.825));
#37020=DIRECTION('',(1.,1.22460635382238E-16,-0.));
#37030=DIRECTION('',(-1.22460635382238E-16,1.,0.));
#37040=AXIS2_PLACEMENT_3D('',#37010,#37020,#37030);
#37050=PLANE('',#37040);
#37060=ORIENTED_EDGE('',*,*,#36950,.F.);
#37070=ORIENTED_EDGE('',*,*,#35220,.T.);
#37080=CARTESIAN_POINT('',(1.69,1.86999999999999,-2.825));
#37090=DIRECTION('',(0.,0.,-1.));
#37100=VECTOR('',#37090,1.);
#37110=LINE('',#37080,#37100);
#37120=EDGE_CURVE('',#36100,#35130,#37110,.T.);
#37130=ORIENTED_EDGE('',*,*,#37120,.T.);
#37140=ORIENTED_EDGE('',*,*,#36110,.F.);
#37150=EDGE_LOOP('',(#37140,#37130,#37070,#37060));
#37160=FACE_OUTER_BOUND('',#37150,.T.);
#37170=ADVANCED_FACE('',(#37160),#37050,.T.);
#37180=CARTESIAN_POINT('',(1.52,1.86999999999999,-2.825));
#37190=DIRECTION('',(-6.40826303888332E-15,-1.,0.));
#37200=DIRECTION('',(1.,-6.40826303888332E-15,0.));
#37210=AXIS2_PLACEMENT_3D('',#37180,#37190,#37200);
#37220=PLANE('',#37210);
#37230=ORIENTED_EDGE('',*,*,#37120,.F.);
#37240=ORIENTED_EDGE('',*,*,#35140,.T.);
#37250=CARTESIAN_POINT('',(1.52,1.86999999999999,-2.945));
#37260=DIRECTION('',(0.,0.,1.));
#37270=VECTOR('',#37260,1.);
#37280=LINE('',#37250,#37270);
#37290=EDGE_CURVE('',#35050,#36180,#37280,.T.);
#37300=ORIENTED_EDGE('',*,*,#37290,.F.);
#37310=ORIENTED_EDGE('',*,*,#36190,.F.);
#37320=EDGE_LOOP('',(#37310,#37300,#37240,#37230));
#37330=FACE_OUTER_BOUND('',#37320,.T.);
#37340=ADVANCED_FACE('',(#37330),#37220,.T.);
#37350=CARTESIAN_POINT('',(1.52,1.81999999999999,-2.825));
#37360=DIRECTION('',(0.,0.,-1.));
#37370=DIRECTION('',(1.,1.22460635382238E-16,0.));
#37380=AXIS2_PLACEMENT_3D('',#37350,#37360,#37370);
#37390=CYLINDRICAL_SURFACE('',#37380,0.0500000000000009);
#37400=ORIENTED_EDGE('',*,*,#37290,.T.);
#37410=ORIENTED_EDGE('',*,*,#35060,.F.);
#37420=CARTESIAN_POINT('',(1.47497605610578,1.79825501261876,-2.825));
#37430=DIRECTION('',(0.,0.,-1.));
#37440=VECTOR('',#37430,1.);
#37450=LINE('',#37420,#37440);
#37460=EDGE_CURVE('',#36270,#34960,#37450,.T.);
#37470=ORIENTED_EDGE('',*,*,#37460,.T.);
#37480=ORIENTED_EDGE('',*,*,#36280,.F.);
#37490=EDGE_LOOP('',(#37480,#37470,#37410,#37400));
#37500=FACE_OUTER_BOUND('',#37490,.T.);
#37510=ADVANCED_FACE('',(#37500),#37390,.F.);
#37520=CARTESIAN_POINT('',(1.49502394389423,1.75674498738121,-2.825));
#37530=DIRECTION('',(0.900478877884487,0.434899747624548,-0.));
#37540=DIRECTION('',(-0.434899747624548,0.900478877884487,0.));
#37550=AXIS2_PLACEMENT_3D('',#37520,#37530,#37540);
#37560=PLANE('',#37550);
#37570=ORIENTED_EDGE('',*,*,#37460,.F.);
#37580=ORIENTED_EDGE('',*,*,#34970,.F.);
#37590=CARTESIAN_POINT('',(1.49502394389423,1.75674498738121,-2.945));
#37600=DIRECTION('',(0.,0.,1.));
#37610=VECTOR('',#37600,1.);
#37620=LINE('',#37590,#37610);
#37630=EDGE_CURVE('',#34880,#36350,#37620,.T.);
#37640=ORIENTED_EDGE('',*,*,#37630,.F.);
#37650=ORIENTED_EDGE('',*,*,#36360,.F.);
#37660=EDGE_LOOP('',(#37650,#37640,#37580,#37570));
#37670=FACE_OUTER_BOUND('',#37660,.T.);
#37680=ADVANCED_FACE('',(#37670),#37560,.T.);
#37690=CARTESIAN_POINT('',(1.45,1.73499999999999,-2.825));
#37700=DIRECTION('',(0.,0.,-1.));
#37710=DIRECTION('',(1.,1.22460635382238E-16,0.));
#37720=AXIS2_PLACEMENT_3D('',#37690,#37700,#37710);
#37730=CYLINDRICAL_SURFACE('',#37720,0.0499999999999998);
#37740=ORIENTED_EDGE('',*,*,#37630,.T.);
#37750=ORIENTED_EDGE('',*,*,#34890,.F.);
#37760=ORIENTED_EDGE('',*,*,#35620,.T.);
#37770=ORIENTED_EDGE('',*,*,#36430,.F.);
#37780=EDGE_LOOP('',(#37770,#37760,#37750,#37740));
#37790=FACE_OUTER_BOUND('',#37780,.T.);
#37800=ADVANCED_FACE('',(#37790),#37730,.T.);
#37810=CARTESIAN_POINT('',(-2.96101731916344,3.3223480408227,-2.545));
#37820=DIRECTION('',(0.,0.,-1.));
#37830=DIRECTION('',(1.,1.22460635382238E-16,0.));
#37840=AXIS2_PLACEMENT_3D('',#37810,#37820,#37830);
#37850=PLANE('',#37840);
#37860=CARTESIAN_POINT('',(1.32,1.68499999999999,-2.545));
#37870=DIRECTION('',(1.,0.,0.));
#37880=VECTOR('',#37870,1.);
#37890=LINE('',#37860,#37880);
#37900=CARTESIAN_POINT('',(1.45,1.68499999999999,-2.545));
#37910=VERTEX_POINT('',#37900);
#37920=EDGE_CURVE('',#16130,#37910,#37890,.T.);
#37930=ORIENTED_EDGE('',*,*,#37920,.F.);
#37940=CARTESIAN_POINT('',(1.45,1.73499999999999,-2.545));
#37950=DIRECTION('',(0.,0.,-1.));
#37960=DIRECTION('',(0.900478877884514,0.434899747624493,0.));
#37970=AXIS2_PLACEMENT_3D('',#37940,#37950,#37960);
#37980=CIRCLE('',#37970,0.0499999999999998);
#37990=CARTESIAN_POINT('',(1.49502394389423,1.75674498738121,-2.545));
#38000=VERTEX_POINT('',#37990);
#38010=EDGE_CURVE('',#38000,#37910,#37980,.T.);
#38020=ORIENTED_EDGE('',*,*,#38010,.T.);
#38030=CARTESIAN_POINT('',(1.47497605610577,1.79825501261876,-2.545));
#38040=DIRECTION('',(0.434899747624539,-0.900478877884491,0.));
#38050=VECTOR('',#38040,1.);
#38060=LINE('',#38030,#38050);
#38070=CARTESIAN_POINT('',(1.47497605610578,1.79825501261876,-2.545));
#38080=VERTEX_POINT('',#38070);
#38090=EDGE_CURVE('',#38080,#38000,#38060,.T.);
#38100=ORIENTED_EDGE('',*,*,#38090,.T.);
#38110=CARTESIAN_POINT('',(1.52,1.81999999999999,-2.545));
#38120=DIRECTION('',(0.,0.,1.));
#38130=DIRECTION('',(-3.55271367880043E-13,1.,0.));
#38140=AXIS2_PLACEMENT_3D('',#38110,#38120,#38130);
#38150=CIRCLE('',#38140,0.0500000000000009);
#38160=CARTESIAN_POINT('',(1.51999999999999,1.86999999999999,-2.545));
#38170=VERTEX_POINT('',#38160);
#38180=EDGE_CURVE('',#38170,#38080,#38150,.T.);
#38190=ORIENTED_EDGE('',*,*,#38180,.T.);
#38200=CARTESIAN_POINT('',(1.52,1.86999999999999,-2.545));
#38210=DIRECTION('',(1.,-6.53072367426563E-15,0.));
#38220=VECTOR('',#38210,1.);
#38230=LINE('',#38200,#38220);
#38240=CARTESIAN_POINT('',(1.69,1.86999999999999,-2.545));
#38250=VERTEX_POINT('',#38240);
#38260=EDGE_CURVE('',#38170,#38250,#38230,.T.);
#38270=ORIENTED_EDGE('',*,*,#38260,.F.);
#38280=CARTESIAN_POINT('',(1.69,1.86999999999999,-2.545));
#38290=DIRECTION('',(0.,1.,0.));
#38300=VECTOR('',#38290,1.);
#38310=LINE('',#38280,#38300);
#38320=CARTESIAN_POINT('',(1.69,1.94999999999999,-2.545));
#38330=VERTEX_POINT('',#38320);
#38340=EDGE_CURVE('',#38250,#38330,#38310,.T.);
#38350=ORIENTED_EDGE('',*,*,#38340,.F.);
#38360=CARTESIAN_POINT('',(1.64,1.94999999999999,-2.545));
#38370=DIRECTION('',(0.,0.,-1.));
#38380=DIRECTION('',(-4.88498130835068E-14,1.,0.));
#38390=AXIS2_PLACEMENT_3D('',#38360,#38370,#38380);
#38400=CIRCLE('',#38390,0.05);
#38410=CARTESIAN_POINT('',(1.64,1.99999999999999,-2.545));
#38420=VERTEX_POINT('',#38410);
#38430=EDGE_CURVE('',#38420,#38330,#38400,.T.);
#38440=ORIENTED_EDGE('',*,*,#38430,.T.);
#38450=CARTESIAN_POINT('',(1.64,1.99999999999999,-2.545));
#38460=DIRECTION('',(-1.,0.,0.));
#38470=VECTOR('',#38460,1.);
#38480=LINE('',#38450,#38470);
#38490=CARTESIAN_POINT('',(1.39,1.99999999999999,-2.545));
#38500=VERTEX_POINT('',#38490);
#38510=EDGE_CURVE('',#38420,#38500,#38480,.T.);
#38520=ORIENTED_EDGE('',*,*,#38510,.F.);
#38530=CARTESIAN_POINT('',(1.31999999999999,1.93249999999998,-2.545));
#38540=DIRECTION('',(0.719844295420682,0.694135570584235,0.));
#38550=VECTOR('',#38540,1.);
#38560=LINE('',#38530,#38550);
#38570=EDGE_CURVE('',#15970,#38500,#38560,.T.);
#38580=ORIENTED_EDGE('',*,*,#38570,.T.);
#38590=ORIENTED_EDGE('',*,*,#16200,.F.);
#38600=EDGE_LOOP('',(#38590,#38580,#38520,#38440,#38350,#38270,#38190,
#38100,#38020,#37930));
#38610=FACE_OUTER_BOUND('',#38600,.T.);
#38620=ADVANCED_FACE('',(#38610),#37850,.T.);
#38630=CARTESIAN_POINT('',(1.32,1.68499999999999,-2.425));
#38640=DIRECTION('',(1.22460635382238E-16,-1.,0.));
#38650=DIRECTION('',(1.,1.22460635382238E-16,0.));
#38660=AXIS2_PLACEMENT_3D('',#38630,#38640,#38650);
#38670=PLANE('',#38660);
#38680=CARTESIAN_POINT('',(1.45,1.68499999999999,-2.425));
#38690=DIRECTION('',(0.,0.,-1.));
#38700=VECTOR('',#38690,1.);
#38710=LINE('',#38680,#38700);
#38720=CARTESIAN_POINT('',(1.45,1.68499999999999,-2.425));
#38730=VERTEX_POINT('',#38720);
#38740=EDGE_CURVE('',#38730,#37910,#38710,.T.);
#38750=ORIENTED_EDGE('',*,*,#38740,.F.);
#38760=ORIENTED_EDGE('',*,*,#37920,.T.);
#38770=ORIENTED_EDGE('',*,*,#16140,.F.);
#38780=CARTESIAN_POINT('',(1.32,1.68499999999999,-2.425));
#38790=DIRECTION('',(1.,0.,0.));
#38800=VECTOR('',#38790,1.);
#38810=LINE('',#38780,#38800);
#38820=EDGE_CURVE('',#16050,#38730,#38810,.T.);
#38830=ORIENTED_EDGE('',*,*,#38820,.F.);
#38840=EDGE_LOOP('',(#38830,#38770,#38760,#38750));
#38850=FACE_OUTER_BOUND('',#38840,.T.);
#38860=ADVANCED_FACE('',(#38850),#38670,.T.);
#38870=CARTESIAN_POINT('',(-2.96101731916344,3.3223480408227,-2.425));
#38880=DIRECTION('',(0.,0.,-1.));
#38890=DIRECTION('',(1.,1.22460635382238E-16,0.));
#38900=AXIS2_PLACEMENT_3D('',#38870,#38880,#38890);
#38910=PLANE('',#38900);
#38920=CARTESIAN_POINT('',(1.39,1.99999999999999,-2.425));
#38930=DIRECTION('',(-0.719844295420682,-0.694135570584235,0.));
#38940=VECTOR('',#38930,1.);
#38950=LINE('',#38920,#38940);
#38960=CARTESIAN_POINT('',(1.39,1.99999999999999,-2.425));
#38970=VERTEX_POINT('',#38960);
#38980=EDGE_CURVE('',#38970,#15950,#38950,.T.);
#38990=ORIENTED_EDGE('',*,*,#38980,.T.);
#39000=CARTESIAN_POINT('',(1.64,1.99999999999999,-2.425));
#39010=DIRECTION('',(-1.,-8.88178419700128E-16,0.));
#39020=VECTOR('',#39010,1.);
#39030=LINE('',#39000,#39020);
#39040=CARTESIAN_POINT('',(1.64,1.99999999999999,-2.425));
#39050=VERTEX_POINT('',#39040);
#39060=EDGE_CURVE('',#39050,#38970,#39030,.T.);
#39070=ORIENTED_EDGE('',*,*,#39060,.T.);
#39080=CARTESIAN_POINT('',(1.64,1.94999999999999,-2.425));
#39090=DIRECTION('',(0.,0.,1.));
#39100=DIRECTION('',(1.,0.,0.));
#39110=AXIS2_PLACEMENT_3D('',#39080,#39090,#39100);
#39120=CIRCLE('',#39110,0.05);
#39130=CARTESIAN_POINT('',(1.69,1.94999999999999,-2.425));
#39140=VERTEX_POINT('',#39130);
#39150=EDGE_CURVE('',#39140,#39050,#39120,.T.);
#39160=ORIENTED_EDGE('',*,*,#39150,.T.);
#39170=CARTESIAN_POINT('',(1.69,1.86999999999999,-2.425));
#39180=DIRECTION('',(0.,1.,0.));
#39190=VECTOR('',#39180,1.);
#39200=LINE('',#39170,#39190);
#39210=CARTESIAN_POINT('',(1.69,1.86999999999999,-2.425));
#39220=VERTEX_POINT('',#39210);
#39230=EDGE_CURVE('',#39220,#39140,#39200,.T.);
#39240=ORIENTED_EDGE('',*,*,#39230,.T.);
#39250=CARTESIAN_POINT('',(1.52,1.86999999999999,-2.425));
#39260=DIRECTION('',(1.,1.3061447348531E-15,0.));
#39270=VECTOR('',#39260,1.);
#39280=LINE('',#39250,#39270);
#39290=CARTESIAN_POINT('',(1.52,1.86999999999999,-2.425));
#39300=VERTEX_POINT('',#39290);
#39310=EDGE_CURVE('',#39300,#39220,#39280,.T.);
#39320=ORIENTED_EDGE('',*,*,#39310,.T.);
#39330=CARTESIAN_POINT('',(1.52,1.81999999999999,-2.425));
#39340=DIRECTION('',(0.,0.,-1.));
#39350=DIRECTION('',(-0.90047887788497,-0.434899747623547,0.));
#39360=AXIS2_PLACEMENT_3D('',#39330,#39340,#39350);
#39370=CIRCLE('',#39360,0.0500000000000009);
#39380=CARTESIAN_POINT('',(1.47497605610577,1.79825501261879,-2.425));
#39390=VERTEX_POINT('',#39380);
#39400=EDGE_CURVE('',#39390,#39300,#39370,.T.);
#39410=ORIENTED_EDGE('',*,*,#39400,.T.);
#39420=CARTESIAN_POINT('',(1.49502394389422,1.75674498738123,-2.425));
#39430=DIRECTION('',(-0.434899747624551,0.900478877884486,0.));
#39440=VECTOR('',#39430,1.);
#39450=LINE('',#39420,#39440);
#39460=CARTESIAN_POINT('',(1.49502394389422,1.75674498738122,-2.425));
#39470=VERTEX_POINT('',#39460);
#39480=EDGE_CURVE('',#39470,#39390,#39450,.T.);
#39490=ORIENTED_EDGE('',*,*,#39480,.T.);
#39500=CARTESIAN_POINT('',(1.45,1.73499999999999,-2.425));
#39510=DIRECTION('',(0.,0.,1.));
#39520=DIRECTION('',(-3.99680288865058E-14,-1.,0.));
#39530=AXIS2_PLACEMENT_3D('',#39500,#39510,#39520);
#39540=CIRCLE('',#39530,0.0499999999999998);
#39550=EDGE_CURVE('',#38730,#39470,#39540,.T.);
#39560=ORIENTED_EDGE('',*,*,#39550,.T.);
#39570=ORIENTED_EDGE('',*,*,#38820,.T.);
#39580=ORIENTED_EDGE('',*,*,#16060,.T.);
#39590=EDGE_LOOP('',(#39580,#39570,#39560,#39490,#39410,#39320,#39240,
#39160,#39070,#38990));
#39600=FACE_OUTER_BOUND('',#39590,.T.);
#39610=ADVANCED_FACE('',(#39600),#38910,.F.);
#39620=CARTESIAN_POINT('',(1.39,1.99999999999999,-2.425));
#39630=DIRECTION('',(-0.694135570584234,0.719844295420684,0.));
#39640=DIRECTION('',(-0.719844295420684,-0.694135570584234,0.));
#39650=AXIS2_PLACEMENT_3D('',#39620,#39630,#39640);
#39660=PLANE('',#39650);
#39670=ORIENTED_EDGE('',*,*,#38570,.F.);
#39680=CARTESIAN_POINT('',(1.39,1.99999999999999,-2.425));
#39690=DIRECTION('',(0.,0.,-1.));
#39700=VECTOR('',#39690,1.);
#39710=LINE('',#39680,#39700);
#39720=EDGE_CURVE('',#38970,#38500,#39710,.T.);
#39730=ORIENTED_EDGE('',*,*,#39720,.T.);
#39740=ORIENTED_EDGE('',*,*,#38980,.F.);
#39750=ORIENTED_EDGE('',*,*,#15980,.F.);
#39760=EDGE_LOOP('',(#39750,#39740,#39730,#39670));
#39770=FACE_OUTER_BOUND('',#39760,.T.);
#39780=ADVANCED_FACE('',(#39770),#39660,.T.);
#39790=CARTESIAN_POINT('',(1.64,1.99999999999999,-2.425));
#39800=DIRECTION('',(-1.22460635382238E-16,1.,0.));
#39810=DIRECTION('',(-1.,-1.22460635382238E-16,0.));
#39820=AXIS2_PLACEMENT_3D('',#39790,#39800,#39810);
#39830=PLANE('',#39820);
#39840=ORIENTED_EDGE('',*,*,#39720,.F.);
#39850=ORIENTED_EDGE('',*,*,#38510,.T.);
#39860=CARTESIAN_POINT('',(1.64,1.99999999999999,-2.545));
#39870=DIRECTION('',(0.,0.,1.));
#39880=VECTOR('',#39870,1.);
#39890=LINE('',#39860,#39880);
#39900=EDGE_CURVE('',#38420,#39050,#39890,.T.);
#39910=ORIENTED_EDGE('',*,*,#39900,.F.);
#39920=ORIENTED_EDGE('',*,*,#39060,.F.);
#39930=EDGE_LOOP('',(#39920,#39910,#39850,#39840));
#39940=FACE_OUTER_BOUND('',#39930,.T.);
#39950=ADVANCED_FACE('',(#39940),#39830,.T.);
#39960=CARTESIAN_POINT('',(1.64,1.94999999999999,-2.425));
#39970=DIRECTION('',(0.,0.,-1.));
#39980=DIRECTION('',(1.,1.22460635382238E-16,0.));
#39990=AXIS2_PLACEMENT_3D('',#39960,#39970,#39980);
#40000=CYLINDRICAL_SURFACE('',#39990,0.05);
#40010=ORIENTED_EDGE('',*,*,#39900,.T.);
#40020=ORIENTED_EDGE('',*,*,#38430,.F.);
#40030=CARTESIAN_POINT('',(1.69,1.94999999999999,-2.425));
#40040=DIRECTION('',(0.,0.,-1.));
#40050=VECTOR('',#40040,1.);
#40060=LINE('',#40030,#40050);
#40070=EDGE_CURVE('',#39140,#38330,#40060,.T.);
#40080=ORIENTED_EDGE('',*,*,#40070,.T.);
#40090=ORIENTED_EDGE('',*,*,#39150,.F.);
#40100=EDGE_LOOP('',(#40090,#40080,#40020,#40010));
#40110=FACE_OUTER_BOUND('',#40100,.T.);
#40120=ADVANCED_FACE('',(#40110),#40000,.T.);
#40130=CARTESIAN_POINT('',(1.69,1.86999999999999,-2.425));
#40140=DIRECTION('',(1.,1.22460635382238E-16,-0.));
#40150=DIRECTION('',(-1.22460635382238E-16,1.,0.));
#40160=AXIS2_PLACEMENT_3D('',#40130,#40140,#40150);
#40170=PLANE('',#40160);
#40180=ORIENTED_EDGE('',*,*,#40070,.F.);
#40190=ORIENTED_EDGE('',*,*,#38340,.T.);
#40200=CARTESIAN_POINT('',(1.69,1.86999999999999,-2.425));
#40210=DIRECTION('',(0.,0.,-1.));
#40220=VECTOR('',#40210,1.);
#40230=LINE('',#40200,#40220);
#40240=EDGE_CURVE('',#39220,#38250,#40230,.T.);
#40250=ORIENTED_EDGE('',*,*,#40240,.T.);
#40260=ORIENTED_EDGE('',*,*,#39230,.F.);
#40270=EDGE_LOOP('',(#40260,#40250,#40190,#40180));
#40280=FACE_OUTER_BOUND('',#40270,.T.);
#40290=ADVANCED_FACE('',(#40280),#40170,.T.);
#40300=CARTESIAN_POINT('',(1.52,1.86999999999999,-2.425));
#40310=DIRECTION('',(-6.40826303888332E-15,-1.,0.));
#40320=DIRECTION('',(1.,-6.40826303888332E-15,0.));
#40330=AXIS2_PLACEMENT_3D('',#40300,#40310,#40320);
#40340=PLANE('',#40330);
#40350=ORIENTED_EDGE('',*,*,#40240,.F.);
#40360=ORIENTED_EDGE('',*,*,#38260,.T.);
#40370=CARTESIAN_POINT('',(1.52,1.86999999999999,-2.545));
#40380=DIRECTION('',(0.,0.,1.));
#40390=VECTOR('',#40380,1.);
#40400=LINE('',#40370,#40390);
#40410=EDGE_CURVE('',#38170,#39300,#40400,.T.);
#40420=ORIENTED_EDGE('',*,*,#40410,.F.);
#40430=ORIENTED_EDGE('',*,*,#39310,.F.);
#40440=EDGE_LOOP('',(#40430,#40420,#40360,#40350));
#40450=FACE_OUTER_BOUND('',#40440,.T.);
#40460=ADVANCED_FACE('',(#40450),#40340,.T.);
#40470=CARTESIAN_POINT('',(1.52,1.81999999999999,-2.425));
#40480=DIRECTION('',(0.,0.,-1.));
#40490=DIRECTION('',(1.,1.22460635382238E-16,0.));
#40500=AXIS2_PLACEMENT_3D('',#40470,#40480,#40490);
#40510=CYLINDRICAL_SURFACE('',#40500,0.0500000000000009);
#40520=ORIENTED_EDGE('',*,*,#40410,.T.);
#40530=ORIENTED_EDGE('',*,*,#38180,.F.);
#40540=CARTESIAN_POINT('',(1.47497605610578,1.79825501261876,-2.425));
#40550=DIRECTION('',(0.,0.,-1.));
#40560=VECTOR('',#40550,1.);
#40570=LINE('',#40540,#40560);
#40580=EDGE_CURVE('',#39390,#38080,#40570,.T.);
#40590=ORIENTED_EDGE('',*,*,#40580,.T.);
#40600=ORIENTED_EDGE('',*,*,#39400,.F.);
#40610=EDGE_LOOP('',(#40600,#40590,#40530,#40520));
#40620=FACE_OUTER_BOUND('',#40610,.T.);
#40630=ADVANCED_FACE('',(#40620),#40510,.F.);
#40640=CARTESIAN_POINT('',(1.49502394389423,1.75674498738121,-2.425));
#40650=DIRECTION('',(0.900478877884487,0.434899747624548,-0.));
#40660=DIRECTION('',(-0.434899747624548,0.900478877884487,0.));
#40670=AXIS2_PLACEMENT_3D('',#40640,#40650,#40660);
#40680=PLANE('',#40670);
#40690=ORIENTED_EDGE('',*,*,#40580,.F.);
#40700=ORIENTED_EDGE('',*,*,#38090,.F.);
#40710=CARTESIAN_POINT('',(1.49502394389423,1.75674498738121,-2.545));
#40720=DIRECTION('',(0.,0.,1.));
#40730=VECTOR('',#40720,1.);
#40740=LINE('',#40710,#40730);
#40750=EDGE_CURVE('',#38000,#39470,#40740,.T.);
#40760=ORIENTED_EDGE('',*,*,#40750,.F.);
#40770=ORIENTED_EDGE('',*,*,#39480,.F.);
#40780=EDGE_LOOP('',(#40770,#40760,#40700,#40690));
#40790=FACE_OUTER_BOUND('',#40780,.T.);
#40800=ADVANCED_FACE('',(#40790),#40680,.T.);
#40810=CARTESIAN_POINT('',(1.45,1.73499999999999,-2.425));
#40820=DIRECTION('',(0.,0.,-1.));
#40830=DIRECTION('',(1.,1.22460635382238E-16,0.));
#40840=AXIS2_PLACEMENT_3D('',#40810,#40820,#40830);
#40850=CYLINDRICAL_SURFACE('',#40840,0.0499999999999998);
#40860=ORIENTED_EDGE('',*,*,#40750,.T.);
#40870=ORIENTED_EDGE('',*,*,#38010,.F.);
#40880=ORIENTED_EDGE('',*,*,#38740,.T.);
#40890=ORIENTED_EDGE('',*,*,#39550,.F.);
#40900=EDGE_LOOP('',(#40890,#40880,#40870,#40860));
#40910=FACE_OUTER_BOUND('',#40900,.T.);
#40920=ADVANCED_FACE('',(#40910),#40850,.T.);
#40930=CARTESIAN_POINT('',(-2.96101731916344,3.3223480408227,-3.345));
#40940=DIRECTION('',(0.,0.,-1.));
#40950=DIRECTION('',(1.,1.22460635382238E-16,0.));
#40960=AXIS2_PLACEMENT_3D('',#40930,#40940,#40950);
#40970=PLANE('',#40960);
#40980=CARTESIAN_POINT('',(1.32,1.68499999999999,-3.345));
#40990=DIRECTION('',(1.,0.,0.));
#41000=VECTOR('',#40990,1.);
#41010=LINE('',#40980,#41000);
#41020=CARTESIAN_POINT('',(1.45,1.68499999999999,-3.345));
#41030=VERTEX_POINT('',#41020);
#41040=EDGE_CURVE('',#16470,#41030,#41010,.T.);
#41050=ORIENTED_EDGE('',*,*,#41040,.F.);
#41060=CARTESIAN_POINT('',(1.45,1.73499999999999,-3.345));
#41070=DIRECTION('',(0.,0.,-1.));
#41080=DIRECTION('',(0.900478877884499,0.434899747624523,0.));
#41090=AXIS2_PLACEMENT_3D('',#41060,#41070,#41080);
#41100=CIRCLE('',#41090,0.0499999999999998);
#41110=CARTESIAN_POINT('',(1.49502394389423,1.75674498738121,-3.345));
#41120=VERTEX_POINT('',#41110);
#41130=EDGE_CURVE('',#41120,#41030,#41100,.T.);
#41140=ORIENTED_EDGE('',*,*,#41130,.T.);
#41150=CARTESIAN_POINT('',(1.47497605610578,1.79825501261875,-3.345));
#41160=DIRECTION('',(0.434899747624556,-0.900478877884483,0.));
#41170=VECTOR('',#41160,1.);
#41180=LINE('',#41150,#41170);
#41190=CARTESIAN_POINT('',(1.47497605610578,1.79825501261875,-3.345));
#41200=VERTEX_POINT('',#41190);
#41210=EDGE_CURVE('',#41200,#41120,#41180,.T.);
#41220=ORIENTED_EDGE('',*,*,#41210,.T.);
#41230=CARTESIAN_POINT('',(1.52,1.81999999999999,-3.345));
#41240=DIRECTION('',(0.,0.,1.));
#41250=DIRECTION('',(-3.55271367880043E-13,1.,0.));
#41260=AXIS2_PLACEMENT_3D('',#41230,#41240,#41250);
#41270=CIRCLE('',#41260,0.0500000000000009);
#41280=CARTESIAN_POINT('',(1.51999999999999,1.86999999999999,-3.345));
#41290=VERTEX_POINT('',#41280);
#41300=EDGE_CURVE('',#41290,#41200,#41270,.T.);
#41310=ORIENTED_EDGE('',*,*,#41300,.T.);
#41320=CARTESIAN_POINT('',(1.52,1.86999999999999,-3.345));
#41330=DIRECTION('',(1.,-6.53072367426563E-15,0.));
#41340=VECTOR('',#41330,1.);
#41350=LINE('',#41320,#41340);
#41360=CARTESIAN_POINT('',(1.69,1.86999999999999,-3.345));
#41370=VERTEX_POINT('',#41360);
#41380=EDGE_CURVE('',#41290,#41370,#41350,.T.);
#41390=ORIENTED_EDGE('',*,*,#41380,.F.);
#41400=CARTESIAN_POINT('',(1.69,1.86999999999999,-3.345));
#41410=DIRECTION('',(0.,1.,0.));
#41420=VECTOR('',#41410,1.);
#41430=LINE('',#41400,#41420);
#41440=CARTESIAN_POINT('',(1.69,1.94999999999999,-3.345));
#41450=VERTEX_POINT('',#41440);
#41460=EDGE_CURVE('',#41370,#41450,#41430,.T.);
#41470=ORIENTED_EDGE('',*,*,#41460,.F.);
#41480=CARTESIAN_POINT('',(1.64,1.94999999999999,-3.345));
#41490=DIRECTION('',(0.,0.,-1.));
#41500=DIRECTION('',(-4.88498130835068E-14,1.,0.));
#41510=AXIS2_PLACEMENT_3D('',#41480,#41490,#41500);
#41520=CIRCLE('',#41510,0.05);
#41530=CARTESIAN_POINT('',(1.64,1.99999999999999,-3.345));
#41540=VERTEX_POINT('',#41530);
#41550=EDGE_CURVE('',#41540,#41450,#41520,.T.);
#41560=ORIENTED_EDGE('',*,*,#41550,.T.);
#41570=CARTESIAN_POINT('',(1.64,1.99999999999999,-3.345));
#41580=DIRECTION('',(-1.,0.,0.));
#41590=VECTOR('',#41580,1.);
#41600=LINE('',#41570,#41590);
#41610=CARTESIAN_POINT('',(1.39,1.99999999999999,-3.345));
#41620=VERTEX_POINT('',#41610);
#41630=EDGE_CURVE('',#41540,#41620,#41600,.T.);
#41640=ORIENTED_EDGE('',*,*,#41630,.F.);
#41650=CARTESIAN_POINT('',(1.31999999999999,1.93249999999998,-3.345));
#41660=DIRECTION('',(0.719844295420682,0.694135570584235,0.));
#41670=VECTOR('',#41660,1.);
#41680=LINE('',#41650,#41670);
#41690=EDGE_CURVE('',#16310,#41620,#41680,.T.);
#41700=ORIENTED_EDGE('',*,*,#41690,.T.);
#41710=ORIENTED_EDGE('',*,*,#16540,.F.);
#41720=EDGE_LOOP('',(#41710,#41700,#41640,#41560,#41470,#41390,#41310,
#41220,#41140,#41050));
#41730=FACE_OUTER_BOUND('',#41720,.T.);
#41740=ADVANCED_FACE('',(#41730),#40970,.T.);
#41750=CARTESIAN_POINT('',(1.32,1.68499999999999,-3.225));
#41760=DIRECTION('',(1.22460635382238E-16,-1.,0.));
#41770=DIRECTION('',(1.,1.22460635382238E-16,0.));
#41780=AXIS2_PLACEMENT_3D('',#41750,#41760,#41770);
#41790=PLANE('',#41780);
#41800=CARTESIAN_POINT('',(1.45,1.68499999999999,-3.225));
#41810=DIRECTION('',(0.,0.,-1.));
#41820=VECTOR('',#41810,1.);
#41830=LINE('',#41800,#41820);
#41840=CARTESIAN_POINT('',(1.45,1.68499999999999,-3.225));
#41850=VERTEX_POINT('',#41840);
#41860=EDGE_CURVE('',#41850,#41030,#41830,.T.);
#41870=ORIENTED_EDGE('',*,*,#41860,.F.);
#41880=ORIENTED_EDGE('',*,*,#41040,.T.);
#41890=ORIENTED_EDGE('',*,*,#16480,.F.);
#41900=CARTESIAN_POINT('',(1.32,1.68499999999999,-3.225));
#41910=DIRECTION('',(1.,0.,0.));
#41920=VECTOR('',#41910,1.);
#41930=LINE('',#41900,#41920);
#41940=EDGE_CURVE('',#16390,#41850,#41930,.T.);
#41950=ORIENTED_EDGE('',*,*,#41940,.F.);
#41960=EDGE_LOOP('',(#41950,#41890,#41880,#41870));
#41970=FACE_OUTER_BOUND('',#41960,.T.);
#41980=ADVANCED_FACE('',(#41970),#41790,.T.);
#41990=CARTESIAN_POINT('',(-2.96101731916344,3.3223480408227,-3.225));
#42000=DIRECTION('',(0.,0.,-1.));
#42010=DIRECTION('',(1.,1.22460635382238E-16,0.));
#42020=AXIS2_PLACEMENT_3D('',#41990,#42000,#42010);
#42030=PLANE('',#42020);
#42040=CARTESIAN_POINT('',(1.39,1.99999999999999,-3.225));
#42050=DIRECTION('',(-0.719844295420681,-0.694135570584236,0.));
#42060=VECTOR('',#42050,1.);
#42070=LINE('',#42040,#42060);
#42080=CARTESIAN_POINT('',(1.39,1.99999999999999,-3.225));
#42090=VERTEX_POINT('',#42080);
#42100=EDGE_CURVE('',#42090,#16290,#42070,.T.);
#42110=ORIENTED_EDGE('',*,*,#42100,.T.);
#42120=CARTESIAN_POINT('',(1.64,1.99999999999999,-3.225));
#42130=DIRECTION('',(-1.,-8.88178419700128E-16,0.));
#42140=VECTOR('',#42130,1.);
#42150=LINE('',#42120,#42140);
#42160=CARTESIAN_POINT('',(1.64,1.99999999999999,-3.225));
#42170=VERTEX_POINT('',#42160);
#42180=EDGE_CURVE('',#42170,#42090,#42150,.T.);
#42190=ORIENTED_EDGE('',*,*,#42180,.T.);
#42200=CARTESIAN_POINT('',(1.64,1.94999999999999,-3.225));
#42210=DIRECTION('',(0.,0.,1.));
#42220=DIRECTION('',(1.,0.,0.));
#42230=AXIS2_PLACEMENT_3D('',#42200,#42210,#42220);
#42240=CIRCLE('',#42230,0.05);
#42250=CARTESIAN_POINT('',(1.69,1.94999999999999,-3.225));
#42260=VERTEX_POINT('',#42250);
#42270=EDGE_CURVE('',#42260,#42170,#42240,.T.);
#42280=ORIENTED_EDGE('',*,*,#42270,.T.);
#42290=CARTESIAN_POINT('',(1.69,1.86999999999999,-3.225));
#42300=DIRECTION('',(0.,1.,0.));
#42310=VECTOR('',#42300,1.);
#42320=LINE('',#42290,#42310);
#42330=CARTESIAN_POINT('',(1.69,1.86999999999999,-3.225));
#42340=VERTEX_POINT('',#42330);
#42350=EDGE_CURVE('',#42340,#42260,#42320,.T.);
#42360=ORIENTED_EDGE('',*,*,#42350,.T.);
#42370=CARTESIAN_POINT('',(1.51999999999999,1.86999999999999,-3.225));
#42380=DIRECTION('',(1.,1.30614473485302E-15,0.));
#42390=VECTOR('',#42380,1.);
#42400=LINE('',#42370,#42390);
#42410=CARTESIAN_POINT('',(1.51999999999999,1.86999999999999,-3.225));
#42420=VERTEX_POINT('',#42410);
#42430=EDGE_CURVE('',#42420,#42340,#42400,.T.);
#42440=ORIENTED_EDGE('',*,*,#42430,.T.);
#42450=CARTESIAN_POINT('',(1.52,1.81999999999999,-3.225));
#42460=DIRECTION('',(0.,0.,-1.));
#42470=DIRECTION('',(-0.900478877885063,-0.434899747623356,0.));
#42480=AXIS2_PLACEMENT_3D('',#42450,#42460,#42470);
#42490=CIRCLE('',#42480,0.0500000000000009);
#42500=CARTESIAN_POINT('',(1.47497605610576,1.79825501261879,-3.225));
#42510=VERTEX_POINT('',#42500);
#42520=EDGE_CURVE('',#42510,#42420,#42490,.T.);
#42530=ORIENTED_EDGE('',*,*,#42520,.T.);
#42540=CARTESIAN_POINT('',(1.49502394389422,1.75674498738124,-3.225));
#42550=DIRECTION('',(-0.434899747624542,0.90047887788449,0.));
#42560=VECTOR('',#42550,1.);
#42570=LINE('',#42540,#42560);
#42580=CARTESIAN_POINT('',(1.49502394389422,1.75674498738122,-3.225));
#42590=VERTEX_POINT('',#42580);
#42600=EDGE_CURVE('',#42590,#42510,#42570,.T.);
#42610=ORIENTED_EDGE('',*,*,#42600,.T.);
#42620=CARTESIAN_POINT('',(1.45,1.73499999999999,-3.225));
#42630=DIRECTION('',(0.,0.,1.));
#42640=DIRECTION('',(-3.99680288865058E-14,-1.,0.));
#42650=AXIS2_PLACEMENT_3D('',#42620,#42630,#42640);
#42660=CIRCLE('',#42650,0.0499999999999998);
#42670=EDGE_CURVE('',#41850,#42590,#42660,.T.);
#42680=ORIENTED_EDGE('',*,*,#42670,.T.);
#42690=ORIENTED_EDGE('',*,*,#41940,.T.);
#42700=ORIENTED_EDGE('',*,*,#16400,.T.);
#42710=EDGE_LOOP('',(#42700,#42690,#42680,#42610,#42530,#42440,#42360,
#42280,#42190,#42110));
#42720=FACE_OUTER_BOUND('',#42710,.T.);
#42730=ADVANCED_FACE('',(#42720),#42030,.F.);
#42740=CARTESIAN_POINT('',(1.39,1.99999999999999,-3.225));
#42750=DIRECTION('',(-0.694135570584234,0.719844295420684,0.));
#42760=DIRECTION('',(-0.719844295420684,-0.694135570584234,0.));
#42770=AXIS2_PLACEMENT_3D('',#42740,#42750,#42760);
#42780=PLANE('',#42770);
#42790=ORIENTED_EDGE('',*,*,#41690,.F.);
#42800=CARTESIAN_POINT('',(1.39,1.99999999999999,-3.225));
#42810=DIRECTION('',(0.,0.,-1.));
#42820=VECTOR('',#42810,1.);
#42830=LINE('',#42800,#42820);
#42840=EDGE_CURVE('',#42090,#41620,#42830,.T.);
#42850=ORIENTED_EDGE('',*,*,#42840,.T.);
#42860=ORIENTED_EDGE('',*,*,#42100,.F.);
#42870=ORIENTED_EDGE('',*,*,#16320,.F.);
#42880=EDGE_LOOP('',(#42870,#42860,#42850,#42790));
#42890=FACE_OUTER_BOUND('',#42880,.T.);
#42900=ADVANCED_FACE('',(#42890),#42780,.T.);
#42910=CARTESIAN_POINT('',(1.64,1.99999999999999,-3.225));
#42920=DIRECTION('',(-1.22460635382238E-16,1.,0.));
#42930=DIRECTION('',(-1.,-1.22460635382238E-16,0.));
#42940=AXIS2_PLACEMENT_3D('',#42910,#42920,#42930);
#42950=PLANE('',#42940);
#42960=ORIENTED_EDGE('',*,*,#42840,.F.);
#42970=ORIENTED_EDGE('',*,*,#41630,.T.);
#42980=CARTESIAN_POINT('',(1.64,1.99999999999999,-3.345));
#42990=DIRECTION('',(0.,0.,1.));
#43000=VECTOR('',#42990,1.);
#43010=LINE('',#42980,#43000);
#43020=EDGE_CURVE('',#41540,#42170,#43010,.T.);
#43030=ORIENTED_EDGE('',*,*,#43020,.F.);
#43040=ORIENTED_EDGE('',*,*,#42180,.F.);
#43050=EDGE_LOOP('',(#43040,#43030,#42970,#42960));
#43060=FACE_OUTER_BOUND('',#43050,.T.);
#43070=ADVANCED_FACE('',(#43060),#42950,.T.);
#43080=CARTESIAN_POINT('',(1.64,1.94999999999999,-3.225));
#43090=DIRECTION('',(0.,0.,-1.));
#43100=DIRECTION('',(1.,1.22460635382238E-16,0.));
#43110=AXIS2_PLACEMENT_3D('',#43080,#43090,#43100);
#43120=CYLINDRICAL_SURFACE('',#43110,0.05);
#43130=ORIENTED_EDGE('',*,*,#43020,.T.);
#43140=ORIENTED_EDGE('',*,*,#41550,.F.);
#43150=CARTESIAN_POINT('',(1.69,1.94999999999999,-3.225));
#43160=DIRECTION('',(0.,0.,-1.));
#43170=VECTOR('',#43160,1.);
#43180=LINE('',#43150,#43170);
#43190=EDGE_CURVE('',#42260,#41450,#43180,.T.);
#43200=ORIENTED_EDGE('',*,*,#43190,.T.);
#43210=ORIENTED_EDGE('',*,*,#42270,.F.);
#43220=EDGE_LOOP('',(#43210,#43200,#43140,#43130));
#43230=FACE_OUTER_BOUND('',#43220,.T.);
#43240=ADVANCED_FACE('',(#43230),#43120,.T.);
#43250=CARTESIAN_POINT('',(1.69,1.86999999999999,-3.225));
#43260=DIRECTION('',(1.,1.22460635382238E-16,-0.));
#43270=DIRECTION('',(-1.22460635382238E-16,1.,0.));
#43280=AXIS2_PLACEMENT_3D('',#43250,#43260,#43270);
#43290=PLANE('',#43280);
#43300=ORIENTED_EDGE('',*,*,#43190,.F.);
#43310=ORIENTED_EDGE('',*,*,#41460,.T.);
#43320=CARTESIAN_POINT('',(1.69,1.86999999999999,-3.225));
#43330=DIRECTION('',(0.,0.,-1.));
#43340=VECTOR('',#43330,1.);
#43350=LINE('',#43320,#43340);
#43360=EDGE_CURVE('',#42340,#41370,#43350,.T.);
#43370=ORIENTED_EDGE('',*,*,#43360,.T.);
#43380=ORIENTED_EDGE('',*,*,#42350,.F.);
#43390=EDGE_LOOP('',(#43380,#43370,#43310,#43300));
#43400=FACE_OUTER_BOUND('',#43390,.T.);
#43410=ADVANCED_FACE('',(#43400),#43290,.T.);
#43420=CARTESIAN_POINT('',(1.52,1.86999999999999,-3.225));
#43430=DIRECTION('',(-6.40826303888332E-15,-1.,0.));
#43440=DIRECTION('',(1.,-6.40826303888332E-15,0.));
#43450=AXIS2_PLACEMENT_3D('',#43420,#43430,#43440);
#43460=PLANE('',#43450);
#43470=ORIENTED_EDGE('',*,*,#43360,.F.);
#43480=ORIENTED_EDGE('',*,*,#41380,.T.);
#43490=CARTESIAN_POINT('',(1.52,1.86999999999999,-3.345));
#43500=DIRECTION('',(0.,0.,1.));
#43510=VECTOR('',#43500,1.);
#43520=LINE('',#43490,#43510);
#43530=EDGE_CURVE('',#41290,#42420,#43520,.T.);
#43540=ORIENTED_EDGE('',*,*,#43530,.F.);
#43550=ORIENTED_EDGE('',*,*,#42430,.F.);
#43560=EDGE_LOOP('',(#43550,#43540,#43480,#43470));
#43570=FACE_OUTER_BOUND('',#43560,.T.);
#43580=ADVANCED_FACE('',(#43570),#43460,.T.);
#43590=CARTESIAN_POINT('',(1.52,1.81999999999999,-3.225));
#43600=DIRECTION('',(0.,0.,-1.));
#43610=DIRECTION('',(1.,1.22460635382238E-16,0.));
#43620=AXIS2_PLACEMENT_3D('',#43590,#43600,#43610);
#43630=CYLINDRICAL_SURFACE('',#43620,0.0500000000000009);
#43640=ORIENTED_EDGE('',*,*,#43530,.T.);
#43650=ORIENTED_EDGE('',*,*,#41300,.F.);
#43660=CARTESIAN_POINT('',(1.47497605610578,1.79825501261876,-3.225));
#43670=DIRECTION('',(0.,0.,-1.));
#43680=VECTOR('',#43670,1.);
#43690=LINE('',#43660,#43680);
#43700=EDGE_CURVE('',#42510,#41200,#43690,.T.);
#43710=ORIENTED_EDGE('',*,*,#43700,.T.);
#43720=ORIENTED_EDGE('',*,*,#42520,.F.);
#43730=EDGE_LOOP('',(#43720,#43710,#43650,#43640));
#43740=FACE_OUTER_BOUND('',#43730,.T.);
#43750=ADVANCED_FACE('',(#43740),#43630,.F.);
#43760=CARTESIAN_POINT('',(1.49502394389423,1.75674498738121,-3.225));
#43770=DIRECTION('',(0.900478877884487,0.434899747624548,-0.));
#43780=DIRECTION('',(-0.434899747624548,0.900478877884487,0.));
#43790=AXIS2_PLACEMENT_3D('',#43760,#43770,#43780);
#43800=PLANE('',#43790);
#43810=ORIENTED_EDGE('',*,*,#43700,.F.);
#43820=ORIENTED_EDGE('',*,*,#41210,.F.);
#43830=CARTESIAN_POINT('',(1.49502394389423,1.75674498738121,-3.345));
#43840=DIRECTION('',(0.,0.,1.));
#43850=VECTOR('',#43840,1.);
#43860=LINE('',#43830,#43850);
#43870=EDGE_CURVE('',#41120,#42590,#43860,.T.);
#43880=ORIENTED_EDGE('',*,*,#43870,.F.);
#43890=ORIENTED_EDGE('',*,*,#42600,.F.);
#43900=EDGE_LOOP('',(#43890,#43880,#43820,#43810));
#43910=FACE_OUTER_BOUND('',#43900,.T.);
#43920=ADVANCED_FACE('',(#43910),#43800,.T.);
#43930=CARTESIAN_POINT('',(1.45,1.73499999999999,-3.225));
#43940=DIRECTION('',(0.,0.,-1.));
#43950=DIRECTION('',(1.,1.22460635382238E-16,0.));
#43960=AXIS2_PLACEMENT_3D('',#43930,#43940,#43950);
#43970=CYLINDRICAL_SURFACE('',#43960,0.0499999999999998);
#43980=ORIENTED_EDGE('',*,*,#43870,.T.);
#43990=ORIENTED_EDGE('',*,*,#41130,.F.);
#44000=ORIENTED_EDGE('',*,*,#41860,.T.);
#44010=ORIENTED_EDGE('',*,*,#42670,.F.);
#44020=EDGE_LOOP('',(#44010,#44000,#43990,#43980));
#44030=FACE_OUTER_BOUND('',#44020,.T.);
#44040=ADVANCED_FACE('',(#44030),#43970,.T.);
#44050=CARTESIAN_POINT('',(-2.96101731916344,3.3223480408227,-5.225));
#44060=DIRECTION('',(0.,0.,-1.));
#44070=DIRECTION('',(1.,1.22460635382238E-16,0.));
#44080=AXIS2_PLACEMENT_3D('',#44050,#44060,#44070);
#44090=PLANE('',#44080);
#44100=CARTESIAN_POINT('',(1.39,1.99999999999999,-5.225));
#44110=DIRECTION('',(-0.719844295420681,-0.694135570584236,0.));
#44120=VECTOR('',#44110,1.);
#44130=LINE('',#44100,#44120);
#44140=CARTESIAN_POINT('',(1.39,1.99999999999999,-5.225));
#44150=VERTEX_POINT('',#44140);
#44160=EDGE_CURVE('',#44150,#16810,#44130,.T.);
#44170=ORIENTED_EDGE('',*,*,#44160,.T.);
#44180=CARTESIAN_POINT('',(1.64,1.99999999999999,-5.225));
#44190=DIRECTION('',(-1.,-8.88178419700128E-16,0.));
#44200=VECTOR('',#44190,1.);
#44210=LINE('',#44180,#44200);
#44220=CARTESIAN_POINT('',(1.64,1.99999999999999,-5.225));
#44230=VERTEX_POINT('',#44220);
#44240=EDGE_CURVE('',#44230,#44150,#44210,.T.);
#44250=ORIENTED_EDGE('',*,*,#44240,.T.);
#44260=CARTESIAN_POINT('',(1.64,1.94999999999999,-5.225));
#44270=DIRECTION('',(0.,0.,1.));
#44280=DIRECTION('',(1.,0.,0.));
#44290=AXIS2_PLACEMENT_3D('',#44260,#44270,#44280);
#44300=CIRCLE('',#44290,0.05);
#44310=CARTESIAN_POINT('',(1.69,1.94999999999999,-5.225));
#44320=VERTEX_POINT('',#44310);
#44330=EDGE_CURVE('',#44320,#44230,#44300,.T.);
#44340=ORIENTED_EDGE('',*,*,#44330,.T.);
#44350=CARTESIAN_POINT('',(1.69,1.86999999999999,-5.225));
#44360=DIRECTION('',(0.,1.,0.));
#44370=VECTOR('',#44360,1.);
#44380=LINE('',#44350,#44370);
#44390=CARTESIAN_POINT('',(1.69,1.86999999999999,-5.225));
#44400=VERTEX_POINT('',#44390);
#44410=EDGE_CURVE('',#44400,#44320,#44380,.T.);
#44420=ORIENTED_EDGE('',*,*,#44410,.T.);
#44430=CARTESIAN_POINT('',(1.52,1.86999999999999,-5.225));
#44440=DIRECTION('',(1.,1.3061447348531E-15,0.));
#44450=VECTOR('',#44440,1.);
#44460=LINE('',#44430,#44450);
#44470=CARTESIAN_POINT('',(1.52,1.86999999999999,-5.225));
#44480=VERTEX_POINT('',#44470);
#44490=EDGE_CURVE('',#44480,#44400,#44460,.T.);
#44500=ORIENTED_EDGE('',*,*,#44490,.T.);
#44510=CARTESIAN_POINT('',(1.52,1.81999999999999,-5.225));
#44520=DIRECTION('',(0.,0.,-1.));
#44530=DIRECTION('',(-0.900478877885031,-0.434899747623422,0.));
#44540=AXIS2_PLACEMENT_3D('',#44510,#44520,#44530);
#44550=CIRCLE('',#44540,0.0500000000000009);
#44560=CARTESIAN_POINT('',(1.47497605610576,1.79825501261879,-5.225));
#44570=VERTEX_POINT('',#44560);
#44580=EDGE_CURVE('',#44570,#44480,#44550,.T.);
#44590=ORIENTED_EDGE('',*,*,#44580,.T.);
#44600=CARTESIAN_POINT('',(1.49502394389422,1.75674498738124,-5.225));
#44610=DIRECTION('',(-0.434899747624539,0.900478877884491,0.));
#44620=VECTOR('',#44610,1.);
#44630=LINE('',#44600,#44620);
#44640=CARTESIAN_POINT('',(1.49502394389422,1.75674498738122,-5.225));
#44650=VERTEX_POINT('',#44640);
#44660=EDGE_CURVE('',#44650,#44570,#44630,.T.);
#44670=ORIENTED_EDGE('',*,*,#44660,.T.);
#44680=CARTESIAN_POINT('',(1.45,1.73499999999999,-5.225));
#44690=DIRECTION('',(0.,0.,1.));
#44700=DIRECTION('',(-3.99680288865058E-14,-1.,0.));
#44710=AXIS2_PLACEMENT_3D('',#44680,#44690,#44700);
#44720=CIRCLE('',#44710,0.0499999999999998);
#44730=CARTESIAN_POINT('',(1.45,1.68499999999999,-5.225));
#44740=VERTEX_POINT('',#44730);
#44750=EDGE_CURVE('',#44740,#44650,#44720,.T.);
#44760=ORIENTED_EDGE('',*,*,#44750,.T.);
#44770=CARTESIAN_POINT('',(1.32,1.68499999999999,-5.225));
#44780=DIRECTION('',(1.,0.,0.));
#44790=VECTOR('',#44780,1.);
#44800=LINE('',#44770,#44790);
#44810=EDGE_CURVE('',#16650,#44740,#44800,.T.);
#44820=ORIENTED_EDGE('',*,*,#44810,.T.);
#44830=ORIENTED_EDGE('',*,*,#16880,.T.);
#44840=EDGE_LOOP('',(#44830,#44820,#44760,#44670,#44590,#44500,#44420,
#44340,#44250,#44170));
#44850=FACE_OUTER_BOUND('',#44840,.T.);
#44860=ADVANCED_FACE('',(#44850),#44090,.F.);
#44870=CARTESIAN_POINT('',(1.39,1.99999999999999,-5.225));
#44880=DIRECTION('',(-0.694135570584234,0.719844295420684,0.));
#44890=DIRECTION('',(-0.719844295420684,-0.694135570584234,0.));
#44900=AXIS2_PLACEMENT_3D('',#44870,#44880,#44890);
#44910=PLANE('',#44900);
#44920=CARTESIAN_POINT('',(1.31999999999999,1.93249999999998,-5.345));
#44930=DIRECTION('',(0.719844295420682,0.694135570584235,0.));
#44940=VECTOR('',#44930,1.);
#44950=LINE('',#44920,#44940);
#44960=CARTESIAN_POINT('',(1.39,1.99999999999999,-5.345));
#44970=VERTEX_POINT('',#44960);
#44980=EDGE_CURVE('',#16730,#44970,#44950,.T.);
#44990=ORIENTED_EDGE('',*,*,#44980,.F.);
#45000=CARTESIAN_POINT('',(1.39,1.99999999999999,-5.225));
#45010=DIRECTION('',(0.,0.,-1.));
#45020=VECTOR('',#45010,1.);
#45030=LINE('',#45000,#45020);
#45040=EDGE_CURVE('',#44150,#44970,#45030,.T.);
#45050=ORIENTED_EDGE('',*,*,#45040,.T.);
#45060=ORIENTED_EDGE('',*,*,#44160,.F.);
#45070=ORIENTED_EDGE('',*,*,#16820,.F.);
#45080=EDGE_LOOP('',(#45070,#45060,#45050,#44990));
#45090=FACE_OUTER_BOUND('',#45080,.T.);
#45100=ADVANCED_FACE('',(#45090),#44910,.T.);
#45110=CARTESIAN_POINT('',(-2.96101731916344,3.3223480408227,-5.345));
#45120=DIRECTION('',(0.,0.,-1.));
#45130=DIRECTION('',(1.,1.22460635382238E-16,0.));
#45140=AXIS2_PLACEMENT_3D('',#45110,#45120,#45130);
#45150=PLANE('',#45140);
#45160=CARTESIAN_POINT('',(1.32,1.68499999999999,-5.345));
#45170=DIRECTION('',(1.,0.,0.));
#45180=VECTOR('',#45170,1.);
#45190=LINE('',#45160,#45180);
#45200=CARTESIAN_POINT('',(1.45,1.68499999999999,-5.345));
#45210=VERTEX_POINT('',#45200);
#45220=EDGE_CURVE('',#16630,#45210,#45190,.T.);
#45230=ORIENTED_EDGE('',*,*,#45220,.F.);
#45240=CARTESIAN_POINT('',(1.45,1.73499999999999,-5.345));
#45250=DIRECTION('',(0.,0.,-1.));
#45260=DIRECTION('',(0.900478877884548,0.434899747624421,0.));
#45270=AXIS2_PLACEMENT_3D('',#45240,#45250,#45260);
#45280=CIRCLE('',#45270,0.0499999999999998);
#45290=CARTESIAN_POINT('',(1.49502394389423,1.75674498738121,-5.345));
#45300=VERTEX_POINT('',#45290);
#45310=EDGE_CURVE('',#45300,#45210,#45280,.T.);
#45320=ORIENTED_EDGE('',*,*,#45310,.T.);
#45330=CARTESIAN_POINT('',(1.47497605610578,1.79825501261875,-5.345));
#45340=DIRECTION('',(0.434899747624542,-0.90047887788449,0.));
#45350=VECTOR('',#45340,1.);
#45360=LINE('',#45330,#45350);
#45370=CARTESIAN_POINT('',(1.47497605610578,1.79825501261875,-5.345));
#45380=VERTEX_POINT('',#45370);
#45390=EDGE_CURVE('',#45380,#45300,#45360,.T.);
#45400=ORIENTED_EDGE('',*,*,#45390,.T.);
#45410=CARTESIAN_POINT('',(1.52,1.81999999999999,-5.345));
#45420=DIRECTION('',(0.,0.,1.));
#45430=DIRECTION('',(-3.55271367880043E-13,1.,0.));
#45440=AXIS2_PLACEMENT_3D('',#45410,#45420,#45430);
#45450=CIRCLE('',#45440,0.0500000000000009);
#45460=CARTESIAN_POINT('',(1.51999999999999,1.86999999999999,-5.345));
#45470=VERTEX_POINT('',#45460);
#45480=EDGE_CURVE('',#45470,#45380,#45450,.T.);
#45490=ORIENTED_EDGE('',*,*,#45480,.T.);
#45500=CARTESIAN_POINT('',(1.52,1.86999999999999,-5.345));
#45510=DIRECTION('',(1.,-6.53072367426563E-15,0.));
#45520=VECTOR('',#45510,1.);
#45530=LINE('',#45500,#45520);
#45540=CARTESIAN_POINT('',(1.69,1.86999999999999,-5.345));
#45550=VERTEX_POINT('',#45540);
#45560=EDGE_CURVE('',#45470,#45550,#45530,.T.);
#45570=ORIENTED_EDGE('',*,*,#45560,.F.);
#45580=CARTESIAN_POINT('',(1.69,1.86999999999999,-5.345));
#45590=DIRECTION('',(0.,1.,0.));
#45600=VECTOR('',#45590,1.);
#45610=LINE('',#45580,#45600);
#45620=CARTESIAN_POINT('',(1.69,1.94999999999999,-5.345));
#45630=VERTEX_POINT('',#45620);
#45640=EDGE_CURVE('',#45550,#45630,#45610,.T.);
#45650=ORIENTED_EDGE('',*,*,#45640,.F.);
#45660=CARTESIAN_POINT('',(1.64,1.94999999999999,-5.345));
#45670=DIRECTION('',(0.,0.,-1.));
#45680=DIRECTION('',(-4.88498130835068E-14,1.,0.));
#45690=AXIS2_PLACEMENT_3D('',#45660,#45670,#45680);
#45700=CIRCLE('',#45690,0.05);
#45710=CARTESIAN_POINT('',(1.64,1.99999999999999,-5.345));
#45720=VERTEX_POINT('',#45710);
#45730=EDGE_CURVE('',#45720,#45630,#45700,.T.);
#45740=ORIENTED_EDGE('',*,*,#45730,.T.);
#45750=CARTESIAN_POINT('',(1.64,1.99999999999999,-5.345));
#45760=DIRECTION('',(-1.,0.,0.));
#45770=VECTOR('',#45760,1.);
#45780=LINE('',#45750,#45770);
#45790=EDGE_CURVE('',#45720,#44970,#45780,.T.);
#45800=ORIENTED_EDGE('',*,*,#45790,.F.);
#45810=ORIENTED_EDGE('',*,*,#44980,.T.);
#45820=ORIENTED_EDGE('',*,*,#16740,.F.);
#45830=EDGE_LOOP('',(#45820,#45810,#45800,#45740,#45650,#45570,#45490,
#45400,#45320,#45230));
#45840=FACE_OUTER_BOUND('',#45830,.T.);
#45850=ADVANCED_FACE('',(#45840),#45150,.T.);
#45860=CARTESIAN_POINT('',(1.32,1.68499999999999,-5.225));
#45870=DIRECTION('',(1.22460635382238E-16,-1.,0.));
#45880=DIRECTION('',(1.,1.22460635382238E-16,0.));
#45890=AXIS2_PLACEMENT_3D('',#45860,#45870,#45880);
#45900=PLANE('',#45890);
#45910=CARTESIAN_POINT('',(1.45,1.68499999999999,-5.225));
#45920=DIRECTION('',(0.,0.,-1.));
#45930=VECTOR('',#45920,1.);
#45940=LINE('',#45910,#45930);
#45950=EDGE_CURVE('',#44740,#45210,#45940,.T.);
#45960=ORIENTED_EDGE('',*,*,#45950,.F.);
#45970=ORIENTED_EDGE('',*,*,#45220,.T.);
#45980=ORIENTED_EDGE('',*,*,#16660,.F.);
#45990=ORIENTED_EDGE('',*,*,#44810,.F.);
#46000=EDGE_LOOP('',(#45990,#45980,#45970,#45960));
#46010=FACE_OUTER_BOUND('',#46000,.T.);
#46020=ADVANCED_FACE('',(#46010),#45900,.T.);
#46030=CARTESIAN_POINT('',(1.45,1.73499999999999,-5.225));
#46040=DIRECTION('',(0.,0.,-1.));
#46050=DIRECTION('',(1.,1.22460635382238E-16,0.));
#46060=AXIS2_PLACEMENT_3D('',#46030,#46040,#46050);
#46070=CYLINDRICAL_SURFACE('',#46060,0.0499999999999998);
#46080=CARTESIAN_POINT('',(1.49502394389423,1.75674498738121,-5.345));
#46090=DIRECTION('',(0.,0.,1.));
#46100=VECTOR('',#46090,1.);
#46110=LINE('',#46080,#46100);
#46120=EDGE_CURVE('',#45300,#44650,#46110,.T.);
#46130=ORIENTED_EDGE('',*,*,#46120,.T.);
#46140=ORIENTED_EDGE('',*,*,#45310,.F.);
#46150=ORIENTED_EDGE('',*,*,#45950,.T.);
#46160=ORIENTED_EDGE('',*,*,#44750,.F.);
#46170=EDGE_LOOP('',(#46160,#46150,#46140,#46130));
#46180=FACE_OUTER_BOUND('',#46170,.T.);
#46190=ADVANCED_FACE('',(#46180),#46070,.T.);
#46200=CARTESIAN_POINT('',(1.49502394389423,1.75674498738121,-5.225));
#46210=DIRECTION('',(0.900478877884487,0.434899747624548,-0.));
#46220=DIRECTION('',(-0.434899747624548,0.900478877884487,0.));
#46230=AXIS2_PLACEMENT_3D('',#46200,#46210,#46220);
#46240=PLANE('',#46230);
#46250=CARTESIAN_POINT('',(1.47497605610578,1.79825501261876,-5.225));
#46260=DIRECTION('',(0.,0.,-1.));
#46270=VECTOR('',#46260,1.);
#46280=LINE('',#46250,#46270);
#46290=EDGE_CURVE('',#44570,#45380,#46280,.T.);
#46300=ORIENTED_EDGE('',*,*,#46290,.F.);
#46310=ORIENTED_EDGE('',*,*,#45390,.F.);
#46320=ORIENTED_EDGE('',*,*,#46120,.F.);
#46330=ORIENTED_EDGE('',*,*,#44660,.F.);
#46340=EDGE_LOOP('',(#46330,#46320,#46310,#46300));
#46350=FACE_OUTER_BOUND('',#46340,.T.);
#46360=ADVANCED_FACE('',(#46350),#46240,.T.);
#46370=CARTESIAN_POINT('',(1.52,1.81999999999999,-5.225));
#46380=DIRECTION('',(0.,0.,-1.));
#46390=DIRECTION('',(1.,1.22460635382238E-16,0.));
#46400=AXIS2_PLACEMENT_3D('',#46370,#46380,#46390);
#46410=CYLINDRICAL_SURFACE('',#46400,0.0500000000000009);
#46420=CARTESIAN_POINT('',(1.52,1.86999999999999,-5.345));
#46430=DIRECTION('',(0.,0.,1.));
#46440=VECTOR('',#46430,1.);
#46450=LINE('',#46420,#46440);
#46460=EDGE_CURVE('',#45470,#44480,#46450,.T.);
#46470=ORIENTED_EDGE('',*,*,#46460,.T.);
#46480=ORIENTED_EDGE('',*,*,#45480,.F.);
#46490=ORIENTED_EDGE('',*,*,#46290,.T.);
#46500=ORIENTED_EDGE('',*,*,#44580,.F.);
#46510=EDGE_LOOP('',(#46500,#46490,#46480,#46470));
#46520=FACE_OUTER_BOUND('',#46510,.T.);
#46530=ADVANCED_FACE('',(#46520),#46410,.F.);
#46540=CARTESIAN_POINT('',(1.52,1.86999999999999,-5.225));
#46550=DIRECTION('',(-6.40826303888332E-15,-1.,0.));
#46560=DIRECTION('',(1.,-6.40826303888332E-15,0.));
#46570=AXIS2_PLACEMENT_3D('',#46540,#46550,#46560);
#46580=PLANE('',#46570);
#46590=CARTESIAN_POINT('',(1.69,1.86999999999999,-5.225));
#46600=DIRECTION('',(0.,0.,-1.));
#46610=VECTOR('',#46600,1.);
#46620=LINE('',#46590,#46610);
#46630=EDGE_CURVE('',#44400,#45550,#46620,.T.);
#46640=ORIENTED_EDGE('',*,*,#46630,.F.);
#46650=ORIENTED_EDGE('',*,*,#45560,.T.);
#46660=ORIENTED_EDGE('',*,*,#46460,.F.);
#46670=ORIENTED_EDGE('',*,*,#44490,.F.);
#46680=EDGE_LOOP('',(#46670,#46660,#46650,#46640));
#46690=FACE_OUTER_BOUND('',#46680,.T.);
#46700=ADVANCED_FACE('',(#46690),#46580,.T.);
#46710=CARTESIAN_POINT('',(1.69,1.86999999999999,-5.225));
#46720=DIRECTION('',(1.,1.22460635382238E-16,-0.));
#46730=DIRECTION('',(-1.22460635382238E-16,1.,0.));
#46740=AXIS2_PLACEMENT_3D('',#46710,#46720,#46730);
#46750=PLANE('',#46740);
#46760=CARTESIAN_POINT('',(1.69,1.94999999999999,-5.225));
#46770=DIRECTION('',(0.,0.,-1.));
#46780=VECTOR('',#46770,1.);
#46790=LINE('',#46760,#46780);
#46800=EDGE_CURVE('',#44320,#45630,#46790,.T.);
#46810=ORIENTED_EDGE('',*,*,#46800,.F.);
#46820=ORIENTED_EDGE('',*,*,#45640,.T.);
#46830=ORIENTED_EDGE('',*,*,#46630,.T.);
#46840=ORIENTED_EDGE('',*,*,#44410,.F.);
#46850=EDGE_LOOP('',(#46840,#46830,#46820,#46810));
#46860=FACE_OUTER_BOUND('',#46850,.T.);
#46870=ADVANCED_FACE('',(#46860),#46750,.T.);
#46880=CARTESIAN_POINT('',(1.64,1.94999999999999,-5.225));
#46890=DIRECTION('',(0.,0.,-1.));
#46900=DIRECTION('',(1.,1.22460635382238E-16,0.));
#46910=AXIS2_PLACEMENT_3D('',#46880,#46890,#46900);
#46920=CYLINDRICAL_SURFACE('',#46910,0.05);
#46930=CARTESIAN_POINT('',(1.64,1.99999999999999,-5.345));
#46940=DIRECTION('',(0.,0.,1.));
#46950=VECTOR('',#46940,1.);
#46960=LINE('',#46930,#46950);
#46970=EDGE_CURVE('',#45720,#44230,#46960,.T.);
#46980=ORIENTED_EDGE('',*,*,#46970,.T.);
#46990=ORIENTED_EDGE('',*,*,#45730,.F.);
#47000=ORIENTED_EDGE('',*,*,#46800,.T.);
#47010=ORIENTED_EDGE('',*,*,#44330,.F.);
#47020=EDGE_LOOP('',(#47010,#47000,#46990,#46980));
#47030=FACE_OUTER_BOUND('',#47020,.T.);
#47040=ADVANCED_FACE('',(#47030),#46920,.T.);
#47050=CARTESIAN_POINT('',(1.64,1.99999999999999,-5.225));
#47060=DIRECTION('',(-1.22460635382238E-16,1.,0.));
#47070=DIRECTION('',(-1.,-1.22460635382238E-16,0.));
#47080=AXIS2_PLACEMENT_3D('',#47050,#47060,#47070);
#47090=PLANE('',#47080);
#47100=ORIENTED_EDGE('',*,*,#45040,.F.);
#47110=ORIENTED_EDGE('',*,*,#45790,.T.);
#47120=ORIENTED_EDGE('',*,*,#46970,.F.);
#47130=ORIENTED_EDGE('',*,*,#44240,.F.);
#47140=EDGE_LOOP('',(#47130,#47120,#47110,#47100));
#47150=FACE_OUTER_BOUND('',#47140,.T.);
#47160=ADVANCED_FACE('',(#47150),#47090,.T.);
#47170=CARTESIAN_POINT('',(-2.96101731916344,3.3223480408227,-5.625));
#47180=DIRECTION('',(0.,0.,-1.));
#47190=DIRECTION('',(1.,1.22460635382238E-16,0.));
#47200=AXIS2_PLACEMENT_3D('',#47170,#47180,#47190);
#47210=PLANE('',#47200);
#47220=CARTESIAN_POINT('',(1.39,1.99999999999999,-5.625));
#47230=DIRECTION('',(-0.719844295420681,-0.694135570584236,0.));
#47240=VECTOR('',#47230,1.);
#47250=LINE('',#47220,#47240);
#47260=CARTESIAN_POINT('',(1.39,1.99999999999999,-5.625));
#47270=VERTEX_POINT('',#47260);
#47280=EDGE_CURVE('',#47270,#17150,#47250,.T.);
#47290=ORIENTED_EDGE('',*,*,#47280,.T.);
#47300=CARTESIAN_POINT('',(1.64,1.99999999999999,-5.625));
#47310=DIRECTION('',(-1.,-8.88178419700128E-16,0.));
#47320=VECTOR('',#47310,1.);
#47330=LINE('',#47300,#47320);
#47340=CARTESIAN_POINT('',(1.64,1.99999999999999,-5.625));
#47350=VERTEX_POINT('',#47340);
#47360=EDGE_CURVE('',#47350,#47270,#47330,.T.);
#47370=ORIENTED_EDGE('',*,*,#47360,.T.);
#47380=CARTESIAN_POINT('',(1.64,1.94999999999999,-5.625));
#47390=DIRECTION('',(0.,0.,1.));
#47400=DIRECTION('',(1.,0.,0.));
#47410=AXIS2_PLACEMENT_3D('',#47380,#47390,#47400);
#47420=CIRCLE('',#47410,0.05);
#47430=CARTESIAN_POINT('',(1.69,1.94999999999999,-5.625));
#47440=VERTEX_POINT('',#47430);
#47450=EDGE_CURVE('',#47440,#47350,#47420,.T.);
#47460=ORIENTED_EDGE('',*,*,#47450,.T.);
#47470=CARTESIAN_POINT('',(1.69,1.86999999999999,-5.625));
#47480=DIRECTION('',(0.,1.,0.));
#47490=VECTOR('',#47480,1.);
#47500=LINE('',#47470,#47490);
#47510=CARTESIAN_POINT('',(1.69,1.86999999999999,-5.625));
#47520=VERTEX_POINT('',#47510);
#47530=EDGE_CURVE('',#47520,#47440,#47500,.T.);
#47540=ORIENTED_EDGE('',*,*,#47530,.T.);
#47550=CARTESIAN_POINT('',(1.52,1.86999999999999,-5.625));
#47560=DIRECTION('',(1.,1.3061447348531E-15,0.));
#47570=VECTOR('',#47560,1.);
#47580=LINE('',#47550,#47570);
#47590=CARTESIAN_POINT('',(1.52,1.86999999999999,-5.625));
#47600=VERTEX_POINT('',#47590);
#47610=EDGE_CURVE('',#47600,#47520,#47580,.T.);
#47620=ORIENTED_EDGE('',*,*,#47610,.T.);
#47630=CARTESIAN_POINT('',(1.52,1.81999999999999,-5.625));
#47640=DIRECTION('',(0.,0.,-1.));
#47650=DIRECTION('',(-0.900478877885031,-0.434899747623422,0.));
#47660=AXIS2_PLACEMENT_3D('',#47630,#47640,#47650);
#47670=CIRCLE('',#47660,0.0500000000000009);
#47680=CARTESIAN_POINT('',(1.47497605610576,1.79825501261879,-5.625));
#47690=VERTEX_POINT('',#47680);
#47700=EDGE_CURVE('',#47690,#47600,#47670,.T.);
#47710=ORIENTED_EDGE('',*,*,#47700,.T.);
#47720=CARTESIAN_POINT('',(1.49502394389422,1.75674498738124,-5.625));
#47730=DIRECTION('',(-0.434899747624539,0.900478877884491,0.));
#47740=VECTOR('',#47730,1.);
#47750=LINE('',#47720,#47740);
#47760=CARTESIAN_POINT('',(1.49502394389422,1.75674498738122,-5.625));
#47770=VERTEX_POINT('',#47760);
#47780=EDGE_CURVE('',#47770,#47690,#47750,.T.);
#47790=ORIENTED_EDGE('',*,*,#47780,.T.);
#47800=CARTESIAN_POINT('',(1.45,1.73499999999999,-5.625));
#47810=DIRECTION('',(0.,0.,1.));
#47820=DIRECTION('',(-3.99680288865058E-14,-1.,0.));
#47830=AXIS2_PLACEMENT_3D('',#47800,#47810,#47820);
#47840=CIRCLE('',#47830,0.0499999999999998);
#47850=CARTESIAN_POINT('',(1.45,1.68499999999999,-5.625));
#47860=VERTEX_POINT('',#47850);
#47870=EDGE_CURVE('',#47860,#47770,#47840,.T.);
#47880=ORIENTED_EDGE('',*,*,#47870,.T.);
#47890=CARTESIAN_POINT('',(1.32,1.68499999999999,-5.625));
#47900=DIRECTION('',(1.,0.,0.));
#47910=VECTOR('',#47900,1.);
#47920=LINE('',#47890,#47910);
#47930=EDGE_CURVE('',#16990,#47860,#47920,.T.);
#47940=ORIENTED_EDGE('',*,*,#47930,.T.);
#47950=ORIENTED_EDGE('',*,*,#17220,.T.);
#47960=EDGE_LOOP('',(#47950,#47940,#47880,#47790,#47710,#47620,#47540,
#47460,#47370,#47290));
#47970=FACE_OUTER_BOUND('',#47960,.T.);
#47980=ADVANCED_FACE('',(#47970),#47210,.F.);
#47990=CARTESIAN_POINT('',(1.39,1.99999999999999,-5.625));
#48000=DIRECTION('',(-0.694135570584234,0.719844295420684,0.));
#48010=DIRECTION('',(-0.719844295420684,-0.694135570584234,0.));
#48020=AXIS2_PLACEMENT_3D('',#47990,#48000,#48010);
#48030=PLANE('',#48020);
#48040=CARTESIAN_POINT('',(1.31999999999999,1.93249999999998,-5.745));
#48050=DIRECTION('',(0.719844295420682,0.694135570584235,0.));
#48060=VECTOR('',#48050,1.);
#48070=LINE('',#48040,#48060);
#48080=CARTESIAN_POINT('',(1.39,1.99999999999999,-5.745));
#48090=VERTEX_POINT('',#48080);
#48100=EDGE_CURVE('',#17070,#48090,#48070,.T.);
#48110=ORIENTED_EDGE('',*,*,#48100,.F.);
#48120=CARTESIAN_POINT('',(1.39,1.99999999999999,-5.625));
#48130=DIRECTION('',(0.,0.,-1.));
#48140=VECTOR('',#48130,1.);
#48150=LINE('',#48120,#48140);
#48160=EDGE_CURVE('',#47270,#48090,#48150,.T.);
#48170=ORIENTED_EDGE('',*,*,#48160,.T.);
#48180=ORIENTED_EDGE('',*,*,#47280,.F.);
#48190=ORIENTED_EDGE('',*,*,#17160,.F.);
#48200=EDGE_LOOP('',(#48190,#48180,#48170,#48110));
#48210=FACE_OUTER_BOUND('',#48200,.T.);
#48220=ADVANCED_FACE('',(#48210),#48030,.T.);
#48230=CARTESIAN_POINT('',(-2.96101731916344,3.3223480408227,-5.745));
#48240=DIRECTION('',(0.,0.,-1.));
#48250=DIRECTION('',(1.,1.22460635382238E-16,0.));
#48260=AXIS2_PLACEMENT_3D('',#48230,#48240,#48250);
#48270=PLANE('',#48260);
#48280=CARTESIAN_POINT('',(1.32,1.68499999999999,-5.745));
#48290=DIRECTION('',(1.,0.,0.));
#48300=VECTOR('',#48290,1.);
#48310=LINE('',#48280,#48300);
#48320=CARTESIAN_POINT('',(1.45,1.68499999999999,-5.745));
#48330=VERTEX_POINT('',#48320);
#48340=EDGE_CURVE('',#16970,#48330,#48310,.T.);
#48350=ORIENTED_EDGE('',*,*,#48340,.F.);
#48360=CARTESIAN_POINT('',(1.45,1.73499999999999,-5.745));
#48370=DIRECTION('',(0.,0.,-1.));
#48380=DIRECTION('',(0.900478877884499,0.434899747624523,0.));
#48390=AXIS2_PLACEMENT_3D('',#48360,#48370,#48380);
#48400=CIRCLE('',#48390,0.0499999999999998);
#48410=CARTESIAN_POINT('',(1.49502394389423,1.75674498738121,-5.745));
#48420=VERTEX_POINT('',#48410);
#48430=EDGE_CURVE('',#48420,#48330,#48400,.T.);
#48440=ORIENTED_EDGE('',*,*,#48430,.T.);
#48450=CARTESIAN_POINT('',(1.47497605610577,1.79825501261876,-5.745));
#48460=DIRECTION('',(0.434899747624554,-0.900478877884484,0.));
#48470=VECTOR('',#48460,1.);
#48480=LINE('',#48450,#48470);
#48490=CARTESIAN_POINT('',(1.47497605610578,1.79825501261876,-5.745));
#48500=VERTEX_POINT('',#48490);
#48510=EDGE_CURVE('',#48500,#48420,#48480,.T.);
#48520=ORIENTED_EDGE('',*,*,#48510,.T.);
#48530=CARTESIAN_POINT('',(1.52,1.81999999999999,-5.745));
#48540=DIRECTION('',(0.,0.,1.));
#48550=DIRECTION('',(-3.55271367880043E-13,1.,0.));
#48560=AXIS2_PLACEMENT_3D('',#48530,#48540,#48550);
#48570=CIRCLE('',#48560,0.0500000000000009);
#48580=CARTESIAN_POINT('',(1.51999999999999,1.86999999999999,-5.745));
#48590=VERTEX_POINT('',#48580);
#48600=EDGE_CURVE('',#48590,#48500,#48570,.T.);
#48610=ORIENTED_EDGE('',*,*,#48600,.T.);
#48620=CARTESIAN_POINT('',(1.52,1.86999999999999,-5.745));
#48630=DIRECTION('',(1.,-6.53072367426563E-15,0.));
#48640=VECTOR('',#48630,1.);
#48650=LINE('',#48620,#48640);
#48660=CARTESIAN_POINT('',(1.69,1.86999999999999,-5.745));
#48670=VERTEX_POINT('',#48660);
#48680=EDGE_CURVE('',#48590,#48670,#48650,.T.);
#48690=ORIENTED_EDGE('',*,*,#48680,.F.);
#48700=CARTESIAN_POINT('',(1.69,1.86999999999999,-5.745));
#48710=DIRECTION('',(0.,1.,0.));
#48720=VECTOR('',#48710,1.);
#48730=LINE('',#48700,#48720);
#48740=CARTESIAN_POINT('',(1.69,1.94999999999999,-5.745));
#48750=VERTEX_POINT('',#48740);
#48760=EDGE_CURVE('',#48670,#48750,#48730,.T.);
#48770=ORIENTED_EDGE('',*,*,#48760,.F.);
#48780=CARTESIAN_POINT('',(1.64,1.94999999999999,-5.745));
#48790=DIRECTION('',(0.,0.,-1.));
#48800=DIRECTION('',(-4.88498130835068E-14,1.,0.));
#48810=AXIS2_PLACEMENT_3D('',#48780,#48790,#48800);
#48820=CIRCLE('',#48810,0.05);
#48830=CARTESIAN_POINT('',(1.64,1.99999999999999,-5.745));
#48840=VERTEX_POINT('',#48830);
#48850=EDGE_CURVE('',#48840,#48750,#48820,.T.);
#48860=ORIENTED_EDGE('',*,*,#48850,.T.);
#48870=CARTESIAN_POINT('',(1.64,1.99999999999999,-5.745));
#48880=DIRECTION('',(-1.,0.,0.));
#48890=VECTOR('',#48880,1.);
#48900=LINE('',#48870,#48890);
#48910=EDGE_CURVE('',#48840,#48090,#48900,.T.);
#48920=ORIENTED_EDGE('',*,*,#48910,.F.);
#48930=ORIENTED_EDGE('',*,*,#48100,.T.);
#48940=ORIENTED_EDGE('',*,*,#17080,.F.);
#48950=EDGE_LOOP('',(#48940,#48930,#48920,#48860,#48770,#48690,#48610,
#48520,#48440,#48350));
#48960=FACE_OUTER_BOUND('',#48950,.T.);
#48970=ADVANCED_FACE('',(#48960),#48270,.T.);
#48980=CARTESIAN_POINT('',(1.32,1.68499999999999,-5.625));
#48990=DIRECTION('',(1.22460635382238E-16,-1.,0.));
#49000=DIRECTION('',(1.,1.22460635382238E-16,0.));
#49010=AXIS2_PLACEMENT_3D('',#48980,#48990,#49000);
#49020=PLANE('',#49010);
#49030=CARTESIAN_POINT('',(1.45,1.68499999999999,-5.625));
#49040=DIRECTION('',(0.,0.,-1.));
#49050=VECTOR('',#49040,1.);
#49060=LINE('',#49030,#49050);
#49070=EDGE_CURVE('',#47860,#48330,#49060,.T.);
#49080=ORIENTED_EDGE('',*,*,#49070,.F.);
#49090=ORIENTED_EDGE('',*,*,#48340,.T.);
#49100=ORIENTED_EDGE('',*,*,#17000,.F.);
#49110=ORIENTED_EDGE('',*,*,#47930,.F.);
#49120=EDGE_LOOP('',(#49110,#49100,#49090,#49080));
#49130=FACE_OUTER_BOUND('',#49120,.T.);
#49140=ADVANCED_FACE('',(#49130),#49020,.T.);
#49150=CARTESIAN_POINT('',(1.45,1.73499999999999,-5.625));
#49160=DIRECTION('',(0.,0.,-1.));
#49170=DIRECTION('',(1.,1.22460635382238E-16,0.));
#49180=AXIS2_PLACEMENT_3D('',#49150,#49160,#49170);
#49190=CYLINDRICAL_SURFACE('',#49180,0.0499999999999998);
#49200=CARTESIAN_POINT('',(1.49502394389423,1.75674498738121,-5.745));
#49210=DIRECTION('',(0.,0.,1.));
#49220=VECTOR('',#49210,1.);
#49230=LINE('',#49200,#49220);
#49240=EDGE_CURVE('',#48420,#47770,#49230,.T.);
#49250=ORIENTED_EDGE('',*,*,#49240,.T.);
#49260=ORIENTED_EDGE('',*,*,#48430,.F.);
#49270=ORIENTED_EDGE('',*,*,#49070,.T.);
#49280=ORIENTED_EDGE('',*,*,#47870,.F.);
#49290=EDGE_LOOP('',(#49280,#49270,#49260,#49250));
#49300=FACE_OUTER_BOUND('',#49290,.T.);
#49310=ADVANCED_FACE('',(#49300),#49190,.T.);
#49320=CARTESIAN_POINT('',(1.49502394389423,1.75674498738121,-5.625));
#49330=DIRECTION('',(0.900478877884487,0.434899747624548,-0.));
#49340=DIRECTION('',(-0.434899747624548,0.900478877884487,0.));
#49350=AXIS2_PLACEMENT_3D('',#49320,#49330,#49340);
#49360=PLANE('',#49350);
#49370=CARTESIAN_POINT('',(1.47497605610578,1.79825501261876,-5.625));
#49380=DIRECTION('',(0.,0.,-1.));
#49390=VECTOR('',#49380,1.);
#49400=LINE('',#49370,#49390);
#49410=EDGE_CURVE('',#47690,#48500,#49400,.T.);
#49420=ORIENTED_EDGE('',*,*,#49410,.F.);
#49430=ORIENTED_EDGE('',*,*,#48510,.F.);
#49440=ORIENTED_EDGE('',*,*,#49240,.F.);
#49450=ORIENTED_EDGE('',*,*,#47780,.F.);
#49460=EDGE_LOOP('',(#49450,#49440,#49430,#49420));
#49470=FACE_OUTER_BOUND('',#49460,.T.);
#49480=ADVANCED_FACE('',(#49470),#49360,.T.);
#49490=CARTESIAN_POINT('',(1.52,1.81999999999999,-5.625));
#49500=DIRECTION('',(0.,0.,-1.));
#49510=DIRECTION('',(1.,1.22460635382238E-16,0.));
#49520=AXIS2_PLACEMENT_3D('',#49490,#49500,#49510);
#49530=CYLINDRICAL_SURFACE('',#49520,0.0500000000000009);
#49540=CARTESIAN_POINT('',(1.52,1.86999999999999,-5.745));
#49550=DIRECTION('',(0.,0.,1.));
#49560=VECTOR('',#49550,1.);
#49570=LINE('',#49540,#49560);
#49580=EDGE_CURVE('',#48590,#47600,#49570,.T.);
#49590=ORIENTED_EDGE('',*,*,#49580,.T.);
#49600=ORIENTED_EDGE('',*,*,#48600,.F.);
#49610=ORIENTED_EDGE('',*,*,#49410,.T.);
#49620=ORIENTED_EDGE('',*,*,#47700,.F.);
#49630=EDGE_LOOP('',(#49620,#49610,#49600,#49590));
#49640=FACE_OUTER_BOUND('',#49630,.T.);
#49650=ADVANCED_FACE('',(#49640),#49530,.F.);
#49660=CARTESIAN_POINT('',(1.52,1.86999999999999,-5.625));
#49670=DIRECTION('',(-6.40826303888332E-15,-1.,0.));
#49680=DIRECTION('',(1.,-6.40826303888332E-15,0.));
#49690=AXIS2_PLACEMENT_3D('',#49660,#49670,#49680);
#49700=PLANE('',#49690);
#49710=CARTESIAN_POINT('',(1.69,1.86999999999999,-5.625));
#49720=DIRECTION('',(0.,0.,-1.));
#49730=VECTOR('',#49720,1.);
#49740=LINE('',#49710,#49730);
#49750=EDGE_CURVE('',#47520,#48670,#49740,.T.);
#49760=ORIENTED_EDGE('',*,*,#49750,.F.);
#49770=ORIENTED_EDGE('',*,*,#48680,.T.);
#49780=ORIENTED_EDGE('',*,*,#49580,.F.);
#49790=ORIENTED_EDGE('',*,*,#47610,.F.);
#49800=EDGE_LOOP('',(#49790,#49780,#49770,#49760));
#49810=FACE_OUTER_BOUND('',#49800,.T.);
#49820=ADVANCED_FACE('',(#49810),#49700,.T.);
#49830=CARTESIAN_POINT('',(1.69,1.86999999999999,-5.625));
#49840=DIRECTION('',(1.,1.22460635382238E-16,-0.));
#49850=DIRECTION('',(-1.22460635382238E-16,1.,0.));
#49860=AXIS2_PLACEMENT_3D('',#49830,#49840,#49850);
#49870=PLANE('',#49860);
#49880=CARTESIAN_POINT('',(1.69,1.94999999999999,-5.625));
#49890=DIRECTION('',(0.,0.,-1.));
#49900=VECTOR('',#49890,1.);
#49910=LINE('',#49880,#49900);
#49920=EDGE_CURVE('',#47440,#48750,#49910,.T.);
#49930=ORIENTED_EDGE('',*,*,#49920,.F.);
#49940=ORIENTED_EDGE('',*,*,#48760,.T.);
#49950=ORIENTED_EDGE('',*,*,#49750,.T.);
#49960=ORIENTED_EDGE('',*,*,#47530,.F.);
#49970=EDGE_LOOP('',(#49960,#49950,#49940,#49930));
#49980=FACE_OUTER_BOUND('',#49970,.T.);
#49990=ADVANCED_FACE('',(#49980),#49870,.T.);
#50000=CARTESIAN_POINT('',(1.64,1.94999999999999,-5.625));
#50010=DIRECTION('',(0.,0.,-1.));
#50020=DIRECTION('',(1.,1.22460635382238E-16,0.));
#50030=AXIS2_PLACEMENT_3D('',#50000,#50010,#50020);
#50040=CYLINDRICAL_SURFACE('',#50030,0.05);
#50050=CARTESIAN_POINT('',(1.64,1.99999999999999,-5.745));
#50060=DIRECTION('',(0.,0.,1.));
#50070=VECTOR('',#50060,1.);
#50080=LINE('',#50050,#50070);
#50090=EDGE_CURVE('',#48840,#47350,#50080,.T.);
#50100=ORIENTED_EDGE('',*,*,#50090,.T.);
#50110=ORIENTED_EDGE('',*,*,#48850,.F.);
#50120=ORIENTED_EDGE('',*,*,#49920,.T.);
#50130=ORIENTED_EDGE('',*,*,#47450,.F.);
#50140=EDGE_LOOP('',(#50130,#50120,#50110,#50100));
#50150=FACE_OUTER_BOUND('',#50140,.T.);
#50160=ADVANCED_FACE('',(#50150),#50040,.T.);
#50170=CARTESIAN_POINT('',(1.64,1.99999999999999,-5.625));
#50180=DIRECTION('',(-1.22460635382238E-16,1.,0.));
#50190=DIRECTION('',(-1.,-1.22460635382238E-16,0.));
#50200=AXIS2_PLACEMENT_3D('',#50170,#50180,#50190);
#50210=PLANE('',#50200);
#50220=ORIENTED_EDGE('',*,*,#48160,.F.);
#50230=ORIENTED_EDGE('',*,*,#48910,.T.);
#50240=ORIENTED_EDGE('',*,*,#50090,.F.);
#50250=ORIENTED_EDGE('',*,*,#47360,.F.);
#50260=EDGE_LOOP('',(#50250,#50240,#50230,#50220));
#50270=FACE_OUTER_BOUND('',#50260,.T.);
#50280=ADVANCED_FACE('',(#50270),#50210,.T.);
#50290=CARTESIAN_POINT('',(-2.96101731916344,3.3223480408227,-4.825));
#50300=DIRECTION('',(0.,0.,-1.));
#50310=DIRECTION('',(1.,1.22460635382238E-16,0.));
#50320=AXIS2_PLACEMENT_3D('',#50290,#50300,#50310);
#50330=PLANE('',#50320);
#50340=CARTESIAN_POINT('',(1.39,1.99999999999999,-4.825));
#50350=DIRECTION('',(-0.719844295420681,-0.694135570584236,0.));
#50360=VECTOR('',#50350,1.);
#50370=LINE('',#50340,#50360);
#50380=CARTESIAN_POINT('',(1.39,1.99999999999999,-4.825));
#50390=VERTEX_POINT('',#50380);
#50400=EDGE_CURVE('',#50390,#17490,#50370,.T.);
#50410=ORIENTED_EDGE('',*,*,#50400,.T.);
#50420=CARTESIAN_POINT('',(1.64,1.99999999999999,-4.825));
#50430=DIRECTION('',(-1.,-8.88178419700128E-16,0.));
#50440=VECTOR('',#50430,1.);
#50450=LINE('',#50420,#50440);
#50460=CARTESIAN_POINT('',(1.64,1.99999999999999,-4.825));
#50470=VERTEX_POINT('',#50460);
#50480=EDGE_CURVE('',#50470,#50390,#50450,.T.);
#50490=ORIENTED_EDGE('',*,*,#50480,.T.);
#50500=CARTESIAN_POINT('',(1.64,1.94999999999999,-4.825));
#50510=DIRECTION('',(0.,0.,1.));
#50520=DIRECTION('',(1.,0.,0.));
#50530=AXIS2_PLACEMENT_3D('',#50500,#50510,#50520);
#50540=CIRCLE('',#50530,0.05);
#50550=CARTESIAN_POINT('',(1.69,1.94999999999999,-4.825));
#50560=VERTEX_POINT('',#50550);
#50570=EDGE_CURVE('',#50560,#50470,#50540,.T.);
#50580=ORIENTED_EDGE('',*,*,#50570,.T.);
#50590=CARTESIAN_POINT('',(1.69,1.86999999999999,-4.825));
#50600=DIRECTION('',(0.,1.,0.));
#50610=VECTOR('',#50600,1.);
#50620=LINE('',#50590,#50610);
#50630=CARTESIAN_POINT('',(1.69,1.86999999999999,-4.825));
#50640=VERTEX_POINT('',#50630);
#50650=EDGE_CURVE('',#50640,#50560,#50620,.T.);
#50660=ORIENTED_EDGE('',*,*,#50650,.T.);
#50670=CARTESIAN_POINT('',(1.51999999999999,1.86999999999999,-4.825));
#50680=DIRECTION('',(1.,1.30614473485302E-15,0.));
#50690=VECTOR('',#50680,1.);
#50700=LINE('',#50670,#50690);
#50710=CARTESIAN_POINT('',(1.51999999999999,1.86999999999999,-4.825));
#50720=VERTEX_POINT('',#50710);
#50730=EDGE_CURVE('',#50720,#50640,#50700,.T.);
#50740=ORIENTED_EDGE('',*,*,#50730,.T.);
#50750=CARTESIAN_POINT('',(1.52,1.81999999999999,-4.825));
#50760=DIRECTION('',(0.,0.,-1.));
#50770=DIRECTION('',(-0.900478877885063,-0.434899747623356,0.));
#50780=AXIS2_PLACEMENT_3D('',#50750,#50760,#50770);
#50790=CIRCLE('',#50780,0.0500000000000009);
#50800=CARTESIAN_POINT('',(1.47497605610576,1.79825501261879,-4.825));
#50810=VERTEX_POINT('',#50800);
#50820=EDGE_CURVE('',#50810,#50720,#50790,.T.);
#50830=ORIENTED_EDGE('',*,*,#50820,.T.);
#50840=CARTESIAN_POINT('',(1.49502394389422,1.75674498738123,-4.825));
#50850=DIRECTION('',(-0.434899747624546,0.900478877884488,0.));
#50860=VECTOR('',#50850,1.);
#50870=LINE('',#50840,#50860);
#50880=CARTESIAN_POINT('',(1.49502394389422,1.75674498738122,-4.825));
#50890=VERTEX_POINT('',#50880);
#50900=EDGE_CURVE('',#50890,#50810,#50870,.T.);
#50910=ORIENTED_EDGE('',*,*,#50900,.T.);
#50920=CARTESIAN_POINT('',(1.45,1.73499999999999,-4.825));
#50930=DIRECTION('',(0.,0.,1.));
#50940=DIRECTION('',(-3.99680288865058E-14,-1.,0.));
#50950=AXIS2_PLACEMENT_3D('',#50920,#50930,#50940);
#50960=CIRCLE('',#50950,0.0499999999999998);
#50970=CARTESIAN_POINT('',(1.45,1.68499999999999,-4.825));
#50980=VERTEX_POINT('',#50970);
#50990=EDGE_CURVE('',#50980,#50890,#50960,.T.);
#51000=ORIENTED_EDGE('',*,*,#50990,.T.);
#51010=CARTESIAN_POINT('',(1.32,1.68499999999999,-4.825));
#51020=DIRECTION('',(1.,0.,0.));
#51030=VECTOR('',#51020,1.);
#51040=LINE('',#51010,#51030);
#51050=EDGE_CURVE('',#17330,#50980,#51040,.T.);
#51060=ORIENTED_EDGE('',*,*,#51050,.T.);
#51070=ORIENTED_EDGE('',*,*,#17560,.T.);
#51080=EDGE_LOOP('',(#51070,#51060,#51000,#50910,#50830,#50740,#50660,
#50580,#50490,#50410));
#51090=FACE_OUTER_BOUND('',#51080,.T.);
#51100=ADVANCED_FACE('',(#51090),#50330,.F.);
#51110=CARTESIAN_POINT('',(1.39,1.99999999999999,-4.825));
#51120=DIRECTION('',(-0.694135570584234,0.719844295420684,0.));
#51130=DIRECTION('',(-0.719844295420684,-0.694135570584234,0.));
#51140=AXIS2_PLACEMENT_3D('',#51110,#51120,#51130);
#51150=PLANE('',#51140);
#51160=CARTESIAN_POINT('',(1.31999999999999,1.93249999999998,-4.945));
#51170=DIRECTION('',(0.719844295420682,0.694135570584235,0.));
#51180=VECTOR('',#51170,1.);
#51190=LINE('',#51160,#51180);
#51200=CARTESIAN_POINT('',(1.39,1.99999999999999,-4.945));
#51210=VERTEX_POINT('',#51200);
#51220=EDGE_CURVE('',#17410,#51210,#51190,.T.);
#51230=ORIENTED_EDGE('',*,*,#51220,.F.);
#51240=CARTESIAN_POINT('',(1.39,1.99999999999999,-4.825));
#51250=DIRECTION('',(0.,0.,-1.));
#51260=VECTOR('',#51250,1.);
#51270=LINE('',#51240,#51260);
#51280=EDGE_CURVE('',#50390,#51210,#51270,.T.);
#51290=ORIENTED_EDGE('',*,*,#51280,.T.);
#51300=ORIENTED_EDGE('',*,*,#50400,.F.);
#51310=ORIENTED_EDGE('',*,*,#17500,.F.);
#51320=EDGE_LOOP('',(#51310,#51300,#51290,#51230));
#51330=FACE_OUTER_BOUND('',#51320,.T.);
#51340=ADVANCED_FACE('',(#51330),#51150,.T.);
#51350=CARTESIAN_POINT('',(-2.96101731916344,3.3223480408227,-4.945));
#51360=DIRECTION('',(0.,0.,-1.));
#51370=DIRECTION('',(1.,1.22460635382238E-16,0.));
#51380=AXIS2_PLACEMENT_3D('',#51350,#51360,#51370);
#51390=PLANE('',#51380);
#51400=CARTESIAN_POINT('',(1.32,1.68499999999999,-4.945));
#51410=DIRECTION('',(1.,0.,0.));
#51420=VECTOR('',#51410,1.);
#51430=LINE('',#51400,#51420);
#51440=CARTESIAN_POINT('',(1.45,1.68499999999999,-4.945));
#51450=VERTEX_POINT('',#51440);
#51460=EDGE_CURVE('',#17310,#51450,#51430,.T.);
#51470=ORIENTED_EDGE('',*,*,#51460,.F.);
#51480=CARTESIAN_POINT('',(1.45,1.73499999999999,-4.945));
#51490=DIRECTION('',(0.,0.,-1.));
#51500=DIRECTION('',(0.900478877884548,0.434899747624421,0.));
#51510=AXIS2_PLACEMENT_3D('',#51480,#51490,#51500);
#51520=CIRCLE('',#51510,0.0499999999999998);
#51530=CARTESIAN_POINT('',(1.49502394389423,1.75674498738121,-4.945));
#51540=VERTEX_POINT('',#51530);
#51550=EDGE_CURVE('',#51540,#51450,#51520,.T.);
#51560=ORIENTED_EDGE('',*,*,#51550,.T.);
#51570=CARTESIAN_POINT('',(1.47497605610577,1.79825501261876,-4.945));
#51580=DIRECTION('',(0.43489974762454,-0.900478877884491,0.));
#51590=VECTOR('',#51580,1.);
#51600=LINE('',#51570,#51590);
#51610=CARTESIAN_POINT('',(1.47497605610578,1.79825501261876,-4.945));
#51620=VERTEX_POINT('',#51610);
#51630=EDGE_CURVE('',#51620,#51540,#51600,.T.);
#51640=ORIENTED_EDGE('',*,*,#51630,.T.);
#51650=CARTESIAN_POINT('',(1.52,1.81999999999999,-4.945));
#51660=DIRECTION('',(0.,0.,1.));
#51670=DIRECTION('',(-3.55271367880043E-13,1.,0.));
#51680=AXIS2_PLACEMENT_3D('',#51650,#51660,#51670);
#51690=CIRCLE('',#51680,0.0500000000000009);
#51700=CARTESIAN_POINT('',(1.51999999999999,1.86999999999999,-4.945));
#51710=VERTEX_POINT('',#51700);
#51720=EDGE_CURVE('',#51710,#51620,#51690,.T.);
#51730=ORIENTED_EDGE('',*,*,#51720,.T.);
#51740=CARTESIAN_POINT('',(1.52,1.86999999999999,-4.945));
#51750=DIRECTION('',(1.,-6.53072367426563E-15,0.));
#51760=VECTOR('',#51750,1.);
#51770=LINE('',#51740,#51760);
#51780=CARTESIAN_POINT('',(1.69,1.86999999999999,-4.945));
#51790=VERTEX_POINT('',#51780);
#51800=EDGE_CURVE('',#51710,#51790,#51770,.T.);
#51810=ORIENTED_EDGE('',*,*,#51800,.F.);
#51820=CARTESIAN_POINT('',(1.69,1.86999999999999,-4.945));
#51830=DIRECTION('',(0.,1.,0.));
#51840=VECTOR('',#51830,1.);
#51850=LINE('',#51820,#51840);
#51860=CARTESIAN_POINT('',(1.69,1.94999999999999,-4.945));
#51870=VERTEX_POINT('',#51860);
#51880=EDGE_CURVE('',#51790,#51870,#51850,.T.);
#51890=ORIENTED_EDGE('',*,*,#51880,.F.);
#51900=CARTESIAN_POINT('',(1.64,1.94999999999999,-4.945));
#51910=DIRECTION('',(0.,0.,-1.));
#51920=DIRECTION('',(-4.88498130835068E-14,1.,0.));
#51930=AXIS2_PLACEMENT_3D('',#51900,#51910,#51920);
#51940=CIRCLE('',#51930,0.05);
#51950=CARTESIAN_POINT('',(1.64,1.99999999999999,-4.945));
#51960=VERTEX_POINT('',#51950);
#51970=EDGE_CURVE('',#51960,#51870,#51940,.T.);
#51980=ORIENTED_EDGE('',*,*,#51970,.T.);
#51990=CARTESIAN_POINT('',(1.64,1.99999999999999,-4.945));
#52000=DIRECTION('',(-1.,0.,0.));
#52010=VECTOR('',#52000,1.);
#52020=LINE('',#51990,#52010);
#52030=EDGE_CURVE('',#51960,#51210,#52020,.T.);
#52040=ORIENTED_EDGE('',*,*,#52030,.F.);
#52050=ORIENTED_EDGE('',*,*,#51220,.T.);
#52060=ORIENTED_EDGE('',*,*,#17420,.F.);
#52070=EDGE_LOOP('',(#52060,#52050,#52040,#51980,#51890,#51810,#51730,
#51640,#51560,#51470));
#52080=FACE_OUTER_BOUND('',#52070,.T.);
#52090=ADVANCED_FACE('',(#52080),#51390,.T.);
#52100=CARTESIAN_POINT('',(1.32,1.68499999999999,-4.825));
#52110=DIRECTION('',(1.22460635382238E-16,-1.,0.));
#52120=DIRECTION('',(1.,1.22460635382238E-16,0.));
#52130=AXIS2_PLACEMENT_3D('',#52100,#52110,#52120);
#52140=PLANE('',#52130);
#52150=CARTESIAN_POINT('',(1.45,1.68499999999999,-4.825));
#52160=DIRECTION('',(0.,0.,-1.));
#52170=VECTOR('',#52160,1.);
#52180=LINE('',#52150,#52170);
#52190=EDGE_CURVE('',#50980,#51450,#52180,.T.);
#52200=ORIENTED_EDGE('',*,*,#52190,.F.);
#52210=ORIENTED_EDGE('',*,*,#51460,.T.);
#52220=ORIENTED_EDGE('',*,*,#17340,.F.);
#52230=ORIENTED_EDGE('',*,*,#51050,.F.);
#52240=EDGE_LOOP('',(#52230,#52220,#52210,#52200));
#52250=FACE_OUTER_BOUND('',#52240,.T.);
#52260=ADVANCED_FACE('',(#52250),#52140,.T.);
#52270=CARTESIAN_POINT('',(1.45,1.73499999999999,-4.825));
#52280=DIRECTION('',(0.,0.,-1.));
#52290=DIRECTION('',(1.,1.22460635382238E-16,0.));
#52300=AXIS2_PLACEMENT_3D('',#52270,#52280,#52290);
#52310=CYLINDRICAL_SURFACE('',#52300,0.0499999999999998);
#52320=CARTESIAN_POINT('',(1.49502394389423,1.75674498738121,-4.945));
#52330=DIRECTION('',(0.,0.,1.));
#52340=VECTOR('',#52330,1.);
#52350=LINE('',#52320,#52340);
#52360=EDGE_CURVE('',#51540,#50890,#52350,.T.);
#52370=ORIENTED_EDGE('',*,*,#52360,.T.);
#52380=ORIENTED_EDGE('',*,*,#51550,.F.);
#52390=ORIENTED_EDGE('',*,*,#52190,.T.);
#52400=ORIENTED_EDGE('',*,*,#50990,.F.);
#52410=EDGE_LOOP('',(#52400,#52390,#52380,#52370));
#52420=FACE_OUTER_BOUND('',#52410,.T.);
#52430=ADVANCED_FACE('',(#52420),#52310,.T.);
#52440=CARTESIAN_POINT('',(1.49502394389423,1.75674498738121,-4.825));
#52450=DIRECTION('',(0.900478877884487,0.434899747624548,-0.));
#52460=DIRECTION('',(-0.434899747624548,0.900478877884487,0.));
#52470=AXIS2_PLACEMENT_3D('',#52440,#52450,#52460);
#52480=PLANE('',#52470);
#52490=CARTESIAN_POINT('',(1.47497605610578,1.79825501261876,-4.825));
#52500=DIRECTION('',(0.,0.,-1.));
#52510=VECTOR('',#52500,1.);
#52520=LINE('',#52490,#52510);
#52530=EDGE_CURVE('',#50810,#51620,#52520,.T.);
#52540=ORIENTED_EDGE('',*,*,#52530,.F.);
#52550=ORIENTED_EDGE('',*,*,#51630,.F.);
#52560=ORIENTED_EDGE('',*,*,#52360,.F.);
#52570=ORIENTED_EDGE('',*,*,#50900,.F.);
#52580=EDGE_LOOP('',(#52570,#52560,#52550,#52540));
#52590=FACE_OUTER_BOUND('',#52580,.T.);
#52600=ADVANCED_FACE('',(#52590),#52480,.T.);
#52610=CARTESIAN_POINT('',(1.52,1.81999999999999,-4.825));
#52620=DIRECTION('',(0.,0.,-1.));
#52630=DIRECTION('',(1.,1.22460635382238E-16,0.));
#52640=AXIS2_PLACEMENT_3D('',#52610,#52620,#52630);
#52650=CYLINDRICAL_SURFACE('',#52640,0.0500000000000009);
#52660=CARTESIAN_POINT('',(1.52,1.86999999999999,-4.945));
#52670=DIRECTION('',(0.,0.,1.));
#52680=VECTOR('',#52670,1.);
#52690=LINE('',#52660,#52680);
#52700=EDGE_CURVE('',#51710,#50720,#52690,.T.);
#52710=ORIENTED_EDGE('',*,*,#52700,.T.);
#52720=ORIENTED_EDGE('',*,*,#51720,.F.);
#52730=ORIENTED_EDGE('',*,*,#52530,.T.);
#52740=ORIENTED_EDGE('',*,*,#50820,.F.);
#52750=EDGE_LOOP('',(#52740,#52730,#52720,#52710));
#52760=FACE_OUTER_BOUND('',#52750,.T.);
#52770=ADVANCED_FACE('',(#52760),#52650,.F.);
#52780=CARTESIAN_POINT('',(1.52,1.86999999999999,-4.825));
#52790=DIRECTION('',(-6.40826303888332E-15,-1.,0.));
#52800=DIRECTION('',(1.,-6.40826303888332E-15,0.));
#52810=AXIS2_PLACEMENT_3D('',#52780,#52790,#52800);
#52820=PLANE('',#52810);
#52830=CARTESIAN_POINT('',(1.69,1.86999999999999,-4.825));
#52840=DIRECTION('',(0.,0.,-1.));
#52850=VECTOR('',#52840,1.);
#52860=LINE('',#52830,#52850);
#52870=EDGE_CURVE('',#50640,#51790,#52860,.T.);
#52880=ORIENTED_EDGE('',*,*,#52870,.F.);
#52890=ORIENTED_EDGE('',*,*,#51800,.T.);
#52900=ORIENTED_EDGE('',*,*,#52700,.F.);
#52910=ORIENTED_EDGE('',*,*,#50730,.F.);
#52920=EDGE_LOOP('',(#52910,#52900,#52890,#52880));
#52930=FACE_OUTER_BOUND('',#52920,.T.);
#52940=ADVANCED_FACE('',(#52930),#52820,.T.);
#52950=CARTESIAN_POINT('',(1.69,1.86999999999999,-4.825));
#52960=DIRECTION('',(1.,1.22460635382238E-16,-0.));
#52970=DIRECTION('',(-1.22460635382238E-16,1.,0.));
#52980=AXIS2_PLACEMENT_3D('',#52950,#52960,#52970);
#52990=PLANE('',#52980);
#53000=CARTESIAN_POINT('',(1.69,1.94999999999999,-4.825));
#53010=DIRECTION('',(0.,0.,-1.));
#53020=VECTOR('',#53010,1.);
#53030=LINE('',#53000,#53020);
#53040=EDGE_CURVE('',#50560,#51870,#53030,.T.);
#53050=ORIENTED_EDGE('',*,*,#53040,.F.);
#53060=ORIENTED_EDGE('',*,*,#51880,.T.);
#53070=ORIENTED_EDGE('',*,*,#52870,.T.);
#53080=ORIENTED_EDGE('',*,*,#50650,.F.);
#53090=EDGE_LOOP('',(#53080,#53070,#53060,#53050));
#53100=FACE_OUTER_BOUND('',#53090,.T.);
#53110=ADVANCED_FACE('',(#53100),#52990,.T.);
#53120=CARTESIAN_POINT('',(1.64,1.94999999999999,-4.825));
#53130=DIRECTION('',(0.,0.,-1.));
#53140=DIRECTION('',(1.,1.22460635382238E-16,0.));
#53150=AXIS2_PLACEMENT_3D('',#53120,#53130,#53140);
#53160=CYLINDRICAL_SURFACE('',#53150,0.05);
#53170=CARTESIAN_POINT('',(1.64,1.99999999999999,-4.945));
#53180=DIRECTION('',(0.,0.,1.));
#53190=VECTOR('',#53180,1.);
#53200=LINE('',#53170,#53190);
#53210=EDGE_CURVE('',#51960,#50470,#53200,.T.);
#53220=ORIENTED_EDGE('',*,*,#53210,.T.);
#53230=ORIENTED_EDGE('',*,*,#51970,.F.);
#53240=ORIENTED_EDGE('',*,*,#53040,.T.);
#53250=ORIENTED_EDGE('',*,*,#50570,.F.);
#53260=EDGE_LOOP('',(#53250,#53240,#53230,#53220));
#53270=FACE_OUTER_BOUND('',#53260,.T.);
#53280=ADVANCED_FACE('',(#53270),#53160,.T.);
#53290=CARTESIAN_POINT('',(1.64,1.99999999999999,-4.825));
#53300=DIRECTION('',(-1.22460635382238E-16,1.,0.));
#53310=DIRECTION('',(-1.,-1.22460635382238E-16,0.));
#53320=AXIS2_PLACEMENT_3D('',#53290,#53300,#53310);
#53330=PLANE('',#53320);
#53340=ORIENTED_EDGE('',*,*,#51280,.F.);
#53350=ORIENTED_EDGE('',*,*,#52030,.T.);
#53360=ORIENTED_EDGE('',*,*,#53210,.F.);
#53370=ORIENTED_EDGE('',*,*,#50480,.F.);
#53380=EDGE_LOOP('',(#53370,#53360,#53350,#53340));
#53390=FACE_OUTER_BOUND('',#53380,.T.);
#53400=ADVANCED_FACE('',(#53390),#53330,.T.);
#53410=CARTESIAN_POINT('',(-2.96101731916344,3.3223480408227,-4.545));
#53420=DIRECTION('',(0.,0.,-1.));
#53430=DIRECTION('',(1.,1.22460635382238E-16,0.));
#53440=AXIS2_PLACEMENT_3D('',#53410,#53420,#53430);
#53450=PLANE('',#53440);
#53460=CARTESIAN_POINT('',(1.32,1.68499999999999,-4.545));
#53470=DIRECTION('',(1.,0.,0.));
#53480=VECTOR('',#53470,1.);
#53490=LINE('',#53460,#53480);
#53500=CARTESIAN_POINT('',(1.45,1.68499999999999,-4.545));
#53510=VERTEX_POINT('',#53500);
#53520=EDGE_CURVE('',#17830,#53510,#53490,.T.);
#53530=ORIENTED_EDGE('',*,*,#53520,.F.);
#53540=CARTESIAN_POINT('',(1.45,1.73499999999999,-4.545));
#53550=DIRECTION('',(0.,0.,-1.));
#53560=DIRECTION('',(0.900478877884514,0.434899747624493,0.));
#53570=AXIS2_PLACEMENT_3D('',#53540,#53550,#53560);
#53580=CIRCLE('',#53570,0.0499999999999998);
#53590=CARTESIAN_POINT('',(1.49502394389423,1.75674498738121,-4.545));
#53600=VERTEX_POINT('',#53590);
#53610=EDGE_CURVE('',#53600,#53510,#53580,.T.);
#53620=ORIENTED_EDGE('',*,*,#53610,.T.);
#53630=CARTESIAN_POINT('',(1.47497605610577,1.79825501261876,-4.545));
#53640=DIRECTION('',(0.434899747624539,-0.900478877884491,0.));
#53650=VECTOR('',#53640,1.);
#53660=LINE('',#53630,#53650);
#53670=CARTESIAN_POINT('',(1.47497605610578,1.79825501261876,-4.545));
#53680=VERTEX_POINT('',#53670);
#53690=EDGE_CURVE('',#53680,#53600,#53660,.T.);
#53700=ORIENTED_EDGE('',*,*,#53690,.T.);
#53710=CARTESIAN_POINT('',(1.52,1.81999999999999,-4.545));
#53720=DIRECTION('',(0.,0.,1.));
#53730=DIRECTION('',(-3.55271367880043E-13,1.,0.));
#53740=AXIS2_PLACEMENT_3D('',#53710,#53720,#53730);
#53750=CIRCLE('',#53740,0.0500000000000009);
#53760=CARTESIAN_POINT('',(1.51999999999999,1.86999999999999,-4.545));
#53770=VERTEX_POINT('',#53760);
#53780=EDGE_CURVE('',#53770,#53680,#53750,.T.);
#53790=ORIENTED_EDGE('',*,*,#53780,.T.);
#53800=CARTESIAN_POINT('',(1.52,1.86999999999999,-4.545));
#53810=DIRECTION('',(1.,-6.53072367426563E-15,0.));
#53820=VECTOR('',#53810,1.);
#53830=LINE('',#53800,#53820);
#53840=CARTESIAN_POINT('',(1.69,1.86999999999999,-4.545));
#53850=VERTEX_POINT('',#53840);
#53860=EDGE_CURVE('',#53770,#53850,#53830,.T.);
#53870=ORIENTED_EDGE('',*,*,#53860,.F.);
#53880=CARTESIAN_POINT('',(1.69,1.86999999999999,-4.545));
#53890=DIRECTION('',(0.,1.,0.));
#53900=VECTOR('',#53890,1.);
#53910=LINE('',#53880,#53900);
#53920=CARTESIAN_POINT('',(1.69,1.94999999999999,-4.545));
#53930=VERTEX_POINT('',#53920);
#53940=EDGE_CURVE('',#53850,#53930,#53910,.T.);
#53950=ORIENTED_EDGE('',*,*,#53940,.F.);
#53960=CARTESIAN_POINT('',(1.64,1.94999999999999,-4.545));
#53970=DIRECTION('',(0.,0.,-1.));
#53980=DIRECTION('',(-4.88498130835068E-14,1.,0.));
#53990=AXIS2_PLACEMENT_3D('',#53960,#53970,#53980);
#54000=CIRCLE('',#53990,0.05);
#54010=CARTESIAN_POINT('',(1.64,1.99999999999999,-4.545));
#54020=VERTEX_POINT('',#54010);
#54030=EDGE_CURVE('',#54020,#53930,#54000,.T.);
#54040=ORIENTED_EDGE('',*,*,#54030,.T.);
#54050=CARTESIAN_POINT('',(1.64,1.99999999999999,-4.545));
#54060=DIRECTION('',(-1.,0.,0.));
#54070=VECTOR('',#54060,1.);
#54080=LINE('',#54050,#54070);
#54090=CARTESIAN_POINT('',(1.39,1.99999999999999,-4.545));
#54100=VERTEX_POINT('',#54090);
#54110=EDGE_CURVE('',#54020,#54100,#54080,.T.);
#54120=ORIENTED_EDGE('',*,*,#54110,.F.);
#54130=CARTESIAN_POINT('',(1.31999999999999,1.93249999999998,-4.545));
#54140=DIRECTION('',(0.719844295420682,0.694135570584235,0.));
#54150=VECTOR('',#54140,1.);
#54160=LINE('',#54130,#54150);
#54170=EDGE_CURVE('',#17670,#54100,#54160,.T.);
#54180=ORIENTED_EDGE('',*,*,#54170,.T.);
#54190=ORIENTED_EDGE('',*,*,#17900,.F.);
#54200=EDGE_LOOP('',(#54190,#54180,#54120,#54040,#53950,#53870,#53790,
#53700,#53620,#53530));
#54210=FACE_OUTER_BOUND('',#54200,.T.);
#54220=ADVANCED_FACE('',(#54210),#53450,.T.);
#54230=CARTESIAN_POINT('',(1.32,1.68499999999999,-4.425));
#54240=DIRECTION('',(1.22460635382238E-16,-1.,0.));
#54250=DIRECTION('',(1.,1.22460635382238E-16,0.));
#54260=AXIS2_PLACEMENT_3D('',#54230,#54240,#54250);
#54270=PLANE('',#54260);
#54280=CARTESIAN_POINT('',(1.45,1.68499999999999,-4.425));
#54290=DIRECTION('',(0.,0.,-1.));
#54300=VECTOR('',#54290,1.);
#54310=LINE('',#54280,#54300);
#54320=CARTESIAN_POINT('',(1.45,1.68499999999999,-4.425));
#54330=VERTEX_POINT('',#54320);
#54340=EDGE_CURVE('',#54330,#53510,#54310,.T.);
#54350=ORIENTED_EDGE('',*,*,#54340,.F.);
#54360=ORIENTED_EDGE('',*,*,#53520,.T.);
#54370=ORIENTED_EDGE('',*,*,#17840,.F.);
#54380=CARTESIAN_POINT('',(1.32,1.68499999999999,-4.425));
#54390=DIRECTION('',(1.,0.,0.));
#54400=VECTOR('',#54390,1.);
#54410=LINE('',#54380,#54400);
#54420=EDGE_CURVE('',#17750,#54330,#54410,.T.);
#54430=ORIENTED_EDGE('',*,*,#54420,.F.);
#54440=EDGE_LOOP('',(#54430,#54370,#54360,#54350));
#54450=FACE_OUTER_BOUND('',#54440,.T.);
#54460=ADVANCED_FACE('',(#54450),#54270,.T.);
#54470=CARTESIAN_POINT('',(-2.96101731916344,3.3223480408227,-4.425));
#54480=DIRECTION('',(0.,0.,-1.));
#54490=DIRECTION('',(1.,1.22460635382238E-16,0.));
#54500=AXIS2_PLACEMENT_3D('',#54470,#54480,#54490);
#54510=PLANE('',#54500);
#54520=CARTESIAN_POINT('',(1.39,1.99999999999999,-4.425));
#54530=DIRECTION('',(-0.719844295420681,-0.694135570584236,0.));
#54540=VECTOR('',#54530,1.);
#54550=LINE('',#54520,#54540);
#54560=CARTESIAN_POINT('',(1.39,1.99999999999999,-4.425));
#54570=VERTEX_POINT('',#54560);
#54580=EDGE_CURVE('',#54570,#17650,#54550,.T.);
#54590=ORIENTED_EDGE('',*,*,#54580,.T.);
#54600=CARTESIAN_POINT('',(1.64,1.99999999999999,-4.425));
#54610=DIRECTION('',(-1.,-8.88178419700128E-16,0.));
#54620=VECTOR('',#54610,1.);
#54630=LINE('',#54600,#54620);
#54640=CARTESIAN_POINT('',(1.64,1.99999999999999,-4.425));
#54650=VERTEX_POINT('',#54640);
#54660=EDGE_CURVE('',#54650,#54570,#54630,.T.);
#54670=ORIENTED_EDGE('',*,*,#54660,.T.);
#54680=CARTESIAN_POINT('',(1.64,1.94999999999999,-4.425));
#54690=DIRECTION('',(0.,0.,1.));
#54700=DIRECTION('',(1.,0.,0.));
#54710=AXIS2_PLACEMENT_3D('',#54680,#54690,#54700);
#54720=CIRCLE('',#54710,0.05);
#54730=CARTESIAN_POINT('',(1.69,1.94999999999999,-4.425));
#54740=VERTEX_POINT('',#54730);
#54750=EDGE_CURVE('',#54740,#54650,#54720,.T.);
#54760=ORIENTED_EDGE('',*,*,#54750,.T.);
#54770=CARTESIAN_POINT('',(1.69,1.86999999999999,-4.425));
#54780=DIRECTION('',(0.,1.,0.));
#54790=VECTOR('',#54780,1.);
#54800=LINE('',#54770,#54790);
#54810=CARTESIAN_POINT('',(1.69,1.86999999999999,-4.425));
#54820=VERTEX_POINT('',#54810);
#54830=EDGE_CURVE('',#54820,#54740,#54800,.T.);
#54840=ORIENTED_EDGE('',*,*,#54830,.T.);
#54850=CARTESIAN_POINT('',(1.51999999999999,1.86999999999999,-4.425));
#54860=DIRECTION('',(1.,1.30614473485302E-15,0.));
#54870=VECTOR('',#54860,1.);
#54880=LINE('',#54850,#54870);
#54890=CARTESIAN_POINT('',(1.51999999999999,1.86999999999999,-4.425));
#54900=VERTEX_POINT('',#54890);
#54910=EDGE_CURVE('',#54900,#54820,#54880,.T.);
#54920=ORIENTED_EDGE('',*,*,#54910,.T.);
#54930=CARTESIAN_POINT('',(1.52,1.81999999999999,-4.425));
#54940=DIRECTION('',(0.,0.,-1.));
#54950=DIRECTION('',(-0.900478877885063,-0.434899747623356,0.));
#54960=AXIS2_PLACEMENT_3D('',#54930,#54940,#54950);
#54970=CIRCLE('',#54960,0.0500000000000009);
#54980=CARTESIAN_POINT('',(1.47497605610576,1.79825501261879,-4.425));
#54990=VERTEX_POINT('',#54980);
#55000=EDGE_CURVE('',#54990,#54900,#54970,.T.);
#55010=ORIENTED_EDGE('',*,*,#55000,.T.);
#55020=CARTESIAN_POINT('',(1.49502394389422,1.75674498738124,-4.425));
#55030=DIRECTION('',(-0.434899747624538,0.900478877884491,0.));
#55040=VECTOR('',#55030,1.);
#55050=LINE('',#55020,#55040);
#55060=CARTESIAN_POINT('',(1.49502394389422,1.75674498738122,-4.425));
#55070=VERTEX_POINT('',#55060);
#55080=EDGE_CURVE('',#55070,#54990,#55050,.T.);
#55090=ORIENTED_EDGE('',*,*,#55080,.T.);
#55100=CARTESIAN_POINT('',(1.45,1.73499999999999,-4.425));
#55110=DIRECTION('',(0.,0.,1.));
#55120=DIRECTION('',(-3.99680288865058E-14,-1.,0.));
#55130=AXIS2_PLACEMENT_3D('',#55100,#55110,#55120);
#55140=CIRCLE('',#55130,0.0499999999999998);
#55150=EDGE_CURVE('',#54330,#55070,#55140,.T.);
#55160=ORIENTED_EDGE('',*,*,#55150,.T.);
#55170=ORIENTED_EDGE('',*,*,#54420,.T.);
#55180=ORIENTED_EDGE('',*,*,#17760,.T.);
#55190=EDGE_LOOP('',(#55180,#55170,#55160,#55090,#55010,#54920,#54840,
#54760,#54670,#54590));
#55200=FACE_OUTER_BOUND('',#55190,.T.);
#55210=ADVANCED_FACE('',(#55200),#54510,.F.);
#55220=CARTESIAN_POINT('',(1.39,1.99999999999999,-4.425));
#55230=DIRECTION('',(-0.694135570584234,0.719844295420684,0.));
#55240=DIRECTION('',(-0.719844295420684,-0.694135570584234,0.));
#55250=AXIS2_PLACEMENT_3D('',#55220,#55230,#55240);
#55260=PLANE('',#55250);
#55270=ORIENTED_EDGE('',*,*,#54170,.F.);
#55280=CARTESIAN_POINT('',(1.39,1.99999999999999,-4.425));
#55290=DIRECTION('',(0.,0.,-1.));
#55300=VECTOR('',#55290,1.);
#55310=LINE('',#55280,#55300);
#55320=EDGE_CURVE('',#54570,#54100,#55310,.T.);
#55330=ORIENTED_EDGE('',*,*,#55320,.T.);
#55340=ORIENTED_EDGE('',*,*,#54580,.F.);
#55350=ORIENTED_EDGE('',*,*,#17680,.F.);
#55360=EDGE_LOOP('',(#55350,#55340,#55330,#55270));
#55370=FACE_OUTER_BOUND('',#55360,.T.);
#55380=ADVANCED_FACE('',(#55370),#55260,.T.);
#55390=CARTESIAN_POINT('',(1.64,1.99999999999999,-4.425));
#55400=DIRECTION('',(-1.22460635382238E-16,1.,0.));
#55410=DIRECTION('',(-1.,-1.22460635382238E-16,0.));
#55420=AXIS2_PLACEMENT_3D('',#55390,#55400,#55410);
#55430=PLANE('',#55420);
#55440=ORIENTED_EDGE('',*,*,#55320,.F.);
#55450=ORIENTED_EDGE('',*,*,#54110,.T.);
#55460=CARTESIAN_POINT('',(1.64,1.99999999999999,-4.545));
#55470=DIRECTION('',(0.,0.,1.));
#55480=VECTOR('',#55470,1.);
#55490=LINE('',#55460,#55480);
#55500=EDGE_CURVE('',#54020,#54650,#55490,.T.);
#55510=ORIENTED_EDGE('',*,*,#55500,.F.);
#55520=ORIENTED_EDGE('',*,*,#54660,.F.);
#55530=EDGE_LOOP('',(#55520,#55510,#55450,#55440));
#55540=FACE_OUTER_BOUND('',#55530,.T.);
#55550=ADVANCED_FACE('',(#55540),#55430,.T.);
#55560=CARTESIAN_POINT('',(1.64,1.94999999999999,-4.425));
#55570=DIRECTION('',(0.,0.,-1.));
#55580=DIRECTION('',(1.,1.22460635382238E-16,0.));
#55590=AXIS2_PLACEMENT_3D('',#55560,#55570,#55580);
#55600=CYLINDRICAL_SURFACE('',#55590,0.05);
#55610=ORIENTED_EDGE('',*,*,#55500,.T.);
#55620=ORIENTED_EDGE('',*,*,#54030,.F.);
#55630=CARTESIAN_POINT('',(1.69,1.94999999999999,-4.425));
#55640=DIRECTION('',(0.,0.,-1.));
#55650=VECTOR('',#55640,1.);
#55660=LINE('',#55630,#55650);
#55670=EDGE_CURVE('',#54740,#53930,#55660,.T.);
#55680=ORIENTED_EDGE('',*,*,#55670,.T.);
#55690=ORIENTED_EDGE('',*,*,#54750,.F.);
#55700=EDGE_LOOP('',(#55690,#55680,#55620,#55610));
#55710=FACE_OUTER_BOUND('',#55700,.T.);
#55720=ADVANCED_FACE('',(#55710),#55600,.T.);
#55730=CARTESIAN_POINT('',(1.69,1.86999999999999,-4.425));
#55740=DIRECTION('',(1.,1.22460635382238E-16,-0.));
#55750=DIRECTION('',(-1.22460635382238E-16,1.,0.));
#55760=AXIS2_PLACEMENT_3D('',#55730,#55740,#55750);
#55770=PLANE('',#55760);
#55780=ORIENTED_EDGE('',*,*,#55670,.F.);
#55790=ORIENTED_EDGE('',*,*,#53940,.T.);
#55800=CARTESIAN_POINT('',(1.69,1.86999999999999,-4.425));
#55810=DIRECTION('',(0.,0.,-1.));
#55820=VECTOR('',#55810,1.);
#55830=LINE('',#55800,#55820);
#55840=EDGE_CURVE('',#54820,#53850,#55830,.T.);
#55850=ORIENTED_EDGE('',*,*,#55840,.T.);
#55860=ORIENTED_EDGE('',*,*,#54830,.F.);
#55870=EDGE_LOOP('',(#55860,#55850,#55790,#55780));
#55880=FACE_OUTER_BOUND('',#55870,.T.);
#55890=ADVANCED_FACE('',(#55880),#55770,.T.);
#55900=CARTESIAN_POINT('',(1.52,1.86999999999999,-4.425));
#55910=DIRECTION('',(-6.40826303888332E-15,-1.,0.));
#55920=DIRECTION('',(1.,-6.40826303888332E-15,0.));
#55930=AXIS2_PLACEMENT_3D('',#55900,#55910,#55920);
#55940=PLANE('',#55930);
#55950=ORIENTED_EDGE('',*,*,#55840,.F.);
#55960=ORIENTED_EDGE('',*,*,#53860,.T.);
#55970=CARTESIAN_POINT('',(1.52,1.86999999999999,-4.545));
#55980=DIRECTION('',(0.,0.,1.));
#55990=VECTOR('',#55980,1.);
#56000=LINE('',#55970,#55990);
#56010=EDGE_CURVE('',#53770,#54900,#56000,.T.);
#56020=ORIENTED_EDGE('',*,*,#56010,.F.);
#56030=ORIENTED_EDGE('',*,*,#54910,.F.);
#56040=EDGE_LOOP('',(#56030,#56020,#55960,#55950));
#56050=FACE_OUTER_BOUND('',#56040,.T.);
#56060=ADVANCED_FACE('',(#56050),#55940,.T.);
#56070=CARTESIAN_POINT('',(1.52,1.81999999999999,-4.425));
#56080=DIRECTION('',(0.,0.,-1.));
#56090=DIRECTION('',(1.,1.22460635382238E-16,0.));
#56100=AXIS2_PLACEMENT_3D('',#56070,#56080,#56090);
#56110=CYLINDRICAL_SURFACE('',#56100,0.0500000000000009);
#56120=ORIENTED_EDGE('',*,*,#56010,.T.);
#56130=ORIENTED_EDGE('',*,*,#53780,.F.);
#56140=CARTESIAN_POINT('',(1.47497605610578,1.79825501261876,-4.425));
#56150=DIRECTION('',(0.,0.,-1.));
#56160=VECTOR('',#56150,1.);
#56170=LINE('',#56140,#56160);
#56180=EDGE_CURVE('',#54990,#53680,#56170,.T.);
#56190=ORIENTED_EDGE('',*,*,#56180,.T.);
#56200=ORIENTED_EDGE('',*,*,#55000,.F.);
#56210=EDGE_LOOP('',(#56200,#56190,#56130,#56120));
#56220=FACE_OUTER_BOUND('',#56210,.T.);
#56230=ADVANCED_FACE('',(#56220),#56110,.F.);
#56240=CARTESIAN_POINT('',(1.49502394389423,1.75674498738121,-4.425));
#56250=DIRECTION('',(0.900478877884487,0.434899747624548,-0.));
#56260=DIRECTION('',(-0.434899747624548,0.900478877884487,0.));
#56270=AXIS2_PLACEMENT_3D('',#56240,#56250,#56260);
#56280=PLANE('',#56270);
#56290=ORIENTED_EDGE('',*,*,#56180,.F.);
#56300=ORIENTED_EDGE('',*,*,#53690,.F.);
#56310=CARTESIAN_POINT('',(1.49502394389423,1.75674498738121,-4.545));
#56320=DIRECTION('',(0.,0.,1.));
#56330=VECTOR('',#56320,1.);
#56340=LINE('',#56310,#56330);
#56350=EDGE_CURVE('',#53600,#55070,#56340,.T.);
#56360=ORIENTED_EDGE('',*,*,#56350,.F.);
#56370=ORIENTED_EDGE('',*,*,#55080,.F.);
#56380=EDGE_LOOP('',(#56370,#56360,#56300,#56290));
#56390=FACE_OUTER_BOUND('',#56380,.T.);
#56400=ADVANCED_FACE('',(#56390),#56280,.T.);
#56410=CARTESIAN_POINT('',(1.45,1.73499999999999,-4.425));
#56420=DIRECTION('',(0.,0.,-1.));
#56430=DIRECTION('',(1.,1.22460635382238E-16,0.));
#56440=AXIS2_PLACEMENT_3D('',#56410,#56420,#56430);
#56450=CYLINDRICAL_SURFACE('',#56440,0.0499999999999998);
#56460=ORIENTED_EDGE('',*,*,#56350,.T.);
#56470=ORIENTED_EDGE('',*,*,#53610,.F.);
#56480=ORIENTED_EDGE('',*,*,#54340,.T.);
#56490=ORIENTED_EDGE('',*,*,#55150,.F.);
#56500=EDGE_LOOP('',(#56490,#56480,#56470,#56460));
#56510=FACE_OUTER_BOUND('',#56500,.T.);
#56520=ADVANCED_FACE('',(#56510),#56450,.T.);
#56530=CARTESIAN_POINT('',(-2.96101731916344,3.3223480408227,-4.145));
#56540=DIRECTION('',(0.,0.,-1.));
#56550=DIRECTION('',(1.,1.22460635382238E-16,0.));
#56560=AXIS2_PLACEMENT_3D('',#56530,#56540,#56550);
#56570=PLANE('',#56560);
#56580=CARTESIAN_POINT('',(1.32,1.68499999999999,-4.145));
#56590=DIRECTION('',(1.,0.,0.));
#56600=VECTOR('',#56590,1.);
#56610=LINE('',#56580,#56600);
#56620=CARTESIAN_POINT('',(1.45,1.68499999999999,-4.145));
#56630=VERTEX_POINT('',#56620);
#56640=EDGE_CURVE('',#18170,#56630,#56610,.T.);
#56650=ORIENTED_EDGE('',*,*,#56640,.F.);
#56660=CARTESIAN_POINT('',(1.45,1.73499999999999,-4.145));
#56670=DIRECTION('',(0.,0.,-1.));
#56680=DIRECTION('',(0.900478877884499,0.434899747624523,0.));
#56690=AXIS2_PLACEMENT_3D('',#56660,#56670,#56680);
#56700=CIRCLE('',#56690,0.0499999999999998);
#56710=CARTESIAN_POINT('',(1.49502394389423,1.75674498738121,-4.145));
#56720=VERTEX_POINT('',#56710);
#56730=EDGE_CURVE('',#56720,#56630,#56700,.T.);
#56740=ORIENTED_EDGE('',*,*,#56730,.T.);
#56750=CARTESIAN_POINT('',(1.47497605610577,1.79825501261876,-4.145));
#56760=DIRECTION('',(0.434899747624554,-0.900478877884484,0.));
#56770=VECTOR('',#56760,1.);
#56780=LINE('',#56750,#56770);
#56790=CARTESIAN_POINT('',(1.47497605610578,1.79825501261876,-4.145));
#56800=VERTEX_POINT('',#56790);
#56810=EDGE_CURVE('',#56800,#56720,#56780,.T.);
#56820=ORIENTED_EDGE('',*,*,#56810,.T.);
#56830=CARTESIAN_POINT('',(1.52,1.81999999999999,-4.145));
#56840=DIRECTION('',(0.,0.,1.));
#56850=DIRECTION('',(-3.55271367880043E-13,1.,0.));
#56860=AXIS2_PLACEMENT_3D('',#56830,#56840,#56850);
#56870=CIRCLE('',#56860,0.0500000000000009);
#56880=CARTESIAN_POINT('',(1.51999999999999,1.86999999999999,-4.145));
#56890=VERTEX_POINT('',#56880);
#56900=EDGE_CURVE('',#56890,#56800,#56870,.T.);
#56910=ORIENTED_EDGE('',*,*,#56900,.T.);
#56920=CARTESIAN_POINT('',(1.52,1.86999999999999,-4.145));
#56930=DIRECTION('',(1.,-6.53072367426563E-15,0.));
#56940=VECTOR('',#56930,1.);
#56950=LINE('',#56920,#56940);
#56960=CARTESIAN_POINT('',(1.69,1.86999999999999,-4.145));
#56970=VERTEX_POINT('',#56960);
#56980=EDGE_CURVE('',#56890,#56970,#56950,.T.);
#56990=ORIENTED_EDGE('',*,*,#56980,.F.);
#57000=CARTESIAN_POINT('',(1.69,1.86999999999999,-4.145));
#57010=DIRECTION('',(0.,1.,0.));
#57020=VECTOR('',#57010,1.);
#57030=LINE('',#57000,#57020);
#57040=CARTESIAN_POINT('',(1.69,1.94999999999999,-4.145));
#57050=VERTEX_POINT('',#57040);
#57060=EDGE_CURVE('',#56970,#57050,#57030,.T.);
#57070=ORIENTED_EDGE('',*,*,#57060,.F.);
#57080=CARTESIAN_POINT('',(1.64,1.94999999999999,-4.145));
#57090=DIRECTION('',(0.,0.,-1.));
#57100=DIRECTION('',(-4.88498130835068E-14,1.,0.));
#57110=AXIS2_PLACEMENT_3D('',#57080,#57090,#57100);
#57120=CIRCLE('',#57110,0.05);
#57130=CARTESIAN_POINT('',(1.64,1.99999999999999,-4.145));
#57140=VERTEX_POINT('',#57130);
#57150=EDGE_CURVE('',#57140,#57050,#57120,.T.);
#57160=ORIENTED_EDGE('',*,*,#57150,.T.);
#57170=CARTESIAN_POINT('',(1.64,1.99999999999999,-4.145));
#57180=DIRECTION('',(-1.,0.,0.));
#57190=VECTOR('',#57180,1.);
#57200=LINE('',#57170,#57190);
#57210=CARTESIAN_POINT('',(1.39,1.99999999999999,-4.145));
#57220=VERTEX_POINT('',#57210);
#57230=EDGE_CURVE('',#57140,#57220,#57200,.T.);
#57240=ORIENTED_EDGE('',*,*,#57230,.F.);
#57250=CARTESIAN_POINT('',(1.31999999999999,1.93249999999998,-4.145));
#57260=DIRECTION('',(0.719844295420682,0.694135570584235,0.));
#57270=VECTOR('',#57260,1.);
#57280=LINE('',#57250,#57270);
#57290=EDGE_CURVE('',#18010,#57220,#57280,.T.);
#57300=ORIENTED_EDGE('',*,*,#57290,.T.);
#57310=ORIENTED_EDGE('',*,*,#18240,.F.);
#57320=EDGE_LOOP('',(#57310,#57300,#57240,#57160,#57070,#56990,#56910,
#56820,#56740,#56650));
#57330=FACE_OUTER_BOUND('',#57320,.T.);
#57340=ADVANCED_FACE('',(#57330),#56570,.T.);
#57350=CARTESIAN_POINT('',(1.32,1.68499999999999,-4.025));
#57360=DIRECTION('',(1.22460635382238E-16,-1.,0.));
#57370=DIRECTION('',(1.,1.22460635382238E-16,0.));
#57380=AXIS2_PLACEMENT_3D('',#57350,#57360,#57370);
#57390=PLANE('',#57380);
#57400=CARTESIAN_POINT('',(1.45,1.68499999999999,-4.025));
#57410=DIRECTION('',(0.,0.,-1.));
#57420=VECTOR('',#57410,1.);
#57430=LINE('',#57400,#57420);
#57440=CARTESIAN_POINT('',(1.45,1.68499999999999,-4.025));
#57450=VERTEX_POINT('',#57440);
#57460=EDGE_CURVE('',#57450,#56630,#57430,.T.);
#57470=ORIENTED_EDGE('',*,*,#57460,.F.);
#57480=ORIENTED_EDGE('',*,*,#56640,.T.);
#57490=ORIENTED_EDGE('',*,*,#18180,.F.);
#57500=CARTESIAN_POINT('',(1.32,1.68499999999999,-4.025));
#57510=DIRECTION('',(1.,0.,0.));
#57520=VECTOR('',#57510,1.);
#57530=LINE('',#57500,#57520);
#57540=EDGE_CURVE('',#18090,#57450,#57530,.T.);
#57550=ORIENTED_EDGE('',*,*,#57540,.F.);
#57560=EDGE_LOOP('',(#57550,#57490,#57480,#57470));
#57570=FACE_OUTER_BOUND('',#57560,.T.);
#57580=ADVANCED_FACE('',(#57570),#57390,.T.);
#57590=CARTESIAN_POINT('',(-2.96101731916344,3.3223480408227,-4.025));
#57600=DIRECTION('',(0.,0.,-1.));
#57610=DIRECTION('',(1.,1.22460635382238E-16,0.));
#57620=AXIS2_PLACEMENT_3D('',#57590,#57600,#57610);
#57630=PLANE('',#57620);
#57640=CARTESIAN_POINT('',(1.39,1.99999999999999,-4.025));
#57650=DIRECTION('',(-0.719844295420681,-0.694135570584236,0.));
#57660=VECTOR('',#57650,1.);
#57670=LINE('',#57640,#57660);
#57680=CARTESIAN_POINT('',(1.39,1.99999999999999,-4.025));
#57690=VERTEX_POINT('',#57680);
#57700=EDGE_CURVE('',#57690,#17990,#57670,.T.);
#57710=ORIENTED_EDGE('',*,*,#57700,.T.);
#57720=CARTESIAN_POINT('',(1.64,1.99999999999999,-4.025));
#57730=DIRECTION('',(-1.,-8.88178419700128E-16,0.));
#57740=VECTOR('',#57730,1.);
#57750=LINE('',#57720,#57740);
#57760=CARTESIAN_POINT('',(1.64,1.99999999999999,-4.025));
#57770=VERTEX_POINT('',#57760);
#57780=EDGE_CURVE('',#57770,#57690,#57750,.T.);
#57790=ORIENTED_EDGE('',*,*,#57780,.T.);
#57800=CARTESIAN_POINT('',(1.64,1.94999999999999,-4.025));
#57810=DIRECTION('',(0.,0.,1.));
#57820=DIRECTION('',(1.,0.,0.));
#57830=AXIS2_PLACEMENT_3D('',#57800,#57810,#57820);
#57840=CIRCLE('',#57830,0.05);
#57850=CARTESIAN_POINT('',(1.69,1.94999999999999,-4.025));
#57860=VERTEX_POINT('',#57850);
#57870=EDGE_CURVE('',#57860,#57770,#57840,.T.);
#57880=ORIENTED_EDGE('',*,*,#57870,.T.);
#57890=CARTESIAN_POINT('',(1.69,1.86999999999999,-4.025));
#57900=DIRECTION('',(0.,1.,0.));
#57910=VECTOR('',#57900,1.);
#57920=LINE('',#57890,#57910);
#57930=CARTESIAN_POINT('',(1.69,1.86999999999999,-4.025));
#57940=VERTEX_POINT('',#57930);
#57950=EDGE_CURVE('',#57940,#57860,#57920,.T.);
#57960=ORIENTED_EDGE('',*,*,#57950,.T.);
#57970=CARTESIAN_POINT('',(1.52,1.86999999999999,-4.025));
#57980=DIRECTION('',(1.,1.3061447348531E-15,0.));
#57990=VECTOR('',#57980,1.);
#58000=LINE('',#57970,#57990);
#58010=CARTESIAN_POINT('',(1.52,1.86999999999999,-4.025));
#58020=VERTEX_POINT('',#58010);
#58030=EDGE_CURVE('',#58020,#57940,#58000,.T.);
#58040=ORIENTED_EDGE('',*,*,#58030,.T.);
#58050=CARTESIAN_POINT('',(1.52,1.81999999999999,-4.025));
#58060=DIRECTION('',(0.,0.,-1.));
#58070=DIRECTION('',(-0.90047887788497,-0.434899747623547,0.));
#58080=AXIS2_PLACEMENT_3D('',#58050,#58060,#58070);
#58090=CIRCLE('',#58080,0.0500000000000009);
#58100=CARTESIAN_POINT('',(1.47497605610577,1.79825501261879,-4.025));
#58110=VERTEX_POINT('',#58100);
#58120=EDGE_CURVE('',#58110,#58020,#58090,.T.);
#58130=ORIENTED_EDGE('',*,*,#58120,.T.);
#58140=CARTESIAN_POINT('',(1.49502394389422,1.75674498738123,-4.025));
#58150=DIRECTION('',(-0.434899747624551,0.900478877884486,0.));
#58160=VECTOR('',#58150,1.);
#58170=LINE('',#58140,#58160);
#58180=CARTESIAN_POINT('',(1.49502394389422,1.75674498738122,-4.025));
#58190=VERTEX_POINT('',#58180);
#58200=EDGE_CURVE('',#58190,#58110,#58170,.T.);
#58210=ORIENTED_EDGE('',*,*,#58200,.T.);
#58220=CARTESIAN_POINT('',(1.45,1.73499999999999,-4.025));
#58230=DIRECTION('',(0.,0.,1.));
#58240=DIRECTION('',(-3.99680288865058E-14,-1.,0.));
#58250=AXIS2_PLACEMENT_3D('',#58220,#58230,#58240);
#58260=CIRCLE('',#58250,0.0499999999999998);
#58270=EDGE_CURVE('',#57450,#58190,#58260,.T.);
#58280=ORIENTED_EDGE('',*,*,#58270,.T.);
#58290=ORIENTED_EDGE('',*,*,#57540,.T.);
#58300=ORIENTED_EDGE('',*,*,#18100,.T.);
#58310=EDGE_LOOP('',(#58300,#58290,#58280,#58210,#58130,#58040,#57960,
#57880,#57790,#57710));
#58320=FACE_OUTER_BOUND('',#58310,.T.);
#58330=ADVANCED_FACE('',(#58320),#57630,.F.);
#58340=CARTESIAN_POINT('',(1.39,1.99999999999999,-4.025));
#58350=DIRECTION('',(-0.694135570584234,0.719844295420684,0.));
#58360=DIRECTION('',(-0.719844295420684,-0.694135570584234,0.));
#58370=AXIS2_PLACEMENT_3D('',#58340,#58350,#58360);
#58380=PLANE('',#58370);
#58390=ORIENTED_EDGE('',*,*,#57290,.F.);
#58400=CARTESIAN_POINT('',(1.39,1.99999999999999,-4.025));
#58410=DIRECTION('',(0.,0.,-1.));
#58420=VECTOR('',#58410,1.);
#58430=LINE('',#58400,#58420);
#58440=EDGE_CURVE('',#57690,#57220,#58430,.T.);
#58450=ORIENTED_EDGE('',*,*,#58440,.T.);
#58460=ORIENTED_EDGE('',*,*,#57700,.F.);
#58470=ORIENTED_EDGE('',*,*,#18020,.F.);
#58480=EDGE_LOOP('',(#58470,#58460,#58450,#58390));
#58490=FACE_OUTER_BOUND('',#58480,.T.);
#58500=ADVANCED_FACE('',(#58490),#58380,.T.);
#58510=CARTESIAN_POINT('',(1.64,1.99999999999999,-4.025));
#58520=DIRECTION('',(-1.22460635382238E-16,1.,0.));
#58530=DIRECTION('',(-1.,-1.22460635382238E-16,0.));
#58540=AXIS2_PLACEMENT_3D('',#58510,#58520,#58530);
#58550=PLANE('',#58540);
#58560=ORIENTED_EDGE('',*,*,#58440,.F.);
#58570=ORIENTED_EDGE('',*,*,#57230,.T.);
#58580=CARTESIAN_POINT('',(1.64,1.99999999999999,-4.145));
#58590=DIRECTION('',(0.,0.,1.));
#58600=VECTOR('',#58590,1.);
#58610=LINE('',#58580,#58600);
#58620=EDGE_CURVE('',#57140,#57770,#58610,.T.);
#58630=ORIENTED_EDGE('',*,*,#58620,.F.);
#58640=ORIENTED_EDGE('',*,*,#57780,.F.);
#58650=EDGE_LOOP('',(#58640,#58630,#58570,#58560));
#58660=FACE_OUTER_BOUND('',#58650,.T.);
#58670=ADVANCED_FACE('',(#58660),#58550,.T.);
#58680=CARTESIAN_POINT('',(1.64,1.94999999999999,-4.025));
#58690=DIRECTION('',(0.,0.,-1.));
#58700=DIRECTION('',(1.,1.22460635382238E-16,0.));
#58710=AXIS2_PLACEMENT_3D('',#58680,#58690,#58700);
#58720=CYLINDRICAL_SURFACE('',#58710,0.05);
#58730=ORIENTED_EDGE('',*,*,#58620,.T.);
#58740=ORIENTED_EDGE('',*,*,#57150,.F.);
#58750=CARTESIAN_POINT('',(1.69,1.94999999999999,-4.025));
#58760=DIRECTION('',(0.,0.,-1.));
#58770=VECTOR('',#58760,1.);
#58780=LINE('',#58750,#58770);
#58790=EDGE_CURVE('',#57860,#57050,#58780,.T.);
#58800=ORIENTED_EDGE('',*,*,#58790,.T.);
#58810=ORIENTED_EDGE('',*,*,#57870,.F.);
#58820=EDGE_LOOP('',(#58810,#58800,#58740,#58730));
#58830=FACE_OUTER_BOUND('',#58820,.T.);
#58840=ADVANCED_FACE('',(#58830),#58720,.T.);
#58850=CARTESIAN_POINT('',(1.69,1.86999999999999,-4.025));
#58860=DIRECTION('',(1.,1.22460635382238E-16,-0.));
#58870=DIRECTION('',(-1.22460635382238E-16,1.,0.));
#58880=AXIS2_PLACEMENT_3D('',#58850,#58860,#58870);
#58890=PLANE('',#58880);
#58900=ORIENTED_EDGE('',*,*,#58790,.F.);
#58910=ORIENTED_EDGE('',*,*,#57060,.T.);
#58920=CARTESIAN_POINT('',(1.69,1.86999999999999,-4.025));
#58930=DIRECTION('',(0.,0.,-1.));
#58940=VECTOR('',#58930,1.);
#58950=LINE('',#58920,#58940);
#58960=EDGE_CURVE('',#57940,#56970,#58950,.T.);
#58970=ORIENTED_EDGE('',*,*,#58960,.T.);
#58980=ORIENTED_EDGE('',*,*,#57950,.F.);
#58990=EDGE_LOOP('',(#58980,#58970,#58910,#58900));
#59000=FACE_OUTER_BOUND('',#58990,.T.);
#59010=ADVANCED_FACE('',(#59000),#58890,.T.);
#59020=CARTESIAN_POINT('',(1.52,1.86999999999999,-4.025));
#59030=DIRECTION('',(-6.40826303888332E-15,-1.,0.));
#59040=DIRECTION('',(1.,-6.40826303888332E-15,0.));
#59050=AXIS2_PLACEMENT_3D('',#59020,#59030,#59040);
#59060=PLANE('',#59050);
#59070=ORIENTED_EDGE('',*,*,#58960,.F.);
#59080=ORIENTED_EDGE('',*,*,#56980,.T.);
#59090=CARTESIAN_POINT('',(1.52,1.86999999999999,-4.145));
#59100=DIRECTION('',(0.,0.,1.));
#59110=VECTOR('',#59100,1.);
#59120=LINE('',#59090,#59110);
#59130=EDGE_CURVE('',#56890,#58020,#59120,.T.);
#59140=ORIENTED_EDGE('',*,*,#59130,.F.);
#59150=ORIENTED_EDGE('',*,*,#58030,.F.);
#59160=EDGE_LOOP('',(#59150,#59140,#59080,#59070));
#59170=FACE_OUTER_BOUND('',#59160,.T.);
#59180=ADVANCED_FACE('',(#59170),#59060,.T.);
#59190=CARTESIAN_POINT('',(1.52,1.81999999999999,-4.025));
#59200=DIRECTION('',(0.,0.,-1.));
#59210=DIRECTION('',(1.,1.22460635382238E-16,0.));
#59220=AXIS2_PLACEMENT_3D('',#59190,#59200,#59210);
#59230=CYLINDRICAL_SURFACE('',#59220,0.0500000000000009);
#59240=ORIENTED_EDGE('',*,*,#59130,.T.);
#59250=ORIENTED_EDGE('',*,*,#56900,.F.);
#59260=CARTESIAN_POINT('',(1.47497605610578,1.79825501261876,-4.025));
#59270=DIRECTION('',(0.,0.,-1.));
#59280=VECTOR('',#59270,1.);
#59290=LINE('',#59260,#59280);
#59300=EDGE_CURVE('',#58110,#56800,#59290,.T.);
#59310=ORIENTED_EDGE('',*,*,#59300,.T.);
#59320=ORIENTED_EDGE('',*,*,#58120,.F.);
#59330=EDGE_LOOP('',(#59320,#59310,#59250,#59240));
#59340=FACE_OUTER_BOUND('',#59330,.T.);
#59350=ADVANCED_FACE('',(#59340),#59230,.F.);
#59360=CARTESIAN_POINT('',(1.49502394389423,1.75674498738121,-4.025));
#59370=DIRECTION('',(0.900478877884487,0.434899747624548,-0.));
#59380=DIRECTION('',(-0.434899747624548,0.900478877884487,0.));
#59390=AXIS2_PLACEMENT_3D('',#59360,#59370,#59380);
#59400=PLANE('',#59390);
#59410=ORIENTED_EDGE('',*,*,#59300,.F.);
#59420=ORIENTED_EDGE('',*,*,#56810,.F.);
#59430=CARTESIAN_POINT('',(1.49502394389423,1.75674498738121,-4.145));
#59440=DIRECTION('',(0.,0.,1.));
#59450=VECTOR('',#59440,1.);
#59460=LINE('',#59430,#59450);
#59470=EDGE_CURVE('',#56720,#58190,#59460,.T.);
#59480=ORIENTED_EDGE('',*,*,#59470,.F.);
#59490=ORIENTED_EDGE('',*,*,#58200,.F.);
#59500=EDGE_LOOP('',(#59490,#59480,#59420,#59410));
#59510=FACE_OUTER_BOUND('',#59500,.T.);
#59520=ADVANCED_FACE('',(#59510),#59400,.T.);
#59530=CARTESIAN_POINT('',(1.45,1.73499999999999,-4.025));
#59540=DIRECTION('',(0.,0.,-1.));
#59550=DIRECTION('',(1.,1.22460635382238E-16,0.));
#59560=AXIS2_PLACEMENT_3D('',#59530,#59540,#59550);
#59570=CYLINDRICAL_SURFACE('',#59560,0.0499999999999998);
#59580=ORIENTED_EDGE('',*,*,#59470,.T.);
#59590=ORIENTED_EDGE('',*,*,#56730,.F.);
#59600=ORIENTED_EDGE('',*,*,#57460,.T.);
#59610=ORIENTED_EDGE('',*,*,#58270,.F.);
#59620=EDGE_LOOP('',(#59610,#59600,#59590,#59580));
#59630=FACE_OUTER_BOUND('',#59620,.T.);
#59640=ADVANCED_FACE('',(#59630),#59570,.T.);
#59650=CARTESIAN_POINT('',(-2.96101731916344,3.3223480408227,-3.745));
#59660=DIRECTION('',(0.,0.,-1.));
#59670=DIRECTION('',(1.,1.22460635382238E-16,0.));
#59680=AXIS2_PLACEMENT_3D('',#59650,#59660,#59670);
#59690=PLANE('',#59680);
#59700=CARTESIAN_POINT('',(1.32,1.68499999999999,-3.745));
#59710=DIRECTION('',(1.,0.,0.));
#59720=VECTOR('',#59710,1.);
#59730=LINE('',#59700,#59720);
#59740=CARTESIAN_POINT('',(1.45,1.68499999999999,-3.745));
#59750=VERTEX_POINT('',#59740);
#59760=EDGE_CURVE('',#18510,#59750,#59730,.T.);
#59770=ORIENTED_EDGE('',*,*,#59760,.F.);
#59780=CARTESIAN_POINT('',(1.45,1.73499999999999,-3.745));
#59790=DIRECTION('',(0.,0.,-1.));
#59800=DIRECTION('',(0.900478877884861,0.434899747623774,0.));
#59810=AXIS2_PLACEMENT_3D('',#59780,#59790,#59800);
#59820=CIRCLE('',#59810,0.0499999999999998);
#59830=CARTESIAN_POINT('',(1.49502394389424,1.75674498738119,-3.745));
#59840=VERTEX_POINT('',#59830);
#59850=EDGE_CURVE('',#59840,#59750,#59820,.T.);
#59860=ORIENTED_EDGE('',*,*,#59850,.T.);
#59870=CARTESIAN_POINT('',(1.47497605610578,1.79825501261875,-3.745));
#59880=DIRECTION('',(0.434899747624538,-0.900478877884492,0.));
#59890=VECTOR('',#59880,1.);
#59900=LINE('',#59870,#59890);
#59910=CARTESIAN_POINT('',(1.47497605610578,1.79825501261875,-3.745));
#59920=VERTEX_POINT('',#59910);
#59930=EDGE_CURVE('',#59920,#59840,#59900,.T.);
#59940=ORIENTED_EDGE('',*,*,#59930,.T.);
#59950=CARTESIAN_POINT('',(1.52,1.81999999999999,-3.745));
#59960=DIRECTION('',(0.,0.,1.));
#59970=DIRECTION('',(-3.19744231092039E-13,1.,0.));
#59980=AXIS2_PLACEMENT_3D('',#59950,#59960,#59970);
#59990=CIRCLE('',#59980,0.0500000000000009);
#60000=CARTESIAN_POINT('',(1.51999999999999,1.86999999999999,-3.745));
#60010=VERTEX_POINT('',#60000);
#60020=EDGE_CURVE('',#60010,#59920,#59990,.T.);
#60030=ORIENTED_EDGE('',*,*,#60020,.T.);
#60040=CARTESIAN_POINT('',(1.52,1.86999999999999,-3.745));
#60050=DIRECTION('',(1.,-6.53072367426563E-15,0.));
#60060=VECTOR('',#60050,1.);
#60070=LINE('',#60040,#60060);
#60080=CARTESIAN_POINT('',(1.69,1.86999999999999,-3.745));
#60090=VERTEX_POINT('',#60080);
#60100=EDGE_CURVE('',#60010,#60090,#60070,.T.);
#60110=ORIENTED_EDGE('',*,*,#60100,.F.);
#60120=CARTESIAN_POINT('',(1.69,1.86999999999999,-3.745));
#60130=DIRECTION('',(0.,1.,0.));
#60140=VECTOR('',#60130,1.);
#60150=LINE('',#60120,#60140);
#60160=CARTESIAN_POINT('',(1.69,1.94999999999999,-3.745));
#60170=VERTEX_POINT('',#60160);
#60180=EDGE_CURVE('',#60090,#60170,#60150,.T.);
#60190=ORIENTED_EDGE('',*,*,#60180,.F.);
#60200=CARTESIAN_POINT('',(1.64,1.94999999999999,-3.745));
#60210=DIRECTION('',(0.,0.,-1.));
#60220=DIRECTION('',(-6.66133814775093E-14,1.,0.));
#60230=AXIS2_PLACEMENT_3D('',#60200,#60210,#60220);
#60240=CIRCLE('',#60230,0.05);
#60250=CARTESIAN_POINT('',(1.64,1.99999999999999,-3.745));
#60260=VERTEX_POINT('',#60250);
#60270=EDGE_CURVE('',#60260,#60170,#60240,.T.);
#60280=ORIENTED_EDGE('',*,*,#60270,.T.);
#60290=CARTESIAN_POINT('',(1.64,1.99999999999999,-3.745));
#60300=DIRECTION('',(-1.,0.,0.));
#60310=VECTOR('',#60300,1.);
#60320=LINE('',#60290,#60310);
#60330=CARTESIAN_POINT('',(1.39,1.99999999999999,-3.745));
#60340=VERTEX_POINT('',#60330);
#60350=EDGE_CURVE('',#60260,#60340,#60320,.T.);
#60360=ORIENTED_EDGE('',*,*,#60350,.F.);
#60370=CARTESIAN_POINT('',(1.32,1.93249999999999,-3.745));
#60380=DIRECTION('',(0.719844295420686,0.694135570584231,0.));
#60390=VECTOR('',#60380,1.);
#60400=LINE('',#60370,#60390);
#60410=EDGE_CURVE('',#18330,#60340,#60400,.T.);
#60420=ORIENTED_EDGE('',*,*,#60410,.T.);
#60430=ORIENTED_EDGE('',*,*,#18580,.T.);
#60440=EDGE_LOOP('',(#60430,#60420,#60360,#60280,#60190,#60110,#60030,
#59940,#59860,#59770));
#60450=FACE_OUTER_BOUND('',#60440,.T.);
#60460=ADVANCED_FACE('',(#60450),#59690,.T.);
#60470=CARTESIAN_POINT('',(1.32,1.68499999999999,-3.625));
#60480=DIRECTION('',(1.22460635382238E-16,-1.,0.));
#60490=DIRECTION('',(1.,1.22460635382238E-16,0.));
#60500=AXIS2_PLACEMENT_3D('',#60470,#60480,#60490);
#60510=PLANE('',#60500);
#60520=CARTESIAN_POINT('',(1.45,1.68499999999999,-3.625));
#60530=DIRECTION('',(0.,0.,-1.));
#60540=VECTOR('',#60530,1.);
#60550=LINE('',#60520,#60540);
#60560=CARTESIAN_POINT('',(1.45,1.68499999999999,-3.625));
#60570=VERTEX_POINT('',#60560);
#60580=EDGE_CURVE('',#60570,#59750,#60550,.T.);
#60590=ORIENTED_EDGE('',*,*,#60580,.F.);
#60600=ORIENTED_EDGE('',*,*,#59760,.T.);
#60610=ORIENTED_EDGE('',*,*,#18520,.T.);
#60620=CARTESIAN_POINT('',(1.31999999999999,1.68499999999999,-3.625));
#60630=DIRECTION('',(1.,0.,0.));
#60640=VECTOR('',#60630,1.);
#60650=LINE('',#60620,#60640);
#60660=EDGE_CURVE('',#18430,#60570,#60650,.T.);
#60670=ORIENTED_EDGE('',*,*,#60660,.F.);
#60680=EDGE_LOOP('',(#60670,#60610,#60600,#60590));
#60690=FACE_OUTER_BOUND('',#60680,.T.);
#60700=ADVANCED_FACE('',(#60690),#60510,.T.);
#60710=CARTESIAN_POINT('',(-2.96101731916344,3.3223480408227,-3.625));
#60720=DIRECTION('',(0.,0.,-1.));
#60730=DIRECTION('',(1.,1.22460635382238E-16,0.));
#60740=AXIS2_PLACEMENT_3D('',#60710,#60720,#60730);
#60750=PLANE('',#60740);
#60760=CARTESIAN_POINT('',(1.39000000000001,1.99999999999999,-3.625));
#60770=DIRECTION('',(-0.719844295420685,-0.694135570584232,0.));
#60780=VECTOR('',#60770,1.);
#60790=LINE('',#60760,#60780);
#60800=CARTESIAN_POINT('',(1.39,1.99999999999999,-3.625));
#60810=VERTEX_POINT('',#60800);
#60820=EDGE_CURVE('',#60810,#18350,#60790,.T.);
#60830=ORIENTED_EDGE('',*,*,#60820,.T.);
#60840=CARTESIAN_POINT('',(1.64,1.99999999999999,-3.625));
#60850=DIRECTION('',(-1.,-8.88178419700163E-16,0.));
#60860=VECTOR('',#60850,1.);
#60870=LINE('',#60840,#60860);
#60880=CARTESIAN_POINT('',(1.64,1.99999999999999,-3.625));
#60890=VERTEX_POINT('',#60880);
#60900=EDGE_CURVE('',#60890,#60810,#60870,.T.);
#60910=ORIENTED_EDGE('',*,*,#60900,.T.);
#60920=CARTESIAN_POINT('',(1.64,1.94999999999999,-3.625));
#60930=DIRECTION('',(0.,0.,1.));
#60940=DIRECTION('',(1.,0.,0.));
#60950=AXIS2_PLACEMENT_3D('',#60920,#60930,#60940);
#60960=CIRCLE('',#60950,0.05);
#60970=CARTESIAN_POINT('',(1.69,1.94999999999999,-3.625));
#60980=VERTEX_POINT('',#60970);
#60990=EDGE_CURVE('',#60980,#60890,#60960,.T.);
#61000=ORIENTED_EDGE('',*,*,#60990,.T.);
#61010=CARTESIAN_POINT('',(1.69,1.86999999999999,-3.625));
#61020=DIRECTION('',(0.,1.,0.));
#61030=VECTOR('',#61020,1.);
#61040=LINE('',#61010,#61030);
#61050=CARTESIAN_POINT('',(1.69,1.86999999999999,-3.625));
#61060=VERTEX_POINT('',#61050);
#61070=EDGE_CURVE('',#61060,#60980,#61040,.T.);
#61080=ORIENTED_EDGE('',*,*,#61070,.T.);
#61090=CARTESIAN_POINT('',(1.52,1.86999999999999,-3.625));
#61100=DIRECTION('',(1.,1.3061447348531E-15,0.));
#61110=VECTOR('',#61100,1.);
#61120=LINE('',#61090,#61110);
#61130=CARTESIAN_POINT('',(1.52,1.86999999999999,-3.625));
#61140=VERTEX_POINT('',#61130);
#61150=EDGE_CURVE('',#61140,#61060,#61120,.T.);
#61160=ORIENTED_EDGE('',*,*,#61150,.T.);
#61170=CARTESIAN_POINT('',(1.52,1.81999999999999,-3.625));
#61180=DIRECTION('',(0.,0.,-1.));
#61190=DIRECTION('',(-0.900478877883467,-0.434899747626659,0.));
#61200=AXIS2_PLACEMENT_3D('',#61170,#61180,#61190);
#61210=CIRCLE('',#61200,0.0500000000000009);
#61220=CARTESIAN_POINT('',(1.4749760561058,1.79825501261871,-3.625));
#61230=VERTEX_POINT('',#61220);
#61240=EDGE_CURVE('',#61230,#61140,#61210,.T.);
#61250=ORIENTED_EDGE('',*,*,#61240,.T.);
#61260=CARTESIAN_POINT('',(1.49502394389426,1.75674498738112,-3.625));
#61270=DIRECTION('',(-0.434899747624552,0.900478877884485,0.));
#61280=VECTOR('',#61270,1.);
#61290=LINE('',#61260,#61280);
#61300=CARTESIAN_POINT('',(1.49502394389425,1.75674498738117,-3.625));
#61310=VERTEX_POINT('',#61300);
#61320=EDGE_CURVE('',#61310,#61230,#61290,.T.);
#61330=ORIENTED_EDGE('',*,*,#61320,.T.);
#61340=CARTESIAN_POINT('',(1.45,1.73499999999999,-3.625));
#61350=DIRECTION('',(0.,0.,1.));
#61360=DIRECTION('',(-2.22044604925032E-14,-1.,0.));
#61370=AXIS2_PLACEMENT_3D('',#61340,#61350,#61360);
#61380=CIRCLE('',#61370,0.0499999999999998);
#61390=EDGE_CURVE('',#60570,#61310,#61380,.T.);
#61400=ORIENTED_EDGE('',*,*,#61390,.T.);
#61410=ORIENTED_EDGE('',*,*,#60660,.T.);
#61420=ORIENTED_EDGE('',*,*,#18440,.F.);
#61430=EDGE_LOOP('',(#61420,#61410,#61400,#61330,#61250,#61160,#61080,
#61000,#60910,#60830));
#61440=FACE_OUTER_BOUND('',#61430,.T.);
#61450=ADVANCED_FACE('',(#61440),#60750,.F.);
#61460=CARTESIAN_POINT('',(1.39,1.99999999999999,-3.625));
#61470=DIRECTION('',(-0.694135570584234,0.719844295420684,0.));
#61480=DIRECTION('',(-0.719844295420684,-0.694135570584234,0.));
#61490=AXIS2_PLACEMENT_3D('',#61460,#61470,#61480);
#61500=PLANE('',#61490);
#61510=ORIENTED_EDGE('',*,*,#60410,.F.);
#61520=CARTESIAN_POINT('',(1.39,1.99999999999999,-3.745));
#61530=DIRECTION('',(0.,0.,1.));
#61540=VECTOR('',#61530,1.);
#61550=LINE('',#61520,#61540);
#61560=EDGE_CURVE('',#60340,#60810,#61550,.T.);
#61570=ORIENTED_EDGE('',*,*,#61560,.F.);
#61580=ORIENTED_EDGE('',*,*,#60820,.F.);
#61590=ORIENTED_EDGE('',*,*,#18360,.T.);
#61600=EDGE_LOOP('',(#61590,#61580,#61570,#61510));
#61610=FACE_OUTER_BOUND('',#61600,.T.);
#61620=ADVANCED_FACE('',(#61610),#61500,.T.);
#61630=CARTESIAN_POINT('',(1.64,1.99999999999999,-3.625));
#61640=DIRECTION('',(-1.22460635382238E-16,1.,0.));
#61650=DIRECTION('',(-1.,-1.22460635382238E-16,0.));
#61660=AXIS2_PLACEMENT_3D('',#61630,#61640,#61650);
#61670=PLANE('',#61660);
#61680=ORIENTED_EDGE('',*,*,#61560,.T.);
#61690=ORIENTED_EDGE('',*,*,#60350,.T.);
#61700=CARTESIAN_POINT('',(1.64,1.99999999999999,-3.745));
#61710=DIRECTION('',(0.,0.,1.));
#61720=VECTOR('',#61710,1.);
#61730=LINE('',#61700,#61720);
#61740=EDGE_CURVE('',#60260,#60890,#61730,.T.);
#61750=ORIENTED_EDGE('',*,*,#61740,.F.);
#61760=ORIENTED_EDGE('',*,*,#60900,.F.);
#61770=EDGE_LOOP('',(#61760,#61750,#61690,#61680));
#61780=FACE_OUTER_BOUND('',#61770,.T.);
#61790=ADVANCED_FACE('',(#61780),#61670,.T.);
#61800=CARTESIAN_POINT('',(1.64,1.94999999999999,-3.625));
#61810=DIRECTION('',(0.,0.,-1.));
#61820=DIRECTION('',(1.,1.22460635382238E-16,0.));
#61830=AXIS2_PLACEMENT_3D('',#61800,#61810,#61820);
#61840=CYLINDRICAL_SURFACE('',#61830,0.05);
#61850=ORIENTED_EDGE('',*,*,#61740,.T.);
#61860=ORIENTED_EDGE('',*,*,#60270,.F.);
#61870=CARTESIAN_POINT('',(1.69,1.94999999999999,-3.625));
#61880=DIRECTION('',(0.,0.,-1.));
#61890=VECTOR('',#61880,1.);
#61900=LINE('',#61870,#61890);
#61910=EDGE_CURVE('',#60980,#60170,#61900,.T.);
#61920=ORIENTED_EDGE('',*,*,#61910,.T.);
#61930=ORIENTED_EDGE('',*,*,#60990,.F.);
#61940=EDGE_LOOP('',(#61930,#61920,#61860,#61850));
#61950=FACE_OUTER_BOUND('',#61940,.T.);
#61960=ADVANCED_FACE('',(#61950),#61840,.T.);
#61970=CARTESIAN_POINT('',(1.69,1.86999999999999,-3.625));
#61980=DIRECTION('',(1.,1.22460635382238E-16,-0.));
#61990=DIRECTION('',(-1.22460635382238E-16,1.,0.));
#62000=AXIS2_PLACEMENT_3D('',#61970,#61980,#61990);
#62010=PLANE('',#62000);
#62020=ORIENTED_EDGE('',*,*,#61910,.F.);
#62030=ORIENTED_EDGE('',*,*,#60180,.T.);
#62040=CARTESIAN_POINT('',(1.69,1.86999999999999,-3.625));
#62050=DIRECTION('',(0.,0.,-1.));
#62060=VECTOR('',#62050,1.);
#62070=LINE('',#62040,#62060);
#62080=EDGE_CURVE('',#61060,#60090,#62070,.T.);
#62090=ORIENTED_EDGE('',*,*,#62080,.T.);
#62100=ORIENTED_EDGE('',*,*,#61070,.F.);
#62110=EDGE_LOOP('',(#62100,#62090,#62030,#62020));
#62120=FACE_OUTER_BOUND('',#62110,.T.);
#62130=ADVANCED_FACE('',(#62120),#62010,.T.);
#62140=CARTESIAN_POINT('',(1.52,1.86999999999999,-3.625));
#62150=DIRECTION('',(-6.40826303888332E-15,-1.,0.));
#62160=DIRECTION('',(1.,-6.40826303888332E-15,0.));
#62170=AXIS2_PLACEMENT_3D('',#62140,#62150,#62160);
#62180=PLANE('',#62170);
#62190=ORIENTED_EDGE('',*,*,#62080,.F.);
#62200=ORIENTED_EDGE('',*,*,#60100,.T.);
#62210=CARTESIAN_POINT('',(1.52,1.86999999999999,-3.745));
#62220=DIRECTION('',(0.,0.,1.));
#62230=VECTOR('',#62220,1.);
#62240=LINE('',#62210,#62230);
#62250=EDGE_CURVE('',#60010,#61140,#62240,.T.);
#62260=ORIENTED_EDGE('',*,*,#62250,.F.);
#62270=ORIENTED_EDGE('',*,*,#61150,.F.);
#62280=EDGE_LOOP('',(#62270,#62260,#62200,#62190));
#62290=FACE_OUTER_BOUND('',#62280,.T.);
#62300=ADVANCED_FACE('',(#62290),#62180,.T.);
#62310=CARTESIAN_POINT('',(1.52,1.81999999999999,-3.625));
#62320=DIRECTION('',(0.,0.,-1.));
#62330=DIRECTION('',(1.,1.22460635382238E-16,0.));
#62340=AXIS2_PLACEMENT_3D('',#62310,#62320,#62330);
#62350=CYLINDRICAL_SURFACE('',#62340,0.0500000000000009);
#62360=ORIENTED_EDGE('',*,*,#62250,.T.);
#62370=ORIENTED_EDGE('',*,*,#60020,.F.);
#62380=CARTESIAN_POINT('',(1.47497605610578,1.79825501261876,-3.625));
#62390=DIRECTION('',(0.,0.,-1.));
#62400=VECTOR('',#62390,1.);
#62410=LINE('',#62380,#62400);
#62420=EDGE_CURVE('',#61230,#59920,#62410,.T.);
#62430=ORIENTED_EDGE('',*,*,#62420,.T.);
#62440=ORIENTED_EDGE('',*,*,#61240,.F.);
#62450=EDGE_LOOP('',(#62440,#62430,#62370,#62360));
#62460=FACE_OUTER_BOUND('',#62450,.T.);
#62470=ADVANCED_FACE('',(#62460),#62350,.F.);
#62480=CARTESIAN_POINT('',(1.49502394389423,1.75674498738121,-3.625));
#62490=DIRECTION('',(0.900478877884487,0.434899747624548,-0.));
#62500=DIRECTION('',(-0.434899747624548,0.900478877884487,0.));
#62510=AXIS2_PLACEMENT_3D('',#62480,#62490,#62500);
#62520=PLANE('',#62510);
#62530=ORIENTED_EDGE('',*,*,#62420,.F.);
#62540=ORIENTED_EDGE('',*,*,#59930,.F.);
#62550=CARTESIAN_POINT('',(1.49502394389423,1.75674498738121,-3.745));
#62560=DIRECTION('',(0.,0.,1.));
#62570=VECTOR('',#62560,1.);
#62580=LINE('',#62550,#62570);
#62590=EDGE_CURVE('',#59840,#61310,#62580,.T.);
#62600=ORIENTED_EDGE('',*,*,#62590,.F.);
#62610=ORIENTED_EDGE('',*,*,#61320,.F.);
#62620=EDGE_LOOP('',(#62610,#62600,#62540,#62530));
#62630=FACE_OUTER_BOUND('',#62620,.T.);
#62640=ADVANCED_FACE('',(#62630),#62520,.T.);
#62650=CARTESIAN_POINT('',(1.45,1.73499999999999,-3.625));
#62660=DIRECTION('',(0.,0.,-1.));
#62670=DIRECTION('',(1.,1.22460635382238E-16,0.));
#62680=AXIS2_PLACEMENT_3D('',#62650,#62660,#62670);
#62690=CYLINDRICAL_SURFACE('',#62680,0.0499999999999998);
#62700=ORIENTED_EDGE('',*,*,#62590,.T.);
#62710=ORIENTED_EDGE('',*,*,#59850,.F.);
#62720=ORIENTED_EDGE('',*,*,#60580,.T.);
#62730=ORIENTED_EDGE('',*,*,#61390,.F.);
#62740=EDGE_LOOP('',(#62730,#62720,#62710,#62700));
#62750=FACE_OUTER_BOUND('',#62740,.T.);
#62760=ADVANCED_FACE('',(#62750),#62690,.T.);
#62770=CARTESIAN_POINT('',(-2.96101731916344,3.3223480408227,
-0.424999999999999));
#62780=DIRECTION('',(0.,0.,-1.));
#62790=DIRECTION('',(1.,1.22460635382238E-16,0.));
#62800=AXIS2_PLACEMENT_3D('',#62770,#62780,#62790);
#62810=PLANE('',#62800);
#62820=CARTESIAN_POINT('',(1.39,1.99999999999999,-0.424999999999999));
#62830=DIRECTION('',(-0.719844295420682,-0.694135570584235,0.));
#62840=VECTOR('',#62830,1.);
#62850=LINE('',#62820,#62840);
#62860=CARTESIAN_POINT('',(1.39,1.99999999999999,-0.424999999999999));
#62870=VERTEX_POINT('',#62860);
#62880=EDGE_CURVE('',#62870,#18850,#62850,.T.);
#62890=ORIENTED_EDGE('',*,*,#62880,.T.);
#62900=CARTESIAN_POINT('',(1.64,1.99999999999999,-0.424999999999999));
#62910=DIRECTION('',(-1.,-8.88178419700128E-16,0.));
#62920=VECTOR('',#62910,1.);
#62930=LINE('',#62900,#62920);
#62940=CARTESIAN_POINT('',(1.64,1.99999999999999,-0.424999999999999));
#62950=VERTEX_POINT('',#62940);
#62960=EDGE_CURVE('',#62950,#62870,#62930,.T.);
#62970=ORIENTED_EDGE('',*,*,#62960,.T.);
#62980=CARTESIAN_POINT('',(1.64,1.94999999999999,-0.424999999999999));
#62990=DIRECTION('',(0.,0.,1.));
#63000=DIRECTION('',(1.,0.,0.));
#63010=AXIS2_PLACEMENT_3D('',#62980,#62990,#63000);
#63020=CIRCLE('',#63010,0.05);
#63030=CARTESIAN_POINT('',(1.69,1.94999999999999,-0.424999999999999));
#63040=VERTEX_POINT('',#63030);
#63050=EDGE_CURVE('',#63040,#62950,#63020,.T.);
#63060=ORIENTED_EDGE('',*,*,#63050,.T.);
#63070=CARTESIAN_POINT('',(1.69,1.86999999999999,-0.424999999999999));
#63080=DIRECTION('',(0.,1.,0.));
#63090=VECTOR('',#63080,1.);
#63100=LINE('',#63070,#63090);
#63110=CARTESIAN_POINT('',(1.69,1.86999999999999,-0.424999999999999));
#63120=VERTEX_POINT('',#63110);
#63130=EDGE_CURVE('',#63120,#63040,#63100,.T.);
#63140=ORIENTED_EDGE('',*,*,#63130,.T.);
#63150=CARTESIAN_POINT('',(1.51999999999999,1.86999999999999,
-0.424999999999999));
#63160=DIRECTION('',(1.,1.30614473485302E-15,0.));
#63170=VECTOR('',#63160,1.);
#63180=LINE('',#63150,#63170);
#63190=CARTESIAN_POINT('',(1.51999999999999,1.86999999999999,
-0.424999999999999));
#63200=VERTEX_POINT('',#63190);
#63210=EDGE_CURVE('',#63200,#63120,#63180,.T.);
#63220=ORIENTED_EDGE('',*,*,#63210,.T.);
#63230=CARTESIAN_POINT('',(1.52,1.81999999999999,-0.424999999999999));
#63240=DIRECTION('',(0.,0.,-1.));
#63250=DIRECTION('',(-0.90047887788497,-0.434899747623547,0.));
#63260=AXIS2_PLACEMENT_3D('',#63230,#63240,#63250);
#63270=CIRCLE('',#63260,0.0500000000000009);
#63280=CARTESIAN_POINT('',(1.47497605610577,1.79825501261879,
-0.424999999999999));
#63290=VERTEX_POINT('',#63280);
#63300=EDGE_CURVE('',#63290,#63200,#63270,.T.);
#63310=ORIENTED_EDGE('',*,*,#63300,.T.);
#63320=CARTESIAN_POINT('',(1.49502394389422,1.75674498738124,
-0.424999999999999));
#63330=DIRECTION('',(-0.434899747624543,0.900478877884489,0.));
#63340=VECTOR('',#63330,1.);
#63350=LINE('',#63320,#63340);
#63360=CARTESIAN_POINT('',(1.49502394389422,1.75674498738122,
-0.424999999999999));
#63370=VERTEX_POINT('',#63360);
#63380=EDGE_CURVE('',#63370,#63290,#63350,.T.);
#63390=ORIENTED_EDGE('',*,*,#63380,.T.);
#63400=CARTESIAN_POINT('',(1.45,1.73499999999999,-0.424999999999999));
#63410=DIRECTION('',(0.,0.,1.));
#63420=DIRECTION('',(-3.99680288865058E-14,-1.,0.));
#63430=AXIS2_PLACEMENT_3D('',#63400,#63410,#63420);
#63440=CIRCLE('',#63430,0.0499999999999998);
#63450=CARTESIAN_POINT('',(1.45,1.68499999999999,-0.424999999999999));
#63460=VERTEX_POINT('',#63450);
#63470=EDGE_CURVE('',#63460,#63370,#63440,.T.);
#63480=ORIENTED_EDGE('',*,*,#63470,.T.);
#63490=CARTESIAN_POINT('',(1.32,1.68499999999999,-0.424999999999999));
#63500=DIRECTION('',(1.,0.,0.));
#63510=VECTOR('',#63500,1.);
#63520=LINE('',#63490,#63510);
#63530=EDGE_CURVE('',#18690,#63460,#63520,.T.);
#63540=ORIENTED_EDGE('',*,*,#63530,.T.);
#63550=ORIENTED_EDGE('',*,*,#18920,.T.);
#63560=EDGE_LOOP('',(#63550,#63540,#63480,#63390,#63310,#63220,#63140,
#63060,#62970,#62890));
#63570=FACE_OUTER_BOUND('',#63560,.T.);
#63580=ADVANCED_FACE('',(#63570),#62810,.F.);
#63590=CARTESIAN_POINT('',(1.39,1.99999999999999,-0.424999999999999));
#63600=DIRECTION('',(-0.694135570584234,0.719844295420684,0.));
#63610=DIRECTION('',(-0.719844295420684,-0.694135570584234,0.));
#63620=AXIS2_PLACEMENT_3D('',#63590,#63600,#63610);
#63630=PLANE('',#63620);
#63640=CARTESIAN_POINT('',(1.31999999999999,1.93249999999998,
-0.544999999999999));
#63650=DIRECTION('',(0.719844295420682,0.694135570584235,0.));
#63660=VECTOR('',#63650,1.);
#63670=LINE('',#63640,#63660);
#63680=CARTESIAN_POINT('',(1.39,1.99999999999999,-0.544999999999999));
#63690=VERTEX_POINT('',#63680);
#63700=EDGE_CURVE('',#18770,#63690,#63670,.T.);
#63710=ORIENTED_EDGE('',*,*,#63700,.F.);
#63720=CARTESIAN_POINT('',(1.39,1.99999999999999,-0.424999999999999));
#63730=DIRECTION('',(0.,0.,-1.));
#63740=VECTOR('',#63730,1.);
#63750=LINE('',#63720,#63740);
#63760=EDGE_CURVE('',#62870,#63690,#63750,.T.);
#63770=ORIENTED_EDGE('',*,*,#63760,.T.);
#63780=ORIENTED_EDGE('',*,*,#62880,.F.);
#63790=ORIENTED_EDGE('',*,*,#18860,.F.);
#63800=EDGE_LOOP('',(#63790,#63780,#63770,#63710));
#63810=FACE_OUTER_BOUND('',#63800,.T.);
#63820=ADVANCED_FACE('',(#63810),#63630,.T.);
#63830=CARTESIAN_POINT('',(-2.96101731916344,3.3223480408227,
-0.544999999999999));
#63840=DIRECTION('',(0.,0.,-1.));
#63850=DIRECTION('',(1.,1.22460635382238E-16,0.));
#63860=AXIS2_PLACEMENT_3D('',#63830,#63840,#63850);
#63870=PLANE('',#63860);
#63880=CARTESIAN_POINT('',(1.32,1.68499999999999,-0.544999999999999));
#63890=DIRECTION('',(1.,0.,0.));
#63900=VECTOR('',#63890,1.);
#63910=LINE('',#63880,#63900);
#63920=CARTESIAN_POINT('',(1.45,1.68499999999999,-0.544999999999999));
#63930=VERTEX_POINT('',#63920);
#63940=EDGE_CURVE('',#18670,#63930,#63910,.T.);
#63950=ORIENTED_EDGE('',*,*,#63940,.F.);
#63960=CARTESIAN_POINT('',(1.45,1.73499999999999,-0.544999999999999));
#63970=DIRECTION('',(0.,0.,-1.));
#63980=DIRECTION('',(0.900478877884514,0.434899747624493,0.));
#63990=AXIS2_PLACEMENT_3D('',#63960,#63970,#63980);
#64000=CIRCLE('',#63990,0.0499999999999998);
#64010=CARTESIAN_POINT('',(1.49502394389423,1.75674498738121,
-0.544999999999999));
#64020=VERTEX_POINT('',#64010);
#64030=EDGE_CURVE('',#64020,#63930,#64000,.T.);
#64040=ORIENTED_EDGE('',*,*,#64030,.T.);
#64050=CARTESIAN_POINT('',(1.47497605610577,1.79825501261876,
-0.544999999999999));
#64060=DIRECTION('',(0.434899747624539,-0.900478877884491,0.));
#64070=VECTOR('',#64060,1.);
#64080=LINE('',#64050,#64070);
#64090=CARTESIAN_POINT('',(1.47497605610578,1.79825501261876,
-0.544999999999999));
#64100=VERTEX_POINT('',#64090);
#64110=EDGE_CURVE('',#64100,#64020,#64080,.T.);
#64120=ORIENTED_EDGE('',*,*,#64110,.T.);
#64130=CARTESIAN_POINT('',(1.52,1.81999999999999,-0.544999999999999));
#64140=DIRECTION('',(0.,0.,1.));
#64150=DIRECTION('',(-3.55271367880043E-13,1.,0.));
#64160=AXIS2_PLACEMENT_3D('',#64130,#64140,#64150);
#64170=CIRCLE('',#64160,0.0500000000000009);
#64180=CARTESIAN_POINT('',(1.51999999999999,1.86999999999999,
-0.544999999999999));
#64190=VERTEX_POINT('',#64180);
#64200=EDGE_CURVE('',#64190,#64100,#64170,.T.);
#64210=ORIENTED_EDGE('',*,*,#64200,.T.);
#64220=CARTESIAN_POINT('',(1.52,1.86999999999999,-0.544999999999999));
#64230=DIRECTION('',(1.,-6.53072367426563E-15,0.));
#64240=VECTOR('',#64230,1.);
#64250=LINE('',#64220,#64240);
#64260=CARTESIAN_POINT('',(1.69,1.86999999999999,-0.544999999999999));
#64270=VERTEX_POINT('',#64260);
#64280=EDGE_CURVE('',#64190,#64270,#64250,.T.);
#64290=ORIENTED_EDGE('',*,*,#64280,.F.);
#64300=CARTESIAN_POINT('',(1.69,1.86999999999999,-0.544999999999999));
#64310=DIRECTION('',(0.,1.,0.));
#64320=VECTOR('',#64310,1.);
#64330=LINE('',#64300,#64320);
#64340=CARTESIAN_POINT('',(1.69,1.94999999999999,-0.544999999999999));
#64350=VERTEX_POINT('',#64340);
#64360=EDGE_CURVE('',#64270,#64350,#64330,.T.);
#64370=ORIENTED_EDGE('',*,*,#64360,.F.);
#64380=CARTESIAN_POINT('',(1.64,1.94999999999999,-0.544999999999999));
#64390=DIRECTION('',(0.,0.,-1.));
#64400=DIRECTION('',(-4.88498130835068E-14,1.,0.));
#64410=AXIS2_PLACEMENT_3D('',#64380,#64390,#64400);
#64420=CIRCLE('',#64410,0.05);
#64430=CARTESIAN_POINT('',(1.64,1.99999999999999,-0.544999999999999));
#64440=VERTEX_POINT('',#64430);
#64450=EDGE_CURVE('',#64440,#64350,#64420,.T.);
#64460=ORIENTED_EDGE('',*,*,#64450,.T.);
#64470=CARTESIAN_POINT('',(1.64,1.99999999999999,-0.544999999999999));
#64480=DIRECTION('',(-1.,0.,0.));
#64490=VECTOR('',#64480,1.);
#64500=LINE('',#64470,#64490);
#64510=EDGE_CURVE('',#64440,#63690,#64500,.T.);
#64520=ORIENTED_EDGE('',*,*,#64510,.F.);
#64530=ORIENTED_EDGE('',*,*,#63700,.T.);
#64540=ORIENTED_EDGE('',*,*,#18780,.F.);
#64550=EDGE_LOOP('',(#64540,#64530,#64520,#64460,#64370,#64290,#64210,
#64120,#64040,#63950));
#64560=FACE_OUTER_BOUND('',#64550,.T.);
#64570=ADVANCED_FACE('',(#64560),#63870,.T.);
#64580=CARTESIAN_POINT('',(1.32,1.68499999999999,-0.424999999999999));
#64590=DIRECTION('',(1.22460635382238E-16,-1.,0.));
#64600=DIRECTION('',(1.,1.22460635382238E-16,0.));
#64610=AXIS2_PLACEMENT_3D('',#64580,#64590,#64600);
#64620=PLANE('',#64610);
#64630=CARTESIAN_POINT('',(1.45,1.68499999999999,-0.424999999999999));
#64640=DIRECTION('',(0.,0.,-1.));
#64650=VECTOR('',#64640,1.);
#64660=LINE('',#64630,#64650);
#64670=EDGE_CURVE('',#63460,#63930,#64660,.T.);
#64680=ORIENTED_EDGE('',*,*,#64670,.F.);
#64690=ORIENTED_EDGE('',*,*,#63940,.T.);
#64700=ORIENTED_EDGE('',*,*,#18700,.F.);
#64710=ORIENTED_EDGE('',*,*,#63530,.F.);
#64720=EDGE_LOOP('',(#64710,#64700,#64690,#64680));
#64730=FACE_OUTER_BOUND('',#64720,.T.);
#64740=ADVANCED_FACE('',(#64730),#64620,.T.);
#64750=CARTESIAN_POINT('',(1.45,1.73499999999999,-0.424999999999999));
#64760=DIRECTION('',(0.,0.,-1.));
#64770=DIRECTION('',(1.,1.22460635382238E-16,0.));
#64780=AXIS2_PLACEMENT_3D('',#64750,#64760,#64770);
#64790=CYLINDRICAL_SURFACE('',#64780,0.0499999999999998);
#64800=CARTESIAN_POINT('',(1.49502394389423,1.75674498738121,
-0.544999999999999));
#64810=DIRECTION('',(0.,0.,1.));
#64820=VECTOR('',#64810,1.);
#64830=LINE('',#64800,#64820);
#64840=EDGE_CURVE('',#64020,#63370,#64830,.T.);
#64850=ORIENTED_EDGE('',*,*,#64840,.T.);
#64860=ORIENTED_EDGE('',*,*,#64030,.F.);
#64870=ORIENTED_EDGE('',*,*,#64670,.T.);
#64880=ORIENTED_EDGE('',*,*,#63470,.F.);
#64890=EDGE_LOOP('',(#64880,#64870,#64860,#64850));
#64900=FACE_OUTER_BOUND('',#64890,.T.);
#64910=ADVANCED_FACE('',(#64900),#64790,.T.);
#64920=CARTESIAN_POINT('',(1.49502394389423,1.75674498738121,
-0.424999999999999));
#64930=DIRECTION('',(0.900478877884487,0.434899747624548,-0.));
#64940=DIRECTION('',(-0.434899747624548,0.900478877884487,0.));
#64950=AXIS2_PLACEMENT_3D('',#64920,#64930,#64940);
#64960=PLANE('',#64950);
#64970=CARTESIAN_POINT('',(1.47497605610578,1.79825501261876,
-0.424999999999999));
#64980=DIRECTION('',(0.,0.,-1.));
#64990=VECTOR('',#64980,1.);
#65000=LINE('',#64970,#64990);
#65010=EDGE_CURVE('',#63290,#64100,#65000,.T.);
#65020=ORIENTED_EDGE('',*,*,#65010,.F.);
#65030=ORIENTED_EDGE('',*,*,#64110,.F.);
#65040=ORIENTED_EDGE('',*,*,#64840,.F.);
#65050=ORIENTED_EDGE('',*,*,#63380,.F.);
#65060=EDGE_LOOP('',(#65050,#65040,#65030,#65020));
#65070=FACE_OUTER_BOUND('',#65060,.T.);
#65080=ADVANCED_FACE('',(#65070),#64960,.T.);
#65090=CARTESIAN_POINT('',(1.52,1.81999999999999,-0.424999999999999));
#65100=DIRECTION('',(0.,0.,-1.));
#65110=DIRECTION('',(1.,1.22460635382238E-16,0.));
#65120=AXIS2_PLACEMENT_3D('',#65090,#65100,#65110);
#65130=CYLINDRICAL_SURFACE('',#65120,0.0500000000000009);
#65140=CARTESIAN_POINT('',(1.52,1.86999999999999,-0.544999999999999));
#65150=DIRECTION('',(0.,0.,1.));
#65160=VECTOR('',#65150,1.);
#65170=LINE('',#65140,#65160);
#65180=EDGE_CURVE('',#64190,#63200,#65170,.T.);
#65190=ORIENTED_EDGE('',*,*,#65180,.T.);
#65200=ORIENTED_EDGE('',*,*,#64200,.F.);
#65210=ORIENTED_EDGE('',*,*,#65010,.T.);
#65220=ORIENTED_EDGE('',*,*,#63300,.F.);
#65230=EDGE_LOOP('',(#65220,#65210,#65200,#65190));
#65240=FACE_OUTER_BOUND('',#65230,.T.);
#65250=ADVANCED_FACE('',(#65240),#65130,.F.);
#65260=CARTESIAN_POINT('',(1.52,1.86999999999999,-0.424999999999999));
#65270=DIRECTION('',(-6.40826303888332E-15,-1.,0.));
#65280=DIRECTION('',(1.,-6.40826303888332E-15,0.));
#65290=AXIS2_PLACEMENT_3D('',#65260,#65270,#65280);
#65300=PLANE('',#65290);
#65310=CARTESIAN_POINT('',(1.69,1.86999999999999,-0.424999999999999));
#65320=DIRECTION('',(0.,0.,-1.));
#65330=VECTOR('',#65320,1.);
#65340=LINE('',#65310,#65330);
#65350=EDGE_CURVE('',#63120,#64270,#65340,.T.);
#65360=ORIENTED_EDGE('',*,*,#65350,.F.);
#65370=ORIENTED_EDGE('',*,*,#64280,.T.);
#65380=ORIENTED_EDGE('',*,*,#65180,.F.);
#65390=ORIENTED_EDGE('',*,*,#63210,.F.);
#65400=EDGE_LOOP('',(#65390,#65380,#65370,#65360));
#65410=FACE_OUTER_BOUND('',#65400,.T.);
#65420=ADVANCED_FACE('',(#65410),#65300,.T.);
#65430=CARTESIAN_POINT('',(1.69,1.86999999999999,-0.424999999999999));
#65440=DIRECTION('',(1.,1.22460635382238E-16,-0.));
#65450=DIRECTION('',(-1.22460635382238E-16,1.,0.));
#65460=AXIS2_PLACEMENT_3D('',#65430,#65440,#65450);
#65470=PLANE('',#65460);
#65480=CARTESIAN_POINT('',(1.69,1.94999999999999,-0.424999999999999));
#65490=DIRECTION('',(0.,0.,-1.));
#65500=VECTOR('',#65490,1.);
#65510=LINE('',#65480,#65500);
#65520=EDGE_CURVE('',#63040,#64350,#65510,.T.);
#65530=ORIENTED_EDGE('',*,*,#65520,.F.);
#65540=ORIENTED_EDGE('',*,*,#64360,.T.);
#65550=ORIENTED_EDGE('',*,*,#65350,.T.);
#65560=ORIENTED_EDGE('',*,*,#63130,.F.);
#65570=EDGE_LOOP('',(#65560,#65550,#65540,#65530));
#65580=FACE_OUTER_BOUND('',#65570,.T.);
#65590=ADVANCED_FACE('',(#65580),#65470,.T.);
#65600=CARTESIAN_POINT('',(1.64,1.94999999999999,-0.424999999999999));
#65610=DIRECTION('',(0.,0.,-1.));
#65620=DIRECTION('',(1.,1.22460635382238E-16,0.));
#65630=AXIS2_PLACEMENT_3D('',#65600,#65610,#65620);
#65640=CYLINDRICAL_SURFACE('',#65630,0.05);
#65650=CARTESIAN_POINT('',(1.64,1.99999999999999,-0.544999999999999));
#65660=DIRECTION('',(0.,0.,1.));
#65670=VECTOR('',#65660,1.);
#65680=LINE('',#65650,#65670);
#65690=EDGE_CURVE('',#64440,#62950,#65680,.T.);
#65700=ORIENTED_EDGE('',*,*,#65690,.T.);
#65710=ORIENTED_EDGE('',*,*,#64450,.F.);
#65720=ORIENTED_EDGE('',*,*,#65520,.T.);
#65730=ORIENTED_EDGE('',*,*,#63050,.F.);
#65740=EDGE_LOOP('',(#65730,#65720,#65710,#65700));
#65750=FACE_OUTER_BOUND('',#65740,.T.);
#65760=ADVANCED_FACE('',(#65750),#65640,.T.);
#65770=CARTESIAN_POINT('',(1.64,1.99999999999999,-0.424999999999999));
#65780=DIRECTION('',(-1.22460635382238E-16,1.,0.));
#65790=DIRECTION('',(-1.,-1.22460635382238E-16,0.));
#65800=AXIS2_PLACEMENT_3D('',#65770,#65780,#65790);
#65810=PLANE('',#65800);
#65820=ORIENTED_EDGE('',*,*,#63760,.F.);
#65830=ORIENTED_EDGE('',*,*,#64510,.T.);
#65840=ORIENTED_EDGE('',*,*,#65690,.F.);
#65850=ORIENTED_EDGE('',*,*,#62960,.F.);
#65860=EDGE_LOOP('',(#65850,#65840,#65830,#65820));
#65870=FACE_OUTER_BOUND('',#65860,.T.);
#65880=ADVANCED_FACE('',(#65870),#65810,.T.);
#65890=CARTESIAN_POINT('',(2.96101731916345,3.3223480408227,
-0.144999999999999));
#65900=DIRECTION('',(0.,0.,1.));
#65910=DIRECTION('',(-1.,-1.22460635382238E-16,0.));
#65920=AXIS2_PLACEMENT_3D('',#65890,#65900,#65910);
#65930=PLANE('',#65920);
#65940=CARTESIAN_POINT('',(-1.39,1.99999999999999,-0.144999999999999));
#65950=DIRECTION('',(0.719844295420687,-0.69413557058423,0.));
#65960=VECTOR('',#65950,1.);
#65970=LINE('',#65940,#65960);
#65980=CARTESIAN_POINT('',(-1.39,1.99999999999999,-0.144999999999999));
#65990=VERTEX_POINT('',#65980);
#66000=EDGE_CURVE('',#65990,#8650,#65970,.T.);
#66010=ORIENTED_EDGE('',*,*,#66000,.T.);
#66020=CARTESIAN_POINT('',(-1.64,1.99999999999999,-0.144999999999999));
#66030=DIRECTION('',(1.,8.88178419700122E-16,0.));
#66040=VECTOR('',#66030,1.);
#66050=LINE('',#66020,#66040);
#66060=CARTESIAN_POINT('',(-1.64,1.99999999999999,-0.144999999999999));
#66070=VERTEX_POINT('',#66060);
#66080=EDGE_CURVE('',#66070,#65990,#66050,.T.);
#66090=ORIENTED_EDGE('',*,*,#66080,.T.);
#66100=CARTESIAN_POINT('',(-1.64,1.94999999999999,-0.144999999999999));
#66110=DIRECTION('',(0.,0.,-1.));
#66120=DIRECTION('',(-1.,0.,0.));
#66130=AXIS2_PLACEMENT_3D('',#66100,#66110,#66120);
#66140=CIRCLE('',#66130,0.05);
#66150=CARTESIAN_POINT('',(-1.69,1.94999999999999,-0.144999999999999));
#66160=VERTEX_POINT('',#66150);
#66170=EDGE_CURVE('',#66160,#66070,#66140,.T.);
#66180=ORIENTED_EDGE('',*,*,#66170,.T.);
#66190=CARTESIAN_POINT('',(-1.69,1.86999999999999,-0.144999999999999));
#66200=DIRECTION('',(0.,1.,0.));
#66210=VECTOR('',#66200,1.);
#66220=LINE('',#66190,#66210);
#66230=CARTESIAN_POINT('',(-1.69,1.86999999999999,-0.144999999999999));
#66240=VERTEX_POINT('',#66230);
#66250=EDGE_CURVE('',#66240,#66160,#66220,.T.);
#66260=ORIENTED_EDGE('',*,*,#66250,.T.);
#66270=CARTESIAN_POINT('',(-1.52,1.86999999999999,-0.144999999999999));
#66280=DIRECTION('',(-1.,-1.30614473485312E-15,0.));
#66290=VECTOR('',#66280,1.);
#66300=LINE('',#66270,#66290);
#66310=CARTESIAN_POINT('',(-1.52,1.86999999999999,-0.144999999999999));
#66320=VERTEX_POINT('',#66310);
#66330=EDGE_CURVE('',#66320,#66240,#66300,.T.);
#66340=ORIENTED_EDGE('',*,*,#66330,.T.);
#66350=CARTESIAN_POINT('',(-1.52,1.81999999999999,-0.144999999999999));
#66360=DIRECTION('',(0.,0.,1.));
#66370=DIRECTION('',(0.900478877882798,-0.434899747628045,0.));
#66380=AXIS2_PLACEMENT_3D('',#66350,#66360,#66370);
#66390=CIRCLE('',#66380,0.0500000000000009);
#66400=CARTESIAN_POINT('',(-1.47497605610581,1.79825501261867,
-0.144999999999999));
#66410=VERTEX_POINT('',#66400);
#66420=EDGE_CURVE('',#66410,#66320,#66390,.T.);
#66430=ORIENTED_EDGE('',*,*,#66420,.T.);
#66440=CARTESIAN_POINT('',(-1.49502394389426,1.75674498738114,
-0.144999999999999));
#66450=DIRECTION('',(0.434899747624558,0.900478877884482,0.));
#66460=VECTOR('',#66450,1.);
#66470=LINE('',#66440,#66460);
#66480=CARTESIAN_POINT('',(-1.49502394389424,1.75674498738117,
-0.144999999999999));
#66490=VERTEX_POINT('',#66480);
#66500=EDGE_CURVE('',#66490,#66410,#66470,.T.);
#66510=ORIENTED_EDGE('',*,*,#66500,.T.);
#66520=CARTESIAN_POINT('',(-1.45,1.73499999999999,-0.144999999999999));
#66530=DIRECTION('',(0.,0.,-1.));
#66540=DIRECTION('',(3.99680288865058E-14,-1.,0.));
#66550=AXIS2_PLACEMENT_3D('',#66520,#66530,#66540);
#66560=CIRCLE('',#66550,0.0499999999999998);
#66570=CARTESIAN_POINT('',(-1.45,1.68499999999999,-0.144999999999999));
#66580=VERTEX_POINT('',#66570);
#66590=EDGE_CURVE('',#66580,#66490,#66560,.T.);
#66600=ORIENTED_EDGE('',*,*,#66590,.T.);
#66610=CARTESIAN_POINT('',(-1.32,1.68499999999999,-0.144999999999999));
#66620=DIRECTION('',(-1.,0.,0.));
#66630=VECTOR('',#66620,1.);
#66640=LINE('',#66610,#66630);
#66650=EDGE_CURVE('',#8470,#66580,#66640,.T.);
#66660=ORIENTED_EDGE('',*,*,#66650,.T.);
#66670=ORIENTED_EDGE('',*,*,#8720,.F.);
#66680=EDGE_LOOP('',(#66670,#66660,#66600,#66510,#66430,#66340,#66260,
#66180,#66090,#66010));
#66690=FACE_OUTER_BOUND('',#66680,.T.);
#66700=ADVANCED_FACE('',(#66690),#65930,.F.);
#66710=CARTESIAN_POINT('',(-1.39,1.99999999999999,-0.144999999999999));
#66720=DIRECTION('',(0.694135570584233,0.719844295420684,0.));
#66730=DIRECTION('',(0.719844295420684,-0.694135570584233,0.));
#66740=AXIS2_PLACEMENT_3D('',#66710,#66720,#66730);
#66750=PLANE('',#66740);
#66760=CARTESIAN_POINT('',(-1.32,1.93249999999999,-0.0249999999999991));
#66770=DIRECTION('',(-0.719844295420687,0.69413557058423,0.));
#66780=VECTOR('',#66770,1.);
#66790=LINE('',#66760,#66780);
#66800=CARTESIAN_POINT('',(-1.39,1.99999999999999,-0.0249999999999991));
#66810=VERTEX_POINT('',#66800);
#66820=EDGE_CURVE('',#8570,#66810,#66790,.T.);
#66830=ORIENTED_EDGE('',*,*,#66820,.F.);
#66840=CARTESIAN_POINT('',(-1.39,1.99999999999999,-0.144999999999999));
#66850=DIRECTION('',(0.,0.,1.));
#66860=VECTOR('',#66850,1.);
#66870=LINE('',#66840,#66860);
#66880=EDGE_CURVE('',#65990,#66810,#66870,.T.);
#66890=ORIENTED_EDGE('',*,*,#66880,.T.);
#66900=ORIENTED_EDGE('',*,*,#66000,.F.);
#66910=ORIENTED_EDGE('',*,*,#8660,.T.);
#66920=EDGE_LOOP('',(#66910,#66900,#66890,#66830));
#66930=FACE_OUTER_BOUND('',#66920,.T.);
#66940=ADVANCED_FACE('',(#66930),#66750,.T.);
#66950=CARTESIAN_POINT('',(2.96101731916345,3.3223480408227,
-0.0249999999999991));
#66960=DIRECTION('',(0.,0.,1.));
#66970=DIRECTION('',(-1.,-1.22460635382238E-16,0.));
#66980=AXIS2_PLACEMENT_3D('',#66950,#66960,#66970);
#66990=PLANE('',#66980);
#67000=CARTESIAN_POINT('',(-1.32,1.68499999999999,-0.0249999999999991));
#67010=DIRECTION('',(-1.,0.,0.));
#67020=VECTOR('',#67010,1.);
#67030=LINE('',#67000,#67020);
#67040=CARTESIAN_POINT('',(-1.45,1.68499999999999,-0.0249999999999991));
#67050=VERTEX_POINT('',#67040);
#67060=EDGE_CURVE('',#8490,#67050,#67030,.T.);
#67070=ORIENTED_EDGE('',*,*,#67060,.F.);
#67080=CARTESIAN_POINT('',(-1.45,1.73499999999999,-0.0249999999999991));
#67090=DIRECTION('',(0.,0.,1.));
#67100=DIRECTION('',(-0.900478877885826,0.434899747621774,0.));
#67110=AXIS2_PLACEMENT_3D('',#67080,#67090,#67100);
#67120=CIRCLE('',#67110,0.0499999999999998);
#67130=CARTESIAN_POINT('',(-1.49502394389425,1.75674498738114,
-0.0249999999999991));
#67140=VERTEX_POINT('',#67130);
#67150=EDGE_CURVE('',#67140,#67050,#67120,.T.);
#67160=ORIENTED_EDGE('',*,*,#67150,.T.);
#67170=CARTESIAN_POINT('',(-1.47497605610582,1.79825501261865,
-0.0249999999999991));
#67180=DIRECTION('',(-0.434899747624558,-0.900478877884482,0.));
#67190=VECTOR('',#67180,1.);
#67200=LINE('',#67170,#67190);
#67210=CARTESIAN_POINT('',(-1.4749760561058,1.7982550126187,
-0.0249999999999991));
#67220=VERTEX_POINT('',#67210);
#67230=EDGE_CURVE('',#67220,#67140,#67200,.T.);
#67240=ORIENTED_EDGE('',*,*,#67230,.T.);
#67250=CARTESIAN_POINT('',(-1.52,1.81999999999999,-0.0249999999999991));
#67260=DIRECTION('',(0.,0.,-1.));
#67270=DIRECTION('',(2.30926389122028E-13,1.,0.));
#67280=AXIS2_PLACEMENT_3D('',#67250,#67260,#67270);
#67290=CIRCLE('',#67280,0.0500000000000009);
#67300=CARTESIAN_POINT('',(-1.51999999999999,1.86999999999999,
-0.0249999999999991));
#67310=VERTEX_POINT('',#67300);
#67320=EDGE_CURVE('',#67310,#67220,#67290,.T.);
#67330=ORIENTED_EDGE('',*,*,#67320,.T.);
#67340=CARTESIAN_POINT('',(-1.52,1.86999999999999,-0.0249999999999991));
#67350=DIRECTION('',(-1.,-6.53072367426563E-15,0.));
#67360=VECTOR('',#67350,1.);
#67370=LINE('',#67340,#67360);
#67380=CARTESIAN_POINT('',(-1.69,1.86999999999999,-0.0249999999999991));
#67390=VERTEX_POINT('',#67380);
#67400=EDGE_CURVE('',#67310,#67390,#67370,.T.);
#67410=ORIENTED_EDGE('',*,*,#67400,.F.);
#67420=CARTESIAN_POINT('',(-1.69,1.86999999999999,-0.0249999999999991));
#67430=DIRECTION('',(0.,1.,0.));
#67440=VECTOR('',#67430,1.);
#67450=LINE('',#67420,#67440);
#67460=CARTESIAN_POINT('',(-1.69,1.94999999999999,-0.0249999999999991));
#67470=VERTEX_POINT('',#67460);
#67480=EDGE_CURVE('',#67390,#67470,#67450,.T.);
#67490=ORIENTED_EDGE('',*,*,#67480,.F.);
#67500=CARTESIAN_POINT('',(-1.64,1.94999999999999,-0.0249999999999991));
#67510=DIRECTION('',(0.,0.,1.));
#67520=DIRECTION('',(-5.77315972805081E-14,1.,0.));
#67530=AXIS2_PLACEMENT_3D('',#67500,#67510,#67520);
#67540=CIRCLE('',#67530,0.05);
#67550=CARTESIAN_POINT('',(-1.64,1.99999999999999,-0.0249999999999991));
#67560=VERTEX_POINT('',#67550);
#67570=EDGE_CURVE('',#67560,#67470,#67540,.T.);
#67580=ORIENTED_EDGE('',*,*,#67570,.T.);
#67590=CARTESIAN_POINT('',(-1.64,1.99999999999999,-0.0249999999999991));
#67600=DIRECTION('',(1.,0.,0.));
#67610=VECTOR('',#67600,1.);
#67620=LINE('',#67590,#67610);
#67630=EDGE_CURVE('',#67560,#66810,#67620,.T.);
#67640=ORIENTED_EDGE('',*,*,#67630,.F.);
#67650=ORIENTED_EDGE('',*,*,#66820,.T.);
#67660=ORIENTED_EDGE('',*,*,#8580,.T.);
#67670=EDGE_LOOP('',(#67660,#67650,#67640,#67580,#67490,#67410,#67330,
#67240,#67160,#67070));
#67680=FACE_OUTER_BOUND('',#67670,.T.);
#67690=ADVANCED_FACE('',(#67680),#66990,.T.);
#67700=CARTESIAN_POINT('',(-1.32,1.68499999999999,-0.144999999999999));
#67710=DIRECTION('',(1.22460635382238E-16,-1.,0.));
#67720=DIRECTION('',(-1.,-1.22460635382238E-16,0.));
#67730=AXIS2_PLACEMENT_3D('',#67700,#67710,#67720);
#67740=PLANE('',#67730);
#67750=CARTESIAN_POINT('',(-1.45,1.68499999999999,-0.144999999999999));
#67760=DIRECTION('',(0.,0.,1.));
#67770=VECTOR('',#67760,1.);
#67780=LINE('',#67750,#67770);
#67790=EDGE_CURVE('',#66580,#67050,#67780,.T.);
#67800=ORIENTED_EDGE('',*,*,#67790,.F.);
#67810=ORIENTED_EDGE('',*,*,#67060,.T.);
#67820=ORIENTED_EDGE('',*,*,#8500,.T.);
#67830=ORIENTED_EDGE('',*,*,#66650,.F.);
#67840=EDGE_LOOP('',(#67830,#67820,#67810,#67800));
#67850=FACE_OUTER_BOUND('',#67840,.T.);
#67860=ADVANCED_FACE('',(#67850),#67740,.T.);
#67870=CARTESIAN_POINT('',(-1.45,1.73499999999999,-0.144999999999999));
#67880=DIRECTION('',(0.,0.,1.));
#67890=DIRECTION('',(-1.,-1.22460635382238E-16,0.));
#67900=AXIS2_PLACEMENT_3D('',#67870,#67880,#67890);
#67910=CYLINDRICAL_SURFACE('',#67900,0.0499999999999998);
#67920=CARTESIAN_POINT('',(-1.49502394389423,1.75674498738121,
-0.0249999999999991));
#67930=DIRECTION('',(0.,0.,-1.));
#67940=VECTOR('',#67930,1.);
#67950=LINE('',#67920,#67940);
#67960=EDGE_CURVE('',#67140,#66490,#67950,.T.);
#67970=ORIENTED_EDGE('',*,*,#67960,.T.);
#67980=ORIENTED_EDGE('',*,*,#67150,.F.);
#67990=ORIENTED_EDGE('',*,*,#67790,.T.);
#68000=ORIENTED_EDGE('',*,*,#66590,.F.);
#68010=EDGE_LOOP('',(#68000,#67990,#67980,#67970));
#68020=FACE_OUTER_BOUND('',#68010,.T.);
#68030=ADVANCED_FACE('',(#68020),#67910,.T.);
#68040=CARTESIAN_POINT('',(-1.49502394389422,1.75674498738121,
-0.144999999999999));
#68050=DIRECTION('',(-0.900478877884487,0.434899747624548,0.));
#68060=DIRECTION('',(0.434899747624548,0.900478877884487,0.));
#68070=AXIS2_PLACEMENT_3D('',#68040,#68050,#68060);
#68080=PLANE('',#68070);
#68090=CARTESIAN_POINT('',(-1.47497605610578,1.79825501261876,
-0.144999999999999));
#68100=DIRECTION('',(0.,0.,1.));
#68110=VECTOR('',#68100,1.);
#68120=LINE('',#68090,#68110);
#68130=EDGE_CURVE('',#66410,#67220,#68120,.T.);
#68140=ORIENTED_EDGE('',*,*,#68130,.F.);
#68150=ORIENTED_EDGE('',*,*,#67230,.F.);
#68160=ORIENTED_EDGE('',*,*,#67960,.F.);
#68170=ORIENTED_EDGE('',*,*,#66500,.F.);
#68180=EDGE_LOOP('',(#68170,#68160,#68150,#68140));
#68190=FACE_OUTER_BOUND('',#68180,.T.);
#68200=ADVANCED_FACE('',(#68190),#68080,.T.);
#68210=CARTESIAN_POINT('',(-1.52,1.81999999999999,-0.144999999999999));
#68220=DIRECTION('',(0.,0.,1.));
#68230=DIRECTION('',(-1.,-1.22460635382238E-16,0.));
#68240=AXIS2_PLACEMENT_3D('',#68210,#68220,#68230);
#68250=CYLINDRICAL_SURFACE('',#68240,0.0500000000000009);
#68260=CARTESIAN_POINT('',(-1.52,1.86999999999999,-0.0249999999999991));
#68270=DIRECTION('',(0.,0.,-1.));
#68280=VECTOR('',#68270,1.);
#68290=LINE('',#68260,#68280);
#68300=EDGE_CURVE('',#67310,#66320,#68290,.T.);
#68310=ORIENTED_EDGE('',*,*,#68300,.T.);
#68320=ORIENTED_EDGE('',*,*,#67320,.F.);
#68330=ORIENTED_EDGE('',*,*,#68130,.T.);
#68340=ORIENTED_EDGE('',*,*,#66420,.F.);
#68350=EDGE_LOOP('',(#68340,#68330,#68320,#68310));
#68360=FACE_OUTER_BOUND('',#68350,.T.);
#68370=ADVANCED_FACE('',(#68360),#68250,.F.);
#68380=CARTESIAN_POINT('',(-1.52,1.86999999999999,-0.144999999999999));
#68390=DIRECTION('',(6.6531843096478E-15,-1.,0.));
#68400=DIRECTION('',(-1.,-6.6531843096478E-15,0.));
#68410=AXIS2_PLACEMENT_3D('',#68380,#68390,#68400);
#68420=PLANE('',#68410);
#68430=CARTESIAN_POINT('',(-1.69,1.86999999999999,-0.144999999999999));
#68440=DIRECTION('',(0.,0.,1.));
#68450=VECTOR('',#68440,1.);
#68460=LINE('',#68430,#68450);
#68470=EDGE_CURVE('',#66240,#67390,#68460,.T.);
#68480=ORIENTED_EDGE('',*,*,#68470,.F.);
#68490=ORIENTED_EDGE('',*,*,#67400,.T.);
#68500=ORIENTED_EDGE('',*,*,#68300,.F.);
#68510=ORIENTED_EDGE('',*,*,#66330,.F.);
#68520=EDGE_LOOP('',(#68510,#68500,#68490,#68480));
#68530=FACE_OUTER_BOUND('',#68520,.T.);
#68540=ADVANCED_FACE('',(#68530),#68420,.T.);
#68550=CARTESIAN_POINT('',(-1.69,1.86999999999999,-0.144999999999999));
#68560=DIRECTION('',(-1.,-1.22460635382238E-16,-0.));
#68570=DIRECTION('',(-1.22460635382238E-16,1.,0.));
#68580=AXIS2_PLACEMENT_3D('',#68550,#68560,#68570);
#68590=PLANE('',#68580);
#68600=CARTESIAN_POINT('',(-1.69,1.94999999999999,-0.144999999999999));
#68610=DIRECTION('',(0.,0.,1.));
#68620=VECTOR('',#68610,1.);
#68630=LINE('',#68600,#68620);
#68640=EDGE_CURVE('',#66160,#67470,#68630,.T.);
#68650=ORIENTED_EDGE('',*,*,#68640,.F.);
#68660=ORIENTED_EDGE('',*,*,#67480,.T.);
#68670=ORIENTED_EDGE('',*,*,#68470,.T.);
#68680=ORIENTED_EDGE('',*,*,#66250,.F.);
#68690=EDGE_LOOP('',(#68680,#68670,#68660,#68650));
#68700=FACE_OUTER_BOUND('',#68690,.T.);
#68710=ADVANCED_FACE('',(#68700),#68590,.T.);
#68720=CARTESIAN_POINT('',(-1.64,1.94999999999999,-0.144999999999999));
#68730=DIRECTION('',(0.,0.,1.));
#68740=DIRECTION('',(-1.,-1.22460635382238E-16,0.));
#68750=AXIS2_PLACEMENT_3D('',#68720,#68730,#68740);
#68760=CYLINDRICAL_SURFACE('',#68750,0.05);
#68770=CARTESIAN_POINT('',(-1.64,1.99999999999999,-0.0249999999999991));
#68780=DIRECTION('',(0.,0.,-1.));
#68790=VECTOR('',#68780,1.);
#68800=LINE('',#68770,#68790);
#68810=EDGE_CURVE('',#67560,#66070,#68800,.T.);
#68820=ORIENTED_EDGE('',*,*,#68810,.T.);
#68830=ORIENTED_EDGE('',*,*,#67570,.F.);
#68840=ORIENTED_EDGE('',*,*,#68640,.T.);
#68850=ORIENTED_EDGE('',*,*,#66170,.F.);
#68860=EDGE_LOOP('',(#68850,#68840,#68830,#68820));
#68870=FACE_OUTER_BOUND('',#68860,.T.);
#68880=ADVANCED_FACE('',(#68870),#68760,.T.);
#68890=CARTESIAN_POINT('',(-1.64,1.99999999999999,-0.144999999999999));
#68900=DIRECTION('',(-1.22460635382238E-16,1.,0.));
#68910=DIRECTION('',(1.,1.22460635382238E-16,0.));
#68920=AXIS2_PLACEMENT_3D('',#68890,#68900,#68910);
#68930=PLANE('',#68920);
#68940=ORIENTED_EDGE('',*,*,#66880,.F.);
#68950=ORIENTED_EDGE('',*,*,#67630,.T.);
#68960=ORIENTED_EDGE('',*,*,#68810,.F.);
#68970=ORIENTED_EDGE('',*,*,#66080,.F.);
#68980=EDGE_LOOP('',(#68970,#68960,#68950,#68940));
#68990=FACE_OUTER_BOUND('',#68980,.T.);
#69000=ADVANCED_FACE('',(#68990),#68930,.T.);
#69010=CARTESIAN_POINT('',(2.96101731916345,3.3223480408227,
-0.544999999999999));
#69020=DIRECTION('',(0.,0.,1.));
#69030=DIRECTION('',(-1.,-1.22460635382238E-16,0.));
#69040=AXIS2_PLACEMENT_3D('',#69010,#69020,#69030);
#69050=PLANE('',#69040);
#69060=CARTESIAN_POINT('',(-1.39,1.99999999999999,-0.544999999999999));
#69070=DIRECTION('',(0.719844295420687,-0.69413557058423,0.));
#69080=VECTOR('',#69070,1.);
#69090=LINE('',#69060,#69080);
#69100=CARTESIAN_POINT('',(-1.39,1.99999999999999,-0.544999999999999));
#69110=VERTEX_POINT('',#69100);
#69120=EDGE_CURVE('',#69110,#8990,#69090,.T.);
#69130=ORIENTED_EDGE('',*,*,#69120,.T.);
#69140=CARTESIAN_POINT('',(-1.64,1.99999999999999,-0.544999999999999));
#69150=DIRECTION('',(1.,8.88178419700122E-16,0.));
#69160=VECTOR('',#69150,1.);
#69170=LINE('',#69140,#69160);
#69180=CARTESIAN_POINT('',(-1.64,1.99999999999999,-0.544999999999999));
#69190=VERTEX_POINT('',#69180);
#69200=EDGE_CURVE('',#69190,#69110,#69170,.T.);
#69210=ORIENTED_EDGE('',*,*,#69200,.T.);
#69220=CARTESIAN_POINT('',(-1.64,1.94999999999999,-0.544999999999999));
#69230=DIRECTION('',(0.,0.,-1.));
#69240=DIRECTION('',(-1.,0.,0.));
#69250=AXIS2_PLACEMENT_3D('',#69220,#69230,#69240);
#69260=CIRCLE('',#69250,0.05);
#69270=CARTESIAN_POINT('',(-1.69,1.94999999999999,-0.544999999999999));
#69280=VERTEX_POINT('',#69270);
#69290=EDGE_CURVE('',#69280,#69190,#69260,.T.);
#69300=ORIENTED_EDGE('',*,*,#69290,.T.);
#69310=CARTESIAN_POINT('',(-1.69,1.86999999999999,-0.544999999999999));
#69320=DIRECTION('',(0.,1.,0.));
#69330=VECTOR('',#69320,1.);
#69340=LINE('',#69310,#69330);
#69350=CARTESIAN_POINT('',(-1.69,1.86999999999999,-0.544999999999999));
#69360=VERTEX_POINT('',#69350);
#69370=EDGE_CURVE('',#69360,#69280,#69340,.T.);
#69380=ORIENTED_EDGE('',*,*,#69370,.T.);
#69390=CARTESIAN_POINT('',(-1.52,1.86999999999999,-0.544999999999999));
#69400=DIRECTION('',(-1.,-1.30614473485312E-15,0.));
#69410=VECTOR('',#69400,1.);
#69420=LINE('',#69390,#69410);
#69430=CARTESIAN_POINT('',(-1.52,1.86999999999999,-0.544999999999999));
#69440=VERTEX_POINT('',#69430);
#69450=EDGE_CURVE('',#69440,#69360,#69420,.T.);
#69460=ORIENTED_EDGE('',*,*,#69450,.T.);
#69470=CARTESIAN_POINT('',(-1.52,1.81999999999999,-0.544999999999999));
#69480=DIRECTION('',(0.,0.,1.));
#69490=DIRECTION('',(0.9004788778828,-0.43489974762804,0.));
#69500=AXIS2_PLACEMENT_3D('',#69470,#69480,#69490);
#69510=CIRCLE('',#69500,0.0500000000000009);
#69520=CARTESIAN_POINT('',(-1.47497605610581,1.79825501261867,
-0.544999999999999));
#69530=VERTEX_POINT('',#69520);
#69540=EDGE_CURVE('',#69530,#69440,#69510,.T.);
#69550=ORIENTED_EDGE('',*,*,#69540,.T.);
#69560=CARTESIAN_POINT('',(-1.49502394389426,1.75674498738114,
-0.544999999999999));
#69570=DIRECTION('',(0.434899747624557,0.900478877884482,0.));
#69580=VECTOR('',#69570,1.);
#69590=LINE('',#69560,#69580);
#69600=CARTESIAN_POINT('',(-1.49502394389424,1.75674498738118,
-0.544999999999999));
#69610=VERTEX_POINT('',#69600);
#69620=EDGE_CURVE('',#69610,#69530,#69590,.T.);
#69630=ORIENTED_EDGE('',*,*,#69620,.T.);
#69640=CARTESIAN_POINT('',(-1.45,1.73499999999999,-0.544999999999999));
#69650=DIRECTION('',(0.,0.,-1.));
#69660=DIRECTION('',(3.99680288865058E-14,-1.,0.));
#69670=AXIS2_PLACEMENT_3D('',#69640,#69650,#69660);
#69680=CIRCLE('',#69670,0.0499999999999998);
#69690=CARTESIAN_POINT('',(-1.45,1.68499999999999,-0.544999999999999));
#69700=VERTEX_POINT('',#69690);
#69710=EDGE_CURVE('',#69700,#69610,#69680,.T.);
#69720=ORIENTED_EDGE('',*,*,#69710,.T.);
#69730=CARTESIAN_POINT('',(-1.32,1.68499999999999,-0.544999999999999));
#69740=DIRECTION('',(-1.,0.,0.));
#69750=VECTOR('',#69740,1.);
#69760=LINE('',#69730,#69750);
#69770=EDGE_CURVE('',#8810,#69700,#69760,.T.);
#69780=ORIENTED_EDGE('',*,*,#69770,.T.);
#69790=ORIENTED_EDGE('',*,*,#9060,.F.);
#69800=EDGE_LOOP('',(#69790,#69780,#69720,#69630,#69550,#69460,#69380,
#69300,#69210,#69130));
#69810=FACE_OUTER_BOUND('',#69800,.T.);
#69820=ADVANCED_FACE('',(#69810),#69050,.F.);
#69830=CARTESIAN_POINT('',(-1.39,1.99999999999999,-0.544999999999999));
#69840=DIRECTION('',(0.694135570584233,0.719844295420684,0.));
#69850=DIRECTION('',(0.719844295420684,-0.694135570584233,0.));
#69860=AXIS2_PLACEMENT_3D('',#69830,#69840,#69850);
#69870=PLANE('',#69860);
#69880=CARTESIAN_POINT('',(-1.32,1.93249999999999,-0.424999999999999));
#69890=DIRECTION('',(-0.719844295420687,0.69413557058423,0.));
#69900=VECTOR('',#69890,1.);
#69910=LINE('',#69880,#69900);
#69920=CARTESIAN_POINT('',(-1.39,1.99999999999999,-0.424999999999999));
#69930=VERTEX_POINT('',#69920);
#69940=EDGE_CURVE('',#8910,#69930,#69910,.T.);
#69950=ORIENTED_EDGE('',*,*,#69940,.F.);
#69960=CARTESIAN_POINT('',(-1.39,1.99999999999999,-0.544999999999999));
#69970=DIRECTION('',(0.,0.,1.));
#69980=VECTOR('',#69970,1.);
#69990=LINE('',#69960,#69980);
#70000=EDGE_CURVE('',#69110,#69930,#69990,.T.);
#70010=ORIENTED_EDGE('',*,*,#70000,.T.);
#70020=ORIENTED_EDGE('',*,*,#69120,.F.);
#70030=ORIENTED_EDGE('',*,*,#9000,.T.);
#70040=EDGE_LOOP('',(#70030,#70020,#70010,#69950));
#70050=FACE_OUTER_BOUND('',#70040,.T.);
#70060=ADVANCED_FACE('',(#70050),#69870,.T.);
#70070=CARTESIAN_POINT('',(2.96101731916345,3.3223480408227,
-0.424999999999999));
#70080=DIRECTION('',(0.,0.,1.));
#70090=DIRECTION('',(-1.,-1.22460635382238E-16,0.));
#70100=AXIS2_PLACEMENT_3D('',#70070,#70080,#70090);
#70110=PLANE('',#70100);
#70120=CARTESIAN_POINT('',(-1.32,1.68499999999999,-0.424999999999999));
#70130=DIRECTION('',(-1.,0.,0.));
#70140=VECTOR('',#70130,1.);
#70150=LINE('',#70120,#70140);
#70160=CARTESIAN_POINT('',(-1.45,1.68499999999999,-0.424999999999999));
#70170=VERTEX_POINT('',#70160);
#70180=EDGE_CURVE('',#8830,#70170,#70150,.T.);
#70190=ORIENTED_EDGE('',*,*,#70180,.F.);
#70200=CARTESIAN_POINT('',(-1.45,1.73499999999999,-0.424999999999999));
#70210=DIRECTION('',(0.,0.,1.));
#70220=DIRECTION('',(-0.900478877885807,0.434899747621815,0.));
#70230=AXIS2_PLACEMENT_3D('',#70200,#70210,#70220);
#70240=CIRCLE('',#70230,0.0499999999999998);
#70250=CARTESIAN_POINT('',(-1.49502394389425,1.75674498738114,
-0.424999999999999));
#70260=VERTEX_POINT('',#70250);
#70270=EDGE_CURVE('',#70260,#70170,#70240,.T.);
#70280=ORIENTED_EDGE('',*,*,#70270,.T.);
#70290=CARTESIAN_POINT('',(-1.47497605610584,1.79825501261861,
-0.424999999999999));
#70300=DIRECTION('',(-0.434899747624565,-0.900478877884479,0.));
#70310=VECTOR('',#70300,1.);
#70320=LINE('',#70290,#70310);
#70330=CARTESIAN_POINT('',(-1.47497605610581,1.79825501261868,
-0.424999999999999));
#70340=VERTEX_POINT('',#70330);
#70350=EDGE_CURVE('',#70340,#70260,#70320,.T.);
#70360=ORIENTED_EDGE('',*,*,#70350,.T.);
#70370=CARTESIAN_POINT('',(-1.52,1.81999999999999,-0.424999999999999));
#70380=DIRECTION('',(0.,0.,-1.));
#70390=DIRECTION('',(2.30926389122028E-13,1.,0.));
#70400=AXIS2_PLACEMENT_3D('',#70370,#70380,#70390);
#70410=CIRCLE('',#70400,0.0500000000000009);
#70420=CARTESIAN_POINT('',(-1.51999999999999,1.86999999999999,
-0.424999999999999));
#70430=VERTEX_POINT('',#70420);
#70440=EDGE_CURVE('',#70430,#70340,#70410,.T.);
#70450=ORIENTED_EDGE('',*,*,#70440,.T.);
#70460=CARTESIAN_POINT('',(-1.52,1.86999999999999,-0.424999999999999));
#70470=DIRECTION('',(-1.,-6.53072367426563E-15,0.));
#70480=VECTOR('',#70470,1.);
#70490=LINE('',#70460,#70480);
#70500=CARTESIAN_POINT('',(-1.69,1.86999999999999,-0.424999999999999));
#70510=VERTEX_POINT('',#70500);
#70520=EDGE_CURVE('',#70430,#70510,#70490,.T.);
#70530=ORIENTED_EDGE('',*,*,#70520,.F.);
#70540=CARTESIAN_POINT('',(-1.69,1.86999999999999,-0.424999999999999));
#70550=DIRECTION('',(0.,1.,0.));
#70560=VECTOR('',#70550,1.);
#70570=LINE('',#70540,#70560);
#70580=CARTESIAN_POINT('',(-1.69,1.94999999999999,-0.424999999999999));
#70590=VERTEX_POINT('',#70580);
#70600=EDGE_CURVE('',#70510,#70590,#70570,.T.);
#70610=ORIENTED_EDGE('',*,*,#70600,.F.);
#70620=CARTESIAN_POINT('',(-1.64,1.94999999999999,-0.424999999999999));
#70630=DIRECTION('',(0.,0.,1.));
#70640=DIRECTION('',(-5.77315972805081E-14,1.,0.));
#70650=AXIS2_PLACEMENT_3D('',#70620,#70630,#70640);
#70660=CIRCLE('',#70650,0.05);
#70670=CARTESIAN_POINT('',(-1.64,1.99999999999999,-0.424999999999999));
#70680=VERTEX_POINT('',#70670);
#70690=EDGE_CURVE('',#70680,#70590,#70660,.T.);
#70700=ORIENTED_EDGE('',*,*,#70690,.T.);
#70710=CARTESIAN_POINT('',(-1.64,1.99999999999999,-0.424999999999999));
#70720=DIRECTION('',(1.,0.,0.));
#70730=VECTOR('',#70720,1.);
#70740=LINE('',#70710,#70730);
#70750=EDGE_CURVE('',#70680,#69930,#70740,.T.);
#70760=ORIENTED_EDGE('',*,*,#70750,.F.);
#70770=ORIENTED_EDGE('',*,*,#69940,.T.);
#70780=ORIENTED_EDGE('',*,*,#8920,.T.);
#70790=EDGE_LOOP('',(#70780,#70770,#70760,#70700,#70610,#70530,#70450,
#70360,#70280,#70190));
#70800=FACE_OUTER_BOUND('',#70790,.T.);
#70810=ADVANCED_FACE('',(#70800),#70110,.T.);
#70820=CARTESIAN_POINT('',(-1.32,1.68499999999999,-0.544999999999999));
#70830=DIRECTION('',(1.22460635382238E-16,-1.,0.));
#70840=DIRECTION('',(-1.,-1.22460635382238E-16,0.));
#70850=AXIS2_PLACEMENT_3D('',#70820,#70830,#70840);
#70860=PLANE('',#70850);
#70870=CARTESIAN_POINT('',(-1.45,1.68499999999999,-0.544999999999999));
#70880=DIRECTION('',(0.,0.,1.));
#70890=VECTOR('',#70880,1.);
#70900=LINE('',#70870,#70890);
#70910=EDGE_CURVE('',#69700,#70170,#70900,.T.);
#70920=ORIENTED_EDGE('',*,*,#70910,.F.);
#70930=ORIENTED_EDGE('',*,*,#70180,.T.);
#70940=ORIENTED_EDGE('',*,*,#8840,.T.);
#70950=ORIENTED_EDGE('',*,*,#69770,.F.);
#70960=EDGE_LOOP('',(#70950,#70940,#70930,#70920));
#70970=FACE_OUTER_BOUND('',#70960,.T.);
#70980=ADVANCED_FACE('',(#70970),#70860,.T.);
#70990=CARTESIAN_POINT('',(-1.45,1.73499999999999,-0.544999999999999));
#71000=DIRECTION('',(0.,0.,1.));
#71010=DIRECTION('',(-1.,-1.22460635382238E-16,0.));
#71020=AXIS2_PLACEMENT_3D('',#70990,#71000,#71010);
#71030=CYLINDRICAL_SURFACE('',#71020,0.0499999999999998);
#71040=CARTESIAN_POINT('',(-1.49502394389423,1.75674498738121,
-0.424999999999999));
#71050=DIRECTION('',(0.,0.,-1.));
#71060=VECTOR('',#71050,1.);
#71070=LINE('',#71040,#71060);
#71080=EDGE_CURVE('',#70260,#69610,#71070,.T.);
#71090=ORIENTED_EDGE('',*,*,#71080,.T.);
#71100=ORIENTED_EDGE('',*,*,#70270,.F.);
#71110=ORIENTED_EDGE('',*,*,#70910,.T.);
#71120=ORIENTED_EDGE('',*,*,#69710,.F.);
#71130=EDGE_LOOP('',(#71120,#71110,#71100,#71090));
#71140=FACE_OUTER_BOUND('',#71130,.T.);
#71150=ADVANCED_FACE('',(#71140),#71030,.T.);
#71160=CARTESIAN_POINT('',(-1.49502394389422,1.75674498738121,
-0.544999999999999));
#71170=DIRECTION('',(-0.900478877884487,0.434899747624548,0.));
#71180=DIRECTION('',(0.434899747624548,0.900478877884487,0.));
#71190=AXIS2_PLACEMENT_3D('',#71160,#71170,#71180);
#71200=PLANE('',#71190);
#71210=CARTESIAN_POINT('',(-1.47497605610578,1.79825501261876,
-0.544999999999999));
#71220=DIRECTION('',(0.,0.,1.));
#71230=VECTOR('',#71220,1.);
#71240=LINE('',#71210,#71230);
#71250=EDGE_CURVE('',#69530,#70340,#71240,.T.);
#71260=ORIENTED_EDGE('',*,*,#71250,.F.);
#71270=ORIENTED_EDGE('',*,*,#70350,.F.);
#71280=ORIENTED_EDGE('',*,*,#71080,.F.);
#71290=ORIENTED_EDGE('',*,*,#69620,.F.);
#71300=EDGE_LOOP('',(#71290,#71280,#71270,#71260));
#71310=FACE_OUTER_BOUND('',#71300,.T.);
#71320=ADVANCED_FACE('',(#71310),#71200,.T.);
#71330=CARTESIAN_POINT('',(-1.52,1.81999999999999,-0.544999999999999));
#71340=DIRECTION('',(0.,0.,1.));
#71350=DIRECTION('',(-1.,-1.22460635382238E-16,0.));
#71360=AXIS2_PLACEMENT_3D('',#71330,#71340,#71350);
#71370=CYLINDRICAL_SURFACE('',#71360,0.0500000000000009);
#71380=CARTESIAN_POINT('',(-1.52,1.86999999999999,-0.424999999999999));
#71390=DIRECTION('',(0.,0.,-1.));
#71400=VECTOR('',#71390,1.);
#71410=LINE('',#71380,#71400);
#71420=EDGE_CURVE('',#70430,#69440,#71410,.T.);
#71430=ORIENTED_EDGE('',*,*,#71420,.T.);
#71440=ORIENTED_EDGE('',*,*,#70440,.F.);
#71450=ORIENTED_EDGE('',*,*,#71250,.T.);
#71460=ORIENTED_EDGE('',*,*,#69540,.F.);
#71470=EDGE_LOOP('',(#71460,#71450,#71440,#71430));
#71480=FACE_OUTER_BOUND('',#71470,.T.);
#71490=ADVANCED_FACE('',(#71480),#71370,.F.);
#71500=CARTESIAN_POINT('',(-1.52,1.86999999999999,-0.544999999999999));
#71510=DIRECTION('',(6.6531843096478E-15,-1.,0.));
#71520=DIRECTION('',(-1.,-6.6531843096478E-15,0.));
#71530=AXIS2_PLACEMENT_3D('',#71500,#71510,#71520);
#71540=PLANE('',#71530);
#71550=CARTESIAN_POINT('',(-1.69,1.86999999999999,-0.544999999999999));
#71560=DIRECTION('',(0.,0.,1.));
#71570=VECTOR('',#71560,1.);
#71580=LINE('',#71550,#71570);
#71590=EDGE_CURVE('',#69360,#70510,#71580,.T.);
#71600=ORIENTED_EDGE('',*,*,#71590,.F.);
#71610=ORIENTED_EDGE('',*,*,#70520,.T.);
#71620=ORIENTED_EDGE('',*,*,#71420,.F.);
#71630=ORIENTED_EDGE('',*,*,#69450,.F.);
#71640=EDGE_LOOP('',(#71630,#71620,#71610,#71600));
#71650=FACE_OUTER_BOUND('',#71640,.T.);
#71660=ADVANCED_FACE('',(#71650),#71540,.T.);
#71670=CARTESIAN_POINT('',(-1.69,1.86999999999999,-0.544999999999999));
#71680=DIRECTION('',(-1.,-1.22460635382238E-16,-0.));
#71690=DIRECTION('',(-1.22460635382238E-16,1.,0.));
#71700=AXIS2_PLACEMENT_3D('',#71670,#71680,#71690);
#71710=PLANE('',#71700);
#71720=CARTESIAN_POINT('',(-1.69,1.94999999999999,-0.544999999999999));
#71730=DIRECTION('',(0.,0.,1.));
#71740=VECTOR('',#71730,1.);
#71750=LINE('',#71720,#71740);
#71760=EDGE_CURVE('',#69280,#70590,#71750,.T.);
#71770=ORIENTED_EDGE('',*,*,#71760,.F.);
#71780=ORIENTED_EDGE('',*,*,#70600,.T.);
#71790=ORIENTED_EDGE('',*,*,#71590,.T.);
#71800=ORIENTED_EDGE('',*,*,#69370,.F.);
#71810=EDGE_LOOP('',(#71800,#71790,#71780,#71770));
#71820=FACE_OUTER_BOUND('',#71810,.T.);
#71830=ADVANCED_FACE('',(#71820),#71710,.T.);
#71840=CARTESIAN_POINT('',(-1.64,1.94999999999999,-0.544999999999999));
#71850=DIRECTION('',(0.,0.,1.));
#71860=DIRECTION('',(-1.,-1.22460635382238E-16,0.));
#71870=AXIS2_PLACEMENT_3D('',#71840,#71850,#71860);
#71880=CYLINDRICAL_SURFACE('',#71870,0.05);
#71890=CARTESIAN_POINT('',(-1.64,1.99999999999999,-0.424999999999999));
#71900=DIRECTION('',(0.,0.,-1.));
#71910=VECTOR('',#71900,1.);
#71920=LINE('',#71890,#71910);
#71930=EDGE_CURVE('',#70680,#69190,#71920,.T.);
#71940=ORIENTED_EDGE('',*,*,#71930,.T.);
#71950=ORIENTED_EDGE('',*,*,#70690,.F.);
#71960=ORIENTED_EDGE('',*,*,#71760,.T.);
#71970=ORIENTED_EDGE('',*,*,#69290,.F.);
#71980=EDGE_LOOP('',(#71970,#71960,#71950,#71940));
#71990=FACE_OUTER_BOUND('',#71980,.T.);
#72000=ADVANCED_FACE('',(#71990),#71880,.T.);
#72010=CARTESIAN_POINT('',(-1.64,1.99999999999999,-0.544999999999999));
#72020=DIRECTION('',(-1.22460635382238E-16,1.,0.));
#72030=DIRECTION('',(1.,1.22460635382238E-16,0.));
#72040=AXIS2_PLACEMENT_3D('',#72010,#72020,#72030);
#72050=PLANE('',#72040);
#72060=ORIENTED_EDGE('',*,*,#70000,.F.);
#72070=ORIENTED_EDGE('',*,*,#70750,.T.);
#72080=ORIENTED_EDGE('',*,*,#71930,.F.);
#72090=ORIENTED_EDGE('',*,*,#69200,.F.);
#72100=EDGE_LOOP('',(#72090,#72080,#72070,#72060));
#72110=FACE_OUTER_BOUND('',#72100,.T.);
#72120=ADVANCED_FACE('',(#72110),#72050,.T.);
#72130=CARTESIAN_POINT('',(2.96101731916345,3.3223480408227,-1.225));
#72140=DIRECTION('',(0.,0.,1.));
#72150=DIRECTION('',(-1.,-1.22460635382238E-16,0.));
#72160=AXIS2_PLACEMENT_3D('',#72130,#72140,#72150);
#72170=PLANE('',#72160);
#72180=CARTESIAN_POINT('',(-1.32,1.68499999999999,-1.225));
#72190=DIRECTION('',(-1.,0.,0.));
#72200=VECTOR('',#72190,1.);
#72210=LINE('',#72180,#72200);
#72220=CARTESIAN_POINT('',(-1.45,1.68499999999999,-1.225));
#72230=VERTEX_POINT('',#72220);
#72240=EDGE_CURVE('',#9330,#72230,#72210,.T.);
#72250=ORIENTED_EDGE('',*,*,#72240,.F.);
#72260=CARTESIAN_POINT('',(-1.45,1.73499999999999,-1.225));
#72270=DIRECTION('',(0.,0.,1.));
#72280=DIRECTION('',(-0.900478877885826,0.434899747621774,0.));
#72290=AXIS2_PLACEMENT_3D('',#72260,#72270,#72280);
#72300=CIRCLE('',#72290,0.0499999999999998);
#72310=CARTESIAN_POINT('',(-1.49502394389425,1.75674498738114,-1.225));
#72320=VERTEX_POINT('',#72310);
#72330=EDGE_CURVE('',#72320,#72230,#72300,.T.);
#72340=ORIENTED_EDGE('',*,*,#72330,.T.);
#72350=CARTESIAN_POINT('',(-1.47497605610582,1.79825501261865,-1.225));
#72360=DIRECTION('',(-0.434899747624558,-0.900478877884482,0.));
#72370=VECTOR('',#72360,1.);
#72380=LINE('',#72350,#72370);
#72390=CARTESIAN_POINT('',(-1.4749760561058,1.7982550126187,-1.225));
#72400=VERTEX_POINT('',#72390);
#72410=EDGE_CURVE('',#72400,#72320,#72380,.T.);
#72420=ORIENTED_EDGE('',*,*,#72410,.T.);
#72430=CARTESIAN_POINT('',(-1.52,1.81999999999999,-1.225));
#72440=DIRECTION('',(0.,0.,-1.));
#72450=DIRECTION('',(2.30926389122028E-13,1.,0.));
#72460=AXIS2_PLACEMENT_3D('',#72430,#72440,#72450);
#72470=CIRCLE('',#72460,0.0500000000000009);
#72480=CARTESIAN_POINT('',(-1.51999999999999,1.86999999999999,-1.225));
#72490=VERTEX_POINT('',#72480);
#72500=EDGE_CURVE('',#72490,#72400,#72470,.T.);
#72510=ORIENTED_EDGE('',*,*,#72500,.T.);
#72520=CARTESIAN_POINT('',(-1.52,1.86999999999999,-1.225));
#72530=DIRECTION('',(-1.,-6.53072367426563E-15,0.));
#72540=VECTOR('',#72530,1.);
#72550=LINE('',#72520,#72540);
#72560=CARTESIAN_POINT('',(-1.69,1.86999999999999,-1.225));
#72570=VERTEX_POINT('',#72560);
#72580=EDGE_CURVE('',#72490,#72570,#72550,.T.);
#72590=ORIENTED_EDGE('',*,*,#72580,.F.);
#72600=CARTESIAN_POINT('',(-1.69,1.86999999999999,-1.225));
#72610=DIRECTION('',(0.,1.,0.));
#72620=VECTOR('',#72610,1.);
#72630=LINE('',#72600,#72620);
#72640=CARTESIAN_POINT('',(-1.69,1.94999999999999,-1.225));
#72650=VERTEX_POINT('',#72640);
#72660=EDGE_CURVE('',#72570,#72650,#72630,.T.);
#72670=ORIENTED_EDGE('',*,*,#72660,.F.);
#72680=CARTESIAN_POINT('',(-1.64,1.94999999999999,-1.225));
#72690=DIRECTION('',(0.,0.,1.));
#72700=DIRECTION('',(-5.77315972805081E-14,1.,0.));
#72710=AXIS2_PLACEMENT_3D('',#72680,#72690,#72700);
#72720=CIRCLE('',#72710,0.05);
#72730=CARTESIAN_POINT('',(-1.64,1.99999999999999,-1.225));
#72740=VERTEX_POINT('',#72730);
#72750=EDGE_CURVE('',#72740,#72650,#72720,.T.);
#72760=ORIENTED_EDGE('',*,*,#72750,.T.);
#72770=CARTESIAN_POINT('',(-1.64,1.99999999999999,-1.225));
#72780=DIRECTION('',(1.,0.,0.));
#72790=VECTOR('',#72780,1.);
#72800=LINE('',#72770,#72790);
#72810=CARTESIAN_POINT('',(-1.39,1.99999999999999,-1.225));
#72820=VERTEX_POINT('',#72810);
#72830=EDGE_CURVE('',#72740,#72820,#72800,.T.);
#72840=ORIENTED_EDGE('',*,*,#72830,.F.);
#72850=CARTESIAN_POINT('',(-1.32,1.93249999999999,-1.225));
#72860=DIRECTION('',(-0.719844295420687,0.69413557058423,0.));
#72870=VECTOR('',#72860,1.);
#72880=LINE('',#72850,#72870);
#72890=EDGE_CURVE('',#9150,#72820,#72880,.T.);
#72900=ORIENTED_EDGE('',*,*,#72890,.T.);
#72910=ORIENTED_EDGE('',*,*,#9400,.T.);
#72920=EDGE_LOOP('',(#72910,#72900,#72840,#72760,#72670,#72590,#72510,
#72420,#72340,#72250));
#72930=FACE_OUTER_BOUND('',#72920,.T.);
#72940=ADVANCED_FACE('',(#72930),#72170,.T.);
#72950=CARTESIAN_POINT('',(-1.32,1.68499999999999,-1.345));
#72960=DIRECTION('',(1.22460635382238E-16,-1.,0.));
#72970=DIRECTION('',(-1.,-1.22460635382238E-16,0.));
#72980=AXIS2_PLACEMENT_3D('',#72950,#72960,#72970);
#72990=PLANE('',#72980);
#73000=CARTESIAN_POINT('',(-1.45,1.68499999999999,-1.345));
#73010=DIRECTION('',(0.,0.,1.));
#73020=VECTOR('',#73010,1.);
#73030=LINE('',#73000,#73020);
#73040=CARTESIAN_POINT('',(-1.45,1.68499999999999,-1.345));
#73050=VERTEX_POINT('',#73040);
#73060=EDGE_CURVE('',#73050,#72230,#73030,.T.);
#73070=ORIENTED_EDGE('',*,*,#73060,.F.);
#73080=ORIENTED_EDGE('',*,*,#72240,.T.);
#73090=ORIENTED_EDGE('',*,*,#9340,.T.);
#73100=CARTESIAN_POINT('',(-1.32,1.68499999999999,-1.345));
#73110=DIRECTION('',(-1.,0.,0.));
#73120=VECTOR('',#73110,1.);
#73130=LINE('',#73100,#73120);
#73140=EDGE_CURVE('',#9250,#73050,#73130,.T.);
#73150=ORIENTED_EDGE('',*,*,#73140,.F.);
#73160=EDGE_LOOP('',(#73150,#73090,#73080,#73070));
#73170=FACE_OUTER_BOUND('',#73160,.T.);
#73180=ADVANCED_FACE('',(#73170),#72990,.T.);
#73190=CARTESIAN_POINT('',(2.96101731916345,3.3223480408227,-1.345));
#73200=DIRECTION('',(0.,0.,1.));
#73210=DIRECTION('',(-1.,-1.22460635382238E-16,0.));
#73220=AXIS2_PLACEMENT_3D('',#73190,#73200,#73210);
#73230=PLANE('',#73220);
#73240=CARTESIAN_POINT('',(-1.39,1.99999999999999,-1.345));
#73250=DIRECTION('',(0.719844295420687,-0.69413557058423,0.));
#73260=VECTOR('',#73250,1.);
#73270=LINE('',#73240,#73260);
#73280=CARTESIAN_POINT('',(-1.39,1.99999999999999,-1.345));
#73290=VERTEX_POINT('',#73280);
#73300=EDGE_CURVE('',#73290,#9170,#73270,.T.);
#73310=ORIENTED_EDGE('',*,*,#73300,.T.);
#73320=CARTESIAN_POINT('',(-1.64,1.99999999999999,-1.345));
#73330=DIRECTION('',(1.,8.88178419700122E-16,0.));
#73340=VECTOR('',#73330,1.);
#73350=LINE('',#73320,#73340);
#73360=CARTESIAN_POINT('',(-1.64,1.99999999999999,-1.345));
#73370=VERTEX_POINT('',#73360);
#73380=EDGE_CURVE('',#73370,#73290,#73350,.T.);
#73390=ORIENTED_EDGE('',*,*,#73380,.T.);
#73400=CARTESIAN_POINT('',(-1.64,1.94999999999999,-1.345));
#73410=DIRECTION('',(0.,0.,-1.));
#73420=DIRECTION('',(-1.,0.,0.));
#73430=AXIS2_PLACEMENT_3D('',#73400,#73410,#73420);
#73440=CIRCLE('',#73430,0.05);
#73450=CARTESIAN_POINT('',(-1.69,1.94999999999999,-1.345));
#73460=VERTEX_POINT('',#73450);
#73470=EDGE_CURVE('',#73460,#73370,#73440,.T.);
#73480=ORIENTED_EDGE('',*,*,#73470,.T.);
#73490=CARTESIAN_POINT('',(-1.69,1.86999999999999,-1.345));
#73500=DIRECTION('',(0.,1.,0.));
#73510=VECTOR('',#73500,1.);
#73520=LINE('',#73490,#73510);
#73530=CARTESIAN_POINT('',(-1.69,1.86999999999999,-1.345));
#73540=VERTEX_POINT('',#73530);
#73550=EDGE_CURVE('',#73540,#73460,#73520,.T.);
#73560=ORIENTED_EDGE('',*,*,#73550,.T.);
#73570=CARTESIAN_POINT('',(-1.52,1.86999999999999,-1.345));
#73580=DIRECTION('',(-1.,-1.30614473485312E-15,0.));
#73590=VECTOR('',#73580,1.);
#73600=LINE('',#73570,#73590);
#73610=CARTESIAN_POINT('',(-1.52,1.86999999999999,-1.345));
#73620=VERTEX_POINT('',#73610);
#73630=EDGE_CURVE('',#73620,#73540,#73600,.T.);
#73640=ORIENTED_EDGE('',*,*,#73630,.T.);
#73650=CARTESIAN_POINT('',(-1.52,1.81999999999999,-1.345));
#73660=DIRECTION('',(0.,0.,1.));
#73670=DIRECTION('',(0.900478877882798,-0.434899747628045,0.));
#73680=AXIS2_PLACEMENT_3D('',#73650,#73660,#73670);
#73690=CIRCLE('',#73680,0.0500000000000009);
#73700=CARTESIAN_POINT('',(-1.47497605610581,1.79825501261867,-1.345));
#73710=VERTEX_POINT('',#73700);
#73720=EDGE_CURVE('',#73710,#73620,#73690,.T.);
#73730=ORIENTED_EDGE('',*,*,#73720,.T.);
#73740=CARTESIAN_POINT('',(-1.49502394389426,1.75674498738114,-1.345));
#73750=DIRECTION('',(0.434899747624558,0.900478877884482,0.));
#73760=VECTOR('',#73750,1.);
#73770=LINE('',#73740,#73760);
#73780=CARTESIAN_POINT('',(-1.49502394389424,1.75674498738117,-1.345));
#73790=VERTEX_POINT('',#73780);
#73800=EDGE_CURVE('',#73790,#73710,#73770,.T.);
#73810=ORIENTED_EDGE('',*,*,#73800,.T.);
#73820=CARTESIAN_POINT('',(-1.45,1.73499999999999,-1.345));
#73830=DIRECTION('',(0.,0.,-1.));
#73840=DIRECTION('',(3.99680288865058E-14,-1.,0.));
#73850=AXIS2_PLACEMENT_3D('',#73820,#73830,#73840);
#73860=CIRCLE('',#73850,0.0499999999999998);
#73870=EDGE_CURVE('',#73050,#73790,#73860,.T.);
#73880=ORIENTED_EDGE('',*,*,#73870,.T.);
#73890=ORIENTED_EDGE('',*,*,#73140,.T.);
#73900=ORIENTED_EDGE('',*,*,#9260,.F.);
#73910=EDGE_LOOP('',(#73900,#73890,#73880,#73810,#73730,#73640,#73560,
#73480,#73390,#73310));
#73920=FACE_OUTER_BOUND('',#73910,.T.);
#73930=ADVANCED_FACE('',(#73920),#73230,.F.);
#73940=CARTESIAN_POINT('',(-1.39,1.99999999999999,-1.345));
#73950=DIRECTION('',(0.694135570584233,0.719844295420684,0.));
#73960=DIRECTION('',(0.719844295420684,-0.694135570584233,0.));
#73970=AXIS2_PLACEMENT_3D('',#73940,#73950,#73960);
#73980=PLANE('',#73970);
#73990=ORIENTED_EDGE('',*,*,#72890,.F.);
#74000=CARTESIAN_POINT('',(-1.39,1.99999999999999,-1.345));
#74010=DIRECTION('',(0.,0.,1.));
#74020=VECTOR('',#74010,1.);
#74030=LINE('',#74000,#74020);
#74040=EDGE_CURVE('',#73290,#72820,#74030,.T.);
#74050=ORIENTED_EDGE('',*,*,#74040,.T.);
#74060=ORIENTED_EDGE('',*,*,#73300,.F.);
#74070=ORIENTED_EDGE('',*,*,#9180,.T.);
#74080=EDGE_LOOP('',(#74070,#74060,#74050,#73990));
#74090=FACE_OUTER_BOUND('',#74080,.T.);
#74100=ADVANCED_FACE('',(#74090),#73980,.T.);
#74110=CARTESIAN_POINT('',(-1.64,1.99999999999999,-1.345));
#74120=DIRECTION('',(-1.22460635382238E-16,1.,0.));
#74130=DIRECTION('',(1.,1.22460635382238E-16,0.));
#74140=AXIS2_PLACEMENT_3D('',#74110,#74120,#74130);
#74150=PLANE('',#74140);
#74160=ORIENTED_EDGE('',*,*,#74040,.F.);
#74170=ORIENTED_EDGE('',*,*,#72830,.T.);
#74180=CARTESIAN_POINT('',(-1.64,1.99999999999999,-1.225));
#74190=DIRECTION('',(0.,0.,-1.));
#74200=VECTOR('',#74190,1.);
#74210=LINE('',#74180,#74200);
#74220=EDGE_CURVE('',#72740,#73370,#74210,.T.);
#74230=ORIENTED_EDGE('',*,*,#74220,.F.);
#74240=ORIENTED_EDGE('',*,*,#73380,.F.);
#74250=EDGE_LOOP('',(#74240,#74230,#74170,#74160));
#74260=FACE_OUTER_BOUND('',#74250,.T.);
#74270=ADVANCED_FACE('',(#74260),#74150,.T.);
#74280=CARTESIAN_POINT('',(-1.64,1.94999999999999,-1.345));
#74290=DIRECTION('',(0.,0.,1.));
#74300=DIRECTION('',(-1.,-1.22460635382238E-16,0.));
#74310=AXIS2_PLACEMENT_3D('',#74280,#74290,#74300);
#74320=CYLINDRICAL_SURFACE('',#74310,0.05);
#74330=ORIENTED_EDGE('',*,*,#74220,.T.);
#74340=ORIENTED_EDGE('',*,*,#72750,.F.);
#74350=CARTESIAN_POINT('',(-1.69,1.94999999999999,-1.345));
#74360=DIRECTION('',(0.,0.,1.));
#74370=VECTOR('',#74360,1.);
#74380=LINE('',#74350,#74370);
#74390=EDGE_CURVE('',#73460,#72650,#74380,.T.);
#74400=ORIENTED_EDGE('',*,*,#74390,.T.);
#74410=ORIENTED_EDGE('',*,*,#73470,.F.);
#74420=EDGE_LOOP('',(#74410,#74400,#74340,#74330));
#74430=FACE_OUTER_BOUND('',#74420,.T.);
#74440=ADVANCED_FACE('',(#74430),#74320,.T.);
#74450=CARTESIAN_POINT('',(-1.69,1.86999999999999,-1.345));
#74460=DIRECTION('',(-1.,-1.22460635382238E-16,-0.));
#74470=DIRECTION('',(-1.22460635382238E-16,1.,0.));
#74480=AXIS2_PLACEMENT_3D('',#74450,#74460,#74470);
#74490=PLANE('',#74480);
#74500=ORIENTED_EDGE('',*,*,#74390,.F.);
#74510=ORIENTED_EDGE('',*,*,#72660,.T.);
#74520=CARTESIAN_POINT('',(-1.69,1.86999999999999,-1.345));
#74530=DIRECTION('',(0.,0.,1.));
#74540=VECTOR('',#74530,1.);
#74550=LINE('',#74520,#74540);
#74560=EDGE_CURVE('',#73540,#72570,#74550,.T.);
#74570=ORIENTED_EDGE('',*,*,#74560,.T.);
#74580=ORIENTED_EDGE('',*,*,#73550,.F.);
#74590=EDGE_LOOP('',(#74580,#74570,#74510,#74500));
#74600=FACE_OUTER_BOUND('',#74590,.T.);
#74610=ADVANCED_FACE('',(#74600),#74490,.T.);
#74620=CARTESIAN_POINT('',(-1.52,1.86999999999999,-1.345));
#74630=DIRECTION('',(6.6531843096478E-15,-1.,0.));
#74640=DIRECTION('',(-1.,-6.6531843096478E-15,0.));
#74650=AXIS2_PLACEMENT_3D('',#74620,#74630,#74640);
#74660=PLANE('',#74650);
#74670=ORIENTED_EDGE('',*,*,#74560,.F.);
#74680=ORIENTED_EDGE('',*,*,#72580,.T.);
#74690=CARTESIAN_POINT('',(-1.52,1.86999999999999,-1.225));
#74700=DIRECTION('',(0.,0.,-1.));
#74710=VECTOR('',#74700,1.);
#74720=LINE('',#74690,#74710);
#74730=EDGE_CURVE('',#72490,#73620,#74720,.T.);
#74740=ORIENTED_EDGE('',*,*,#74730,.F.);
#74750=ORIENTED_EDGE('',*,*,#73630,.F.);
#74760=EDGE_LOOP('',(#74750,#74740,#74680,#74670));
#74770=FACE_OUTER_BOUND('',#74760,.T.);
#74780=ADVANCED_FACE('',(#74770),#74660,.T.);
#74790=CARTESIAN_POINT('',(-1.52,1.81999999999999,-1.345));
#74800=DIRECTION('',(0.,0.,1.));
#74810=DIRECTION('',(-1.,-1.22460635382238E-16,0.));
#74820=AXIS2_PLACEMENT_3D('',#74790,#74800,#74810);
#74830=CYLINDRICAL_SURFACE('',#74820,0.0500000000000009);
#74840=ORIENTED_EDGE('',*,*,#74730,.T.);
#74850=ORIENTED_EDGE('',*,*,#72500,.F.);
#74860=CARTESIAN_POINT('',(-1.47497605610578,1.79825501261876,-1.345));
#74870=DIRECTION('',(0.,0.,1.));
#74880=VECTOR('',#74870,1.);
#74890=LINE('',#74860,#74880);
#74900=EDGE_CURVE('',#73710,#72400,#74890,.T.);
#74910=ORIENTED_EDGE('',*,*,#74900,.T.);
#74920=ORIENTED_EDGE('',*,*,#73720,.F.);
#74930=EDGE_LOOP('',(#74920,#74910,#74850,#74840));
#74940=FACE_OUTER_BOUND('',#74930,.T.);
#74950=ADVANCED_FACE('',(#74940),#74830,.F.);
#74960=CARTESIAN_POINT('',(-1.49502394389422,1.75674498738121,-1.345));
#74970=DIRECTION('',(-0.900478877884487,0.434899747624548,0.));
#74980=DIRECTION('',(0.434899747624548,0.900478877884487,0.));
#74990=AXIS2_PLACEMENT_3D('',#74960,#74970,#74980);
#75000=PLANE('',#74990);
#75010=ORIENTED_EDGE('',*,*,#74900,.F.);
#75020=ORIENTED_EDGE('',*,*,#72410,.F.);
#75030=CARTESIAN_POINT('',(-1.49502394389423,1.75674498738121,-1.225));
#75040=DIRECTION('',(0.,0.,-1.));
#75050=VECTOR('',#75040,1.);
#75060=LINE('',#75030,#75050);
#75070=EDGE_CURVE('',#72320,#73790,#75060,.T.);
#75080=ORIENTED_EDGE('',*,*,#75070,.F.);
#75090=ORIENTED_EDGE('',*,*,#73800,.F.);
#75100=EDGE_LOOP('',(#75090,#75080,#75020,#75010));
#75110=FACE_OUTER_BOUND('',#75100,.T.);
#75120=ADVANCED_FACE('',(#75110),#75000,.T.);
#75130=CARTESIAN_POINT('',(-1.45,1.73499999999999,-1.345));
#75140=DIRECTION('',(0.,0.,1.));
#75150=DIRECTION('',(-1.,-1.22460635382238E-16,0.));
#75160=AXIS2_PLACEMENT_3D('',#75130,#75140,#75150);
#75170=CYLINDRICAL_SURFACE('',#75160,0.0499999999999998);
#75180=ORIENTED_EDGE('',*,*,#75070,.T.);
#75190=ORIENTED_EDGE('',*,*,#72330,.F.);
#75200=ORIENTED_EDGE('',*,*,#73060,.T.);
#75210=ORIENTED_EDGE('',*,*,#73870,.F.);
#75220=EDGE_LOOP('',(#75210,#75200,#75190,#75180));
#75230=FACE_OUTER_BOUND('',#75220,.T.);
#75240=ADVANCED_FACE('',(#75230),#75170,.T.);
#75250=CARTESIAN_POINT('',(2.96101731916345,3.3223480408227,-1.625));
#75260=DIRECTION('',(0.,0.,1.));
#75270=DIRECTION('',(-1.,-1.22460635382238E-16,0.));
#75280=AXIS2_PLACEMENT_3D('',#75250,#75260,#75270);
#75290=PLANE('',#75280);
#75300=CARTESIAN_POINT('',(-1.32,1.68499999999999,-1.625));
#75310=DIRECTION('',(-1.,0.,0.));
#75320=VECTOR('',#75310,1.);
#75330=LINE('',#75300,#75320);
#75340=CARTESIAN_POINT('',(-1.45,1.68499999999999,-1.625));
#75350=VERTEX_POINT('',#75340);
#75360=EDGE_CURVE('',#9670,#75350,#75330,.T.);
#75370=ORIENTED_EDGE('',*,*,#75360,.F.);
#75380=CARTESIAN_POINT('',(-1.45,1.73499999999999,-1.625));
#75390=DIRECTION('',(0.,0.,1.));
#75400=DIRECTION('',(-0.900478877885779,0.434899747621873,0.));
#75410=AXIS2_PLACEMENT_3D('',#75380,#75390,#75400);
#75420=CIRCLE('',#75410,0.0499999999999998);
#75430=CARTESIAN_POINT('',(-1.49502394389425,1.75674498738114,-1.625));
#75440=VERTEX_POINT('',#75430);
#75450=EDGE_CURVE('',#75440,#75350,#75420,.T.);
#75460=ORIENTED_EDGE('',*,*,#75450,.T.);
#75470=CARTESIAN_POINT('',(-1.47497605610581,1.79825501261866,-1.625));
#75480=DIRECTION('',(-0.434899747624576,-0.900478877884473,0.));
#75490=VECTOR('',#75480,1.);
#75500=LINE('',#75470,#75490);
#75510=CARTESIAN_POINT('',(-1.4749760561058,1.79825501261871,-1.625));
#75520=VERTEX_POINT('',#75510);
#75530=EDGE_CURVE('',#75520,#75440,#75500,.T.);
#75540=ORIENTED_EDGE('',*,*,#75530,.T.);
#75550=CARTESIAN_POINT('',(-1.52,1.81999999999999,-1.625));
#75560=DIRECTION('',(0.,0.,-1.));
#75570=DIRECTION('',(2.30926389122028E-13,1.,0.));
#75580=AXIS2_PLACEMENT_3D('',#75550,#75560,#75570);
#75590=CIRCLE('',#75580,0.0500000000000009);
#75600=CARTESIAN_POINT('',(-1.51999999999999,1.86999999999999,-1.625));
#75610=VERTEX_POINT('',#75600);
#75620=EDGE_CURVE('',#75610,#75520,#75590,.T.);
#75630=ORIENTED_EDGE('',*,*,#75620,.T.);
#75640=CARTESIAN_POINT('',(-1.52,1.86999999999999,-1.625));
#75650=DIRECTION('',(-1.,-6.53072367426563E-15,0.));
#75660=VECTOR('',#75650,1.);
#75670=LINE('',#75640,#75660);
#75680=CARTESIAN_POINT('',(-1.69,1.86999999999999,-1.625));
#75690=VERTEX_POINT('',#75680);
#75700=EDGE_CURVE('',#75610,#75690,#75670,.T.);
#75710=ORIENTED_EDGE('',*,*,#75700,.F.);
#75720=CARTESIAN_POINT('',(-1.69,1.86999999999999,-1.625));
#75730=DIRECTION('',(0.,1.,0.));
#75740=VECTOR('',#75730,1.);
#75750=LINE('',#75720,#75740);
#75760=CARTESIAN_POINT('',(-1.69,1.94999999999999,-1.625));
#75770=VERTEX_POINT('',#75760);
#75780=EDGE_CURVE('',#75690,#75770,#75750,.T.);
#75790=ORIENTED_EDGE('',*,*,#75780,.F.);
#75800=CARTESIAN_POINT('',(-1.64,1.94999999999999,-1.625));
#75810=DIRECTION('',(0.,0.,1.));
#75820=DIRECTION('',(-5.77315972805081E-14,1.,0.));
#75830=AXIS2_PLACEMENT_3D('',#75800,#75810,#75820);
#75840=CIRCLE('',#75830,0.05);
#75850=CARTESIAN_POINT('',(-1.64,1.99999999999999,-1.625));
#75860=VERTEX_POINT('',#75850);
#75870=EDGE_CURVE('',#75860,#75770,#75840,.T.);
#75880=ORIENTED_EDGE('',*,*,#75870,.T.);
#75890=CARTESIAN_POINT('',(-1.64,1.99999999999999,-1.625));
#75900=DIRECTION('',(1.,0.,0.));
#75910=VECTOR('',#75900,1.);
#75920=LINE('',#75890,#75910);
#75930=CARTESIAN_POINT('',(-1.39,1.99999999999999,-1.625));
#75940=VERTEX_POINT('',#75930);
#75950=EDGE_CURVE('',#75860,#75940,#75920,.T.);
#75960=ORIENTED_EDGE('',*,*,#75950,.F.);
#75970=CARTESIAN_POINT('',(-1.32,1.93249999999999,-1.625));
#75980=DIRECTION('',(-0.719844295420687,0.69413557058423,0.));
#75990=VECTOR('',#75980,1.);
#76000=LINE('',#75970,#75990);
#76010=EDGE_CURVE('',#9490,#75940,#76000,.T.);
#76020=ORIENTED_EDGE('',*,*,#76010,.T.);
#76030=ORIENTED_EDGE('',*,*,#9740,.T.);
#76040=EDGE_LOOP('',(#76030,#76020,#75960,#75880,#75790,#75710,#75630,
#75540,#75460,#75370));
#76050=FACE_OUTER_BOUND('',#76040,.T.);
#76060=ADVANCED_FACE('',(#76050),#75290,.T.);
#76070=CARTESIAN_POINT('',(-1.32,1.68499999999999,-1.745));
#76080=DIRECTION('',(1.22460635382238E-16,-1.,0.));
#76090=DIRECTION('',(-1.,-1.22460635382238E-16,0.));
#76100=AXIS2_PLACEMENT_3D('',#76070,#76080,#76090);
#76110=PLANE('',#76100);
#76120=CARTESIAN_POINT('',(-1.45,1.68499999999999,-1.745));
#76130=DIRECTION('',(0.,0.,1.));
#76140=VECTOR('',#76130,1.);
#76150=LINE('',#76120,#76140);
#76160=CARTESIAN_POINT('',(-1.45,1.68499999999999,-1.745));
#76170=VERTEX_POINT('',#76160);
#76180=EDGE_CURVE('',#76170,#75350,#76150,.T.);
#76190=ORIENTED_EDGE('',*,*,#76180,.F.);
#76200=ORIENTED_EDGE('',*,*,#75360,.T.);
#76210=ORIENTED_EDGE('',*,*,#9680,.T.);
#76220=CARTESIAN_POINT('',(-1.32,1.68499999999999,-1.745));
#76230=DIRECTION('',(-1.,0.,0.));
#76240=VECTOR('',#76230,1.);
#76250=LINE('',#76220,#76240);
#76260=EDGE_CURVE('',#9590,#76170,#76250,.T.);
#76270=ORIENTED_EDGE('',*,*,#76260,.F.);
#76280=EDGE_LOOP('',(#76270,#76210,#76200,#76190));
#76290=FACE_OUTER_BOUND('',#76280,.T.);
#76300=ADVANCED_FACE('',(#76290),#76110,.T.);
#76310=CARTESIAN_POINT('',(2.96101731916345,3.3223480408227,-1.745));
#76320=DIRECTION('',(0.,0.,1.));
#76330=DIRECTION('',(-1.,-1.22460635382238E-16,0.));
#76340=AXIS2_PLACEMENT_3D('',#76310,#76320,#76330);
#76350=PLANE('',#76340);
#76360=CARTESIAN_POINT('',(-1.39,1.99999999999999,-1.745));
#76370=DIRECTION('',(0.719844295420687,-0.69413557058423,0.));
#76380=VECTOR('',#76370,1.);
#76390=LINE('',#76360,#76380);
#76400=CARTESIAN_POINT('',(-1.39,1.99999999999999,-1.745));
#76410=VERTEX_POINT('',#76400);
#76420=EDGE_CURVE('',#76410,#9510,#76390,.T.);
#76430=ORIENTED_EDGE('',*,*,#76420,.T.);
#76440=CARTESIAN_POINT('',(-1.64,1.99999999999999,-1.745));
#76450=DIRECTION('',(1.,8.88178419700122E-16,0.));
#76460=VECTOR('',#76450,1.);
#76470=LINE('',#76440,#76460);
#76480=CARTESIAN_POINT('',(-1.64,1.99999999999999,-1.745));
#76490=VERTEX_POINT('',#76480);
#76500=EDGE_CURVE('',#76490,#76410,#76470,.T.);
#76510=ORIENTED_EDGE('',*,*,#76500,.T.);
#76520=CARTESIAN_POINT('',(-1.64,1.94999999999999,-1.745));
#76530=DIRECTION('',(0.,0.,-1.));
#76540=DIRECTION('',(-1.,0.,0.));
#76550=AXIS2_PLACEMENT_3D('',#76520,#76530,#76540);
#76560=CIRCLE('',#76550,0.05);
#76570=CARTESIAN_POINT('',(-1.69,1.94999999999999,-1.745));
#76580=VERTEX_POINT('',#76570);
#76590=EDGE_CURVE('',#76580,#76490,#76560,.T.);
#76600=ORIENTED_EDGE('',*,*,#76590,.T.);
#76610=CARTESIAN_POINT('',(-1.69,1.86999999999999,-1.745));
#76620=DIRECTION('',(0.,1.,0.));
#76630=VECTOR('',#76620,1.);
#76640=LINE('',#76610,#76630);
#76650=CARTESIAN_POINT('',(-1.69,1.86999999999999,-1.745));
#76660=VERTEX_POINT('',#76650);
#76670=EDGE_CURVE('',#76660,#76580,#76640,.T.);
#76680=ORIENTED_EDGE('',*,*,#76670,.T.);
#76690=CARTESIAN_POINT('',(-1.52,1.86999999999999,-1.745));
#76700=DIRECTION('',(-1.,-1.30614473485312E-15,0.));
#76710=VECTOR('',#76700,1.);
#76720=LINE('',#76690,#76710);
#76730=CARTESIAN_POINT('',(-1.52,1.86999999999999,-1.745));
#76740=VERTEX_POINT('',#76730);
#76750=EDGE_CURVE('',#76740,#76660,#76720,.T.);
#76760=ORIENTED_EDGE('',*,*,#76750,.T.);
#76770=CARTESIAN_POINT('',(-1.52,1.81999999999999,-1.745));
#76780=DIRECTION('',(0.,0.,1.));
#76790=DIRECTION('',(0.900478877882781,-0.434899747628079,0.));
#76800=AXIS2_PLACEMENT_3D('',#76770,#76780,#76790);
#76810=CIRCLE('',#76800,0.0500000000000009);
#76820=CARTESIAN_POINT('',(-1.47497605610581,1.79825501261867,-1.745));
#76830=VERTEX_POINT('',#76820);
#76840=EDGE_CURVE('',#76830,#76740,#76810,.T.);
#76850=ORIENTED_EDGE('',*,*,#76840,.T.);
#76860=CARTESIAN_POINT('',(-1.49502394389427,1.75674498738112,-1.745));
#76870=DIRECTION('',(0.434899747624554,0.900478877884484,0.));
#76880=VECTOR('',#76870,1.);
#76890=LINE('',#76860,#76880);
#76900=CARTESIAN_POINT('',(-1.49502394389425,1.75674498738116,-1.745));
#76910=VERTEX_POINT('',#76900);
#76920=EDGE_CURVE('',#76910,#76830,#76890,.T.);
#76930=ORIENTED_EDGE('',*,*,#76920,.T.);
#76940=CARTESIAN_POINT('',(-1.45,1.73499999999999,-1.745));
#76950=DIRECTION('',(0.,0.,-1.));
#76960=DIRECTION('',(3.99680288865058E-14,-1.,0.));
#76970=AXIS2_PLACEMENT_3D('',#76940,#76950,#76960);
#76980=CIRCLE('',#76970,0.0499999999999998);
#76990=EDGE_CURVE('',#76170,#76910,#76980,.T.);
#77000=ORIENTED_EDGE('',*,*,#76990,.T.);
#77010=ORIENTED_EDGE('',*,*,#76260,.T.);
#77020=ORIENTED_EDGE('',*,*,#9600,.F.);
#77030=EDGE_LOOP('',(#77020,#77010,#77000,#76930,#76850,#76760,#76680,
#76600,#76510,#76430));
#77040=FACE_OUTER_BOUND('',#77030,.T.);
#77050=ADVANCED_FACE('',(#77040),#76350,.F.);
#77060=CARTESIAN_POINT('',(-1.39,1.99999999999999,-1.745));
#77070=DIRECTION('',(0.694135570584233,0.719844295420684,0.));
#77080=DIRECTION('',(0.719844295420684,-0.694135570584233,0.));
#77090=AXIS2_PLACEMENT_3D('',#77060,#77070,#77080);
#77100=PLANE('',#77090);
#77110=ORIENTED_EDGE('',*,*,#76010,.F.);
#77120=CARTESIAN_POINT('',(-1.39,1.99999999999999,-1.745));
#77130=DIRECTION('',(0.,0.,1.));
#77140=VECTOR('',#77130,1.);
#77150=LINE('',#77120,#77140);
#77160=EDGE_CURVE('',#76410,#75940,#77150,.T.);
#77170=ORIENTED_EDGE('',*,*,#77160,.T.);
#77180=ORIENTED_EDGE('',*,*,#76420,.F.);
#77190=ORIENTED_EDGE('',*,*,#9520,.T.);
#77200=EDGE_LOOP('',(#77190,#77180,#77170,#77110));
#77210=FACE_OUTER_BOUND('',#77200,.T.);
#77220=ADVANCED_FACE('',(#77210),#77100,.T.);
#77230=CARTESIAN_POINT('',(-1.64,1.99999999999999,-1.745));
#77240=DIRECTION('',(-1.22460635382238E-16,1.,0.));
#77250=DIRECTION('',(1.,1.22460635382238E-16,0.));
#77260=AXIS2_PLACEMENT_3D('',#77230,#77240,#77250);
#77270=PLANE('',#77260);
#77280=ORIENTED_EDGE('',*,*,#77160,.F.);
#77290=ORIENTED_EDGE('',*,*,#75950,.T.);
#77300=CARTESIAN_POINT('',(-1.64,1.99999999999999,-1.625));
#77310=DIRECTION('',(0.,0.,-1.));
#77320=VECTOR('',#77310,1.);
#77330=LINE('',#77300,#77320);
#77340=EDGE_CURVE('',#75860,#76490,#77330,.T.);
#77350=ORIENTED_EDGE('',*,*,#77340,.F.);
#77360=ORIENTED_EDGE('',*,*,#76500,.F.);
#77370=EDGE_LOOP('',(#77360,#77350,#77290,#77280));
#77380=FACE_OUTER_BOUND('',#77370,.T.);
#77390=ADVANCED_FACE('',(#77380),#77270,.T.);
#77400=CARTESIAN_POINT('',(-1.64,1.94999999999999,-1.745));
#77410=DIRECTION('',(0.,0.,1.));
#77420=DIRECTION('',(-1.,-1.22460635382238E-16,0.));
#77430=AXIS2_PLACEMENT_3D('',#77400,#77410,#77420);
#77440=CYLINDRICAL_SURFACE('',#77430,0.05);
#77450=ORIENTED_EDGE('',*,*,#77340,.T.);
#77460=ORIENTED_EDGE('',*,*,#75870,.F.);
#77470=CARTESIAN_POINT('',(-1.69,1.94999999999999,-1.745));
#77480=DIRECTION('',(0.,0.,1.));
#77490=VECTOR('',#77480,1.);
#77500=LINE('',#77470,#77490);
#77510=EDGE_CURVE('',#76580,#75770,#77500,.T.);
#77520=ORIENTED_EDGE('',*,*,#77510,.T.);
#77530=ORIENTED_EDGE('',*,*,#76590,.F.);
#77540=EDGE_LOOP('',(#77530,#77520,#77460,#77450));
#77550=FACE_OUTER_BOUND('',#77540,.T.);
#77560=ADVANCED_FACE('',(#77550),#77440,.T.);
#77570=CARTESIAN_POINT('',(-1.69,1.86999999999999,-1.745));
#77580=DIRECTION('',(-1.,-1.22460635382238E-16,-0.));
#77590=DIRECTION('',(-1.22460635382238E-16,1.,0.));
#77600=AXIS2_PLACEMENT_3D('',#77570,#77580,#77590);
#77610=PLANE('',#77600);
#77620=ORIENTED_EDGE('',*,*,#77510,.F.);
#77630=ORIENTED_EDGE('',*,*,#75780,.T.);
#77640=CARTESIAN_POINT('',(-1.69,1.86999999999999,-1.745));
#77650=DIRECTION('',(0.,0.,1.));
#77660=VECTOR('',#77650,1.);
#77670=LINE('',#77640,#77660);
#77680=EDGE_CURVE('',#76660,#75690,#77670,.T.);
#77690=ORIENTED_EDGE('',*,*,#77680,.T.);
#77700=ORIENTED_EDGE('',*,*,#76670,.F.);
#77710=EDGE_LOOP('',(#77700,#77690,#77630,#77620));
#77720=FACE_OUTER_BOUND('',#77710,.T.);
#77730=ADVANCED_FACE('',(#77720),#77610,.T.);
#77740=CARTESIAN_POINT('',(-1.52,1.86999999999999,-1.745));
#77750=DIRECTION('',(6.6531843096478E-15,-1.,0.));
#77760=DIRECTION('',(-1.,-6.6531843096478E-15,0.));
#77770=AXIS2_PLACEMENT_3D('',#77740,#77750,#77760);
#77780=PLANE('',#77770);
#77790=ORIENTED_EDGE('',*,*,#77680,.F.);
#77800=ORIENTED_EDGE('',*,*,#75700,.T.);
#77810=CARTESIAN_POINT('',(-1.52,1.86999999999999,-1.625));
#77820=DIRECTION('',(0.,0.,-1.));
#77830=VECTOR('',#77820,1.);
#77840=LINE('',#77810,#77830);
#77850=EDGE_CURVE('',#75610,#76740,#77840,.T.);
#77860=ORIENTED_EDGE('',*,*,#77850,.F.);
#77870=ORIENTED_EDGE('',*,*,#76750,.F.);
#77880=EDGE_LOOP('',(#77870,#77860,#77800,#77790));
#77890=FACE_OUTER_BOUND('',#77880,.T.);
#77900=ADVANCED_FACE('',(#77890),#77780,.T.);
#77910=CARTESIAN_POINT('',(-1.52,1.81999999999999,-1.745));
#77920=DIRECTION('',(0.,0.,1.));
#77930=DIRECTION('',(-1.,-1.22460635382238E-16,0.));
#77940=AXIS2_PLACEMENT_3D('',#77910,#77920,#77930);
#77950=CYLINDRICAL_SURFACE('',#77940,0.0500000000000009);
#77960=ORIENTED_EDGE('',*,*,#77850,.T.);
#77970=ORIENTED_EDGE('',*,*,#75620,.F.);
#77980=CARTESIAN_POINT('',(-1.47497605610578,1.79825501261876,-1.745));
#77990=DIRECTION('',(0.,0.,1.));
#78000=VECTOR('',#77990,1.);
#78010=LINE('',#77980,#78000);
#78020=EDGE_CURVE('',#76830,#75520,#78010,.T.);
#78030=ORIENTED_EDGE('',*,*,#78020,.T.);
#78040=ORIENTED_EDGE('',*,*,#76840,.F.);
#78050=EDGE_LOOP('',(#78040,#78030,#77970,#77960));
#78060=FACE_OUTER_BOUND('',#78050,.T.);
#78070=ADVANCED_FACE('',(#78060),#77950,.F.);
#78080=CARTESIAN_POINT('',(-1.49502394389422,1.75674498738121,-1.745));
#78090=DIRECTION('',(-0.900478877884487,0.434899747624548,0.));
#78100=DIRECTION('',(0.434899747624548,0.900478877884487,0.));
#78110=AXIS2_PLACEMENT_3D('',#78080,#78090,#78100);
#78120=PLANE('',#78110);
#78130=ORIENTED_EDGE('',*,*,#78020,.F.);
#78140=ORIENTED_EDGE('',*,*,#75530,.F.);
#78150=CARTESIAN_POINT('',(-1.49502394389423,1.75674498738121,-1.625));
#78160=DIRECTION('',(0.,0.,-1.));
#78170=VECTOR('',#78160,1.);
#78180=LINE('',#78150,#78170);
#78190=EDGE_CURVE('',#75440,#76910,#78180,.T.);
#78200=ORIENTED_EDGE('',*,*,#78190,.F.);
#78210=ORIENTED_EDGE('',*,*,#76920,.F.);
#78220=EDGE_LOOP('',(#78210,#78200,#78140,#78130));
#78230=FACE_OUTER_BOUND('',#78220,.T.);
#78240=ADVANCED_FACE('',(#78230),#78120,.T.);
#78250=CARTESIAN_POINT('',(-1.45,1.73499999999999,-1.745));
#78260=DIRECTION('',(0.,0.,1.));
#78270=DIRECTION('',(-1.,-1.22460635382238E-16,0.));
#78280=AXIS2_PLACEMENT_3D('',#78250,#78260,#78270);
#78290=CYLINDRICAL_SURFACE('',#78280,0.0499999999999998);
#78300=ORIENTED_EDGE('',*,*,#78190,.T.);
#78310=ORIENTED_EDGE('',*,*,#75450,.F.);
#78320=ORIENTED_EDGE('',*,*,#76180,.T.);
#78330=ORIENTED_EDGE('',*,*,#76990,.F.);
#78340=EDGE_LOOP('',(#78330,#78320,#78310,#78300));
#78350=FACE_OUTER_BOUND('',#78340,.T.);
#78360=ADVANCED_FACE('',(#78350),#78290,.T.);
#78370=CARTESIAN_POINT('',(2.96101731916345,3.3223480408227,-2.025));
#78380=DIRECTION('',(0.,0.,1.));
#78390=DIRECTION('',(-1.,-1.22460635382238E-16,0.));
#78400=AXIS2_PLACEMENT_3D('',#78370,#78380,#78390);
#78410=PLANE('',#78400);
#78420=CARTESIAN_POINT('',(-1.32,1.68499999999999,-2.025));
#78430=DIRECTION('',(-1.,0.,0.));
#78440=VECTOR('',#78430,1.);
#78450=LINE('',#78420,#78440);
#78460=CARTESIAN_POINT('',(-1.45,1.68499999999999,-2.025));
#78470=VERTEX_POINT('',#78460);
#78480=EDGE_CURVE('',#10010,#78470,#78450,.T.);
#78490=ORIENTED_EDGE('',*,*,#78480,.F.);
#78500=CARTESIAN_POINT('',(-1.45,1.73499999999999,-2.025));
#78510=DIRECTION('',(0.,0.,1.));
#78520=DIRECTION('',(-0.900478877885826,0.434899747621774,0.));
#78530=AXIS2_PLACEMENT_3D('',#78500,#78510,#78520);
#78540=CIRCLE('',#78530,0.0499999999999998);
#78550=CARTESIAN_POINT('',(-1.49502394389425,1.75674498738114,-2.025));
#78560=VERTEX_POINT('',#78550);
#78570=EDGE_CURVE('',#78560,#78470,#78540,.T.);
#78580=ORIENTED_EDGE('',*,*,#78570,.T.);
#78590=CARTESIAN_POINT('',(-1.47497605610582,1.79825501261865,-2.025));
#78600=DIRECTION('',(-0.434899747624558,-0.900478877884482,0.));
#78610=VECTOR('',#78600,1.);
#78620=LINE('',#78590,#78610);
#78630=CARTESIAN_POINT('',(-1.4749760561058,1.7982550126187,-2.025));
#78640=VERTEX_POINT('',#78630);
#78650=EDGE_CURVE('',#78640,#78560,#78620,.T.);
#78660=ORIENTED_EDGE('',*,*,#78650,.T.);
#78670=CARTESIAN_POINT('',(-1.52,1.81999999999999,-2.025));
#78680=DIRECTION('',(0.,0.,-1.));
#78690=DIRECTION('',(2.30926389122028E-13,1.,0.));
#78700=AXIS2_PLACEMENT_3D('',#78670,#78680,#78690);
#78710=CIRCLE('',#78700,0.0500000000000009);
#78720=CARTESIAN_POINT('',(-1.51999999999999,1.86999999999999,-2.025));
#78730=VERTEX_POINT('',#78720);
#78740=EDGE_CURVE('',#78730,#78640,#78710,.T.);
#78750=ORIENTED_EDGE('',*,*,#78740,.T.);
#78760=CARTESIAN_POINT('',(-1.52,1.86999999999999,-2.025));
#78770=DIRECTION('',(-1.,-6.53072367426563E-15,0.));
#78780=VECTOR('',#78770,1.);
#78790=LINE('',#78760,#78780);
#78800=CARTESIAN_POINT('',(-1.69,1.86999999999999,-2.025));
#78810=VERTEX_POINT('',#78800);
#78820=EDGE_CURVE('',#78730,#78810,#78790,.T.);
#78830=ORIENTED_EDGE('',*,*,#78820,.F.);
#78840=CARTESIAN_POINT('',(-1.69,1.86999999999999,-2.025));
#78850=DIRECTION('',(0.,1.,0.));
#78860=VECTOR('',#78850,1.);
#78870=LINE('',#78840,#78860);
#78880=CARTESIAN_POINT('',(-1.69,1.94999999999999,-2.025));
#78890=VERTEX_POINT('',#78880);
#78900=EDGE_CURVE('',#78810,#78890,#78870,.T.);
#78910=ORIENTED_EDGE('',*,*,#78900,.F.);
#78920=CARTESIAN_POINT('',(-1.64,1.94999999999999,-2.025));
#78930=DIRECTION('',(0.,0.,1.));
#78940=DIRECTION('',(-5.77315972805081E-14,1.,0.));
#78950=AXIS2_PLACEMENT_3D('',#78920,#78930,#78940);
#78960=CIRCLE('',#78950,0.05);
#78970=CARTESIAN_POINT('',(-1.64,1.99999999999999,-2.025));
#78980=VERTEX_POINT('',#78970);
#78990=EDGE_CURVE('',#78980,#78890,#78960,.T.);
#79000=ORIENTED_EDGE('',*,*,#78990,.T.);
#79010=CARTESIAN_POINT('',(-1.64,1.99999999999999,-2.025));
#79020=DIRECTION('',(1.,0.,0.));
#79030=VECTOR('',#79020,1.);
#79040=LINE('',#79010,#79030);
#79050=CARTESIAN_POINT('',(-1.39,1.99999999999999,-2.025));
#79060=VERTEX_POINT('',#79050);
#79070=EDGE_CURVE('',#78980,#79060,#79040,.T.);
#79080=ORIENTED_EDGE('',*,*,#79070,.F.);
#79090=CARTESIAN_POINT('',(-1.32,1.93249999999999,-2.025));
#79100=DIRECTION('',(-0.719844295420687,0.69413557058423,0.));
#79110=VECTOR('',#79100,1.);
#79120=LINE('',#79090,#79110);
#79130=EDGE_CURVE('',#9830,#79060,#79120,.T.);
#79140=ORIENTED_EDGE('',*,*,#79130,.T.);
#79150=ORIENTED_EDGE('',*,*,#10080,.T.);
#79160=EDGE_LOOP('',(#79150,#79140,#79080,#79000,#78910,#78830,#78750,
#78660,#78580,#78490));
#79170=FACE_OUTER_BOUND('',#79160,.T.);
#79180=ADVANCED_FACE('',(#79170),#78410,.T.);
#79190=CARTESIAN_POINT('',(-1.32,1.68499999999999,-2.145));
#79200=DIRECTION('',(1.22460635382238E-16,-1.,0.));
#79210=DIRECTION('',(-1.,-1.22460635382238E-16,0.));
#79220=AXIS2_PLACEMENT_3D('',#79190,#79200,#79210);
#79230=PLANE('',#79220);
#79240=CARTESIAN_POINT('',(-1.45,1.68499999999999,-2.145));
#79250=DIRECTION('',(0.,0.,1.));
#79260=VECTOR('',#79250,1.);
#79270=LINE('',#79240,#79260);
#79280=CARTESIAN_POINT('',(-1.45,1.68499999999999,-2.145));
#79290=VERTEX_POINT('',#79280);
#79300=EDGE_CURVE('',#79290,#78470,#79270,.T.);
#79310=ORIENTED_EDGE('',*,*,#79300,.F.);
#79320=ORIENTED_EDGE('',*,*,#78480,.T.);
#79330=ORIENTED_EDGE('',*,*,#10020,.T.);
#79340=CARTESIAN_POINT('',(-1.32,1.68499999999999,-2.145));
#79350=DIRECTION('',(-1.,0.,0.));
#79360=VECTOR('',#79350,1.);
#79370=LINE('',#79340,#79360);
#79380=EDGE_CURVE('',#9930,#79290,#79370,.T.);
#79390=ORIENTED_EDGE('',*,*,#79380,.F.);
#79400=EDGE_LOOP('',(#79390,#79330,#79320,#79310));
#79410=FACE_OUTER_BOUND('',#79400,.T.);
#79420=ADVANCED_FACE('',(#79410),#79230,.T.);
#79430=CARTESIAN_POINT('',(2.96101731916345,3.3223480408227,-2.145));
#79440=DIRECTION('',(0.,0.,1.));
#79450=DIRECTION('',(-1.,-1.22460635382238E-16,0.));
#79460=AXIS2_PLACEMENT_3D('',#79430,#79440,#79450);
#79470=PLANE('',#79460);
#79480=CARTESIAN_POINT('',(-1.39,1.99999999999999,-2.145));
#79490=DIRECTION('',(0.719844295420687,-0.69413557058423,0.));
#79500=VECTOR('',#79490,1.);
#79510=LINE('',#79480,#79500);
#79520=CARTESIAN_POINT('',(-1.39,1.99999999999999,-2.145));
#79530=VERTEX_POINT('',#79520);
#79540=EDGE_CURVE('',#79530,#9850,#79510,.T.);
#79550=ORIENTED_EDGE('',*,*,#79540,.T.);
#79560=CARTESIAN_POINT('',(-1.64,1.99999999999999,-2.145));
#79570=DIRECTION('',(1.,8.88178419700122E-16,0.));
#79580=VECTOR('',#79570,1.);
#79590=LINE('',#79560,#79580);
#79600=CARTESIAN_POINT('',(-1.64,1.99999999999999,-2.145));
#79610=VERTEX_POINT('',#79600);
#79620=EDGE_CURVE('',#79610,#79530,#79590,.T.);
#79630=ORIENTED_EDGE('',*,*,#79620,.T.);
#79640=CARTESIAN_POINT('',(-1.64,1.94999999999999,-2.145));
#79650=DIRECTION('',(0.,0.,-1.));
#79660=DIRECTION('',(-1.,0.,0.));
#79670=AXIS2_PLACEMENT_3D('',#79640,#79650,#79660);
#79680=CIRCLE('',#79670,0.05);
#79690=CARTESIAN_POINT('',(-1.69,1.94999999999999,-2.145));
#79700=VERTEX_POINT('',#79690);
#79710=EDGE_CURVE('',#79700,#79610,#79680,.T.);
#79720=ORIENTED_EDGE('',*,*,#79710,.T.);
#79730=CARTESIAN_POINT('',(-1.69,1.86999999999999,-2.145));
#79740=DIRECTION('',(0.,1.,0.));
#79750=VECTOR('',#79740,1.);
#79760=LINE('',#79730,#79750);
#79770=CARTESIAN_POINT('',(-1.69,1.86999999999999,-2.145));
#79780=VERTEX_POINT('',#79770);
#79790=EDGE_CURVE('',#79780,#79700,#79760,.T.);
#79800=ORIENTED_EDGE('',*,*,#79790,.T.);
#79810=CARTESIAN_POINT('',(-1.52,1.86999999999999,-2.145));
#79820=DIRECTION('',(-1.,-1.30614473485312E-15,0.));
#79830=VECTOR('',#79820,1.);
#79840=LINE('',#79810,#79830);
#79850=CARTESIAN_POINT('',(-1.52,1.86999999999999,-2.145));
#79860=VERTEX_POINT('',#79850);
#79870=EDGE_CURVE('',#79860,#79780,#79840,.T.);
#79880=ORIENTED_EDGE('',*,*,#79870,.T.);
#79890=CARTESIAN_POINT('',(-1.52,1.81999999999999,-2.145));
#79900=DIRECTION('',(0.,0.,1.));
#79910=DIRECTION('',(0.9004788778828,-0.43489974762804,0.));
#79920=AXIS2_PLACEMENT_3D('',#79890,#79900,#79910);
#79930=CIRCLE('',#79920,0.0500000000000009);
#79940=CARTESIAN_POINT('',(-1.47497605610581,1.79825501261867,-2.145));
#79950=VERTEX_POINT('',#79940);
#79960=EDGE_CURVE('',#79950,#79860,#79930,.T.);
#79970=ORIENTED_EDGE('',*,*,#79960,.T.);
#79980=CARTESIAN_POINT('',(-1.49502394389426,1.75674498738112,-2.145));
#79990=DIRECTION('',(0.434899747624549,0.900478877884486,0.));
#80000=VECTOR('',#79990,1.);
#80010=LINE('',#79980,#80000);
#80020=CARTESIAN_POINT('',(-1.49502394389425,1.75674498738117,-2.145));
#80030=VERTEX_POINT('',#80020);
#80040=EDGE_CURVE('',#80030,#79950,#80010,.T.);
#80050=ORIENTED_EDGE('',*,*,#80040,.T.);
#80060=CARTESIAN_POINT('',(-1.45,1.73499999999999,-2.145));
#80070=DIRECTION('',(0.,0.,-1.));
#80080=DIRECTION('',(3.99680288865058E-14,-1.,0.));
#80090=AXIS2_PLACEMENT_3D('',#80060,#80070,#80080);
#80100=CIRCLE('',#80090,0.0499999999999998);
#80110=EDGE_CURVE('',#79290,#80030,#80100,.T.);
#80120=ORIENTED_EDGE('',*,*,#80110,.T.);
#80130=ORIENTED_EDGE('',*,*,#79380,.T.);
#80140=ORIENTED_EDGE('',*,*,#9940,.F.);
#80150=EDGE_LOOP('',(#80140,#80130,#80120,#80050,#79970,#79880,#79800,
#79720,#79630,#79550));
#80160=FACE_OUTER_BOUND('',#80150,.T.);
#80170=ADVANCED_FACE('',(#80160),#79470,.F.);
#80180=CARTESIAN_POINT('',(-1.39,1.99999999999999,-2.145));
#80190=DIRECTION('',(0.694135570584233,0.719844295420684,0.));
#80200=DIRECTION('',(0.719844295420684,-0.694135570584233,0.));
#80210=AXIS2_PLACEMENT_3D('',#80180,#80190,#80200);
#80220=PLANE('',#80210);
#80230=ORIENTED_EDGE('',*,*,#79130,.F.);
#80240=CARTESIAN_POINT('',(-1.39,1.99999999999999,-2.145));
#80250=DIRECTION('',(0.,0.,1.));
#80260=VECTOR('',#80250,1.);
#80270=LINE('',#80240,#80260);
#80280=EDGE_CURVE('',#79530,#79060,#80270,.T.);
#80290=ORIENTED_EDGE('',*,*,#80280,.T.);
#80300=ORIENTED_EDGE('',*,*,#79540,.F.);
#80310=ORIENTED_EDGE('',*,*,#9860,.T.);
#80320=EDGE_LOOP('',(#80310,#80300,#80290,#80230));
#80330=FACE_OUTER_BOUND('',#80320,.T.);
#80340=ADVANCED_FACE('',(#80330),#80220,.T.);
#80350=CARTESIAN_POINT('',(-1.64,1.99999999999999,-2.145));
#80360=DIRECTION('',(-1.22460635382238E-16,1.,0.));
#80370=DIRECTION('',(1.,1.22460635382238E-16,0.));
#80380=AXIS2_PLACEMENT_3D('',#80350,#80360,#80370);
#80390=PLANE('',#80380);
#80400=ORIENTED_EDGE('',*,*,#80280,.F.);
#80410=ORIENTED_EDGE('',*,*,#79070,.T.);
#80420=CARTESIAN_POINT('',(-1.64,1.99999999999999,-2.025));
#80430=DIRECTION('',(0.,0.,-1.));
#80440=VECTOR('',#80430,1.);
#80450=LINE('',#80420,#80440);
#80460=EDGE_CURVE('',#78980,#79610,#80450,.T.);
#80470=ORIENTED_EDGE('',*,*,#80460,.F.);
#80480=ORIENTED_EDGE('',*,*,#79620,.F.);
#80490=EDGE_LOOP('',(#80480,#80470,#80410,#80400));
#80500=FACE_OUTER_BOUND('',#80490,.T.);
#80510=ADVANCED_FACE('',(#80500),#80390,.T.);
#80520=CARTESIAN_POINT('',(-1.64,1.94999999999999,-2.145));
#80530=DIRECTION('',(0.,0.,1.));
#80540=DIRECTION('',(-1.,-1.22460635382238E-16,0.));
#80550=AXIS2_PLACEMENT_3D('',#80520,#80530,#80540);
#80560=CYLINDRICAL_SURFACE('',#80550,0.05);
#80570=ORIENTED_EDGE('',*,*,#80460,.T.);
#80580=ORIENTED_EDGE('',*,*,#78990,.F.);
#80590=CARTESIAN_POINT('',(-1.69,1.94999999999999,-2.145));
#80600=DIRECTION('',(0.,0.,1.));
#80610=VECTOR('',#80600,1.);
#80620=LINE('',#80590,#80610);
#80630=EDGE_CURVE('',#79700,#78890,#80620,.T.);
#80640=ORIENTED_EDGE('',*,*,#80630,.T.);
#80650=ORIENTED_EDGE('',*,*,#79710,.F.);
#80660=EDGE_LOOP('',(#80650,#80640,#80580,#80570));
#80670=FACE_OUTER_BOUND('',#80660,.T.);
#80680=ADVANCED_FACE('',(#80670),#80560,.T.);
#80690=CARTESIAN_POINT('',(-1.69,1.86999999999999,-2.145));
#80700=DIRECTION('',(-1.,-1.22460635382238E-16,-0.));
#80710=DIRECTION('',(-1.22460635382238E-16,1.,0.));
#80720=AXIS2_PLACEMENT_3D('',#80690,#80700,#80710);
#80730=PLANE('',#80720);
#80740=ORIENTED_EDGE('',*,*,#80630,.F.);
#80750=ORIENTED_EDGE('',*,*,#78900,.T.);
#80760=CARTESIAN_POINT('',(-1.69,1.86999999999999,-2.145));
#80770=DIRECTION('',(0.,0.,1.));
#80780=VECTOR('',#80770,1.);
#80790=LINE('',#80760,#80780);
#80800=EDGE_CURVE('',#79780,#78810,#80790,.T.);
#80810=ORIENTED_EDGE('',*,*,#80800,.T.);
#80820=ORIENTED_EDGE('',*,*,#79790,.F.);
#80830=EDGE_LOOP('',(#80820,#80810,#80750,#80740));
#80840=FACE_OUTER_BOUND('',#80830,.T.);
#80850=ADVANCED_FACE('',(#80840),#80730,.T.);
#80860=CARTESIAN_POINT('',(-1.52,1.86999999999999,-2.145));
#80870=DIRECTION('',(6.6531843096478E-15,-1.,0.));
#80880=DIRECTION('',(-1.,-6.6531843096478E-15,0.));
#80890=AXIS2_PLACEMENT_3D('',#80860,#80870,#80880);
#80900=PLANE('',#80890);
#80910=ORIENTED_EDGE('',*,*,#80800,.F.);
#80920=ORIENTED_EDGE('',*,*,#78820,.T.);
#80930=CARTESIAN_POINT('',(-1.52,1.86999999999999,-2.025));
#80940=DIRECTION('',(0.,0.,-1.));
#80950=VECTOR('',#80940,1.);
#80960=LINE('',#80930,#80950);
#80970=EDGE_CURVE('',#78730,#79860,#80960,.T.);
#80980=ORIENTED_EDGE('',*,*,#80970,.F.);
#80990=ORIENTED_EDGE('',*,*,#79870,.F.);
#81000=EDGE_LOOP('',(#80990,#80980,#80920,#80910));
#81010=FACE_OUTER_BOUND('',#81000,.T.);
#81020=ADVANCED_FACE('',(#81010),#80900,.T.);
#81030=CARTESIAN_POINT('',(-1.52,1.81999999999999,-2.145));
#81040=DIRECTION('',(0.,0.,1.));
#81050=DIRECTION('',(-1.,-1.22460635382238E-16,0.));
#81060=AXIS2_PLACEMENT_3D('',#81030,#81040,#81050);
#81070=CYLINDRICAL_SURFACE('',#81060,0.0500000000000009);
#81080=ORIENTED_EDGE('',*,*,#80970,.T.);
#81090=ORIENTED_EDGE('',*,*,#78740,.F.);
#81100=CARTESIAN_POINT('',(-1.47497605610578,1.79825501261876,-2.145));
#81110=DIRECTION('',(0.,0.,1.));
#81120=VECTOR('',#81110,1.);
#81130=LINE('',#81100,#81120);
#81140=EDGE_CURVE('',#79950,#78640,#81130,.T.);
#81150=ORIENTED_EDGE('',*,*,#81140,.T.);
#81160=ORIENTED_EDGE('',*,*,#79960,.F.);
#81170=EDGE_LOOP('',(#81160,#81150,#81090,#81080));
#81180=FACE_OUTER_BOUND('',#81170,.T.);
#81190=ADVANCED_FACE('',(#81180),#81070,.F.);
#81200=CARTESIAN_POINT('',(-1.49502394389422,1.75674498738121,-2.145));
#81210=DIRECTION('',(-0.900478877884487,0.434899747624548,0.));
#81220=DIRECTION('',(0.434899747624548,0.900478877884487,0.));
#81230=AXIS2_PLACEMENT_3D('',#81200,#81210,#81220);
#81240=PLANE('',#81230);
#81250=ORIENTED_EDGE('',*,*,#81140,.F.);
#81260=ORIENTED_EDGE('',*,*,#78650,.F.);
#81270=CARTESIAN_POINT('',(-1.49502394389423,1.75674498738121,-2.025));
#81280=DIRECTION('',(0.,0.,-1.));
#81290=VECTOR('',#81280,1.);
#81300=LINE('',#81270,#81290);
#81310=EDGE_CURVE('',#78560,#80030,#81300,.T.);
#81320=ORIENTED_EDGE('',*,*,#81310,.F.);
#81330=ORIENTED_EDGE('',*,*,#80040,.F.);
#81340=EDGE_LOOP('',(#81330,#81320,#81260,#81250));
#81350=FACE_OUTER_BOUND('',#81340,.T.);
#81360=ADVANCED_FACE('',(#81350),#81240,.T.);
#81370=CARTESIAN_POINT('',(-1.45,1.73499999999999,-2.145));
#81380=DIRECTION('',(0.,0.,1.));
#81390=DIRECTION('',(-1.,-1.22460635382238E-16,0.));
#81400=AXIS2_PLACEMENT_3D('',#81370,#81380,#81390);
#81410=CYLINDRICAL_SURFACE('',#81400,0.0499999999999998);
#81420=ORIENTED_EDGE('',*,*,#81310,.T.);
#81430=ORIENTED_EDGE('',*,*,#78570,.F.);
#81440=ORIENTED_EDGE('',*,*,#79300,.T.);
#81450=ORIENTED_EDGE('',*,*,#80110,.F.);
#81460=EDGE_LOOP('',(#81450,#81440,#81430,#81420));
#81470=FACE_OUTER_BOUND('',#81460,.T.);
#81480=ADVANCED_FACE('',(#81470),#81410,.T.);
#81490=CARTESIAN_POINT('',(2.96101731916345,3.3223480408227,-2.425));
#81500=DIRECTION('',(0.,0.,1.));
#81510=DIRECTION('',(-1.,-1.22460635382238E-16,0.));
#81520=AXIS2_PLACEMENT_3D('',#81490,#81500,#81510);
#81530=PLANE('',#81520);
#81540=CARTESIAN_POINT('',(-1.32,1.68499999999999,-2.425));
#81550=DIRECTION('',(-1.,0.,0.));
#81560=VECTOR('',#81550,1.);
#81570=LINE('',#81540,#81560);
#81580=CARTESIAN_POINT('',(-1.45,1.68499999999999,-2.425));
#81590=VERTEX_POINT('',#81580);
#81600=EDGE_CURVE('',#10350,#81590,#81570,.T.);
#81610=ORIENTED_EDGE('',*,*,#81600,.F.);
#81620=CARTESIAN_POINT('',(-1.45,1.73499999999999,-2.425));
#81630=DIRECTION('',(0.,0.,1.));
#81640=DIRECTION('',(-0.900478877885824,0.43489974762178,0.));
#81650=AXIS2_PLACEMENT_3D('',#81620,#81630,#81640);
#81660=CIRCLE('',#81650,0.0499999999999998);
#81670=CARTESIAN_POINT('',(-1.49502394389425,1.75674498738114,-2.425));
#81680=VERTEX_POINT('',#81670);
#81690=EDGE_CURVE('',#81680,#81590,#81660,.T.);
#81700=ORIENTED_EDGE('',*,*,#81690,.T.);
#81710=CARTESIAN_POINT('',(-1.47497605610584,1.79825501261861,-2.425));
#81720=DIRECTION('',(-0.434899747624565,-0.900478877884479,0.));
#81730=VECTOR('',#81720,1.);
#81740=LINE('',#81710,#81730);
#81750=CARTESIAN_POINT('',(-1.47497605610581,1.79825501261868,-2.425));
#81760=VERTEX_POINT('',#81750);
#81770=EDGE_CURVE('',#81760,#81680,#81740,.T.);
#81780=ORIENTED_EDGE('',*,*,#81770,.T.);
#81790=CARTESIAN_POINT('',(-1.52,1.81999999999999,-2.425));
#81800=DIRECTION('',(0.,0.,-1.));
#81810=DIRECTION('',(2.30926389122028E-13,1.,0.));
#81820=AXIS2_PLACEMENT_3D('',#81790,#81800,#81810);
#81830=CIRCLE('',#81820,0.0500000000000009);
#81840=CARTESIAN_POINT('',(-1.51999999999999,1.86999999999999,-2.425));
#81850=VERTEX_POINT('',#81840);
#81860=EDGE_CURVE('',#81850,#81760,#81830,.T.);
#81870=ORIENTED_EDGE('',*,*,#81860,.T.);
#81880=CARTESIAN_POINT('',(-1.52,1.86999999999999,-2.425));
#81890=DIRECTION('',(-1.,-6.53072367426563E-15,0.));
#81900=VECTOR('',#81890,1.);
#81910=LINE('',#81880,#81900);
#81920=CARTESIAN_POINT('',(-1.69,1.86999999999999,-2.425));
#81930=VERTEX_POINT('',#81920);
#81940=EDGE_CURVE('',#81850,#81930,#81910,.T.);
#81950=ORIENTED_EDGE('',*,*,#81940,.F.);
#81960=CARTESIAN_POINT('',(-1.69,1.86999999999999,-2.425));
#81970=DIRECTION('',(0.,1.,0.));
#81980=VECTOR('',#81970,1.);
#81990=LINE('',#81960,#81980);
#82000=CARTESIAN_POINT('',(-1.69,1.94999999999999,-2.425));
#82010=VERTEX_POINT('',#82000);
#82020=EDGE_CURVE('',#81930,#82010,#81990,.T.);
#82030=ORIENTED_EDGE('',*,*,#82020,.F.);
#82040=CARTESIAN_POINT('',(-1.64,1.94999999999999,-2.425));
#82050=DIRECTION('',(0.,0.,1.));
#82060=DIRECTION('',(-5.77315972805081E-14,1.,0.));
#82070=AXIS2_PLACEMENT_3D('',#82040,#82050,#82060);
#82080=CIRCLE('',#82070,0.05);
#82090=CARTESIAN_POINT('',(-1.64,1.99999999999999,-2.425));
#82100=VERTEX_POINT('',#82090);
#82110=EDGE_CURVE('',#82100,#82010,#82080,.T.);
#82120=ORIENTED_EDGE('',*,*,#82110,.T.);
#82130=CARTESIAN_POINT('',(-1.64,1.99999999999999,-2.425));
#82140=DIRECTION('',(1.,0.,0.));
#82150=VECTOR('',#82140,1.);
#82160=LINE('',#82130,#82150);
#82170=CARTESIAN_POINT('',(-1.39,1.99999999999999,-2.425));
#82180=VERTEX_POINT('',#82170);
#82190=EDGE_CURVE('',#82100,#82180,#82160,.T.);
#82200=ORIENTED_EDGE('',*,*,#82190,.F.);
#82210=CARTESIAN_POINT('',(-1.32,1.93249999999999,-2.425));
#82220=DIRECTION('',(-0.719844295420687,0.69413557058423,0.));
#82230=VECTOR('',#82220,1.);
#82240=LINE('',#82210,#82230);
#82250=EDGE_CURVE('',#10170,#82180,#82240,.T.);
#82260=ORIENTED_EDGE('',*,*,#82250,.T.);
#82270=ORIENTED_EDGE('',*,*,#10420,.T.);
#82280=EDGE_LOOP('',(#82270,#82260,#82200,#82120,#82030,#81950,#81870,
#81780,#81700,#81610));
#82290=FACE_OUTER_BOUND('',#82280,.T.);
#82300=ADVANCED_FACE('',(#82290),#81530,.T.);
#82310=CARTESIAN_POINT('',(-1.32,1.68499999999999,-2.545));
#82320=DIRECTION('',(1.22460635382238E-16,-1.,0.));
#82330=DIRECTION('',(-1.,-1.22460635382238E-16,0.));
#82340=AXIS2_PLACEMENT_3D('',#82310,#82320,#82330);
#82350=PLANE('',#82340);
#82360=CARTESIAN_POINT('',(-1.45,1.68499999999999,-2.545));
#82370=DIRECTION('',(0.,0.,1.));
#82380=VECTOR('',#82370,1.);
#82390=LINE('',#82360,#82380);
#82400=CARTESIAN_POINT('',(-1.45,1.68499999999999,-2.545));
#82410=VERTEX_POINT('',#82400);
#82420=EDGE_CURVE('',#82410,#81590,#82390,.T.);
#82430=ORIENTED_EDGE('',*,*,#82420,.F.);
#82440=ORIENTED_EDGE('',*,*,#81600,.T.);
#82450=ORIENTED_EDGE('',*,*,#10360,.T.);
#82460=CARTESIAN_POINT('',(-1.32,1.68499999999999,-2.545));
#82470=DIRECTION('',(-1.,0.,0.));
#82480=VECTOR('',#82470,1.);
#82490=LINE('',#82460,#82480);
#82500=EDGE_CURVE('',#10270,#82410,#82490,.T.);
#82510=ORIENTED_EDGE('',*,*,#82500,.F.);
#82520=EDGE_LOOP('',(#82510,#82450,#82440,#82430));
#82530=FACE_OUTER_BOUND('',#82520,.T.);
#82540=ADVANCED_FACE('',(#82530),#82350,.T.);
#82550=CARTESIAN_POINT('',(2.96101731916345,3.3223480408227,-2.545));
#82560=DIRECTION('',(0.,0.,1.));
#82570=DIRECTION('',(-1.,-1.22460635382238E-16,0.));
#82580=AXIS2_PLACEMENT_3D('',#82550,#82560,#82570);
#82590=PLANE('',#82580);
#82600=CARTESIAN_POINT('',(-1.39,1.99999999999999,-2.545));
#82610=DIRECTION('',(0.719844295420687,-0.69413557058423,0.));
#82620=VECTOR('',#82610,1.);
#82630=LINE('',#82600,#82620);
#82640=CARTESIAN_POINT('',(-1.39,1.99999999999999,-2.545));
#82650=VERTEX_POINT('',#82640);
#82660=EDGE_CURVE('',#82650,#10190,#82630,.T.);
#82670=ORIENTED_EDGE('',*,*,#82660,.T.);
#82680=CARTESIAN_POINT('',(-1.64,1.99999999999999,-2.545));
#82690=DIRECTION('',(1.,8.88178419700122E-16,0.));
#82700=VECTOR('',#82690,1.);
#82710=LINE('',#82680,#82700);
#82720=CARTESIAN_POINT('',(-1.64,1.99999999999999,-2.545));
#82730=VERTEX_POINT('',#82720);
#82740=EDGE_CURVE('',#82730,#82650,#82710,.T.);
#82750=ORIENTED_EDGE('',*,*,#82740,.T.);
#82760=CARTESIAN_POINT('',(-1.64,1.94999999999999,-2.545));
#82770=DIRECTION('',(0.,0.,-1.));
#82780=DIRECTION('',(-1.,0.,0.));
#82790=AXIS2_PLACEMENT_3D('',#82760,#82770,#82780);
#82800=CIRCLE('',#82790,0.05);
#82810=CARTESIAN_POINT('',(-1.69,1.94999999999999,-2.545));
#82820=VERTEX_POINT('',#82810);
#82830=EDGE_CURVE('',#82820,#82730,#82800,.T.);
#82840=ORIENTED_EDGE('',*,*,#82830,.T.);
#82850=CARTESIAN_POINT('',(-1.69,1.86999999999999,-2.545));
#82860=DIRECTION('',(0.,1.,0.));
#82870=VECTOR('',#82860,1.);
#82880=LINE('',#82850,#82870);
#82890=CARTESIAN_POINT('',(-1.69,1.86999999999999,-2.545));
#82900=VERTEX_POINT('',#82890);
#82910=EDGE_CURVE('',#82900,#82820,#82880,.T.);
#82920=ORIENTED_EDGE('',*,*,#82910,.T.);
#82930=CARTESIAN_POINT('',(-1.52,1.86999999999999,-2.545));
#82940=DIRECTION('',(-1.,-1.30614473485312E-15,0.));
#82950=VECTOR('',#82940,1.);
#82960=LINE('',#82930,#82950);
#82970=CARTESIAN_POINT('',(-1.52,1.86999999999999,-2.545));
#82980=VERTEX_POINT('',#82970);
#82990=EDGE_CURVE('',#82980,#82900,#82960,.T.);
#83000=ORIENTED_EDGE('',*,*,#82990,.T.);
#83010=CARTESIAN_POINT('',(-1.52,1.81999999999999,-2.545));
#83020=DIRECTION('',(0.,0.,1.));
#83030=DIRECTION('',(0.900478877882798,-0.434899747628045,0.));
#83040=AXIS2_PLACEMENT_3D('',#83010,#83020,#83030);
#83050=CIRCLE('',#83040,0.0500000000000009);
#83060=CARTESIAN_POINT('',(-1.47497605610581,1.79825501261867,-2.545));
#83070=VERTEX_POINT('',#83060);
#83080=EDGE_CURVE('',#83070,#82980,#83050,.T.);
#83090=ORIENTED_EDGE('',*,*,#83080,.T.);
#83100=CARTESIAN_POINT('',(-1.49502394389426,1.75674498738114,-2.545));
#83110=DIRECTION('',(0.434899747624558,0.900478877884482,0.));
#83120=VECTOR('',#83110,1.);
#83130=LINE('',#83100,#83120);
#83140=CARTESIAN_POINT('',(-1.49502394389424,1.75674498738117,-2.545));
#83150=VERTEX_POINT('',#83140);
#83160=EDGE_CURVE('',#83150,#83070,#83130,.T.);
#83170=ORIENTED_EDGE('',*,*,#83160,.T.);
#83180=CARTESIAN_POINT('',(-1.45,1.73499999999999,-2.545));
#83190=DIRECTION('',(0.,0.,-1.));
#83200=DIRECTION('',(3.99680288865058E-14,-1.,0.));
#83210=AXIS2_PLACEMENT_3D('',#83180,#83190,#83200);
#83220=CIRCLE('',#83210,0.0499999999999998);
#83230=EDGE_CURVE('',#82410,#83150,#83220,.T.);
#83240=ORIENTED_EDGE('',*,*,#83230,.T.);
#83250=ORIENTED_EDGE('',*,*,#82500,.T.);
#83260=ORIENTED_EDGE('',*,*,#10280,.F.);
#83270=EDGE_LOOP('',(#83260,#83250,#83240,#83170,#83090,#83000,#82920,
#82840,#82750,#82670));
#83280=FACE_OUTER_BOUND('',#83270,.T.);
#83290=ADVANCED_FACE('',(#83280),#82590,.F.);
#83300=CARTESIAN_POINT('',(-1.39,1.99999999999999,-2.545));
#83310=DIRECTION('',(0.694135570584233,0.719844295420684,0.));
#83320=DIRECTION('',(0.719844295420684,-0.694135570584233,0.));
#83330=AXIS2_PLACEMENT_3D('',#83300,#83310,#83320);
#83340=PLANE('',#83330);
#83350=ORIENTED_EDGE('',*,*,#82250,.F.);
#83360=CARTESIAN_POINT('',(-1.39,1.99999999999999,-2.545));
#83370=DIRECTION('',(0.,0.,1.));
#83380=VECTOR('',#83370,1.);
#83390=LINE('',#83360,#83380);
#83400=EDGE_CURVE('',#82650,#82180,#83390,.T.);
#83410=ORIENTED_EDGE('',*,*,#83400,.T.);
#83420=ORIENTED_EDGE('',*,*,#82660,.F.);
#83430=ORIENTED_EDGE('',*,*,#10200,.T.);
#83440=EDGE_LOOP('',(#83430,#83420,#83410,#83350));
#83450=FACE_OUTER_BOUND('',#83440,.T.);
#83460=ADVANCED_FACE('',(#83450),#83340,.T.);
#83470=CARTESIAN_POINT('',(-1.64,1.99999999999999,-2.545));
#83480=DIRECTION('',(-1.22460635382238E-16,1.,0.));
#83490=DIRECTION('',(1.,1.22460635382238E-16,0.));
#83500=AXIS2_PLACEMENT_3D('',#83470,#83480,#83490);
#83510=PLANE('',#83500);
#83520=ORIENTED_EDGE('',*,*,#83400,.F.);
#83530=ORIENTED_EDGE('',*,*,#82190,.T.);
#83540=CARTESIAN_POINT('',(-1.64,1.99999999999999,-2.425));
#83550=DIRECTION('',(0.,0.,-1.));
#83560=VECTOR('',#83550,1.);
#83570=LINE('',#83540,#83560);
#83580=EDGE_CURVE('',#82100,#82730,#83570,.T.);
#83590=ORIENTED_EDGE('',*,*,#83580,.F.);
#83600=ORIENTED_EDGE('',*,*,#82740,.F.);
#83610=EDGE_LOOP('',(#83600,#83590,#83530,#83520));
#83620=FACE_OUTER_BOUND('',#83610,.T.);
#83630=ADVANCED_FACE('',(#83620),#83510,.T.);
#83640=CARTESIAN_POINT('',(-1.64,1.94999999999999,-2.545));
#83650=DIRECTION('',(0.,0.,1.));
#83660=DIRECTION('',(-1.,-1.22460635382238E-16,0.));
#83670=AXIS2_PLACEMENT_3D('',#83640,#83650,#83660);
#83680=CYLINDRICAL_SURFACE('',#83670,0.05);
#83690=ORIENTED_EDGE('',*,*,#83580,.T.);
#83700=ORIENTED_EDGE('',*,*,#82110,.F.);
#83710=CARTESIAN_POINT('',(-1.69,1.94999999999999,-2.545));
#83720=DIRECTION('',(0.,0.,1.));
#83730=VECTOR('',#83720,1.);
#83740=LINE('',#83710,#83730);
#83750=EDGE_CURVE('',#82820,#82010,#83740,.T.);
#83760=ORIENTED_EDGE('',*,*,#83750,.T.);
#83770=ORIENTED_EDGE('',*,*,#82830,.F.);
#83780=EDGE_LOOP('',(#83770,#83760,#83700,#83690));
#83790=FACE_OUTER_BOUND('',#83780,.T.);
#83800=ADVANCED_FACE('',(#83790),#83680,.T.);
#83810=CARTESIAN_POINT('',(-1.69,1.86999999999999,-2.545));
#83820=DIRECTION('',(-1.,-1.22460635382238E-16,-0.));
#83830=DIRECTION('',(-1.22460635382238E-16,1.,0.));
#83840=AXIS2_PLACEMENT_3D('',#83810,#83820,#83830);
#83850=PLANE('',#83840);
#83860=ORIENTED_EDGE('',*,*,#83750,.F.);
#83870=ORIENTED_EDGE('',*,*,#82020,.T.);
#83880=CARTESIAN_POINT('',(-1.69,1.86999999999999,-2.545));
#83890=DIRECTION('',(0.,0.,1.));
#83900=VECTOR('',#83890,1.);
#83910=LINE('',#83880,#83900);
#83920=EDGE_CURVE('',#82900,#81930,#83910,.T.);
#83930=ORIENTED_EDGE('',*,*,#83920,.T.);
#83940=ORIENTED_EDGE('',*,*,#82910,.F.);
#83950=EDGE_LOOP('',(#83940,#83930,#83870,#83860));
#83960=FACE_OUTER_BOUND('',#83950,.T.);
#83970=ADVANCED_FACE('',(#83960),#83850,.T.);
#83980=CARTESIAN_POINT('',(-1.52,1.86999999999999,-2.545));
#83990=DIRECTION('',(6.6531843096478E-15,-1.,0.));
#84000=DIRECTION('',(-1.,-6.6531843096478E-15,0.));
#84010=AXIS2_PLACEMENT_3D('',#83980,#83990,#84000);
#84020=PLANE('',#84010);
#84030=ORIENTED_EDGE('',*,*,#83920,.F.);
#84040=ORIENTED_EDGE('',*,*,#81940,.T.);
#84050=CARTESIAN_POINT('',(-1.52,1.86999999999999,-2.425));
#84060=DIRECTION('',(0.,0.,-1.));
#84070=VECTOR('',#84060,1.);
#84080=LINE('',#84050,#84070);
#84090=EDGE_CURVE('',#81850,#82980,#84080,.T.);
#84100=ORIENTED_EDGE('',*,*,#84090,.F.);
#84110=ORIENTED_EDGE('',*,*,#82990,.F.);
#84120=EDGE_LOOP('',(#84110,#84100,#84040,#84030));
#84130=FACE_OUTER_BOUND('',#84120,.T.);
#84140=ADVANCED_FACE('',(#84130),#84020,.T.);
#84150=CARTESIAN_POINT('',(-1.52,1.81999999999999,-2.545));
#84160=DIRECTION('',(0.,0.,1.));
#84170=DIRECTION('',(-1.,-1.22460635382238E-16,0.));
#84180=AXIS2_PLACEMENT_3D('',#84150,#84160,#84170);
#84190=CYLINDRICAL_SURFACE('',#84180,0.0500000000000009);
#84200=ORIENTED_EDGE('',*,*,#84090,.T.);
#84210=ORIENTED_EDGE('',*,*,#81860,.F.);
#84220=CARTESIAN_POINT('',(-1.47497605610578,1.79825501261876,-2.545));
#84230=DIRECTION('',(0.,0.,1.));
#84240=VECTOR('',#84230,1.);
#84250=LINE('',#84220,#84240);
#84260=EDGE_CURVE('',#83070,#81760,#84250,.T.);
#84270=ORIENTED_EDGE('',*,*,#84260,.T.);
#84280=ORIENTED_EDGE('',*,*,#83080,.F.);
#84290=EDGE_LOOP('',(#84280,#84270,#84210,#84200));
#84300=FACE_OUTER_BOUND('',#84290,.T.);
#84310=ADVANCED_FACE('',(#84300),#84190,.F.);
#84320=CARTESIAN_POINT('',(-1.49502394389422,1.75674498738121,-2.545));
#84330=DIRECTION('',(-0.900478877884487,0.434899747624548,0.));
#84340=DIRECTION('',(0.434899747624548,0.900478877884487,0.));
#84350=AXIS2_PLACEMENT_3D('',#84320,#84330,#84340);
#84360=PLANE('',#84350);
#84370=ORIENTED_EDGE('',*,*,#84260,.F.);
#84380=ORIENTED_EDGE('',*,*,#81770,.F.);
#84390=CARTESIAN_POINT('',(-1.49502394389423,1.75674498738121,-2.425));
#84400=DIRECTION('',(0.,0.,-1.));
#84410=VECTOR('',#84400,1.);
#84420=LINE('',#84390,#84410);
#84430=EDGE_CURVE('',#81680,#83150,#84420,.T.);
#84440=ORIENTED_EDGE('',*,*,#84430,.F.);
#84450=ORIENTED_EDGE('',*,*,#83160,.F.);
#84460=EDGE_LOOP('',(#84450,#84440,#84380,#84370));
#84470=FACE_OUTER_BOUND('',#84460,.T.);
#84480=ADVANCED_FACE('',(#84470),#84360,.T.);
#84490=CARTESIAN_POINT('',(-1.45,1.73499999999999,-2.545));
#84500=DIRECTION('',(0.,0.,1.));
#84510=DIRECTION('',(-1.,-1.22460635382238E-16,0.));
#84520=AXIS2_PLACEMENT_3D('',#84490,#84500,#84510);
#84530=CYLINDRICAL_SURFACE('',#84520,0.0499999999999998);
#84540=ORIENTED_EDGE('',*,*,#84430,.T.);
#84550=ORIENTED_EDGE('',*,*,#81690,.F.);
#84560=ORIENTED_EDGE('',*,*,#82420,.T.);
#84570=ORIENTED_EDGE('',*,*,#83230,.F.);
#84580=EDGE_LOOP('',(#84570,#84560,#84550,#84540));
#84590=FACE_OUTER_BOUND('',#84580,.T.);
#84600=ADVANCED_FACE('',(#84590),#84530,.T.);
#84610=CARTESIAN_POINT('',(2.96101731916345,3.3223480408227,-2.825));
#84620=DIRECTION('',(0.,0.,1.));
#84630=DIRECTION('',(-1.,-1.22460635382238E-16,0.));
#84640=AXIS2_PLACEMENT_3D('',#84610,#84620,#84630);
#84650=PLANE('',#84640);
#84660=CARTESIAN_POINT('',(-1.32,1.68499999999999,-2.825));
#84670=DIRECTION('',(-1.,0.,0.));
#84680=VECTOR('',#84670,1.);
#84690=LINE('',#84660,#84680);
#84700=CARTESIAN_POINT('',(-1.45,1.68499999999999,-2.825));
#84710=VERTEX_POINT('',#84700);
#84720=EDGE_CURVE('',#10690,#84710,#84690,.T.);
#84730=ORIENTED_EDGE('',*,*,#84720,.F.);
#84740=CARTESIAN_POINT('',(-1.45,1.73499999999999,-2.825));
#84750=DIRECTION('',(0.,0.,1.));
#84760=DIRECTION('',(-0.900478877885824,0.43489974762178,0.));
#84770=AXIS2_PLACEMENT_3D('',#84740,#84750,#84760);
#84780=CIRCLE('',#84770,0.0499999999999998);
#84790=CARTESIAN_POINT('',(-1.49502394389425,1.75674498738114,-2.825));
#84800=VERTEX_POINT('',#84790);
#84810=EDGE_CURVE('',#84800,#84710,#84780,.T.);
#84820=ORIENTED_EDGE('',*,*,#84810,.T.);
#84830=CARTESIAN_POINT('',(-1.47497605610584,1.79825501261861,-2.825));
#84840=DIRECTION('',(-0.434899747624554,-0.900478877884484,0.));
#84850=VECTOR('',#84840,1.);
#84860=LINE('',#84830,#84850);
#84870=CARTESIAN_POINT('',(-1.47497605610581,1.79825501261868,-2.825));
#84880=VERTEX_POINT('',#84870);
#84890=EDGE_CURVE('',#84880,#84800,#84860,.T.);
#84900=ORIENTED_EDGE('',*,*,#84890,.T.);
#84910=CARTESIAN_POINT('',(-1.52,1.81999999999999,-2.825));
#84920=DIRECTION('',(0.,0.,-1.));
#84930=DIRECTION('',(2.30926389122028E-13,1.,0.));
#84940=AXIS2_PLACEMENT_3D('',#84910,#84920,#84930);
#84950=CIRCLE('',#84940,0.0500000000000009);
#84960=CARTESIAN_POINT('',(-1.51999999999999,1.86999999999999,-2.825));
#84970=VERTEX_POINT('',#84960);
#84980=EDGE_CURVE('',#84970,#84880,#84950,.T.);
#84990=ORIENTED_EDGE('',*,*,#84980,.T.);
#85000=CARTESIAN_POINT('',(-1.52,1.86999999999999,-2.825));
#85010=DIRECTION('',(-1.,-6.53072367426563E-15,0.));
#85020=VECTOR('',#85010,1.);
#85030=LINE('',#85000,#85020);
#85040=CARTESIAN_POINT('',(-1.69,1.86999999999999,-2.825));
#85050=VERTEX_POINT('',#85040);
#85060=EDGE_CURVE('',#84970,#85050,#85030,.T.);
#85070=ORIENTED_EDGE('',*,*,#85060,.F.);
#85080=CARTESIAN_POINT('',(-1.69,1.86999999999999,-2.825));
#85090=DIRECTION('',(0.,1.,0.));
#85100=VECTOR('',#85090,1.);
#85110=LINE('',#85080,#85100);
#85120=CARTESIAN_POINT('',(-1.69,1.94999999999999,-2.825));
#85130=VERTEX_POINT('',#85120);
#85140=EDGE_CURVE('',#85050,#85130,#85110,.T.);
#85150=ORIENTED_EDGE('',*,*,#85140,.F.);
#85160=CARTESIAN_POINT('',(-1.64,1.94999999999999,-2.825));
#85170=DIRECTION('',(0.,0.,1.));
#85180=DIRECTION('',(-5.77315972805081E-14,1.,0.));
#85190=AXIS2_PLACEMENT_3D('',#85160,#85170,#85180);
#85200=CIRCLE('',#85190,0.05);
#85210=CARTESIAN_POINT('',(-1.64,1.99999999999999,-2.825));
#85220=VERTEX_POINT('',#85210);
#85230=EDGE_CURVE('',#85220,#85130,#85200,.T.);
#85240=ORIENTED_EDGE('',*,*,#85230,.T.);
#85250=CARTESIAN_POINT('',(-1.64,1.99999999999999,-2.825));
#85260=DIRECTION('',(1.,0.,0.));
#85270=VECTOR('',#85260,1.);
#85280=LINE('',#85250,#85270);
#85290=CARTESIAN_POINT('',(-1.39,1.99999999999999,-2.825));
#85300=VERTEX_POINT('',#85290);
#85310=EDGE_CURVE('',#85220,#85300,#85280,.T.);
#85320=ORIENTED_EDGE('',*,*,#85310,.F.);
#85330=CARTESIAN_POINT('',(-1.32,1.93249999999999,-2.825));
#85340=DIRECTION('',(-0.719844295420687,0.69413557058423,0.));
#85350=VECTOR('',#85340,1.);
#85360=LINE('',#85330,#85350);
#85370=EDGE_CURVE('',#10510,#85300,#85360,.T.);
#85380=ORIENTED_EDGE('',*,*,#85370,.T.);
#85390=ORIENTED_EDGE('',*,*,#10760,.T.);
#85400=EDGE_LOOP('',(#85390,#85380,#85320,#85240,#85150,#85070,#84990,
#84900,#84820,#84730));
#85410=FACE_OUTER_BOUND('',#85400,.T.);
#85420=ADVANCED_FACE('',(#85410),#84650,.T.);
#85430=CARTESIAN_POINT('',(-1.32,1.68499999999999,-2.945));
#85440=DIRECTION('',(1.22460635382238E-16,-1.,0.));
#85450=DIRECTION('',(-1.,-1.22460635382238E-16,0.));
#85460=AXIS2_PLACEMENT_3D('',#85430,#85440,#85450);
#85470=PLANE('',#85460);
#85480=CARTESIAN_POINT('',(-1.45,1.68499999999999,-2.945));
#85490=DIRECTION('',(0.,0.,1.));
#85500=VECTOR('',#85490,1.);
#85510=LINE('',#85480,#85500);
#85520=CARTESIAN_POINT('',(-1.45,1.68499999999999,-2.945));
#85530=VERTEX_POINT('',#85520);
#85540=EDGE_CURVE('',#85530,#84710,#85510,.T.);
#85550=ORIENTED_EDGE('',*,*,#85540,.F.);
#85560=ORIENTED_EDGE('',*,*,#84720,.T.);
#85570=ORIENTED_EDGE('',*,*,#10700,.T.);
#85580=CARTESIAN_POINT('',(-1.32,1.68499999999999,-2.945));
#85590=DIRECTION('',(-1.,0.,0.));
#85600=VECTOR('',#85590,1.);
#85610=LINE('',#85580,#85600);
#85620=EDGE_CURVE('',#10610,#85530,#85610,.T.);
#85630=ORIENTED_EDGE('',*,*,#85620,.F.);
#85640=EDGE_LOOP('',(#85630,#85570,#85560,#85550));
#85650=FACE_OUTER_BOUND('',#85640,.T.);
#85660=ADVANCED_FACE('',(#85650),#85470,.T.);
#85670=CARTESIAN_POINT('',(2.96101731916345,3.3223480408227,-2.945));
#85680=DIRECTION('',(0.,0.,1.));
#85690=DIRECTION('',(-1.,-1.22460635382238E-16,0.));
#85700=AXIS2_PLACEMENT_3D('',#85670,#85680,#85690);
#85710=PLANE('',#85700);
#85720=CARTESIAN_POINT('',(-1.39,1.99999999999999,-2.945));
#85730=DIRECTION('',(0.719844295420687,-0.69413557058423,0.));
#85740=VECTOR('',#85730,1.);
#85750=LINE('',#85720,#85740);
#85760=CARTESIAN_POINT('',(-1.39,1.99999999999999,-2.945));
#85770=VERTEX_POINT('',#85760);
#85780=EDGE_CURVE('',#85770,#10530,#85750,.T.);
#85790=ORIENTED_EDGE('',*,*,#85780,.T.);
#85800=CARTESIAN_POINT('',(-1.64,1.99999999999999,-2.945));
#85810=DIRECTION('',(1.,8.88178419700122E-16,0.));
#85820=VECTOR('',#85810,1.);
#85830=LINE('',#85800,#85820);
#85840=CARTESIAN_POINT('',(-1.64,1.99999999999999,-2.945));
#85850=VERTEX_POINT('',#85840);
#85860=EDGE_CURVE('',#85850,#85770,#85830,.T.);
#85870=ORIENTED_EDGE('',*,*,#85860,.T.);
#85880=CARTESIAN_POINT('',(-1.64,1.94999999999999,-2.945));
#85890=DIRECTION('',(0.,0.,-1.));
#85900=DIRECTION('',(-1.,0.,0.));
#85910=AXIS2_PLACEMENT_3D('',#85880,#85890,#85900);
#85920=CIRCLE('',#85910,0.05);
#85930=CARTESIAN_POINT('',(-1.69,1.94999999999999,-2.945));
#85940=VERTEX_POINT('',#85930);
#85950=EDGE_CURVE('',#85940,#85850,#85920,.T.);
#85960=ORIENTED_EDGE('',*,*,#85950,.T.);
#85970=CARTESIAN_POINT('',(-1.69,1.86999999999999,-2.945));
#85980=DIRECTION('',(0.,1.,0.));
#85990=VECTOR('',#85980,1.);
#86000=LINE('',#85970,#85990);
#86010=CARTESIAN_POINT('',(-1.69,1.86999999999999,-2.945));
#86020=VERTEX_POINT('',#86010);
#86030=EDGE_CURVE('',#86020,#85940,#86000,.T.);
#86040=ORIENTED_EDGE('',*,*,#86030,.T.);
#86050=CARTESIAN_POINT('',(-1.52,1.86999999999999,-2.945));
#86060=DIRECTION('',(-1.,-1.30614473485312E-15,0.));
#86070=VECTOR('',#86060,1.);
#86080=LINE('',#86050,#86070);
#86090=CARTESIAN_POINT('',(-1.52,1.86999999999999,-2.945));
#86100=VERTEX_POINT('',#86090);
#86110=EDGE_CURVE('',#86100,#86020,#86080,.T.);
#86120=ORIENTED_EDGE('',*,*,#86110,.T.);
#86130=CARTESIAN_POINT('',(-1.52,1.81999999999999,-2.945));
#86140=DIRECTION('',(0.,0.,1.));
#86150=DIRECTION('',(0.900478877882811,-0.434899747628018,0.));
#86160=AXIS2_PLACEMENT_3D('',#86130,#86140,#86150);
#86170=CIRCLE('',#86160,0.0500000000000009);
#86180=CARTESIAN_POINT('',(-1.47497605610581,1.79825501261867,-2.945));
#86190=VERTEX_POINT('',#86180);
#86200=EDGE_CURVE('',#86190,#86100,#86170,.T.);
#86210=ORIENTED_EDGE('',*,*,#86200,.T.);
#86220=CARTESIAN_POINT('',(-1.49502394389427,1.75674498738112,-2.945));
#86230=DIRECTION('',(0.43489974762456,0.900478877884481,0.));
#86240=VECTOR('',#86230,1.);
#86250=LINE('',#86220,#86240);
#86260=CARTESIAN_POINT('',(-1.49502394389425,1.75674498738116,-2.945));
#86270=VERTEX_POINT('',#86260);
#86280=EDGE_CURVE('',#86270,#86190,#86250,.T.);
#86290=ORIENTED_EDGE('',*,*,#86280,.T.);
#86300=CARTESIAN_POINT('',(-1.45,1.73499999999999,-2.945));
#86310=DIRECTION('',(0.,0.,-1.));
#86320=DIRECTION('',(3.99680288865058E-14,-1.,0.));
#86330=AXIS2_PLACEMENT_3D('',#86300,#86310,#86320);
#86340=CIRCLE('',#86330,0.0499999999999998);
#86350=EDGE_CURVE('',#85530,#86270,#86340,.T.);
#86360=ORIENTED_EDGE('',*,*,#86350,.T.);
#86370=ORIENTED_EDGE('',*,*,#85620,.T.);
#86380=ORIENTED_EDGE('',*,*,#10620,.F.);
#86390=EDGE_LOOP('',(#86380,#86370,#86360,#86290,#86210,#86120,#86040,
#85960,#85870,#85790));
#86400=FACE_OUTER_BOUND('',#86390,.T.);
#86410=ADVANCED_FACE('',(#86400),#85710,.F.);
#86420=CARTESIAN_POINT('',(-1.39,1.99999999999999,-2.945));
#86430=DIRECTION('',(0.694135570584233,0.719844295420684,0.));
#86440=DIRECTION('',(0.719844295420684,-0.694135570584233,0.));
#86450=AXIS2_PLACEMENT_3D('',#86420,#86430,#86440);
#86460=PLANE('',#86450);
#86470=ORIENTED_EDGE('',*,*,#85370,.F.);
#86480=CARTESIAN_POINT('',(-1.39,1.99999999999999,-2.945));
#86490=DIRECTION('',(0.,0.,1.));
#86500=VECTOR('',#86490,1.);
#86510=LINE('',#86480,#86500);
#86520=EDGE_CURVE('',#85770,#85300,#86510,.T.);
#86530=ORIENTED_EDGE('',*,*,#86520,.T.);
#86540=ORIENTED_EDGE('',*,*,#85780,.F.);
#86550=ORIENTED_EDGE('',*,*,#10540,.T.);
#86560=EDGE_LOOP('',(#86550,#86540,#86530,#86470));
#86570=FACE_OUTER_BOUND('',#86560,.T.);
#86580=ADVANCED_FACE('',(#86570),#86460,.T.);
#86590=CARTESIAN_POINT('',(-1.64,1.99999999999999,-2.945));
#86600=DIRECTION('',(-1.22460635382238E-16,1.,0.));
#86610=DIRECTION('',(1.,1.22460635382238E-16,0.));
#86620=AXIS2_PLACEMENT_3D('',#86590,#86600,#86610);
#86630=PLANE('',#86620);
#86640=ORIENTED_EDGE('',*,*,#86520,.F.);
#86650=ORIENTED_EDGE('',*,*,#85310,.T.);
#86660=CARTESIAN_POINT('',(-1.64,1.99999999999999,-2.825));
#86670=DIRECTION('',(0.,0.,-1.));
#86680=VECTOR('',#86670,1.);
#86690=LINE('',#86660,#86680);
#86700=EDGE_CURVE('',#85220,#85850,#86690,.T.);
#86710=ORIENTED_EDGE('',*,*,#86700,.F.);
#86720=ORIENTED_EDGE('',*,*,#85860,.F.);
#86730=EDGE_LOOP('',(#86720,#86710,#86650,#86640));
#86740=FACE_OUTER_BOUND('',#86730,.T.);
#86750=ADVANCED_FACE('',(#86740),#86630,.T.);
#86760=CARTESIAN_POINT('',(-1.64,1.94999999999999,-2.945));
#86770=DIRECTION('',(0.,0.,1.));
#86780=DIRECTION('',(-1.,-1.22460635382238E-16,0.));
#86790=AXIS2_PLACEMENT_3D('',#86760,#86770,#86780);
#86800=CYLINDRICAL_SURFACE('',#86790,0.05);
#86810=ORIENTED_EDGE('',*,*,#86700,.T.);
#86820=ORIENTED_EDGE('',*,*,#85230,.F.);
#86830=CARTESIAN_POINT('',(-1.69,1.94999999999999,-2.945));
#86840=DIRECTION('',(0.,0.,1.));
#86850=VECTOR('',#86840,1.);
#86860=LINE('',#86830,#86850);
#86870=EDGE_CURVE('',#85940,#85130,#86860,.T.);
#86880=ORIENTED_EDGE('',*,*,#86870,.T.);
#86890=ORIENTED_EDGE('',*,*,#85950,.F.);
#86900=EDGE_LOOP('',(#86890,#86880,#86820,#86810));
#86910=FACE_OUTER_BOUND('',#86900,.T.);
#86920=ADVANCED_FACE('',(#86910),#86800,.T.);
#86930=CARTESIAN_POINT('',(-1.69,1.86999999999999,-2.945));
#86940=DIRECTION('',(-1.,-1.22460635382238E-16,-0.));
#86950=DIRECTION('',(-1.22460635382238E-16,1.,0.));
#86960=AXIS2_PLACEMENT_3D('',#86930,#86940,#86950);
#86970=PLANE('',#86960);
#86980=ORIENTED_EDGE('',*,*,#86870,.F.);
#86990=ORIENTED_EDGE('',*,*,#85140,.T.);
#87000=CARTESIAN_POINT('',(-1.69,1.86999999999999,-2.945));
#87010=DIRECTION('',(0.,0.,1.));
#87020=VECTOR('',#87010,1.);
#87030=LINE('',#87000,#87020);
#87040=EDGE_CURVE('',#86020,#85050,#87030,.T.);
#87050=ORIENTED_EDGE('',*,*,#87040,.T.);
#87060=ORIENTED_EDGE('',*,*,#86030,.F.);
#87070=EDGE_LOOP('',(#87060,#87050,#86990,#86980));
#87080=FACE_OUTER_BOUND('',#87070,.T.);
#87090=ADVANCED_FACE('',(#87080),#86970,.T.);
#87100=CARTESIAN_POINT('',(-1.52,1.86999999999999,-2.945));
#87110=DIRECTION('',(6.6531843096478E-15,-1.,0.));
#87120=DIRECTION('',(-1.,-6.6531843096478E-15,0.));
#87130=AXIS2_PLACEMENT_3D('',#87100,#87110,#87120);
#87140=PLANE('',#87130);
#87150=ORIENTED_EDGE('',*,*,#87040,.F.);
#87160=ORIENTED_EDGE('',*,*,#85060,.T.);
#87170=CARTESIAN_POINT('',(-1.52,1.86999999999999,-2.825));
#87180=DIRECTION('',(0.,0.,-1.));
#87190=VECTOR('',#87180,1.);
#87200=LINE('',#87170,#87190);
#87210=EDGE_CURVE('',#84970,#86100,#87200,.T.);
#87220=ORIENTED_EDGE('',*,*,#87210,.F.);
#87230=ORIENTED_EDGE('',*,*,#86110,.F.);
#87240=EDGE_LOOP('',(#87230,#87220,#87160,#87150));
#87250=FACE_OUTER_BOUND('',#87240,.T.);
#87260=ADVANCED_FACE('',(#87250),#87140,.T.);
#87270=CARTESIAN_POINT('',(-1.52,1.81999999999999,-2.945));
#87280=DIRECTION('',(0.,0.,1.));
#87290=DIRECTION('',(-1.,-1.22460635382238E-16,0.));
#87300=AXIS2_PLACEMENT_3D('',#87270,#87280,#87290);
#87310=CYLINDRICAL_SURFACE('',#87300,0.0500000000000009);
#87320=ORIENTED_EDGE('',*,*,#87210,.T.);
#87330=ORIENTED_EDGE('',*,*,#84980,.F.);
#87340=CARTESIAN_POINT('',(-1.47497605610578,1.79825501261876,-2.945));
#87350=DIRECTION('',(0.,0.,1.));
#87360=VECTOR('',#87350,1.);
#87370=LINE('',#87340,#87360);
#87380=EDGE_CURVE('',#86190,#84880,#87370,.T.);
#87390=ORIENTED_EDGE('',*,*,#87380,.T.);
#87400=ORIENTED_EDGE('',*,*,#86200,.F.);
#87410=EDGE_LOOP('',(#87400,#87390,#87330,#87320));
#87420=FACE_OUTER_BOUND('',#87410,.T.);
#87430=ADVANCED_FACE('',(#87420),#87310,.F.);
#87440=CARTESIAN_POINT('',(-1.49502394389422,1.75674498738121,-2.945));
#87450=DIRECTION('',(-0.900478877884487,0.434899747624548,0.));
#87460=DIRECTION('',(0.434899747624548,0.900478877884487,0.));
#87470=AXIS2_PLACEMENT_3D('',#87440,#87450,#87460);
#87480=PLANE('',#87470);
#87490=ORIENTED_EDGE('',*,*,#87380,.F.);
#87500=ORIENTED_EDGE('',*,*,#84890,.F.);
#87510=CARTESIAN_POINT('',(-1.49502394389423,1.75674498738121,-2.825));
#87520=DIRECTION('',(0.,0.,-1.));
#87530=VECTOR('',#87520,1.);
#87540=LINE('',#87510,#87530);
#87550=EDGE_CURVE('',#84800,#86270,#87540,.T.);
#87560=ORIENTED_EDGE('',*,*,#87550,.F.);
#87570=ORIENTED_EDGE('',*,*,#86280,.F.);
#87580=EDGE_LOOP('',(#87570,#87560,#87500,#87490));
#87590=FACE_OUTER_BOUND('',#87580,.T.);
#87600=ADVANCED_FACE('',(#87590),#87480,.T.);
#87610=CARTESIAN_POINT('',(-1.45,1.73499999999999,-2.945));
#87620=DIRECTION('',(0.,0.,1.));
#87630=DIRECTION('',(-1.,-1.22460635382238E-16,0.));
#87640=AXIS2_PLACEMENT_3D('',#87610,#87620,#87630);
#87650=CYLINDRICAL_SURFACE('',#87640,0.0499999999999998);
#87660=ORIENTED_EDGE('',*,*,#87550,.T.);
#87670=ORIENTED_EDGE('',*,*,#84810,.F.);
#87680=ORIENTED_EDGE('',*,*,#85540,.T.);
#87690=ORIENTED_EDGE('',*,*,#86350,.F.);
#87700=EDGE_LOOP('',(#87690,#87680,#87670,#87660));
#87710=FACE_OUTER_BOUND('',#87700,.T.);
#87720=ADVANCED_FACE('',(#87710),#87650,.T.);
#87730=CARTESIAN_POINT('',(2.96101731916345,3.3223480408227,-3.225));
#87740=DIRECTION('',(0.,0.,1.));
#87750=DIRECTION('',(-1.,-1.22460635382238E-16,0.));
#87760=AXIS2_PLACEMENT_3D('',#87730,#87740,#87750);
#87770=PLANE('',#87760);
#87780=CARTESIAN_POINT('',(-1.32,1.68499999999999,-3.225));
#87790=DIRECTION('',(-1.,0.,0.));
#87800=VECTOR('',#87790,1.);
#87810=LINE('',#87780,#87800);
#87820=CARTESIAN_POINT('',(-1.45,1.68499999999999,-3.225));
#87830=VERTEX_POINT('',#87820);
#87840=EDGE_CURVE('',#11030,#87830,#87810,.T.);
#87850=ORIENTED_EDGE('',*,*,#87840,.F.);
#87860=CARTESIAN_POINT('',(-1.45,1.73499999999999,-3.225));
#87870=DIRECTION('',(0.,0.,1.));
#87880=DIRECTION('',(-0.900478877885824,0.43489974762178,0.));
#87890=AXIS2_PLACEMENT_3D('',#87860,#87870,#87880);
#87900=CIRCLE('',#87890,0.0499999999999998);
#87910=CARTESIAN_POINT('',(-1.49502394389425,1.75674498738114,-3.225));
#87920=VERTEX_POINT('',#87910);
#87930=EDGE_CURVE('',#87920,#87830,#87900,.T.);
#87940=ORIENTED_EDGE('',*,*,#87930,.T.);
#87950=CARTESIAN_POINT('',(-1.47497605610584,1.79825501261861,-3.225));
#87960=DIRECTION('',(-0.434899747624554,-0.900478877884484,0.));
#87970=VECTOR('',#87960,1.);
#87980=LINE('',#87950,#87970);
#87990=CARTESIAN_POINT('',(-1.47497605610581,1.79825501261868,-3.225));
#88000=VERTEX_POINT('',#87990);
#88010=EDGE_CURVE('',#88000,#87920,#87980,.T.);
#88020=ORIENTED_EDGE('',*,*,#88010,.T.);
#88030=CARTESIAN_POINT('',(-1.52,1.81999999999999,-3.225));
#88040=DIRECTION('',(0.,0.,-1.));
#88050=DIRECTION('',(2.30926389122028E-13,1.,0.));
#88060=AXIS2_PLACEMENT_3D('',#88030,#88040,#88050);
#88070=CIRCLE('',#88060,0.0500000000000009);
#88080=CARTESIAN_POINT('',(-1.51999999999999,1.86999999999999,-3.225));
#88090=VERTEX_POINT('',#88080);
#88100=EDGE_CURVE('',#88090,#88000,#88070,.T.);
#88110=ORIENTED_EDGE('',*,*,#88100,.T.);
#88120=CARTESIAN_POINT('',(-1.52,1.86999999999999,-3.225));
#88130=DIRECTION('',(-1.,-6.53072367426563E-15,0.));
#88140=VECTOR('',#88130,1.);
#88150=LINE('',#88120,#88140);
#88160=CARTESIAN_POINT('',(-1.69,1.86999999999999,-3.225));
#88170=VERTEX_POINT('',#88160);
#88180=EDGE_CURVE('',#88090,#88170,#88150,.T.);
#88190=ORIENTED_EDGE('',*,*,#88180,.F.);
#88200=CARTESIAN_POINT('',(-1.69,1.86999999999999,-3.225));
#88210=DIRECTION('',(0.,1.,0.));
#88220=VECTOR('',#88210,1.);
#88230=LINE('',#88200,#88220);
#88240=CARTESIAN_POINT('',(-1.69,1.94999999999999,-3.225));
#88250=VERTEX_POINT('',#88240);
#88260=EDGE_CURVE('',#88170,#88250,#88230,.T.);
#88270=ORIENTED_EDGE('',*,*,#88260,.F.);
#88280=CARTESIAN_POINT('',(-1.64,1.94999999999999,-3.225));
#88290=DIRECTION('',(0.,0.,1.));
#88300=DIRECTION('',(-5.77315972805081E-14,1.,0.));
#88310=AXIS2_PLACEMENT_3D('',#88280,#88290,#88300);
#88320=CIRCLE('',#88310,0.05);
#88330=CARTESIAN_POINT('',(-1.64,1.99999999999999,-3.225));
#88340=VERTEX_POINT('',#88330);
#88350=EDGE_CURVE('',#88340,#88250,#88320,.T.);
#88360=ORIENTED_EDGE('',*,*,#88350,.T.);
#88370=CARTESIAN_POINT('',(-1.64,1.99999999999999,-3.225));
#88380=DIRECTION('',(1.,0.,0.));
#88390=VECTOR('',#88380,1.);
#88400=LINE('',#88370,#88390);
#88410=CARTESIAN_POINT('',(-1.39,1.99999999999999,-3.225));
#88420=VERTEX_POINT('',#88410);
#88430=EDGE_CURVE('',#88340,#88420,#88400,.T.);
#88440=ORIENTED_EDGE('',*,*,#88430,.F.);
#88450=CARTESIAN_POINT('',(-1.32,1.93249999999999,-3.225));
#88460=DIRECTION('',(-0.719844295420687,0.69413557058423,0.));
#88470=VECTOR('',#88460,1.);
#88480=LINE('',#88450,#88470);
#88490=EDGE_CURVE('',#10850,#88420,#88480,.T.);
#88500=ORIENTED_EDGE('',*,*,#88490,.T.);
#88510=ORIENTED_EDGE('',*,*,#11100,.T.);
#88520=EDGE_LOOP('',(#88510,#88500,#88440,#88360,#88270,#88190,#88110,
#88020,#87940,#87850));
#88530=FACE_OUTER_BOUND('',#88520,.T.);
#88540=ADVANCED_FACE('',(#88530),#87770,.T.);
#88550=CARTESIAN_POINT('',(-1.32,1.68499999999999,-3.345));
#88560=DIRECTION('',(1.22460635382238E-16,-1.,0.));
#88570=DIRECTION('',(-1.,-1.22460635382238E-16,0.));
#88580=AXIS2_PLACEMENT_3D('',#88550,#88560,#88570);
#88590=PLANE('',#88580);
#88600=CARTESIAN_POINT('',(-1.45,1.68499999999999,-3.345));
#88610=DIRECTION('',(0.,0.,1.));
#88620=VECTOR('',#88610,1.);
#88630=LINE('',#88600,#88620);
#88640=CARTESIAN_POINT('',(-1.45,1.68499999999999,-3.345));
#88650=VERTEX_POINT('',#88640);
#88660=EDGE_CURVE('',#88650,#87830,#88630,.T.);
#88670=ORIENTED_EDGE('',*,*,#88660,.F.);
#88680=ORIENTED_EDGE('',*,*,#87840,.T.);
#88690=ORIENTED_EDGE('',*,*,#11040,.T.);
#88700=CARTESIAN_POINT('',(-1.32,1.68499999999999,-3.345));
#88710=DIRECTION('',(-1.,0.,0.));
#88720=VECTOR('',#88710,1.);
#88730=LINE('',#88700,#88720);
#88740=EDGE_CURVE('',#10950,#88650,#88730,.T.);
#88750=ORIENTED_EDGE('',*,*,#88740,.F.);
#88760=EDGE_LOOP('',(#88750,#88690,#88680,#88670));
#88770=FACE_OUTER_BOUND('',#88760,.T.);
#88780=ADVANCED_FACE('',(#88770),#88590,.T.);
#88790=CARTESIAN_POINT('',(2.96101731916345,3.3223480408227,-3.345));
#88800=DIRECTION('',(0.,0.,1.));
#88810=DIRECTION('',(-1.,-1.22460635382238E-16,0.));
#88820=AXIS2_PLACEMENT_3D('',#88790,#88800,#88810);
#88830=PLANE('',#88820);
#88840=CARTESIAN_POINT('',(-1.39,1.99999999999999,-3.345));
#88850=DIRECTION('',(0.719844295420687,-0.69413557058423,0.));
#88860=VECTOR('',#88850,1.);
#88870=LINE('',#88840,#88860);
#88880=CARTESIAN_POINT('',(-1.39,1.99999999999999,-3.345));
#88890=VERTEX_POINT('',#88880);
#88900=EDGE_CURVE('',#88890,#10870,#88870,.T.);
#88910=ORIENTED_EDGE('',*,*,#88900,.T.);
#88920=CARTESIAN_POINT('',(-1.64,1.99999999999999,-3.345));
#88930=DIRECTION('',(1.,8.88178419700122E-16,0.));
#88940=VECTOR('',#88930,1.);
#88950=LINE('',#88920,#88940);
#88960=CARTESIAN_POINT('',(-1.64,1.99999999999999,-3.345));
#88970=VERTEX_POINT('',#88960);
#88980=EDGE_CURVE('',#88970,#88890,#88950,.T.);
#88990=ORIENTED_EDGE('',*,*,#88980,.T.);
#89000=CARTESIAN_POINT('',(-1.64,1.94999999999999,-3.345));
#89010=DIRECTION('',(0.,0.,-1.));
#89020=DIRECTION('',(-1.,0.,0.));
#89030=AXIS2_PLACEMENT_3D('',#89000,#89010,#89020);
#89040=CIRCLE('',#89030,0.05);
#89050=CARTESIAN_POINT('',(-1.69,1.94999999999999,-3.345));
#89060=VERTEX_POINT('',#89050);
#89070=EDGE_CURVE('',#89060,#88970,#89040,.T.);
#89080=ORIENTED_EDGE('',*,*,#89070,.T.);
#89090=CARTESIAN_POINT('',(-1.69,1.86999999999999,-3.345));
#89100=DIRECTION('',(0.,1.,0.));
#89110=VECTOR('',#89100,1.);
#89120=LINE('',#89090,#89110);
#89130=CARTESIAN_POINT('',(-1.69,1.86999999999999,-3.345));
#89140=VERTEX_POINT('',#89130);
#89150=EDGE_CURVE('',#89140,#89060,#89120,.T.);
#89160=ORIENTED_EDGE('',*,*,#89150,.T.);
#89170=CARTESIAN_POINT('',(-1.52,1.86999999999999,-3.345));
#89180=DIRECTION('',(-1.,-1.30614473485312E-15,0.));
#89190=VECTOR('',#89180,1.);
#89200=LINE('',#89170,#89190);
#89210=CARTESIAN_POINT('',(-1.52,1.86999999999999,-3.345));
#89220=VERTEX_POINT('',#89210);
#89230=EDGE_CURVE('',#89220,#89140,#89200,.T.);
#89240=ORIENTED_EDGE('',*,*,#89230,.T.);
#89250=CARTESIAN_POINT('',(-1.52,1.81999999999999,-3.345));
#89260=DIRECTION('',(0.,0.,1.));
#89270=DIRECTION('',(0.900478877882811,-0.434899747628018,0.));
#89280=AXIS2_PLACEMENT_3D('',#89250,#89260,#89270);
#89290=CIRCLE('',#89280,0.0500000000000009);
#89300=CARTESIAN_POINT('',(-1.47497605610581,1.79825501261867,-3.345));
#89310=VERTEX_POINT('',#89300);
#89320=EDGE_CURVE('',#89310,#89220,#89290,.T.);
#89330=ORIENTED_EDGE('',*,*,#89320,.T.);
#89340=CARTESIAN_POINT('',(-1.49502394389427,1.75674498738112,-3.345));
#89350=DIRECTION('',(0.43489974762456,0.900478877884481,0.));
#89360=VECTOR('',#89350,1.);
#89370=LINE('',#89340,#89360);
#89380=CARTESIAN_POINT('',(-1.49502394389425,1.75674498738116,-3.345));
#89390=VERTEX_POINT('',#89380);
#89400=EDGE_CURVE('',#89390,#89310,#89370,.T.);
#89410=ORIENTED_EDGE('',*,*,#89400,.T.);
#89420=CARTESIAN_POINT('',(-1.45,1.73499999999999,-3.345));
#89430=DIRECTION('',(0.,0.,-1.));
#89440=DIRECTION('',(3.99680288865058E-14,-1.,0.));
#89450=AXIS2_PLACEMENT_3D('',#89420,#89430,#89440);
#89460=CIRCLE('',#89450,0.0499999999999998);
#89470=EDGE_CURVE('',#88650,#89390,#89460,.T.);
#89480=ORIENTED_EDGE('',*,*,#89470,.T.);
#89490=ORIENTED_EDGE('',*,*,#88740,.T.);
#89500=ORIENTED_EDGE('',*,*,#10960,.F.);
#89510=EDGE_LOOP('',(#89500,#89490,#89480,#89410,#89330,#89240,#89160,
#89080,#88990,#88910));
#89520=FACE_OUTER_BOUND('',#89510,.T.);
#89530=ADVANCED_FACE('',(#89520),#88830,.F.);
#89540=CARTESIAN_POINT('',(-1.39,1.99999999999999,-3.345));
#89550=DIRECTION('',(0.694135570584233,0.719844295420684,0.));
#89560=DIRECTION('',(0.719844295420684,-0.694135570584233,0.));
#89570=AXIS2_PLACEMENT_3D('',#89540,#89550,#89560);
#89580=PLANE('',#89570);
#89590=ORIENTED_EDGE('',*,*,#88490,.F.);
#89600=CARTESIAN_POINT('',(-1.39,1.99999999999999,-3.345));
#89610=DIRECTION('',(0.,0.,1.));
#89620=VECTOR('',#89610,1.);
#89630=LINE('',#89600,#89620);
#89640=EDGE_CURVE('',#88890,#88420,#89630,.T.);
#89650=ORIENTED_EDGE('',*,*,#89640,.T.);
#89660=ORIENTED_EDGE('',*,*,#88900,.F.);
#89670=ORIENTED_EDGE('',*,*,#10880,.T.);
#89680=EDGE_LOOP('',(#89670,#89660,#89650,#89590));
#89690=FACE_OUTER_BOUND('',#89680,.T.);
#89700=ADVANCED_FACE('',(#89690),#89580,.T.);
#89710=CARTESIAN_POINT('',(-1.64,1.99999999999999,-3.345));
#89720=DIRECTION('',(-1.22460635382238E-16,1.,0.));
#89730=DIRECTION('',(1.,1.22460635382238E-16,0.));
#89740=AXIS2_PLACEMENT_3D('',#89710,#89720,#89730);
#89750=PLANE('',#89740);
#89760=ORIENTED_EDGE('',*,*,#89640,.F.);
#89770=ORIENTED_EDGE('',*,*,#88430,.T.);
#89780=CARTESIAN_POINT('',(-1.64,1.99999999999999,-3.225));
#89790=DIRECTION('',(0.,0.,-1.));
#89800=VECTOR('',#89790,1.);
#89810=LINE('',#89780,#89800);
#89820=EDGE_CURVE('',#88340,#88970,#89810,.T.);
#89830=ORIENTED_EDGE('',*,*,#89820,.F.);
#89840=ORIENTED_EDGE('',*,*,#88980,.F.);
#89850=EDGE_LOOP('',(#89840,#89830,#89770,#89760));
#89860=FACE_OUTER_BOUND('',#89850,.T.);
#89870=ADVANCED_FACE('',(#89860),#89750,.T.);
#89880=CARTESIAN_POINT('',(-1.64,1.94999999999999,-3.345));
#89890=DIRECTION('',(0.,0.,1.));
#89900=DIRECTION('',(-1.,-1.22460635382238E-16,0.));
#89910=AXIS2_PLACEMENT_3D('',#89880,#89890,#89900);
#89920=CYLINDRICAL_SURFACE('',#89910,0.05);
#89930=ORIENTED_EDGE('',*,*,#89820,.T.);
#89940=ORIENTED_EDGE('',*,*,#88350,.F.);
#89950=CARTESIAN_POINT('',(-1.69,1.94999999999999,-3.345));
#89960=DIRECTION('',(0.,0.,1.));
#89970=VECTOR('',#89960,1.);
#89980=LINE('',#89950,#89970);
#89990=EDGE_CURVE('',#89060,#88250,#89980,.T.);
#90000=ORIENTED_EDGE('',*,*,#89990,.T.);
#90010=ORIENTED_EDGE('',*,*,#89070,.F.);
#90020=EDGE_LOOP('',(#90010,#90000,#89940,#89930));
#90030=FACE_OUTER_BOUND('',#90020,.T.);
#90040=ADVANCED_FACE('',(#90030),#89920,.T.);
#90050=CARTESIAN_POINT('',(-1.69,1.86999999999999,-3.345));
#90060=DIRECTION('',(-1.,-1.22460635382238E-16,-0.));
#90070=DIRECTION('',(-1.22460635382238E-16,1.,0.));
#90080=AXIS2_PLACEMENT_3D('',#90050,#90060,#90070);
#90090=PLANE('',#90080);
#90100=ORIENTED_EDGE('',*,*,#89990,.F.);
#90110=ORIENTED_EDGE('',*,*,#88260,.T.);
#90120=CARTESIAN_POINT('',(-1.69,1.86999999999999,-3.345));
#90130=DIRECTION('',(0.,0.,1.));
#90140=VECTOR('',#90130,1.);
#90150=LINE('',#90120,#90140);
#90160=EDGE_CURVE('',#89140,#88170,#90150,.T.);
#90170=ORIENTED_EDGE('',*,*,#90160,.T.);
#90180=ORIENTED_EDGE('',*,*,#89150,.F.);
#90190=EDGE_LOOP('',(#90180,#90170,#90110,#90100));
#90200=FACE_OUTER_BOUND('',#90190,.T.);
#90210=ADVANCED_FACE('',(#90200),#90090,.T.);
#90220=CARTESIAN_POINT('',(-1.52,1.86999999999999,-3.345));
#90230=DIRECTION('',(6.6531843096478E-15,-1.,0.));
#90240=DIRECTION('',(-1.,-6.6531843096478E-15,0.));
#90250=AXIS2_PLACEMENT_3D('',#90220,#90230,#90240);
#90260=PLANE('',#90250);
#90270=ORIENTED_EDGE('',*,*,#90160,.F.);
#90280=ORIENTED_EDGE('',*,*,#88180,.T.);
#90290=CARTESIAN_POINT('',(-1.52,1.86999999999999,-3.225));
#90300=DIRECTION('',(0.,0.,-1.));
#90310=VECTOR('',#90300,1.);
#90320=LINE('',#90290,#90310);
#90330=EDGE_CURVE('',#88090,#89220,#90320,.T.);
#90340=ORIENTED_EDGE('',*,*,#90330,.F.);
#90350=ORIENTED_EDGE('',*,*,#89230,.F.);
#90360=EDGE_LOOP('',(#90350,#90340,#90280,#90270));
#90370=FACE_OUTER_BOUND('',#90360,.T.);
#90380=ADVANCED_FACE('',(#90370),#90260,.T.);
#90390=CARTESIAN_POINT('',(-1.52,1.81999999999999,-3.345));
#90400=DIRECTION('',(0.,0.,1.));
#90410=DIRECTION('',(-1.,-1.22460635382238E-16,0.));
#90420=AXIS2_PLACEMENT_3D('',#90390,#90400,#90410);
#90430=CYLINDRICAL_SURFACE('',#90420,0.0500000000000009);
#90440=ORIENTED_EDGE('',*,*,#90330,.T.);
#90450=ORIENTED_EDGE('',*,*,#88100,.F.);
#90460=CARTESIAN_POINT('',(-1.47497605610578,1.79825501261876,-3.345));
#90470=DIRECTION('',(0.,0.,1.));
#90480=VECTOR('',#90470,1.);
#90490=LINE('',#90460,#90480);
#90500=EDGE_CURVE('',#89310,#88000,#90490,.T.);
#90510=ORIENTED_EDGE('',*,*,#90500,.T.);
#90520=ORIENTED_EDGE('',*,*,#89320,.F.);
#90530=EDGE_LOOP('',(#90520,#90510,#90450,#90440));
#90540=FACE_OUTER_BOUND('',#90530,.T.);
#90550=ADVANCED_FACE('',(#90540),#90430,.F.);
#90560=CARTESIAN_POINT('',(-1.49502394389422,1.75674498738121,-3.345));
#90570=DIRECTION('',(-0.900478877884487,0.434899747624548,0.));
#90580=DIRECTION('',(0.434899747624548,0.900478877884487,0.));
#90590=AXIS2_PLACEMENT_3D('',#90560,#90570,#90580);
#90600=PLANE('',#90590);
#90610=ORIENTED_EDGE('',*,*,#90500,.F.);
#90620=ORIENTED_EDGE('',*,*,#88010,.F.);
#90630=CARTESIAN_POINT('',(-1.49502394389423,1.75674498738121,-3.225));
#90640=DIRECTION('',(0.,0.,-1.));
#90650=VECTOR('',#90640,1.);
#90660=LINE('',#90630,#90650);
#90670=EDGE_CURVE('',#87920,#89390,#90660,.T.);
#90680=ORIENTED_EDGE('',*,*,#90670,.F.);
#90690=ORIENTED_EDGE('',*,*,#89400,.F.);
#90700=EDGE_LOOP('',(#90690,#90680,#90620,#90610));
#90710=FACE_OUTER_BOUND('',#90700,.T.);
#90720=ADVANCED_FACE('',(#90710),#90600,.T.);
#90730=CARTESIAN_POINT('',(-1.45,1.73499999999999,-3.345));
#90740=DIRECTION('',(0.,0.,1.));
#90750=DIRECTION('',(-1.,-1.22460635382238E-16,0.));
#90760=AXIS2_PLACEMENT_3D('',#90730,#90740,#90750);
#90770=CYLINDRICAL_SURFACE('',#90760,0.0499999999999998);
#90780=ORIENTED_EDGE('',*,*,#90670,.T.);
#90790=ORIENTED_EDGE('',*,*,#87930,.F.);
#90800=ORIENTED_EDGE('',*,*,#88660,.T.);
#90810=ORIENTED_EDGE('',*,*,#89470,.F.);
#90820=EDGE_LOOP('',(#90810,#90800,#90790,#90780));
#90830=FACE_OUTER_BOUND('',#90820,.T.);
#90840=ADVANCED_FACE('',(#90830),#90770,.T.);
#90850=CARTESIAN_POINT('',(2.96101731916345,3.3223480408227,-3.625));
#90860=DIRECTION('',(0.,0.,1.));
#90870=DIRECTION('',(-1.,-1.22460635382238E-16,0.));
#90880=AXIS2_PLACEMENT_3D('',#90850,#90860,#90870);
#90890=PLANE('',#90880);
#90900=CARTESIAN_POINT('',(-1.32,1.68499999999999,-3.625));
#90910=DIRECTION('',(-1.,0.,0.));
#90920=VECTOR('',#90910,1.);
#90930=LINE('',#90900,#90920);
#90940=CARTESIAN_POINT('',(-1.45,1.68499999999999,-3.625));
#90950=VERTEX_POINT('',#90940);
#90960=EDGE_CURVE('',#11370,#90950,#90930,.T.);
#90970=ORIENTED_EDGE('',*,*,#90960,.F.);
#90980=CARTESIAN_POINT('',(-1.45,1.73499999999999,-3.625));
#90990=DIRECTION('',(0.,0.,1.));
#91000=DIRECTION('',(-0.90047887788464,0.43489974762423,0.));
#91010=AXIS2_PLACEMENT_3D('',#90980,#90990,#91000);
#91020=CIRCLE('',#91010,0.0499999999999998);
#91030=CARTESIAN_POINT('',(-1.49502394389422,1.7567449873812,-3.625));
#91040=VERTEX_POINT('',#91030);
#91050=EDGE_CURVE('',#91040,#90950,#91020,.T.);
#91060=ORIENTED_EDGE('',*,*,#91050,.T.);
#91070=CARTESIAN_POINT('',(-1.47497605610578,1.79825501261874,-3.625));
#91080=DIRECTION('',(-0.434899747624553,-0.900478877884484,0.));
#91090=VECTOR('',#91080,1.);
#91100=LINE('',#91070,#91090);
#91110=CARTESIAN_POINT('',(-1.47497605610578,1.79825501261875,-3.625));
#91120=VERTEX_POINT('',#91110);
#91130=EDGE_CURVE('',#91120,#91040,#91100,.T.);
#91140=ORIENTED_EDGE('',*,*,#91130,.T.);
#91150=CARTESIAN_POINT('',(-1.52,1.81999999999999,-3.625));
#91160=DIRECTION('',(0.,0.,-1.));
#91170=DIRECTION('',(2.30926389122028E-13,1.,0.));
#91180=AXIS2_PLACEMENT_3D('',#91150,#91160,#91170);
#91190=CIRCLE('',#91180,0.0500000000000009);
#91200=CARTESIAN_POINT('',(-1.51999999999999,1.86999999999999,-3.625));
#91210=VERTEX_POINT('',#91200);
#91220=EDGE_CURVE('',#91210,#91120,#91190,.T.);
#91230=ORIENTED_EDGE('',*,*,#91220,.T.);
#91240=CARTESIAN_POINT('',(-1.52,1.86999999999999,-3.625));
#91250=DIRECTION('',(-1.,-6.53072367426563E-15,0.));
#91260=VECTOR('',#91250,1.);
#91270=LINE('',#91240,#91260);
#91280=CARTESIAN_POINT('',(-1.69,1.86999999999999,-3.625));
#91290=VERTEX_POINT('',#91280);
#91300=EDGE_CURVE('',#91210,#91290,#91270,.T.);
#91310=ORIENTED_EDGE('',*,*,#91300,.F.);
#91320=CARTESIAN_POINT('',(-1.69,1.86999999999999,-3.625));
#91330=DIRECTION('',(0.,1.,0.));
#91340=VECTOR('',#91330,1.);
#91350=LINE('',#91320,#91340);
#91360=CARTESIAN_POINT('',(-1.69,1.94999999999999,-3.625));
#91370=VERTEX_POINT('',#91360);
#91380=EDGE_CURVE('',#91290,#91370,#91350,.T.);
#91390=ORIENTED_EDGE('',*,*,#91380,.F.);
#91400=CARTESIAN_POINT('',(-1.64,1.94999999999999,-3.625));
#91410=DIRECTION('',(0.,0.,1.));
#91420=DIRECTION('',(-7.54951656745106E-14,1.,0.));
#91430=AXIS2_PLACEMENT_3D('',#91400,#91410,#91420);
#91440=CIRCLE('',#91430,0.05);
#91450=CARTESIAN_POINT('',(-1.64,1.99999999999999,-3.625));
#91460=VERTEX_POINT('',#91450);
#91470=EDGE_CURVE('',#91460,#91370,#91440,.T.);
#91480=ORIENTED_EDGE('',*,*,#91470,.T.);
#91490=CARTESIAN_POINT('',(-1.64,1.99999999999999,-3.625));
#91500=DIRECTION('',(1.,0.,0.));
#91510=VECTOR('',#91500,1.);
#91520=LINE('',#91490,#91510);
#91530=CARTESIAN_POINT('',(-1.39,1.99999999999999,-3.625));
#91540=VERTEX_POINT('',#91530);
#91550=EDGE_CURVE('',#91460,#91540,#91520,.T.);
#91560=ORIENTED_EDGE('',*,*,#91550,.F.);
#91570=CARTESIAN_POINT('',(-1.32,1.93249999999999,-3.625));
#91580=DIRECTION('',(-0.719844295420683,0.694135570584235,0.));
#91590=VECTOR('',#91580,1.);
#91600=LINE('',#91570,#91590);
#91610=EDGE_CURVE('',#11210,#91540,#91600,.T.);
#91620=ORIENTED_EDGE('',*,*,#91610,.T.);
#91630=ORIENTED_EDGE('',*,*,#11440,.F.);
#91640=EDGE_LOOP('',(#91630,#91620,#91560,#91480,#91390,#91310,#91230,
#91140,#91060,#90970));
#91650=FACE_OUTER_BOUND('',#91640,.T.);
#91660=ADVANCED_FACE('',(#91650),#90890,.T.);
#91670=CARTESIAN_POINT('',(-1.32,1.68499999999999,-3.745));
#91680=DIRECTION('',(1.22460635382238E-16,-1.,0.));
#91690=DIRECTION('',(-1.,-1.22460635382238E-16,0.));
#91700=AXIS2_PLACEMENT_3D('',#91670,#91680,#91690);
#91710=PLANE('',#91700);
#91720=CARTESIAN_POINT('',(-1.45,1.68499999999999,-3.745));
#91730=DIRECTION('',(0.,0.,1.));
#91740=VECTOR('',#91730,1.);
#91750=LINE('',#91720,#91740);
#91760=CARTESIAN_POINT('',(-1.45,1.68499999999999,-3.745));
#91770=VERTEX_POINT('',#91760);
#91780=EDGE_CURVE('',#91770,#90950,#91750,.T.);
#91790=ORIENTED_EDGE('',*,*,#91780,.F.);
#91800=ORIENTED_EDGE('',*,*,#90960,.T.);
#91810=ORIENTED_EDGE('',*,*,#11380,.F.);
#91820=CARTESIAN_POINT('',(-1.45,1.68499999999999,-3.745));
#91830=DIRECTION('',(1.,0.,0.));
#91840=VECTOR('',#91830,1.);
#91850=LINE('',#91820,#91840);
#91860=EDGE_CURVE('',#91770,#11290,#91850,.T.);
#91870=ORIENTED_EDGE('',*,*,#91860,.T.);
#91880=EDGE_LOOP('',(#91870,#91810,#91800,#91790));
#91890=FACE_OUTER_BOUND('',#91880,.T.);
#91900=ADVANCED_FACE('',(#91890),#91710,.T.);
#91910=CARTESIAN_POINT('',(2.96101731916345,3.3223480408227,-3.745));
#91920=DIRECTION('',(0.,0.,1.));
#91930=DIRECTION('',(-1.,-1.22460635382238E-16,0.));
#91940=AXIS2_PLACEMENT_3D('',#91910,#91920,#91930);
#91950=PLANE('',#91940);
#91960=CARTESIAN_POINT('',(-1.39,1.99999999999999,-3.745));
#91970=DIRECTION('',(0.719844295420685,-0.694135570584232,0.));
#91980=VECTOR('',#91970,1.);
#91990=LINE('',#91960,#91980);
#92000=CARTESIAN_POINT('',(-1.39,1.99999999999999,-3.745));
#92010=VERTEX_POINT('',#92000);
#92020=EDGE_CURVE('',#92010,#11190,#91990,.T.);
#92030=ORIENTED_EDGE('',*,*,#92020,.T.);
#92040=CARTESIAN_POINT('',(-1.64,1.99999999999999,-3.745));
#92050=DIRECTION('',(1.,8.88178419700122E-16,0.));
#92060=VECTOR('',#92050,1.);
#92070=LINE('',#92040,#92060);
#92080=CARTESIAN_POINT('',(-1.64,1.99999999999999,-3.745));
#92090=VERTEX_POINT('',#92080);
#92100=EDGE_CURVE('',#92090,#92010,#92070,.T.);
#92110=ORIENTED_EDGE('',*,*,#92100,.T.);
#92120=CARTESIAN_POINT('',(-1.64,1.94999999999999,-3.745));
#92130=DIRECTION('',(0.,0.,-1.));
#92140=DIRECTION('',(-1.,0.,0.));
#92150=AXIS2_PLACEMENT_3D('',#92120,#92130,#92140);
#92160=CIRCLE('',#92150,0.05);
#92170=CARTESIAN_POINT('',(-1.69,1.94999999999999,-3.745));
#92180=VERTEX_POINT('',#92170);
#92190=EDGE_CURVE('',#92180,#92090,#92160,.T.);
#92200=ORIENTED_EDGE('',*,*,#92190,.T.);
#92210=CARTESIAN_POINT('',(-1.69,1.86999999999999,-3.745));
#92220=DIRECTION('',(0.,1.,0.));
#92230=VECTOR('',#92220,1.);
#92240=LINE('',#92210,#92230);
#92250=CARTESIAN_POINT('',(-1.69,1.86999999999999,-3.745));
#92260=VERTEX_POINT('',#92250);
#92270=EDGE_CURVE('',#92260,#92180,#92240,.T.);
#92280=ORIENTED_EDGE('',*,*,#92270,.T.);
#92290=CARTESIAN_POINT('',(-1.52,1.86999999999999,-3.745));
#92300=DIRECTION('',(-1.,-1.30614473485312E-15,0.));
#92310=VECTOR('',#92300,1.);
#92320=LINE('',#92290,#92310);
#92330=CARTESIAN_POINT('',(-1.52,1.86999999999999,-3.745));
#92340=VERTEX_POINT('',#92330);
#92350=EDGE_CURVE('',#92340,#92260,#92320,.T.);
#92360=ORIENTED_EDGE('',*,*,#92350,.T.);
#92370=CARTESIAN_POINT('',(-1.52,1.81999999999999,-3.745));
#92380=DIRECTION('',(0.,0.,1.));
#92390=DIRECTION('',(0.90047887788381,-0.434899747625949,0.));
#92400=AXIS2_PLACEMENT_3D('',#92370,#92380,#92390);
#92410=CIRCLE('',#92400,0.0500000000000009);
#92420=CARTESIAN_POINT('',(-1.47497605610579,1.79825501261872,-3.745));
#92430=VERTEX_POINT('',#92420);
#92440=EDGE_CURVE('',#92430,#92340,#92410,.T.);
#92450=ORIENTED_EDGE('',*,*,#92440,.T.);
#92460=CARTESIAN_POINT('',(-1.49502394389424,1.75674498738118,-3.745));
#92470=DIRECTION('',(0.43489974762455,0.900478877884486,0.));
#92480=VECTOR('',#92470,1.);
#92490=LINE('',#92460,#92480);
#92500=CARTESIAN_POINT('',(-1.49502394389424,1.75674498738119,-3.745));
#92510=VERTEX_POINT('',#92500);
#92520=EDGE_CURVE('',#92510,#92430,#92490,.T.);
#92530=ORIENTED_EDGE('',*,*,#92520,.T.);
#92540=CARTESIAN_POINT('',(-1.45,1.73499999999999,-3.745));
#92550=DIRECTION('',(0.,0.,-1.));
#92560=DIRECTION('',(7.54951656745109E-14,-1.,0.));
#92570=AXIS2_PLACEMENT_3D('',#92540,#92550,#92560);
#92580=CIRCLE('',#92570,0.0499999999999998);
#92590=EDGE_CURVE('',#91770,#92510,#92580,.T.);
#92600=ORIENTED_EDGE('',*,*,#92590,.T.);
#92610=ORIENTED_EDGE('',*,*,#91860,.F.);
#92620=ORIENTED_EDGE('',*,*,#11300,.T.);
#92630=EDGE_LOOP('',(#92620,#92610,#92600,#92530,#92450,#92360,#92280,
#92200,#92110,#92030));
#92640=FACE_OUTER_BOUND('',#92630,.T.);
#92650=ADVANCED_FACE('',(#92640),#91950,.F.);
#92660=CARTESIAN_POINT('',(-1.39,1.99999999999999,-3.745));
#92670=DIRECTION('',(0.694135570584233,0.719844295420684,0.));
#92680=DIRECTION('',(0.719844295420684,-0.694135570584233,0.));
#92690=AXIS2_PLACEMENT_3D('',#92660,#92670,#92680);
#92700=PLANE('',#92690);
#92710=ORIENTED_EDGE('',*,*,#91610,.F.);
#92720=CARTESIAN_POINT('',(-1.39,1.99999999999999,-3.625));
#92730=DIRECTION('',(0.,0.,-1.));
#92740=VECTOR('',#92730,1.);
#92750=LINE('',#92720,#92740);
#92760=EDGE_CURVE('',#91540,#92010,#92750,.T.);
#92770=ORIENTED_EDGE('',*,*,#92760,.F.);
#92780=ORIENTED_EDGE('',*,*,#92020,.F.);
#92790=ORIENTED_EDGE('',*,*,#11220,.F.);
#92800=EDGE_LOOP('',(#92790,#92780,#92770,#92710));
#92810=FACE_OUTER_BOUND('',#92800,.T.);
#92820=ADVANCED_FACE('',(#92810),#92700,.T.);
#92830=CARTESIAN_POINT('',(-1.64,1.99999999999999,-3.745));
#92840=DIRECTION('',(-1.22460635382238E-16,1.,0.));
#92850=DIRECTION('',(1.,1.22460635382238E-16,0.));
#92860=AXIS2_PLACEMENT_3D('',#92830,#92840,#92850);
#92870=PLANE('',#92860);
#92880=ORIENTED_EDGE('',*,*,#92760,.T.);
#92890=ORIENTED_EDGE('',*,*,#91550,.T.);
#92900=CARTESIAN_POINT('',(-1.64,1.99999999999999,-3.625));
#92910=DIRECTION('',(0.,0.,-1.));
#92920=VECTOR('',#92910,1.);
#92930=LINE('',#92900,#92920);
#92940=EDGE_CURVE('',#91460,#92090,#92930,.T.);
#92950=ORIENTED_EDGE('',*,*,#92940,.F.);
#92960=ORIENTED_EDGE('',*,*,#92100,.F.);
#92970=EDGE_LOOP('',(#92960,#92950,#92890,#92880));
#92980=FACE_OUTER_BOUND('',#92970,.T.);
#92990=ADVANCED_FACE('',(#92980),#92870,.T.);
#93000=CARTESIAN_POINT('',(-1.64,1.94999999999999,-3.745));
#93010=DIRECTION('',(0.,0.,1.));
#93020=DIRECTION('',(-1.,-1.22460635382238E-16,0.));
#93030=AXIS2_PLACEMENT_3D('',#93000,#93010,#93020);
#93040=CYLINDRICAL_SURFACE('',#93030,0.05);
#93050=ORIENTED_EDGE('',*,*,#92940,.T.);
#93060=ORIENTED_EDGE('',*,*,#91470,.F.);
#93070=CARTESIAN_POINT('',(-1.69,1.94999999999999,-3.745));
#93080=DIRECTION('',(0.,0.,1.));
#93090=VECTOR('',#93080,1.);
#93100=LINE('',#93070,#93090);
#93110=EDGE_CURVE('',#92180,#91370,#93100,.T.);
#93120=ORIENTED_EDGE('',*,*,#93110,.T.);
#93130=ORIENTED_EDGE('',*,*,#92190,.F.);
#93140=EDGE_LOOP('',(#93130,#93120,#93060,#93050));
#93150=FACE_OUTER_BOUND('',#93140,.T.);
#93160=ADVANCED_FACE('',(#93150),#93040,.T.);
#93170=CARTESIAN_POINT('',(-1.69,1.86999999999999,-3.745));
#93180=DIRECTION('',(-1.,-1.22460635382238E-16,-0.));
#93190=DIRECTION('',(-1.22460635382238E-16,1.,0.));
#93200=AXIS2_PLACEMENT_3D('',#93170,#93180,#93190);
#93210=PLANE('',#93200);
#93220=ORIENTED_EDGE('',*,*,#93110,.F.);
#93230=ORIENTED_EDGE('',*,*,#91380,.T.);
#93240=CARTESIAN_POINT('',(-1.69,1.86999999999999,-3.625));
#93250=DIRECTION('',(0.,0.,-1.));
#93260=VECTOR('',#93250,1.);
#93270=LINE('',#93240,#93260);
#93280=EDGE_CURVE('',#91290,#92260,#93270,.T.);
#93290=ORIENTED_EDGE('',*,*,#93280,.F.);
#93300=ORIENTED_EDGE('',*,*,#92270,.F.);
#93310=EDGE_LOOP('',(#93300,#93290,#93230,#93220));
#93320=FACE_OUTER_BOUND('',#93310,.T.);
#93330=ADVANCED_FACE('',(#93320),#93210,.T.);
#93340=CARTESIAN_POINT('',(-1.52,1.86999999999999,-3.745));
#93350=DIRECTION('',(6.6531843096478E-15,-1.,0.));
#93360=DIRECTION('',(-1.,-6.6531843096478E-15,0.));
#93370=AXIS2_PLACEMENT_3D('',#93340,#93350,#93360);
#93380=PLANE('',#93370);
#93390=ORIENTED_EDGE('',*,*,#93280,.T.);
#93400=ORIENTED_EDGE('',*,*,#91300,.T.);
#93410=CARTESIAN_POINT('',(-1.52,1.86999999999999,-3.625));
#93420=DIRECTION('',(0.,0.,-1.));
#93430=VECTOR('',#93420,1.);
#93440=LINE('',#93410,#93430);
#93450=EDGE_CURVE('',#91210,#92340,#93440,.T.);
#93460=ORIENTED_EDGE('',*,*,#93450,.F.);
#93470=ORIENTED_EDGE('',*,*,#92350,.F.);
#93480=EDGE_LOOP('',(#93470,#93460,#93400,#93390));
#93490=FACE_OUTER_BOUND('',#93480,.T.);
#93500=ADVANCED_FACE('',(#93490),#93380,.T.);
#93510=CARTESIAN_POINT('',(-1.52,1.81999999999999,-3.745));
#93520=DIRECTION('',(0.,0.,1.));
#93530=DIRECTION('',(-1.,-1.22460635382238E-16,0.));
#93540=AXIS2_PLACEMENT_3D('',#93510,#93520,#93530);
#93550=CYLINDRICAL_SURFACE('',#93540,0.0500000000000009);
#93560=ORIENTED_EDGE('',*,*,#93450,.T.);
#93570=ORIENTED_EDGE('',*,*,#91220,.F.);
#93580=CARTESIAN_POINT('',(-1.47497605610578,1.79825501261876,-3.745));
#93590=DIRECTION('',(0.,0.,1.));
#93600=VECTOR('',#93590,1.);
#93610=LINE('',#93580,#93600);
#93620=EDGE_CURVE('',#92430,#91120,#93610,.T.);
#93630=ORIENTED_EDGE('',*,*,#93620,.T.);
#93640=ORIENTED_EDGE('',*,*,#92440,.F.);
#93650=EDGE_LOOP('',(#93640,#93630,#93570,#93560));
#93660=FACE_OUTER_BOUND('',#93650,.T.);
#93670=ADVANCED_FACE('',(#93660),#93550,.F.);
#93680=CARTESIAN_POINT('',(-1.49502394389422,1.75674498738121,-3.745));
#93690=DIRECTION('',(-0.900478877884487,0.434899747624548,0.));
#93700=DIRECTION('',(0.434899747624548,0.900478877884487,0.));
#93710=AXIS2_PLACEMENT_3D('',#93680,#93690,#93700);
#93720=PLANE('',#93710);
#93730=ORIENTED_EDGE('',*,*,#93620,.F.);
#93740=ORIENTED_EDGE('',*,*,#91130,.F.);
#93750=CARTESIAN_POINT('',(-1.49502394389423,1.75674498738121,-3.625));
#93760=DIRECTION('',(0.,0.,-1.));
#93770=VECTOR('',#93760,1.);
#93780=LINE('',#93750,#93770);
#93790=EDGE_CURVE('',#91040,#92510,#93780,.T.);
#93800=ORIENTED_EDGE('',*,*,#93790,.F.);
#93810=ORIENTED_EDGE('',*,*,#92520,.F.);
#93820=EDGE_LOOP('',(#93810,#93800,#93740,#93730));
#93830=FACE_OUTER_BOUND('',#93820,.T.);
#93840=ADVANCED_FACE('',(#93830),#93720,.T.);
#93850=CARTESIAN_POINT('',(-1.45,1.73499999999999,-3.745));
#93860=DIRECTION('',(0.,0.,1.));
#93870=DIRECTION('',(-1.,-1.22460635382238E-16,0.));
#93880=AXIS2_PLACEMENT_3D('',#93850,#93860,#93870);
#93890=CYLINDRICAL_SURFACE('',#93880,0.0499999999999998);
#93900=ORIENTED_EDGE('',*,*,#93790,.T.);
#93910=ORIENTED_EDGE('',*,*,#91050,.F.);
#93920=ORIENTED_EDGE('',*,*,#91780,.T.);
#93930=ORIENTED_EDGE('',*,*,#92590,.F.);
#93940=EDGE_LOOP('',(#93930,#93920,#93910,#93900));
#93950=FACE_OUTER_BOUND('',#93940,.T.);
#93960=ADVANCED_FACE('',(#93950),#93890,.T.);
#93970=CARTESIAN_POINT('',(2.96101731916345,3.3223480408227,-4.545));
#93980=DIRECTION('',(0.,0.,1.));
#93990=DIRECTION('',(-1.,-1.22460635382238E-16,0.));
#94000=AXIS2_PLACEMENT_3D('',#93970,#93980,#93990);
#94010=PLANE('',#94000);
#94020=CARTESIAN_POINT('',(-1.39,1.99999999999999,-4.545));
#94030=DIRECTION('',(0.719844295420687,-0.69413557058423,0.));
#94040=VECTOR('',#94030,1.);
#94050=LINE('',#94020,#94040);
#94060=CARTESIAN_POINT('',(-1.39,1.99999999999999,-4.545));
#94070=VERTEX_POINT('',#94060);
#94080=EDGE_CURVE('',#94070,#11710,#94050,.T.);
#94090=ORIENTED_EDGE('',*,*,#94080,.T.);
#94100=CARTESIAN_POINT('',(-1.64,1.99999999999999,-4.545));
#94110=DIRECTION('',(1.,8.88178419700122E-16,0.));
#94120=VECTOR('',#94110,1.);
#94130=LINE('',#94100,#94120);
#94140=CARTESIAN_POINT('',(-1.64,1.99999999999999,-4.545));
#94150=VERTEX_POINT('',#94140);
#94160=EDGE_CURVE('',#94150,#94070,#94130,.T.);
#94170=ORIENTED_EDGE('',*,*,#94160,.T.);
#94180=CARTESIAN_POINT('',(-1.64,1.94999999999999,-4.545));
#94190=DIRECTION('',(0.,0.,-1.));
#94200=DIRECTION('',(-1.,0.,0.));
#94210=AXIS2_PLACEMENT_3D('',#94180,#94190,#94200);
#94220=CIRCLE('',#94210,0.05);
#94230=CARTESIAN_POINT('',(-1.69,1.94999999999999,-4.545));
#94240=VERTEX_POINT('',#94230);
#94250=EDGE_CURVE('',#94240,#94150,#94220,.T.);
#94260=ORIENTED_EDGE('',*,*,#94250,.T.);
#94270=CARTESIAN_POINT('',(-1.69,1.86999999999999,-4.545));
#94280=DIRECTION('',(0.,1.,0.));
#94290=VECTOR('',#94280,1.);
#94300=LINE('',#94270,#94290);
#94310=CARTESIAN_POINT('',(-1.69,1.86999999999999,-4.545));
#94320=VERTEX_POINT('',#94310);
#94330=EDGE_CURVE('',#94320,#94240,#94300,.T.);
#94340=ORIENTED_EDGE('',*,*,#94330,.T.);
#94350=CARTESIAN_POINT('',(-1.52,1.86999999999999,-4.545));
#94360=DIRECTION('',(-1.,-1.30614473485312E-15,0.));
#94370=VECTOR('',#94360,1.);
#94380=LINE('',#94350,#94370);
#94390=CARTESIAN_POINT('',(-1.52,1.86999999999999,-4.545));
#94400=VERTEX_POINT('',#94390);
#94410=EDGE_CURVE('',#94400,#94320,#94380,.T.);
#94420=ORIENTED_EDGE('',*,*,#94410,.T.);
#94430=CARTESIAN_POINT('',(-1.52,1.81999999999999,-4.545));
#94440=DIRECTION('',(0.,0.,1.));
#94450=DIRECTION('',(0.900478877882798,-0.434899747628045,0.));
#94460=AXIS2_PLACEMENT_3D('',#94430,#94440,#94450);
#94470=CIRCLE('',#94460,0.0500000000000009);
#94480=CARTESIAN_POINT('',(-1.47497605610581,1.79825501261867,-4.545));
#94490=VERTEX_POINT('',#94480);
#94500=EDGE_CURVE('',#94490,#94400,#94470,.T.);
#94510=ORIENTED_EDGE('',*,*,#94500,.T.);
#94520=CARTESIAN_POINT('',(-1.49502394389426,1.75674498738112,-4.545));
#94530=DIRECTION('',(0.434899747624553,0.900478877884484,0.));
#94540=VECTOR('',#94530,1.);
#94550=LINE('',#94520,#94540);
#94560=CARTESIAN_POINT('',(-1.49502394389425,1.75674498738117,-4.545));
#94570=VERTEX_POINT('',#94560);
#94580=EDGE_CURVE('',#94570,#94490,#94550,.T.);
#94590=ORIENTED_EDGE('',*,*,#94580,.T.);
#94600=CARTESIAN_POINT('',(-1.45,1.73499999999999,-4.545));
#94610=DIRECTION('',(0.,0.,-1.));
#94620=DIRECTION('',(3.99680288865058E-14,-1.,0.));
#94630=AXIS2_PLACEMENT_3D('',#94600,#94610,#94620);
#94640=CIRCLE('',#94630,0.0499999999999998);
#94650=CARTESIAN_POINT('',(-1.45,1.68499999999999,-4.545));
#94660=VERTEX_POINT('',#94650);
#94670=EDGE_CURVE('',#94660,#94570,#94640,.T.);
#94680=ORIENTED_EDGE('',*,*,#94670,.T.);
#94690=CARTESIAN_POINT('',(-1.32,1.68499999999999,-4.545));
#94700=DIRECTION('',(-1.,0.,0.));
#94710=VECTOR('',#94700,1.);
#94720=LINE('',#94690,#94710);
#94730=EDGE_CURVE('',#11530,#94660,#94720,.T.);
#94740=ORIENTED_EDGE('',*,*,#94730,.T.);
#94750=ORIENTED_EDGE('',*,*,#11780,.F.);
#94760=EDGE_LOOP('',(#94750,#94740,#94680,#94590,#94510,#94420,#94340,
#94260,#94170,#94090));
#94770=FACE_OUTER_BOUND('',#94760,.T.);
#94780=ADVANCED_FACE('',(#94770),#94010,.F.);
#94790=CARTESIAN_POINT('',(-1.39,1.99999999999999,-4.545));
#94800=DIRECTION('',(0.694135570584233,0.719844295420684,0.));
#94810=DIRECTION('',(0.719844295420684,-0.694135570584233,0.));
#94820=AXIS2_PLACEMENT_3D('',#94790,#94800,#94810);
#94830=PLANE('',#94820);
#94840=CARTESIAN_POINT('',(-1.32,1.93249999999999,-4.425));
#94850=DIRECTION('',(-0.719844295420687,0.69413557058423,0.));
#94860=VECTOR('',#94850,1.);
#94870=LINE('',#94840,#94860);
#94880=CARTESIAN_POINT('',(-1.39,1.99999999999999,-4.425));
#94890=VERTEX_POINT('',#94880);
#94900=EDGE_CURVE('',#11630,#94890,#94870,.T.);
#94910=ORIENTED_EDGE('',*,*,#94900,.F.);
#94920=CARTESIAN_POINT('',(-1.39,1.99999999999999,-4.545));
#94930=DIRECTION('',(0.,0.,1.));
#94940=VECTOR('',#94930,1.);
#94950=LINE('',#94920,#94940);
#94960=EDGE_CURVE('',#94070,#94890,#94950,.T.);
#94970=ORIENTED_EDGE('',*,*,#94960,.T.);
#94980=ORIENTED_EDGE('',*,*,#94080,.F.);
#94990=ORIENTED_EDGE('',*,*,#11720,.T.);
#95000=EDGE_LOOP('',(#94990,#94980,#94970,#94910));
#95010=FACE_OUTER_BOUND('',#95000,.T.);
#95020=ADVANCED_FACE('',(#95010),#94830,.T.);
#95030=CARTESIAN_POINT('',(2.96101731916345,3.3223480408227,-4.425));
#95040=DIRECTION('',(0.,0.,1.));
#95050=DIRECTION('',(-1.,-1.22460635382238E-16,0.));
#95060=AXIS2_PLACEMENT_3D('',#95030,#95040,#95050);
#95070=PLANE('',#95060);
#95080=CARTESIAN_POINT('',(-1.32,1.68499999999999,-4.425));
#95090=DIRECTION('',(-1.,0.,0.));
#95100=VECTOR('',#95090,1.);
#95110=LINE('',#95080,#95100);
#95120=CARTESIAN_POINT('',(-1.45,1.68499999999999,-4.425));
#95130=VERTEX_POINT('',#95120);
#95140=EDGE_CURVE('',#11550,#95130,#95110,.T.);
#95150=ORIENTED_EDGE('',*,*,#95140,.F.);
#95160=CARTESIAN_POINT('',(-1.45,1.73499999999999,-4.425));
#95170=DIRECTION('',(0.,0.,1.));
#95180=DIRECTION('',(-0.900478877885807,0.434899747621815,0.));
#95190=AXIS2_PLACEMENT_3D('',#95160,#95170,#95180);
#95200=CIRCLE('',#95190,0.0499999999999998);
#95210=CARTESIAN_POINT('',(-1.49502394389425,1.75674498738114,-4.425));
#95220=VERTEX_POINT('',#95210);
#95230=EDGE_CURVE('',#95220,#95130,#95200,.T.);
#95240=ORIENTED_EDGE('',*,*,#95230,.T.);
#95250=CARTESIAN_POINT('',(-1.47497605610584,1.79825501261861,-4.425));
#95260=DIRECTION('',(-0.434899747624565,-0.900478877884479,0.));
#95270=VECTOR('',#95260,1.);
#95280=LINE('',#95250,#95270);
#95290=CARTESIAN_POINT('',(-1.47497605610581,1.79825501261868,-4.425));
#95300=VERTEX_POINT('',#95290);
#95310=EDGE_CURVE('',#95300,#95220,#95280,.T.);
#95320=ORIENTED_EDGE('',*,*,#95310,.T.);
#95330=CARTESIAN_POINT('',(-1.52,1.81999999999999,-4.425));
#95340=DIRECTION('',(0.,0.,-1.));
#95350=DIRECTION('',(2.30926389122028E-13,1.,0.));
#95360=AXIS2_PLACEMENT_3D('',#95330,#95340,#95350);
#95370=CIRCLE('',#95360,0.0500000000000009);
#95380=CARTESIAN_POINT('',(-1.51999999999999,1.86999999999999,-4.425));
#95390=VERTEX_POINT('',#95380);
#95400=EDGE_CURVE('',#95390,#95300,#95370,.T.);
#95410=ORIENTED_EDGE('',*,*,#95400,.T.);
#95420=CARTESIAN_POINT('',(-1.52,1.86999999999999,-4.425));
#95430=DIRECTION('',(-1.,-6.53072367426563E-15,0.));
#95440=VECTOR('',#95430,1.);
#95450=LINE('',#95420,#95440);
#95460=CARTESIAN_POINT('',(-1.69,1.86999999999999,-4.425));
#95470=VERTEX_POINT('',#95460);
#95480=EDGE_CURVE('',#95390,#95470,#95450,.T.);
#95490=ORIENTED_EDGE('',*,*,#95480,.F.);
#95500=CARTESIAN_POINT('',(-1.69,1.86999999999999,-4.425));
#95510=DIRECTION('',(0.,1.,0.));
#95520=VECTOR('',#95510,1.);
#95530=LINE('',#95500,#95520);
#95540=CARTESIAN_POINT('',(-1.69,1.94999999999999,-4.425));
#95550=VERTEX_POINT('',#95540);
#95560=EDGE_CURVE('',#95470,#95550,#95530,.T.);
#95570=ORIENTED_EDGE('',*,*,#95560,.F.);
#95580=CARTESIAN_POINT('',(-1.64,1.94999999999999,-4.425));
#95590=DIRECTION('',(0.,0.,1.));
#95600=DIRECTION('',(-5.77315972805081E-14,1.,0.));
#95610=AXIS2_PLACEMENT_3D('',#95580,#95590,#95600);
#95620=CIRCLE('',#95610,0.05);
#95630=CARTESIAN_POINT('',(-1.64,1.99999999999999,-4.425));
#95640=VERTEX_POINT('',#95630);
#95650=EDGE_CURVE('',#95640,#95550,#95620,.T.);
#95660=ORIENTED_EDGE('',*,*,#95650,.T.);
#95670=CARTESIAN_POINT('',(-1.64,1.99999999999999,-4.425));
#95680=DIRECTION('',(1.,0.,0.));
#95690=VECTOR('',#95680,1.);
#95700=LINE('',#95670,#95690);
#95710=EDGE_CURVE('',#95640,#94890,#95700,.T.);
#95720=ORIENTED_EDGE('',*,*,#95710,.F.);
#95730=ORIENTED_EDGE('',*,*,#94900,.T.);
#95740=ORIENTED_EDGE('',*,*,#11640,.T.);
#95750=EDGE_LOOP('',(#95740,#95730,#95720,#95660,#95570,#95490,#95410,
#95320,#95240,#95150));
#95760=FACE_OUTER_BOUND('',#95750,.T.);
#95770=ADVANCED_FACE('',(#95760),#95070,.T.);
#95780=CARTESIAN_POINT('',(-1.32,1.68499999999999,-4.545));
#95790=DIRECTION('',(1.22460635382238E-16,-1.,0.));
#95800=DIRECTION('',(-1.,-1.22460635382238E-16,0.));
#95810=AXIS2_PLACEMENT_3D('',#95780,#95790,#95800);
#95820=PLANE('',#95810);
#95830=CARTESIAN_POINT('',(-1.45,1.68499999999999,-4.545));
#95840=DIRECTION('',(0.,0.,1.));
#95850=VECTOR('',#95840,1.);
#95860=LINE('',#95830,#95850);
#95870=EDGE_CURVE('',#94660,#95130,#95860,.T.);
#95880=ORIENTED_EDGE('',*,*,#95870,.F.);
#95890=ORIENTED_EDGE('',*,*,#95140,.T.);
#95900=ORIENTED_EDGE('',*,*,#11560,.T.);
#95910=ORIENTED_EDGE('',*,*,#94730,.F.);
#95920=EDGE_LOOP('',(#95910,#95900,#95890,#95880));
#95930=FACE_OUTER_BOUND('',#95920,.T.);
#95940=ADVANCED_FACE('',(#95930),#95820,.T.);
#95950=CARTESIAN_POINT('',(-1.45,1.73499999999999,-4.545));
#95960=DIRECTION('',(0.,0.,1.));
#95970=DIRECTION('',(-1.,-1.22460635382238E-16,0.));
#95980=AXIS2_PLACEMENT_3D('',#95950,#95960,#95970);
#95990=CYLINDRICAL_SURFACE('',#95980,0.0499999999999998);
#96000=CARTESIAN_POINT('',(-1.49502394389423,1.75674498738121,-4.425));
#96010=DIRECTION('',(0.,0.,-1.));
#96020=VECTOR('',#96010,1.);
#96030=LINE('',#96000,#96020);
#96040=EDGE_CURVE('',#95220,#94570,#96030,.T.);
#96050=ORIENTED_EDGE('',*,*,#96040,.T.);
#96060=ORIENTED_EDGE('',*,*,#95230,.F.);
#96070=ORIENTED_EDGE('',*,*,#95870,.T.);
#96080=ORIENTED_EDGE('',*,*,#94670,.F.);
#96090=EDGE_LOOP('',(#96080,#96070,#96060,#96050));
#96100=FACE_OUTER_BOUND('',#96090,.T.);
#96110=ADVANCED_FACE('',(#96100),#95990,.T.);
#96120=CARTESIAN_POINT('',(-1.49502394389422,1.75674498738121,-4.545));
#96130=DIRECTION('',(-0.900478877884487,0.434899747624548,0.));
#96140=DIRECTION('',(0.434899747624548,0.900478877884487,0.));
#96150=AXIS2_PLACEMENT_3D('',#96120,#96130,#96140);
#96160=PLANE('',#96150);
#96170=CARTESIAN_POINT('',(-1.47497605610578,1.79825501261876,-4.545));
#96180=DIRECTION('',(0.,0.,1.));
#96190=VECTOR('',#96180,1.);
#96200=LINE('',#96170,#96190);
#96210=EDGE_CURVE('',#94490,#95300,#96200,.T.);
#96220=ORIENTED_EDGE('',*,*,#96210,.F.);
#96230=ORIENTED_EDGE('',*,*,#95310,.F.);
#96240=ORIENTED_EDGE('',*,*,#96040,.F.);
#96250=ORIENTED_EDGE('',*,*,#94580,.F.);
#96260=EDGE_LOOP('',(#96250,#96240,#96230,#96220));
#96270=FACE_OUTER_BOUND('',#96260,.T.);
#96280=ADVANCED_FACE('',(#96270),#96160,.T.);
#96290=CARTESIAN_POINT('',(-1.52,1.81999999999999,-4.545));
#96300=DIRECTION('',(0.,0.,1.));
#96310=DIRECTION('',(-1.,-1.22460635382238E-16,0.));
#96320=AXIS2_PLACEMENT_3D('',#96290,#96300,#96310);
#96330=CYLINDRICAL_SURFACE('',#96320,0.0500000000000009);
#96340=CARTESIAN_POINT('',(-1.52,1.86999999999999,-4.425));
#96350=DIRECTION('',(0.,0.,-1.));
#96360=VECTOR('',#96350,1.);
#96370=LINE('',#96340,#96360);
#96380=EDGE_CURVE('',#95390,#94400,#96370,.T.);
#96390=ORIENTED_EDGE('',*,*,#96380,.T.);
#96400=ORIENTED_EDGE('',*,*,#95400,.F.);
#96410=ORIENTED_EDGE('',*,*,#96210,.T.);
#96420=ORIENTED_EDGE('',*,*,#94500,.F.);
#96430=EDGE_LOOP('',(#96420,#96410,#96400,#96390));
#96440=FACE_OUTER_BOUND('',#96430,.T.);
#96450=ADVANCED_FACE('',(#96440),#96330,.F.);
#96460=CARTESIAN_POINT('',(-1.52,1.86999999999999,-4.545));
#96470=DIRECTION('',(6.6531843096478E-15,-1.,0.));
#96480=DIRECTION('',(-1.,-6.6531843096478E-15,0.));
#96490=AXIS2_PLACEMENT_3D('',#96460,#96470,#96480);
#96500=PLANE('',#96490);
#96510=CARTESIAN_POINT('',(-1.69,1.86999999999999,-4.545));
#96520=DIRECTION('',(0.,0.,1.));
#96530=VECTOR('',#96520,1.);
#96540=LINE('',#96510,#96530);
#96550=EDGE_CURVE('',#94320,#95470,#96540,.T.);
#96560=ORIENTED_EDGE('',*,*,#96550,.F.);
#96570=ORIENTED_EDGE('',*,*,#95480,.T.);
#96580=ORIENTED_EDGE('',*,*,#96380,.F.);
#96590=ORIENTED_EDGE('',*,*,#94410,.F.);
#96600=EDGE_LOOP('',(#96590,#96580,#96570,#96560));
#96610=FACE_OUTER_BOUND('',#96600,.T.);
#96620=ADVANCED_FACE('',(#96610),#96500,.T.);
#96630=CARTESIAN_POINT('',(-1.69,1.86999999999999,-4.545));
#96640=DIRECTION('',(-1.,-1.22460635382238E-16,-0.));
#96650=DIRECTION('',(-1.22460635382238E-16,1.,0.));
#96660=AXIS2_PLACEMENT_3D('',#96630,#96640,#96650);
#96670=PLANE('',#96660);
#96680=CARTESIAN_POINT('',(-1.69,1.94999999999999,-4.545));
#96690=DIRECTION('',(0.,0.,1.));
#96700=VECTOR('',#96690,1.);
#96710=LINE('',#96680,#96700);
#96720=EDGE_CURVE('',#94240,#95550,#96710,.T.);
#96730=ORIENTED_EDGE('',*,*,#96720,.F.);
#96740=ORIENTED_EDGE('',*,*,#95560,.T.);
#96750=ORIENTED_EDGE('',*,*,#96550,.T.);
#96760=ORIENTED_EDGE('',*,*,#94330,.F.);
#96770=EDGE_LOOP('',(#96760,#96750,#96740,#96730));
#96780=FACE_OUTER_BOUND('',#96770,.T.);
#96790=ADVANCED_FACE('',(#96780),#96670,.T.);
#96800=CARTESIAN_POINT('',(-1.64,1.94999999999999,-4.545));
#96810=DIRECTION('',(0.,0.,1.));
#96820=DIRECTION('',(-1.,-1.22460635382238E-16,0.));
#96830=AXIS2_PLACEMENT_3D('',#96800,#96810,#96820);
#96840=CYLINDRICAL_SURFACE('',#96830,0.05);
#96850=CARTESIAN_POINT('',(-1.64,1.99999999999999,-4.425));
#96860=DIRECTION('',(0.,0.,-1.));
#96870=VECTOR('',#96860,1.);
#96880=LINE('',#96850,#96870);
#96890=EDGE_CURVE('',#95640,#94150,#96880,.T.);
#96900=ORIENTED_EDGE('',*,*,#96890,.T.);
#96910=ORIENTED_EDGE('',*,*,#95650,.F.);
#96920=ORIENTED_EDGE('',*,*,#96720,.T.);
#96930=ORIENTED_EDGE('',*,*,#94250,.F.);
#96940=EDGE_LOOP('',(#96930,#96920,#96910,#96900));
#96950=FACE_OUTER_BOUND('',#96940,.T.);
#96960=ADVANCED_FACE('',(#96950),#96840,.T.);
#96970=CARTESIAN_POINT('',(-1.64,1.99999999999999,-4.545));
#96980=DIRECTION('',(-1.22460635382238E-16,1.,0.));
#96990=DIRECTION('',(1.,1.22460635382238E-16,0.));
#97000=AXIS2_PLACEMENT_3D('',#96970,#96980,#96990);
#97010=PLANE('',#97000);
#97020=ORIENTED_EDGE('',*,*,#94960,.F.);
#97030=ORIENTED_EDGE('',*,*,#95710,.T.);
#97040=ORIENTED_EDGE('',*,*,#96890,.F.);
#97050=ORIENTED_EDGE('',*,*,#94160,.F.);
#97060=EDGE_LOOP('',(#97050,#97040,#97030,#97020));
#97070=FACE_OUTER_BOUND('',#97060,.T.);
#97080=ADVANCED_FACE('',(#97070),#97010,.T.);
#97090=CARTESIAN_POINT('',(2.96101731916345,3.3223480408227,-5.225));
#97100=DIRECTION('',(0.,0.,1.));
#97110=DIRECTION('',(-1.,-1.22460635382238E-16,0.));
#97120=AXIS2_PLACEMENT_3D('',#97090,#97100,#97110);
#97130=PLANE('',#97120);
#97140=CARTESIAN_POINT('',(-1.32,1.68499999999999,-5.225));
#97150=DIRECTION('',(-1.,0.,0.));
#97160=VECTOR('',#97150,1.);
#97170=LINE('',#97140,#97160);
#97180=CARTESIAN_POINT('',(-1.45,1.68499999999999,-5.225));
#97190=VERTEX_POINT('',#97180);
#97200=EDGE_CURVE('',#12050,#97190,#97170,.T.);
#97210=ORIENTED_EDGE('',*,*,#97200,.F.);
#97220=CARTESIAN_POINT('',(-1.45,1.73499999999999,-5.225));
#97230=DIRECTION('',(0.,0.,1.));
#97240=DIRECTION('',(-0.900478877885807,0.434899747621815,0.));
#97250=AXIS2_PLACEMENT_3D('',#97220,#97230,#97240);
#97260=CIRCLE('',#97250,0.0499999999999998);
#97270=CARTESIAN_POINT('',(-1.49502394389425,1.75674498738114,-5.225));
#97280=VERTEX_POINT('',#97270);
#97290=EDGE_CURVE('',#97280,#97190,#97260,.T.);
#97300=ORIENTED_EDGE('',*,*,#97290,.T.);
#97310=CARTESIAN_POINT('',(-1.47497605610584,1.79825501261861,-5.225));
#97320=DIRECTION('',(-0.434899747624565,-0.900478877884479,0.));
#97330=VECTOR('',#97320,1.);
#97340=LINE('',#97310,#97330);
#97350=CARTESIAN_POINT('',(-1.47497605610581,1.79825501261868,-5.225));
#97360=VERTEX_POINT('',#97350);
#97370=EDGE_CURVE('',#97360,#97280,#97340,.T.);
#97380=ORIENTED_EDGE('',*,*,#97370,.T.);
#97390=CARTESIAN_POINT('',(-1.52,1.81999999999999,-5.225));
#97400=DIRECTION('',(0.,0.,-1.));
#97410=DIRECTION('',(2.30926389122028E-13,1.,0.));
#97420=AXIS2_PLACEMENT_3D('',#97390,#97400,#97410);
#97430=CIRCLE('',#97420,0.0500000000000009);
#97440=CARTESIAN_POINT('',(-1.51999999999999,1.86999999999999,-5.225));
#97450=VERTEX_POINT('',#97440);
#97460=EDGE_CURVE('',#97450,#97360,#97430,.T.);
#97470=ORIENTED_EDGE('',*,*,#97460,.T.);
#97480=CARTESIAN_POINT('',(-1.52,1.86999999999999,-5.225));
#97490=DIRECTION('',(-1.,-6.53072367426563E-15,0.));
#97500=VECTOR('',#97490,1.);
#97510=LINE('',#97480,#97500);
#97520=CARTESIAN_POINT('',(-1.69,1.86999999999999,-5.225));
#97530=VERTEX_POINT('',#97520);
#97540=EDGE_CURVE('',#97450,#97530,#97510,.T.);
#97550=ORIENTED_EDGE('',*,*,#97540,.F.);
#97560=CARTESIAN_POINT('',(-1.69,1.86999999999999,-5.225));
#97570=DIRECTION('',(0.,1.,0.));
#97580=VECTOR('',#97570,1.);
#97590=LINE('',#97560,#97580);
#97600=CARTESIAN_POINT('',(-1.69,1.94999999999999,-5.225));
#97610=VERTEX_POINT('',#97600);
#97620=EDGE_CURVE('',#97530,#97610,#97590,.T.);
#97630=ORIENTED_EDGE('',*,*,#97620,.F.);
#97640=CARTESIAN_POINT('',(-1.64,1.94999999999999,-5.225));
#97650=DIRECTION('',(0.,0.,1.));
#97660=DIRECTION('',(-5.77315972805081E-14,1.,0.));
#97670=AXIS2_PLACEMENT_3D('',#97640,#97650,#97660);
#97680=CIRCLE('',#97670,0.05);
#97690=CARTESIAN_POINT('',(-1.64,1.99999999999999,-5.225));
#97700=VERTEX_POINT('',#97690);
#97710=EDGE_CURVE('',#97700,#97610,#97680,.T.);
#97720=ORIENTED_EDGE('',*,*,#97710,.T.);
#97730=CARTESIAN_POINT('',(-1.64,1.99999999999999,-5.225));
#97740=DIRECTION('',(1.,0.,0.));
#97750=VECTOR('',#97740,1.);
#97760=LINE('',#97730,#97750);
#97770=CARTESIAN_POINT('',(-1.39,1.99999999999999,-5.225));
#97780=VERTEX_POINT('',#97770);
#97790=EDGE_CURVE('',#97700,#97780,#97760,.T.);
#97800=ORIENTED_EDGE('',*,*,#97790,.F.);
#97810=CARTESIAN_POINT('',(-1.32,1.93249999999999,-5.225));
#97820=DIRECTION('',(-0.719844295420687,0.69413557058423,0.));
#97830=VECTOR('',#97820,1.);
#97840=LINE('',#97810,#97830);
#97850=EDGE_CURVE('',#11870,#97780,#97840,.T.);
#97860=ORIENTED_EDGE('',*,*,#97850,.T.);
#97870=ORIENTED_EDGE('',*,*,#12120,.T.);
#97880=EDGE_LOOP('',(#97870,#97860,#97800,#97720,#97630,#97550,#97470,
#97380,#97300,#97210));
#97890=FACE_OUTER_BOUND('',#97880,.T.);
#97900=ADVANCED_FACE('',(#97890),#97130,.T.);
#97910=CARTESIAN_POINT('',(-1.32,1.68499999999999,-5.345));
#97920=DIRECTION('',(1.22460635382238E-16,-1.,0.));
#97930=DIRECTION('',(-1.,-1.22460635382238E-16,0.));
#97940=AXIS2_PLACEMENT_3D('',#97910,#97920,#97930);
#97950=PLANE('',#97940);
#97960=CARTESIAN_POINT('',(-1.45,1.68499999999999,-5.345));
#97970=DIRECTION('',(0.,0.,1.));
#97980=VECTOR('',#97970,1.);
#97990=LINE('',#97960,#97980);
#98000=CARTESIAN_POINT('',(-1.45,1.68499999999999,-5.345));
#98010=VERTEX_POINT('',#98000);
#98020=EDGE_CURVE('',#98010,#97190,#97990,.T.);
#98030=ORIENTED_EDGE('',*,*,#98020,.F.);
#98040=ORIENTED_EDGE('',*,*,#97200,.T.);
#98050=ORIENTED_EDGE('',*,*,#12060,.T.);
#98060=CARTESIAN_POINT('',(-1.32,1.68499999999999,-5.345));
#98070=DIRECTION('',(-1.,0.,0.));
#98080=VECTOR('',#98070,1.);
#98090=LINE('',#98060,#98080);
#98100=EDGE_CURVE('',#11970,#98010,#98090,.T.);
#98110=ORIENTED_EDGE('',*,*,#98100,.F.);
#98120=EDGE_LOOP('',(#98110,#98050,#98040,#98030));
#98130=FACE_OUTER_BOUND('',#98120,.T.);
#98140=ADVANCED_FACE('',(#98130),#97950,.T.);
#98150=CARTESIAN_POINT('',(2.96101731916345,3.3223480408227,-5.345));
#98160=DIRECTION('',(0.,0.,1.));
#98170=DIRECTION('',(-1.,-1.22460635382238E-16,0.));
#98180=AXIS2_PLACEMENT_3D('',#98150,#98160,#98170);
#98190=PLANE('',#98180);
#98200=CARTESIAN_POINT('',(-1.39,1.99999999999999,-5.345));
#98210=DIRECTION('',(0.719844295420687,-0.69413557058423,0.));
#98220=VECTOR('',#98210,1.);
#98230=LINE('',#98200,#98220);
#98240=CARTESIAN_POINT('',(-1.39,1.99999999999999,-5.345));
#98250=VERTEX_POINT('',#98240);
#98260=EDGE_CURVE('',#98250,#11890,#98230,.T.);
#98270=ORIENTED_EDGE('',*,*,#98260,.T.);
#98280=CARTESIAN_POINT('',(-1.64,1.99999999999999,-5.345));
#98290=DIRECTION('',(1.,8.88178419700122E-16,0.));
#98300=VECTOR('',#98290,1.);
#98310=LINE('',#98280,#98300);
#98320=CARTESIAN_POINT('',(-1.64,1.99999999999999,-5.345));
#98330=VERTEX_POINT('',#98320);
#98340=EDGE_CURVE('',#98330,#98250,#98310,.T.);
#98350=ORIENTED_EDGE('',*,*,#98340,.T.);
#98360=CARTESIAN_POINT('',(-1.64,1.94999999999999,-5.345));
#98370=DIRECTION('',(0.,0.,-1.));
#98380=DIRECTION('',(-1.,0.,0.));
#98390=AXIS2_PLACEMENT_3D('',#98360,#98370,#98380);
#98400=CIRCLE('',#98390,0.05);
#98410=CARTESIAN_POINT('',(-1.69,1.94999999999999,-5.345));
#98420=VERTEX_POINT('',#98410);
#98430=EDGE_CURVE('',#98420,#98330,#98400,.T.);
#98440=ORIENTED_EDGE('',*,*,#98430,.T.);
#98450=CARTESIAN_POINT('',(-1.69,1.86999999999999,-5.345));
#98460=DIRECTION('',(0.,1.,0.));
#98470=VECTOR('',#98460,1.);
#98480=LINE('',#98450,#98470);
#98490=CARTESIAN_POINT('',(-1.69,1.86999999999999,-5.345));
#98500=VERTEX_POINT('',#98490);
#98510=EDGE_CURVE('',#98500,#98420,#98480,.T.);
#98520=ORIENTED_EDGE('',*,*,#98510,.T.);
#98530=CARTESIAN_POINT('',(-1.52,1.86999999999999,-5.345));
#98540=DIRECTION('',(-1.,-1.30614473485312E-15,0.));
#98550=VECTOR('',#98540,1.);
#98560=LINE('',#98530,#98550);
#98570=CARTESIAN_POINT('',(-1.52,1.86999999999999,-5.345));
#98580=VERTEX_POINT('',#98570);
#98590=EDGE_CURVE('',#98580,#98500,#98560,.T.);
#98600=ORIENTED_EDGE('',*,*,#98590,.T.);
#98610=CARTESIAN_POINT('',(-1.52,1.81999999999999,-5.345));
#98620=DIRECTION('',(0.,0.,1.));
#98630=DIRECTION('',(0.900478877882781,-0.434899747628079,0.));
#98640=AXIS2_PLACEMENT_3D('',#98610,#98620,#98630);
#98650=CIRCLE('',#98640,0.0500000000000009);
#98660=CARTESIAN_POINT('',(-1.47497605610581,1.79825501261867,-5.345));
#98670=VERTEX_POINT('',#98660);
#98680=EDGE_CURVE('',#98670,#98580,#98650,.T.);
#98690=ORIENTED_EDGE('',*,*,#98680,.T.);
#98700=CARTESIAN_POINT('',(-1.49502394389426,1.75674498738112,-5.345));
#98710=DIRECTION('',(0.434899747624551,0.900478877884485,0.));
#98720=VECTOR('',#98710,1.);
#98730=LINE('',#98700,#98720);
#98740=CARTESIAN_POINT('',(-1.49502394389425,1.75674498738117,-5.345));
#98750=VERTEX_POINT('',#98740);
#98760=EDGE_CURVE('',#98750,#98670,#98730,.T.);
#98770=ORIENTED_EDGE('',*,*,#98760,.T.);
#98780=CARTESIAN_POINT('',(-1.45,1.73499999999999,-5.345));
#98790=DIRECTION('',(0.,0.,-1.));
#98800=DIRECTION('',(3.99680288865058E-14,-1.,0.));
#98810=AXIS2_PLACEMENT_3D('',#98780,#98790,#98800);
#98820=CIRCLE('',#98810,0.0499999999999998);
#98830=EDGE_CURVE('',#98010,#98750,#98820,.T.);
#98840=ORIENTED_EDGE('',*,*,#98830,.T.);
#98850=ORIENTED_EDGE('',*,*,#98100,.T.);
#98860=ORIENTED_EDGE('',*,*,#11980,.F.);
#98870=EDGE_LOOP('',(#98860,#98850,#98840,#98770,#98690,#98600,#98520,
#98440,#98350,#98270));
#98880=FACE_OUTER_BOUND('',#98870,.T.);
#98890=ADVANCED_FACE('',(#98880),#98190,.F.);
#98900=CARTESIAN_POINT('',(-1.39,1.99999999999999,-5.345));
#98910=DIRECTION('',(0.694135570584233,0.719844295420684,0.));
#98920=DIRECTION('',(0.719844295420684,-0.694135570584233,0.));
#98930=AXIS2_PLACEMENT_3D('',#98900,#98910,#98920);
#98940=PLANE('',#98930);
#98950=ORIENTED_EDGE('',*,*,#97850,.F.);
#98960=CARTESIAN_POINT('',(-1.39,1.99999999999999,-5.345));
#98970=DIRECTION('',(0.,0.,1.));
#98980=VECTOR('',#98970,1.);
#98990=LINE('',#98960,#98980);
#99000=EDGE_CURVE('',#98250,#97780,#98990,.T.);
#99010=ORIENTED_EDGE('',*,*,#99000,.T.);
#99020=ORIENTED_EDGE('',*,*,#98260,.F.);
#99030=ORIENTED_EDGE('',*,*,#11900,.T.);
#99040=EDGE_LOOP('',(#99030,#99020,#99010,#98950));
#99050=FACE_OUTER_BOUND('',#99040,.T.);
#99060=ADVANCED_FACE('',(#99050),#98940,.T.);
#99070=CARTESIAN_POINT('',(-1.64,1.99999999999999,-5.345));
#99080=DIRECTION('',(-1.22460635382238E-16,1.,0.));
#99090=DIRECTION('',(1.,1.22460635382238E-16,0.));
#99100=AXIS2_PLACEMENT_3D('',#99070,#99080,#99090);
#99110=PLANE('',#99100);
#99120=ORIENTED_EDGE('',*,*,#99000,.F.);
#99130=ORIENTED_EDGE('',*,*,#97790,.T.);
#99140=CARTESIAN_POINT('',(-1.64,1.99999999999999,-5.225));
#99150=DIRECTION('',(0.,0.,-1.));
#99160=VECTOR('',#99150,1.);
#99170=LINE('',#99140,#99160);
#99180=EDGE_CURVE('',#97700,#98330,#99170,.T.);
#99190=ORIENTED_EDGE('',*,*,#99180,.F.);
#99200=ORIENTED_EDGE('',*,*,#98340,.F.);
#99210=EDGE_LOOP('',(#99200,#99190,#99130,#99120));
#99220=FACE_OUTER_BOUND('',#99210,.T.);
#99230=ADVANCED_FACE('',(#99220),#99110,.T.);
#99240=CARTESIAN_POINT('',(-1.64,1.94999999999999,-5.345));
#99250=DIRECTION('',(0.,0.,1.));
#99260=DIRECTION('',(-1.,-1.22460635382238E-16,0.));
#99270=AXIS2_PLACEMENT_3D('',#99240,#99250,#99260);
#99280=CYLINDRICAL_SURFACE('',#99270,0.05);
#99290=ORIENTED_EDGE('',*,*,#99180,.T.);
#99300=ORIENTED_EDGE('',*,*,#97710,.F.);
#99310=CARTESIAN_POINT('',(-1.69,1.94999999999999,-5.345));
#99320=DIRECTION('',(0.,0.,1.));
#99330=VECTOR('',#99320,1.);
#99340=LINE('',#99310,#99330);
#99350=EDGE_CURVE('',#98420,#97610,#99340,.T.);
#99360=ORIENTED_EDGE('',*,*,#99350,.T.);
#99370=ORIENTED_EDGE('',*,*,#98430,.F.);
#99380=EDGE_LOOP('',(#99370,#99360,#99300,#99290));
#99390=FACE_OUTER_BOUND('',#99380,.T.);
#99400=ADVANCED_FACE('',(#99390),#99280,.T.);
#99410=CARTESIAN_POINT('',(-1.69,1.86999999999999,-5.345));
#99420=DIRECTION('',(-1.,-1.22460635382238E-16,-0.));
#99430=DIRECTION('',(-1.22460635382238E-16,1.,0.));
#99440=AXIS2_PLACEMENT_3D('',#99410,#99420,#99430);
#99450=PLANE('',#99440);
#99460=ORIENTED_EDGE('',*,*,#99350,.F.);
#99470=ORIENTED_EDGE('',*,*,#97620,.T.);
#99480=CARTESIAN_POINT('',(-1.69,1.86999999999999,-5.345));
#99490=DIRECTION('',(0.,0.,1.));
#99500=VECTOR('',#99490,1.);
#99510=LINE('',#99480,#99500);
#99520=EDGE_CURVE('',#98500,#97530,#99510,.T.);
#99530=ORIENTED_EDGE('',*,*,#99520,.T.);
#99540=ORIENTED_EDGE('',*,*,#98510,.F.);
#99550=EDGE_LOOP('',(#99540,#99530,#99470,#99460));
#99560=FACE_OUTER_BOUND('',#99550,.T.);
#99570=ADVANCED_FACE('',(#99560),#99450,.T.);
#99580=CARTESIAN_POINT('',(-1.52,1.86999999999999,-5.345));
#99590=DIRECTION('',(6.6531843096478E-15,-1.,0.));
#99600=DIRECTION('',(-1.,-6.6531843096478E-15,0.));
#99610=AXIS2_PLACEMENT_3D('',#99580,#99590,#99600);
#99620=PLANE('',#99610);
#99630=ORIENTED_EDGE('',*,*,#99520,.F.);
#99640=ORIENTED_EDGE('',*,*,#97540,.T.);
#99650=CARTESIAN_POINT('',(-1.52,1.86999999999999,-5.225));
#99660=DIRECTION('',(0.,0.,-1.));
#99670=VECTOR('',#99660,1.);
#99680=LINE('',#99650,#99670);
#99690=EDGE_CURVE('',#97450,#98580,#99680,.T.);
#99700=ORIENTED_EDGE('',*,*,#99690,.F.);
#99710=ORIENTED_EDGE('',*,*,#98590,.F.);
#99720=EDGE_LOOP('',(#99710,#99700,#99640,#99630));
#99730=FACE_OUTER_BOUND('',#99720,.T.);
#99740=ADVANCED_FACE('',(#99730),#99620,.T.);
#99750=CARTESIAN_POINT('',(-1.52,1.81999999999999,-5.345));
#99760=DIRECTION('',(0.,0.,1.));
#99770=DIRECTION('',(-1.,-1.22460635382238E-16,0.));
#99780=AXIS2_PLACEMENT_3D('',#99750,#99760,#99770);
#99790=CYLINDRICAL_SURFACE('',#99780,0.0500000000000009);
#99800=ORIENTED_EDGE('',*,*,#99690,.T.);
#99810=ORIENTED_EDGE('',*,*,#97460,.F.);
#99820=CARTESIAN_POINT('',(-1.47497605610578,1.79825501261876,-5.345));
#99830=DIRECTION('',(0.,0.,1.));
#99840=VECTOR('',#99830,1.);
#99850=LINE('',#99820,#99840);
#99860=EDGE_CURVE('',#98670,#97360,#99850,.T.);
#99870=ORIENTED_EDGE('',*,*,#99860,.T.);
#99880=ORIENTED_EDGE('',*,*,#98680,.F.);
#99890=EDGE_LOOP('',(#99880,#99870,#99810,#99800));
#99900=FACE_OUTER_BOUND('',#99890,.T.);
#99910=ADVANCED_FACE('',(#99900),#99790,.F.);
#99920=CARTESIAN_POINT('',(-1.49502394389422,1.75674498738121,-5.345));
#99930=DIRECTION('',(-0.900478877884487,0.434899747624548,0.));
#99940=DIRECTION('',(0.434899747624548,0.900478877884487,0.));
#99950=AXIS2_PLACEMENT_3D('',#99920,#99930,#99940);
#99960=PLANE('',#99950);
#99970=ORIENTED_EDGE('',*,*,#99860,.F.);
#99980=ORIENTED_EDGE('',*,*,#97370,.F.);
#99990=CARTESIAN_POINT('',(-1.49502394389423,1.75674498738121,-5.225));
#100000=DIRECTION('',(0.,0.,-1.));
#100010=VECTOR('',#100000,1.);
#100020=LINE('',#99990,#100010);
#100030=EDGE_CURVE('',#97280,#98750,#100020,.T.);
#100040=ORIENTED_EDGE('',*,*,#100030,.F.);
#100050=ORIENTED_EDGE('',*,*,#98760,.F.);
#100060=EDGE_LOOP('',(#100050,#100040,#99980,#99970));
#100070=FACE_OUTER_BOUND('',#100060,.T.);
#100080=ADVANCED_FACE('',(#100070),#99960,.T.);
#100090=CARTESIAN_POINT('',(-1.45,1.73499999999999,-5.345));
#100100=DIRECTION('',(0.,0.,1.));
#100110=DIRECTION('',(-1.,-1.22460635382238E-16,0.));
#100120=AXIS2_PLACEMENT_3D('',#100090,#100100,#100110);
#100130=CYLINDRICAL_SURFACE('',#100120,0.0499999999999998);
#100140=ORIENTED_EDGE('',*,*,#100030,.T.);
#100150=ORIENTED_EDGE('',*,*,#97290,.F.);
#100160=ORIENTED_EDGE('',*,*,#98020,.T.);
#100170=ORIENTED_EDGE('',*,*,#98830,.F.);
#100180=EDGE_LOOP('',(#100170,#100160,#100150,#100140));
#100190=FACE_OUTER_BOUND('',#100180,.T.);
#100200=ADVANCED_FACE('',(#100190),#100130,.T.);
#100210=CARTESIAN_POINT('',(2.96101731916345,3.3223480408227,-4.945));
#100220=DIRECTION('',(0.,0.,1.));
#100230=DIRECTION('',(-1.,-1.22460635382238E-16,0.));
#100240=AXIS2_PLACEMENT_3D('',#100210,#100220,#100230);
#100250=PLANE('',#100240);
#100260=CARTESIAN_POINT('',(-1.39,1.99999999999999,-4.945));
#100270=DIRECTION('',(0.719844295420687,-0.69413557058423,0.));
#100280=VECTOR('',#100270,1.);
#100290=LINE('',#100260,#100280);
#100300=CARTESIAN_POINT('',(-1.39,1.99999999999999,-4.945));
#100310=VERTEX_POINT('',#100300);
#100320=EDGE_CURVE('',#100310,#12390,#100290,.T.);
#100330=ORIENTED_EDGE('',*,*,#100320,.T.);
#100340=CARTESIAN_POINT('',(-1.64,1.99999999999999,-4.945));
#100350=DIRECTION('',(1.,8.88178419700122E-16,0.));
#100360=VECTOR('',#100350,1.);
#100370=LINE('',#100340,#100360);
#100380=CARTESIAN_POINT('',(-1.64,1.99999999999999,-4.945));
#100390=VERTEX_POINT('',#100380);
#100400=EDGE_CURVE('',#100390,#100310,#100370,.T.);
#100410=ORIENTED_EDGE('',*,*,#100400,.T.);
#100420=CARTESIAN_POINT('',(-1.64,1.94999999999999,-4.945));
#100430=DIRECTION('',(0.,0.,-1.));
#100440=DIRECTION('',(-1.,0.,0.));
#100450=AXIS2_PLACEMENT_3D('',#100420,#100430,#100440);
#100460=CIRCLE('',#100450,0.05);
#100470=CARTESIAN_POINT('',(-1.69,1.94999999999999,-4.945));
#100480=VERTEX_POINT('',#100470);
#100490=EDGE_CURVE('',#100480,#100390,#100460,.T.);
#100500=ORIENTED_EDGE('',*,*,#100490,.T.);
#100510=CARTESIAN_POINT('',(-1.69,1.86999999999999,-4.945));
#100520=DIRECTION('',(0.,1.,0.));
#100530=VECTOR('',#100520,1.);
#100540=LINE('',#100510,#100530);
#100550=CARTESIAN_POINT('',(-1.69,1.86999999999999,-4.945));
#100560=VERTEX_POINT('',#100550);
#100570=EDGE_CURVE('',#100560,#100480,#100540,.T.);
#100580=ORIENTED_EDGE('',*,*,#100570,.T.);
#100590=CARTESIAN_POINT('',(-1.52,1.86999999999999,-4.945));
#100600=DIRECTION('',(-1.,-1.30614473485312E-15,0.));
#100610=VECTOR('',#100600,1.);
#100620=LINE('',#100590,#100610);
#100630=CARTESIAN_POINT('',(-1.52,1.86999999999999,-4.945));
#100640=VERTEX_POINT('',#100630);
#100650=EDGE_CURVE('',#100640,#100560,#100620,.T.);
#100660=ORIENTED_EDGE('',*,*,#100650,.T.);
#100670=CARTESIAN_POINT('',(-1.52,1.81999999999999,-4.945));
#100680=DIRECTION('',(0.,0.,1.));
#100690=DIRECTION('',(0.900478877882811,-0.434899747628018,0.));
#100700=AXIS2_PLACEMENT_3D('',#100670,#100680,#100690);
#100710=CIRCLE('',#100700,0.0500000000000009);
#100720=CARTESIAN_POINT('',(-1.47497605610581,1.79825501261867,-4.945));
#100730=VERTEX_POINT('',#100720);
#100740=EDGE_CURVE('',#100730,#100640,#100710,.T.);
#100750=ORIENTED_EDGE('',*,*,#100740,.T.);
#100760=CARTESIAN_POINT('',(-1.49502394389427,1.75674498738112,-4.945));
#100770=DIRECTION('',(0.43489974762456,0.900478877884481,0.));
#100780=VECTOR('',#100770,1.);
#100790=LINE('',#100760,#100780);
#100800=CARTESIAN_POINT('',(-1.49502394389425,1.75674498738116,-4.945));
#100810=VERTEX_POINT('',#100800);
#100820=EDGE_CURVE('',#100810,#100730,#100790,.T.);
#100830=ORIENTED_EDGE('',*,*,#100820,.T.);
#100840=CARTESIAN_POINT('',(-1.45,1.73499999999999,-4.945));
#100850=DIRECTION('',(0.,0.,-1.));
#100860=DIRECTION('',(3.99680288865058E-14,-1.,0.));
#100870=AXIS2_PLACEMENT_3D('',#100840,#100850,#100860);
#100880=CIRCLE('',#100870,0.0499999999999998);
#100890=CARTESIAN_POINT('',(-1.45,1.68499999999999,-4.945));
#100900=VERTEX_POINT('',#100890);
#100910=EDGE_CURVE('',#100900,#100810,#100880,.T.);
#100920=ORIENTED_EDGE('',*,*,#100910,.T.);
#100930=CARTESIAN_POINT('',(-1.32,1.68499999999999,-4.945));
#100940=DIRECTION('',(-1.,0.,0.));
#100950=VECTOR('',#100940,1.);
#100960=LINE('',#100930,#100950);
#100970=EDGE_CURVE('',#12210,#100900,#100960,.T.);
#100980=ORIENTED_EDGE('',*,*,#100970,.T.);
#100990=ORIENTED_EDGE('',*,*,#12460,.F.);
#101000=EDGE_LOOP('',(#100990,#100980,#100920,#100830,#100750,#100660,
#100580,#100500,#100410,#100330));
#101010=FACE_OUTER_BOUND('',#101000,.T.);
#101020=ADVANCED_FACE('',(#101010),#100250,.F.);
#101030=CARTESIAN_POINT('',(-1.39,1.99999999999999,-4.945));
#101040=DIRECTION('',(0.694135570584233,0.719844295420684,0.));
#101050=DIRECTION('',(0.719844295420684,-0.694135570584233,0.));
#101060=AXIS2_PLACEMENT_3D('',#101030,#101040,#101050);
#101070=PLANE('',#101060);
#101080=CARTESIAN_POINT('',(-1.32,1.93249999999999,-4.825));
#101090=DIRECTION('',(-0.719844295420687,0.69413557058423,0.));
#101100=VECTOR('',#101090,1.);
#101110=LINE('',#101080,#101100);
#101120=CARTESIAN_POINT('',(-1.39,1.99999999999999,-4.825));
#101130=VERTEX_POINT('',#101120);
#101140=EDGE_CURVE('',#12310,#101130,#101110,.T.);
#101150=ORIENTED_EDGE('',*,*,#101140,.F.);
#101160=CARTESIAN_POINT('',(-1.39,1.99999999999999,-4.945));
#101170=DIRECTION('',(0.,0.,1.));
#101180=VECTOR('',#101170,1.);
#101190=LINE('',#101160,#101180);
#101200=EDGE_CURVE('',#100310,#101130,#101190,.T.);
#101210=ORIENTED_EDGE('',*,*,#101200,.T.);
#101220=ORIENTED_EDGE('',*,*,#100320,.F.);
#101230=ORIENTED_EDGE('',*,*,#12400,.T.);
#101240=EDGE_LOOP('',(#101230,#101220,#101210,#101150));
#101250=FACE_OUTER_BOUND('',#101240,.T.);
#101260=ADVANCED_FACE('',(#101250),#101070,.T.);
#101270=CARTESIAN_POINT('',(2.96101731916345,3.3223480408227,-4.825));
#101280=DIRECTION('',(0.,0.,1.));
#101290=DIRECTION('',(-1.,-1.22460635382238E-16,0.));
#101300=AXIS2_PLACEMENT_3D('',#101270,#101280,#101290);
#101310=PLANE('',#101300);
#101320=CARTESIAN_POINT('',(-1.32,1.68499999999999,-4.825));
#101330=DIRECTION('',(-1.,0.,0.));
#101340=VECTOR('',#101330,1.);
#101350=LINE('',#101320,#101340);
#101360=CARTESIAN_POINT('',(-1.45,1.68499999999999,-4.825));
#101370=VERTEX_POINT('',#101360);
#101380=EDGE_CURVE('',#12230,#101370,#101350,.T.);
#101390=ORIENTED_EDGE('',*,*,#101380,.F.);
#101400=CARTESIAN_POINT('',(-1.45,1.73499999999999,-4.825));
#101410=DIRECTION('',(0.,0.,1.));
#101420=DIRECTION('',(-0.900478877885824,0.43489974762178,0.));
#101430=AXIS2_PLACEMENT_3D('',#101400,#101410,#101420);
#101440=CIRCLE('',#101430,0.0499999999999998);
#101450=CARTESIAN_POINT('',(-1.49502394389425,1.75674498738114,-4.825));
#101460=VERTEX_POINT('',#101450);
#101470=EDGE_CURVE('',#101460,#101370,#101440,.T.);
#101480=ORIENTED_EDGE('',*,*,#101470,.T.);
#101490=CARTESIAN_POINT('',(-1.47497605610584,1.79825501261861,-4.825));
#101500=DIRECTION('',(-0.434899747624554,-0.900478877884484,0.));
#101510=VECTOR('',#101500,1.);
#101520=LINE('',#101490,#101510);
#101530=CARTESIAN_POINT('',(-1.47497605610581,1.79825501261868,-4.825));
#101540=VERTEX_POINT('',#101530);
#101550=EDGE_CURVE('',#101540,#101460,#101520,.T.);
#101560=ORIENTED_EDGE('',*,*,#101550,.T.);
#101570=CARTESIAN_POINT('',(-1.52,1.81999999999999,-4.825));
#101580=DIRECTION('',(0.,0.,-1.));
#101590=DIRECTION('',(2.30926389122028E-13,1.,0.));
#101600=AXIS2_PLACEMENT_3D('',#101570,#101580,#101590);
#101610=CIRCLE('',#101600,0.0500000000000009);
#101620=CARTESIAN_POINT('',(-1.51999999999999,1.86999999999999,-4.825));
#101630=VERTEX_POINT('',#101620);
#101640=EDGE_CURVE('',#101630,#101540,#101610,.T.);
#101650=ORIENTED_EDGE('',*,*,#101640,.T.);
#101660=CARTESIAN_POINT('',(-1.52,1.86999999999999,-4.825));
#101670=DIRECTION('',(-1.,-6.53072367426563E-15,0.));
#101680=VECTOR('',#101670,1.);
#101690=LINE('',#101660,#101680);
#101700=CARTESIAN_POINT('',(-1.69,1.86999999999999,-4.825));
#101710=VERTEX_POINT('',#101700);
#101720=EDGE_CURVE('',#101630,#101710,#101690,.T.);
#101730=ORIENTED_EDGE('',*,*,#101720,.F.);
#101740=CARTESIAN_POINT('',(-1.69,1.86999999999999,-4.825));
#101750=DIRECTION('',(0.,1.,0.));
#101760=VECTOR('',#101750,1.);
#101770=LINE('',#101740,#101760);
#101780=CARTESIAN_POINT('',(-1.69,1.94999999999999,-4.825));
#101790=VERTEX_POINT('',#101780);
#101800=EDGE_CURVE('',#101710,#101790,#101770,.T.);
#101810=ORIENTED_EDGE('',*,*,#101800,.F.);
#101820=CARTESIAN_POINT('',(-1.64,1.94999999999999,-4.825));
#101830=DIRECTION('',(0.,0.,1.));
#101840=DIRECTION('',(-5.77315972805081E-14,1.,0.));
#101850=AXIS2_PLACEMENT_3D('',#101820,#101830,#101840);
#101860=CIRCLE('',#101850,0.05);
#101870=CARTESIAN_POINT('',(-1.64,1.99999999999999,-4.825));
#101880=VERTEX_POINT('',#101870);
#101890=EDGE_CURVE('',#101880,#101790,#101860,.T.);
#101900=ORIENTED_EDGE('',*,*,#101890,.T.);
#101910=CARTESIAN_POINT('',(-1.64,1.99999999999999,-4.825));
#101920=DIRECTION('',(1.,0.,0.));
#101930=VECTOR('',#101920,1.);
#101940=LINE('',#101910,#101930);
#101950=EDGE_CURVE('',#101880,#101130,#101940,.T.);
#101960=ORIENTED_EDGE('',*,*,#101950,.F.);
#101970=ORIENTED_EDGE('',*,*,#101140,.T.);
#101980=ORIENTED_EDGE('',*,*,#12320,.T.);
#101990=EDGE_LOOP('',(#101980,#101970,#101960,#101900,#101810,#101730,
#101650,#101560,#101480,#101390));
#102000=FACE_OUTER_BOUND('',#101990,.T.);
#102010=ADVANCED_FACE('',(#102000),#101310,.T.);
#102020=CARTESIAN_POINT('',(-1.32,1.68499999999999,-4.945));
#102030=DIRECTION('',(1.22460635382238E-16,-1.,0.));
#102040=DIRECTION('',(-1.,-1.22460635382238E-16,0.));
#102050=AXIS2_PLACEMENT_3D('',#102020,#102030,#102040);
#102060=PLANE('',#102050);
#102070=CARTESIAN_POINT('',(-1.45,1.68499999999999,-4.945));
#102080=DIRECTION('',(0.,0.,1.));
#102090=VECTOR('',#102080,1.);
#102100=LINE('',#102070,#102090);
#102110=EDGE_CURVE('',#100900,#101370,#102100,.T.);
#102120=ORIENTED_EDGE('',*,*,#102110,.F.);
#102130=ORIENTED_EDGE('',*,*,#101380,.T.);
#102140=ORIENTED_EDGE('',*,*,#12240,.T.);
#102150=ORIENTED_EDGE('',*,*,#100970,.F.);
#102160=EDGE_LOOP('',(#102150,#102140,#102130,#102120));
#102170=FACE_OUTER_BOUND('',#102160,.T.);
#102180=ADVANCED_FACE('',(#102170),#102060,.T.);
#102190=CARTESIAN_POINT('',(-1.45,1.73499999999999,-4.945));
#102200=DIRECTION('',(0.,0.,1.));
#102210=DIRECTION('',(-1.,-1.22460635382238E-16,0.));
#102220=AXIS2_PLACEMENT_3D('',#102190,#102200,#102210);
#102230=CYLINDRICAL_SURFACE('',#102220,0.0499999999999998);
#102240=CARTESIAN_POINT('',(-1.49502394389423,1.75674498738121,-4.825));
#102250=DIRECTION('',(0.,0.,-1.));
#102260=VECTOR('',#102250,1.);
#102270=LINE('',#102240,#102260);
#102280=EDGE_CURVE('',#101460,#100810,#102270,.T.);
#102290=ORIENTED_EDGE('',*,*,#102280,.T.);
#102300=ORIENTED_EDGE('',*,*,#101470,.F.);
#102310=ORIENTED_EDGE('',*,*,#102110,.T.);
#102320=ORIENTED_EDGE('',*,*,#100910,.F.);
#102330=EDGE_LOOP('',(#102320,#102310,#102300,#102290));
#102340=FACE_OUTER_BOUND('',#102330,.T.);
#102350=ADVANCED_FACE('',(#102340),#102230,.T.);
#102360=CARTESIAN_POINT('',(-1.49502394389422,1.75674498738121,-4.945));
#102370=DIRECTION('',(-0.900478877884487,0.434899747624548,0.));
#102380=DIRECTION('',(0.434899747624548,0.900478877884487,0.));
#102390=AXIS2_PLACEMENT_3D('',#102360,#102370,#102380);
#102400=PLANE('',#102390);
#102410=CARTESIAN_POINT('',(-1.47497605610578,1.79825501261876,-4.945));
#102420=DIRECTION('',(0.,0.,1.));
#102430=VECTOR('',#102420,1.);
#102440=LINE('',#102410,#102430);
#102450=EDGE_CURVE('',#100730,#101540,#102440,.T.);
#102460=ORIENTED_EDGE('',*,*,#102450,.F.);
#102470=ORIENTED_EDGE('',*,*,#101550,.F.);
#102480=ORIENTED_EDGE('',*,*,#102280,.F.);
#102490=ORIENTED_EDGE('',*,*,#100820,.F.);
#102500=EDGE_LOOP('',(#102490,#102480,#102470,#102460));
#102510=FACE_OUTER_BOUND('',#102500,.T.);
#102520=ADVANCED_FACE('',(#102510),#102400,.T.);
#102530=CARTESIAN_POINT('',(-1.52,1.81999999999999,-4.945));
#102540=DIRECTION('',(0.,0.,1.));
#102550=DIRECTION('',(-1.,-1.22460635382238E-16,0.));
#102560=AXIS2_PLACEMENT_3D('',#102530,#102540,#102550);
#102570=CYLINDRICAL_SURFACE('',#102560,0.0500000000000009);
#102580=CARTESIAN_POINT('',(-1.52,1.86999999999999,-4.825));
#102590=DIRECTION('',(0.,0.,-1.));
#102600=VECTOR('',#102590,1.);
#102610=LINE('',#102580,#102600);
#102620=EDGE_CURVE('',#101630,#100640,#102610,.T.);
#102630=ORIENTED_EDGE('',*,*,#102620,.T.);
#102640=ORIENTED_EDGE('',*,*,#101640,.F.);
#102650=ORIENTED_EDGE('',*,*,#102450,.T.);
#102660=ORIENTED_EDGE('',*,*,#100740,.F.);
#102670=EDGE_LOOP('',(#102660,#102650,#102640,#102630));
#102680=FACE_OUTER_BOUND('',#102670,.T.);
#102690=ADVANCED_FACE('',(#102680),#102570,.F.);
#102700=CARTESIAN_POINT('',(-1.52,1.86999999999999,-4.945));
#102710=DIRECTION('',(6.6531843096478E-15,-1.,0.));
#102720=DIRECTION('',(-1.,-6.6531843096478E-15,0.));
#102730=AXIS2_PLACEMENT_3D('',#102700,#102710,#102720);
#102740=PLANE('',#102730);
#102750=CARTESIAN_POINT('',(-1.69,1.86999999999999,-4.945));
#102760=DIRECTION('',(0.,0.,1.));
#102770=VECTOR('',#102760,1.);
#102780=LINE('',#102750,#102770);
#102790=EDGE_CURVE('',#100560,#101710,#102780,.T.);
#102800=ORIENTED_EDGE('',*,*,#102790,.F.);
#102810=ORIENTED_EDGE('',*,*,#101720,.T.);
#102820=ORIENTED_EDGE('',*,*,#102620,.F.);
#102830=ORIENTED_EDGE('',*,*,#100650,.F.);
#102840=EDGE_LOOP('',(#102830,#102820,#102810,#102800));
#102850=FACE_OUTER_BOUND('',#102840,.T.);
#102860=ADVANCED_FACE('',(#102850),#102740,.T.);
#102870=CARTESIAN_POINT('',(-1.69,1.86999999999999,-4.945));
#102880=DIRECTION('',(-1.,-1.22460635382238E-16,-0.));
#102890=DIRECTION('',(-1.22460635382238E-16,1.,0.));
#102900=AXIS2_PLACEMENT_3D('',#102870,#102880,#102890);
#102910=PLANE('',#102900);
#102920=CARTESIAN_POINT('',(-1.69,1.94999999999999,-4.945));
#102930=DIRECTION('',(0.,0.,1.));
#102940=VECTOR('',#102930,1.);
#102950=LINE('',#102920,#102940);
#102960=EDGE_CURVE('',#100480,#101790,#102950,.T.);
#102970=ORIENTED_EDGE('',*,*,#102960,.F.);
#102980=ORIENTED_EDGE('',*,*,#101800,.T.);
#102990=ORIENTED_EDGE('',*,*,#102790,.T.);
#103000=ORIENTED_EDGE('',*,*,#100570,.F.);
#103010=EDGE_LOOP('',(#103000,#102990,#102980,#102970));
#103020=FACE_OUTER_BOUND('',#103010,.T.);
#103030=ADVANCED_FACE('',(#103020),#102910,.T.);
#103040=CARTESIAN_POINT('',(-1.64,1.94999999999999,-4.945));
#103050=DIRECTION('',(0.,0.,1.));
#103060=DIRECTION('',(-1.,-1.22460635382238E-16,0.));
#103070=AXIS2_PLACEMENT_3D('',#103040,#103050,#103060);
#103080=CYLINDRICAL_SURFACE('',#103070,0.05);
#103090=CARTESIAN_POINT('',(-1.64,1.99999999999999,-4.825));
#103100=DIRECTION('',(0.,0.,-1.));
#103110=VECTOR('',#103100,1.);
#103120=LINE('',#103090,#103110);
#103130=EDGE_CURVE('',#101880,#100390,#103120,.T.);
#103140=ORIENTED_EDGE('',*,*,#103130,.T.);
#103150=ORIENTED_EDGE('',*,*,#101890,.F.);
#103160=ORIENTED_EDGE('',*,*,#102960,.T.);
#103170=ORIENTED_EDGE('',*,*,#100490,.F.);
#103180=EDGE_LOOP('',(#103170,#103160,#103150,#103140));
#103190=FACE_OUTER_BOUND('',#103180,.T.);
#103200=ADVANCED_FACE('',(#103190),#103080,.T.);
#103210=CARTESIAN_POINT('',(-1.64,1.99999999999999,-4.945));
#103220=DIRECTION('',(-1.22460635382238E-16,1.,0.));
#103230=DIRECTION('',(1.,1.22460635382238E-16,0.));
#103240=AXIS2_PLACEMENT_3D('',#103210,#103220,#103230);
#103250=PLANE('',#103240);
#103260=ORIENTED_EDGE('',*,*,#101200,.F.);
#103270=ORIENTED_EDGE('',*,*,#101950,.T.);
#103280=ORIENTED_EDGE('',*,*,#103130,.F.);
#103290=ORIENTED_EDGE('',*,*,#100400,.F.);
#103300=EDGE_LOOP('',(#103290,#103280,#103270,#103260));
#103310=FACE_OUTER_BOUND('',#103300,.T.);
#103320=ADVANCED_FACE('',(#103310),#103250,.T.);
#103330=CARTESIAN_POINT('',(2.96101731916345,3.3223480408227,-5.745));
#103340=DIRECTION('',(0.,0.,1.));
#103350=DIRECTION('',(-1.,-1.22460635382238E-16,0.));
#103360=AXIS2_PLACEMENT_3D('',#103330,#103340,#103350);
#103370=PLANE('',#103360);
#103380=CARTESIAN_POINT('',(-1.39,1.99999999999999,-5.745));
#103390=DIRECTION('',(0.719844295420687,-0.69413557058423,0.));
#103400=VECTOR('',#103390,1.);
#103410=LINE('',#103380,#103400);
#103420=CARTESIAN_POINT('',(-1.39,1.99999999999999,-5.745));
#103430=VERTEX_POINT('',#103420);
#103440=EDGE_CURVE('',#103430,#12730,#103410,.T.);
#103450=ORIENTED_EDGE('',*,*,#103440,.T.);
#103460=CARTESIAN_POINT('',(-1.64,1.99999999999999,-5.745));
#103470=DIRECTION('',(1.,8.88178419700122E-16,0.));
#103480=VECTOR('',#103470,1.);
#103490=LINE('',#103460,#103480);
#103500=CARTESIAN_POINT('',(-1.64,1.99999999999999,-5.745));
#103510=VERTEX_POINT('',#103500);
#103520=EDGE_CURVE('',#103510,#103430,#103490,.T.);
#103530=ORIENTED_EDGE('',*,*,#103520,.T.);
#103540=CARTESIAN_POINT('',(-1.64,1.94999999999999,-5.745));
#103550=DIRECTION('',(0.,0.,-1.));
#103560=DIRECTION('',(-1.,0.,0.));
#103570=AXIS2_PLACEMENT_3D('',#103540,#103550,#103560);
#103580=CIRCLE('',#103570,0.05);
#103590=CARTESIAN_POINT('',(-1.69,1.94999999999999,-5.745));
#103600=VERTEX_POINT('',#103590);
#103610=EDGE_CURVE('',#103600,#103510,#103580,.T.);
#103620=ORIENTED_EDGE('',*,*,#103610,.T.);
#103630=CARTESIAN_POINT('',(-1.69,1.86999999999999,-5.745));
#103640=DIRECTION('',(0.,1.,0.));
#103650=VECTOR('',#103640,1.);
#103660=LINE('',#103630,#103650);
#103670=CARTESIAN_POINT('',(-1.69,1.86999999999999,-5.745));
#103680=VERTEX_POINT('',#103670);
#103690=EDGE_CURVE('',#103680,#103600,#103660,.T.);
#103700=ORIENTED_EDGE('',*,*,#103690,.T.);
#103710=CARTESIAN_POINT('',(-1.52,1.86999999999999,-5.745));
#103720=DIRECTION('',(-1.,-1.30614473485312E-15,0.));
#103730=VECTOR('',#103720,1.);
#103740=LINE('',#103710,#103730);
#103750=CARTESIAN_POINT('',(-1.52,1.86999999999999,-5.745));
#103760=VERTEX_POINT('',#103750);
#103770=EDGE_CURVE('',#103760,#103680,#103740,.T.);
#103780=ORIENTED_EDGE('',*,*,#103770,.T.);
#103790=CARTESIAN_POINT('',(-1.52,1.81999999999999,-5.745));
#103800=DIRECTION('',(0.,0.,1.));
#103810=DIRECTION('',(0.900478877882811,-0.434899747628018,0.));
#103820=AXIS2_PLACEMENT_3D('',#103790,#103800,#103810);
#103830=CIRCLE('',#103820,0.0500000000000009);
#103840=CARTESIAN_POINT('',(-1.47497605610581,1.79825501261867,-5.745));
#103850=VERTEX_POINT('',#103840);
#103860=EDGE_CURVE('',#103850,#103760,#103830,.T.);
#103870=ORIENTED_EDGE('',*,*,#103860,.T.);
#103880=CARTESIAN_POINT('',(-1.49502394389427,1.75674498738112,-5.745));
#103890=DIRECTION('',(0.43489974762456,0.900478877884481,0.));
#103900=VECTOR('',#103890,1.);
#103910=LINE('',#103880,#103900);
#103920=CARTESIAN_POINT('',(-1.49502394389425,1.75674498738116,-5.745));
#103930=VERTEX_POINT('',#103920);
#103940=EDGE_CURVE('',#103930,#103850,#103910,.T.);
#103950=ORIENTED_EDGE('',*,*,#103940,.T.);
#103960=CARTESIAN_POINT('',(-1.45,1.73499999999999,-5.745));
#103970=DIRECTION('',(0.,0.,-1.));
#103980=DIRECTION('',(3.99680288865058E-14,-1.,0.));
#103990=AXIS2_PLACEMENT_3D('',#103960,#103970,#103980);
#104000=CIRCLE('',#103990,0.0499999999999998);
#104010=CARTESIAN_POINT('',(-1.45,1.68499999999999,-5.745));
#104020=VERTEX_POINT('',#104010);
#104030=EDGE_CURVE('',#104020,#103930,#104000,.T.);
#104040=ORIENTED_EDGE('',*,*,#104030,.T.);
#104050=CARTESIAN_POINT('',(-1.32,1.68499999999999,-5.745));
#104060=DIRECTION('',(-1.,0.,0.));
#104070=VECTOR('',#104060,1.);
#104080=LINE('',#104050,#104070);
#104090=EDGE_CURVE('',#12550,#104020,#104080,.T.);
#104100=ORIENTED_EDGE('',*,*,#104090,.T.);
#104110=ORIENTED_EDGE('',*,*,#12800,.F.);
#104120=EDGE_LOOP('',(#104110,#104100,#104040,#103950,#103870,#103780,
#103700,#103620,#103530,#103450));
#104130=FACE_OUTER_BOUND('',#104120,.T.);
#104140=ADVANCED_FACE('',(#104130),#103370,.F.);
#104150=CARTESIAN_POINT('',(-1.39,1.99999999999999,-5.745));
#104160=DIRECTION('',(0.694135570584233,0.719844295420684,0.));
#104170=DIRECTION('',(0.719844295420684,-0.694135570584233,0.));
#104180=AXIS2_PLACEMENT_3D('',#104150,#104160,#104170);
#104190=PLANE('',#104180);
#104200=CARTESIAN_POINT('',(-1.32,1.93249999999999,-5.625));
#104210=DIRECTION('',(-0.719844295420687,0.69413557058423,0.));
#104220=VECTOR('',#104210,1.);
#104230=LINE('',#104200,#104220);
#104240=CARTESIAN_POINT('',(-1.39,1.99999999999999,-5.625));
#104250=VERTEX_POINT('',#104240);
#104260=EDGE_CURVE('',#12650,#104250,#104230,.T.);
#104270=ORIENTED_EDGE('',*,*,#104260,.F.);
#104280=CARTESIAN_POINT('',(-1.39,1.99999999999999,-5.745));
#104290=DIRECTION('',(0.,0.,1.));
#104300=VECTOR('',#104290,1.);
#104310=LINE('',#104280,#104300);
#104320=EDGE_CURVE('',#103430,#104250,#104310,.T.);
#104330=ORIENTED_EDGE('',*,*,#104320,.T.);
#104340=ORIENTED_EDGE('',*,*,#103440,.F.);
#104350=ORIENTED_EDGE('',*,*,#12740,.T.);
#104360=EDGE_LOOP('',(#104350,#104340,#104330,#104270));
#104370=FACE_OUTER_BOUND('',#104360,.T.);
#104380=ADVANCED_FACE('',(#104370),#104190,.T.);
#104390=CARTESIAN_POINT('',(2.96101731916345,3.3223480408227,-5.625));
#104400=DIRECTION('',(0.,0.,1.));
#104410=DIRECTION('',(-1.,-1.22460635382238E-16,0.));
#104420=AXIS2_PLACEMENT_3D('',#104390,#104400,#104410);
#104430=PLANE('',#104420);
#104440=CARTESIAN_POINT('',(-1.32,1.68499999999999,-5.625));
#104450=DIRECTION('',(-1.,0.,0.));
#104460=VECTOR('',#104450,1.);
#104470=LINE('',#104440,#104460);
#104480=CARTESIAN_POINT('',(-1.45,1.68499999999999,-5.625));
#104490=VERTEX_POINT('',#104480);
#104500=EDGE_CURVE('',#12570,#104490,#104470,.T.);
#104510=ORIENTED_EDGE('',*,*,#104500,.F.);
#104520=CARTESIAN_POINT('',(-1.45,1.73499999999999,-5.625));
#104530=DIRECTION('',(0.,0.,1.));
#104540=DIRECTION('',(-0.900478877885824,0.43489974762178,0.));
#104550=AXIS2_PLACEMENT_3D('',#104520,#104530,#104540);
#104560=CIRCLE('',#104550,0.0499999999999998);
#104570=CARTESIAN_POINT('',(-1.49502394389425,1.75674498738114,-5.625));
#104580=VERTEX_POINT('',#104570);
#104590=EDGE_CURVE('',#104580,#104490,#104560,.T.);
#104600=ORIENTED_EDGE('',*,*,#104590,.T.);
#104610=CARTESIAN_POINT('',(-1.47497605610584,1.79825501261861,-5.625));
#104620=DIRECTION('',(-0.434899747624554,-0.900478877884484,0.));
#104630=VECTOR('',#104620,1.);
#104640=LINE('',#104610,#104630);
#104650=CARTESIAN_POINT('',(-1.47497605610581,1.79825501261868,-5.625));
#104660=VERTEX_POINT('',#104650);
#104670=EDGE_CURVE('',#104660,#104580,#104640,.T.);
#104680=ORIENTED_EDGE('',*,*,#104670,.T.);
#104690=CARTESIAN_POINT('',(-1.52,1.81999999999999,-5.625));
#104700=DIRECTION('',(0.,0.,-1.));
#104710=DIRECTION('',(2.30926389122028E-13,1.,0.));
#104720=AXIS2_PLACEMENT_3D('',#104690,#104700,#104710);
#104730=CIRCLE('',#104720,0.0500000000000009);
#104740=CARTESIAN_POINT('',(-1.51999999999999,1.86999999999999,-5.625));
#104750=VERTEX_POINT('',#104740);
#104760=EDGE_CURVE('',#104750,#104660,#104730,.T.);
#104770=ORIENTED_EDGE('',*,*,#104760,.T.);
#104780=CARTESIAN_POINT('',(-1.52,1.86999999999999,-5.625));
#104790=DIRECTION('',(-1.,-6.53072367426563E-15,0.));
#104800=VECTOR('',#104790,1.);
#104810=LINE('',#104780,#104800);
#104820=CARTESIAN_POINT('',(-1.69,1.86999999999999,-5.625));
#104830=VERTEX_POINT('',#104820);
#104840=EDGE_CURVE('',#104750,#104830,#104810,.T.);
#104850=ORIENTED_EDGE('',*,*,#104840,.F.);
#104860=CARTESIAN_POINT('',(-1.69,1.86999999999999,-5.625));
#104870=DIRECTION('',(0.,1.,0.));
#104880=VECTOR('',#104870,1.);
#104890=LINE('',#104860,#104880);
#104900=CARTESIAN_POINT('',(-1.69,1.94999999999999,-5.625));
#104910=VERTEX_POINT('',#104900);
#104920=EDGE_CURVE('',#104830,#104910,#104890,.T.);
#104930=ORIENTED_EDGE('',*,*,#104920,.F.);
#104940=CARTESIAN_POINT('',(-1.64,1.94999999999999,-5.625));
#104950=DIRECTION('',(0.,0.,1.));
#104960=DIRECTION('',(-5.77315972805081E-14,1.,0.));
#104970=AXIS2_PLACEMENT_3D('',#104940,#104950,#104960);
#104980=CIRCLE('',#104970,0.05);
#104990=CARTESIAN_POINT('',(-1.64,1.99999999999999,-5.625));
#105000=VERTEX_POINT('',#104990);
#105010=EDGE_CURVE('',#105000,#104910,#104980,.T.);
#105020=ORIENTED_EDGE('',*,*,#105010,.T.);
#105030=CARTESIAN_POINT('',(-1.64,1.99999999999999,-5.625));
#105040=DIRECTION('',(1.,0.,0.));
#105050=VECTOR('',#105040,1.);
#105060=LINE('',#105030,#105050);
#105070=EDGE_CURVE('',#105000,#104250,#105060,.T.);
#105080=ORIENTED_EDGE('',*,*,#105070,.F.);
#105090=ORIENTED_EDGE('',*,*,#104260,.T.);
#105100=ORIENTED_EDGE('',*,*,#12660,.T.);
#105110=EDGE_LOOP('',(#105100,#105090,#105080,#105020,#104930,#104850,
#104770,#104680,#104600,#104510));
#105120=FACE_OUTER_BOUND('',#105110,.T.);
#105130=ADVANCED_FACE('',(#105120),#104430,.T.);
#105140=CARTESIAN_POINT('',(-1.32,1.68499999999999,-5.745));
#105150=DIRECTION('',(1.22460635382238E-16,-1.,0.));
#105160=DIRECTION('',(-1.,-1.22460635382238E-16,0.));
#105170=AXIS2_PLACEMENT_3D('',#105140,#105150,#105160);
#105180=PLANE('',#105170);
#105190=CARTESIAN_POINT('',(-1.45,1.68499999999999,-5.745));
#105200=DIRECTION('',(0.,0.,1.));
#105210=VECTOR('',#105200,1.);
#105220=LINE('',#105190,#105210);
#105230=EDGE_CURVE('',#104020,#104490,#105220,.T.);
#105240=ORIENTED_EDGE('',*,*,#105230,.F.);
#105250=ORIENTED_EDGE('',*,*,#104500,.T.);
#105260=ORIENTED_EDGE('',*,*,#12580,.T.);
#105270=ORIENTED_EDGE('',*,*,#104090,.F.);
#105280=EDGE_LOOP('',(#105270,#105260,#105250,#105240));
#105290=FACE_OUTER_BOUND('',#105280,.T.);
#105300=ADVANCED_FACE('',(#105290),#105180,.T.);
#105310=CARTESIAN_POINT('',(-1.45,1.73499999999999,-5.745));
#105320=DIRECTION('',(0.,0.,1.));
#105330=DIRECTION('',(-1.,-1.22460635382238E-16,0.));
#105340=AXIS2_PLACEMENT_3D('',#105310,#105320,#105330);
#105350=CYLINDRICAL_SURFACE('',#105340,0.0499999999999998);
#105360=CARTESIAN_POINT('',(-1.49502394389423,1.75674498738121,-5.625));
#105370=DIRECTION('',(0.,0.,-1.));
#105380=VECTOR('',#105370,1.);
#105390=LINE('',#105360,#105380);
#105400=EDGE_CURVE('',#104580,#103930,#105390,.T.);
#105410=ORIENTED_EDGE('',*,*,#105400,.T.);
#105420=ORIENTED_EDGE('',*,*,#104590,.F.);
#105430=ORIENTED_EDGE('',*,*,#105230,.T.);
#105440=ORIENTED_EDGE('',*,*,#104030,.F.);
#105450=EDGE_LOOP('',(#105440,#105430,#105420,#105410));
#105460=FACE_OUTER_BOUND('',#105450,.T.);
#105470=ADVANCED_FACE('',(#105460),#105350,.T.);
#105480=CARTESIAN_POINT('',(-1.49502394389422,1.75674498738121,-5.745));
#105490=DIRECTION('',(-0.900478877884487,0.434899747624548,0.));
#105500=DIRECTION('',(0.434899747624548,0.900478877884487,0.));
#105510=AXIS2_PLACEMENT_3D('',#105480,#105490,#105500);
#105520=PLANE('',#105510);
#105530=CARTESIAN_POINT('',(-1.47497605610578,1.79825501261876,-5.745));
#105540=DIRECTION('',(0.,0.,1.));
#105550=VECTOR('',#105540,1.);
#105560=LINE('',#105530,#105550);
#105570=EDGE_CURVE('',#103850,#104660,#105560,.T.);
#105580=ORIENTED_EDGE('',*,*,#105570,.F.);
#105590=ORIENTED_EDGE('',*,*,#104670,.F.);
#105600=ORIENTED_EDGE('',*,*,#105400,.F.);
#105610=ORIENTED_EDGE('',*,*,#103940,.F.);
#105620=EDGE_LOOP('',(#105610,#105600,#105590,#105580));
#105630=FACE_OUTER_BOUND('',#105620,.T.);
#105640=ADVANCED_FACE('',(#105630),#105520,.T.);
#105650=CARTESIAN_POINT('',(-1.52,1.81999999999999,-5.745));
#105660=DIRECTION('',(0.,0.,1.));
#105670=DIRECTION('',(-1.,-1.22460635382238E-16,0.));
#105680=AXIS2_PLACEMENT_3D('',#105650,#105660,#105670);
#105690=CYLINDRICAL_SURFACE('',#105680,0.0500000000000009);
#105700=CARTESIAN_POINT('',(-1.52,1.86999999999999,-5.625));
#105710=DIRECTION('',(0.,0.,-1.));
#105720=VECTOR('',#105710,1.);
#105730=LINE('',#105700,#105720);
#105740=EDGE_CURVE('',#104750,#103760,#105730,.T.);
#105750=ORIENTED_EDGE('',*,*,#105740,.T.);
#105760=ORIENTED_EDGE('',*,*,#104760,.F.);
#105770=ORIENTED_EDGE('',*,*,#105570,.T.);
#105780=ORIENTED_EDGE('',*,*,#103860,.F.);
#105790=EDGE_LOOP('',(#105780,#105770,#105760,#105750));
#105800=FACE_OUTER_BOUND('',#105790,.T.);
#105810=ADVANCED_FACE('',(#105800),#105690,.F.);
#105820=CARTESIAN_POINT('',(-1.52,1.86999999999999,-5.745));
#105830=DIRECTION('',(6.6531843096478E-15,-1.,0.));
#105840=DIRECTION('',(-1.,-6.6531843096478E-15,0.));
#105850=AXIS2_PLACEMENT_3D('',#105820,#105830,#105840);
#105860=PLANE('',#105850);
#105870=CARTESIAN_POINT('',(-1.69,1.86999999999999,-5.745));
#105880=DIRECTION('',(0.,0.,1.));
#105890=VECTOR('',#105880,1.);
#105900=LINE('',#105870,#105890);
#105910=EDGE_CURVE('',#103680,#104830,#105900,.T.);
#105920=ORIENTED_EDGE('',*,*,#105910,.F.);
#105930=ORIENTED_EDGE('',*,*,#104840,.T.);
#105940=ORIENTED_EDGE('',*,*,#105740,.F.);
#105950=ORIENTED_EDGE('',*,*,#103770,.F.);
#105960=EDGE_LOOP('',(#105950,#105940,#105930,#105920));
#105970=FACE_OUTER_BOUND('',#105960,.T.);
#105980=ADVANCED_FACE('',(#105970),#105860,.T.);
#105990=CARTESIAN_POINT('',(-1.69,1.86999999999999,-5.745));
#106000=DIRECTION('',(-1.,-1.22460635382238E-16,-0.));
#106010=DIRECTION('',(-1.22460635382238E-16,1.,0.));
#106020=AXIS2_PLACEMENT_3D('',#105990,#106000,#106010);
#106030=PLANE('',#106020);
#106040=CARTESIAN_POINT('',(-1.69,1.94999999999999,-5.745));
#106050=DIRECTION('',(0.,0.,1.));
#106060=VECTOR('',#106050,1.);
#106070=LINE('',#106040,#106060);
#106080=EDGE_CURVE('',#103600,#104910,#106070,.T.);
#106090=ORIENTED_EDGE('',*,*,#106080,.F.);
#106100=ORIENTED_EDGE('',*,*,#104920,.T.);
#106110=ORIENTED_EDGE('',*,*,#105910,.T.);
#106120=ORIENTED_EDGE('',*,*,#103690,.F.);
#106130=EDGE_LOOP('',(#106120,#106110,#106100,#106090));
#106140=FACE_OUTER_BOUND('',#106130,.T.);
#106150=ADVANCED_FACE('',(#106140),#106030,.T.);
#106160=CARTESIAN_POINT('',(-1.64,1.94999999999999,-5.745));
#106170=DIRECTION('',(0.,0.,1.));
#106180=DIRECTION('',(-1.,-1.22460635382238E-16,0.));
#106190=AXIS2_PLACEMENT_3D('',#106160,#106170,#106180);
#106200=CYLINDRICAL_SURFACE('',#106190,0.05);
#106210=CARTESIAN_POINT('',(-1.64,1.99999999999999,-5.625));
#106220=DIRECTION('',(0.,0.,-1.));
#106230=VECTOR('',#106220,1.);
#106240=LINE('',#106210,#106230);
#106250=EDGE_CURVE('',#105000,#103510,#106240,.T.);
#106260=ORIENTED_EDGE('',*,*,#106250,.T.);
#106270=ORIENTED_EDGE('',*,*,#105010,.F.);
#106280=ORIENTED_EDGE('',*,*,#106080,.T.);
#106290=ORIENTED_EDGE('',*,*,#103610,.F.);
#106300=EDGE_LOOP('',(#106290,#106280,#106270,#106260));
#106310=FACE_OUTER_BOUND('',#106300,.T.);
#106320=ADVANCED_FACE('',(#106310),#106200,.T.);
#106330=CARTESIAN_POINT('',(-1.64,1.99999999999999,-5.745));
#106340=DIRECTION('',(-1.22460635382238E-16,1.,0.));
#106350=DIRECTION('',(1.,1.22460635382238E-16,0.));
#106360=AXIS2_PLACEMENT_3D('',#106330,#106340,#106350);
#106370=PLANE('',#106360);
#106380=ORIENTED_EDGE('',*,*,#104320,.F.);
#106390=ORIENTED_EDGE('',*,*,#105070,.T.);
#106400=ORIENTED_EDGE('',*,*,#106250,.F.);
#106410=ORIENTED_EDGE('',*,*,#103520,.F.);
#106420=EDGE_LOOP('',(#106410,#106400,#106390,#106380));
#106430=FACE_OUTER_BOUND('',#106420,.T.);
#106440=ADVANCED_FACE('',(#106430),#106370,.T.);
#106450=CARTESIAN_POINT('',(2.96101731916345,3.3223480408227,-4.025));
#106460=DIRECTION('',(0.,0.,1.));
#106470=DIRECTION('',(-1.,-1.22460635382238E-16,0.));
#106480=AXIS2_PLACEMENT_3D('',#106450,#106460,#106470);
#106490=PLANE('',#106480);
#106500=CARTESIAN_POINT('',(-1.32,1.68499999999999,-4.025));
#106510=DIRECTION('',(-1.,0.,0.));
#106520=VECTOR('',#106510,1.);
#106530=LINE('',#106500,#106520);
#106540=CARTESIAN_POINT('',(-1.45,1.68499999999999,-4.025));
#106550=VERTEX_POINT('',#106540);
#106560=EDGE_CURVE('',#13070,#106550,#106530,.T.);
#106570=ORIENTED_EDGE('',*,*,#106560,.F.);
#106580=CARTESIAN_POINT('',(-1.45,1.73499999999999,-4.025));
#106590=DIRECTION('',(0.,0.,1.));
#106600=DIRECTION('',(-0.900478877885807,0.434899747621815,0.));
#106610=AXIS2_PLACEMENT_3D('',#106580,#106590,#106600);
#106620=CIRCLE('',#106610,0.0499999999999998);
#106630=CARTESIAN_POINT('',(-1.49502394389425,1.75674498738114,-4.025));
#106640=VERTEX_POINT('',#106630);
#106650=EDGE_CURVE('',#106640,#106550,#106620,.T.);
#106660=ORIENTED_EDGE('',*,*,#106650,.T.);
#106670=CARTESIAN_POINT('',(-1.47497605610584,1.79825501261861,-4.025));
#106680=DIRECTION('',(-0.434899747624565,-0.900478877884479,0.));
#106690=VECTOR('',#106680,1.);
#106700=LINE('',#106670,#106690);
#106710=CARTESIAN_POINT('',(-1.47497605610581,1.79825501261868,-4.025));
#106720=VERTEX_POINT('',#106710);
#106730=EDGE_CURVE('',#106720,#106640,#106700,.T.);
#106740=ORIENTED_EDGE('',*,*,#106730,.T.);
#106750=CARTESIAN_POINT('',(-1.52,1.81999999999999,-4.025));
#106760=DIRECTION('',(0.,0.,-1.));
#106770=DIRECTION('',(2.30926389122028E-13,1.,0.));
#106780=AXIS2_PLACEMENT_3D('',#106750,#106760,#106770);
#106790=CIRCLE('',#106780,0.0500000000000009);
#106800=CARTESIAN_POINT('',(-1.51999999999999,1.86999999999999,-4.025));
#106810=VERTEX_POINT('',#106800);
#106820=EDGE_CURVE('',#106810,#106720,#106790,.T.);
#106830=ORIENTED_EDGE('',*,*,#106820,.T.);
#106840=CARTESIAN_POINT('',(-1.52,1.86999999999999,-4.025));
#106850=DIRECTION('',(-1.,-6.53072367426563E-15,0.));
#106860=VECTOR('',#106850,1.);
#106870=LINE('',#106840,#106860);
#106880=CARTESIAN_POINT('',(-1.69,1.86999999999999,-4.025));
#106890=VERTEX_POINT('',#106880);
#106900=EDGE_CURVE('',#106810,#106890,#106870,.T.);
#106910=ORIENTED_EDGE('',*,*,#106900,.F.);
#106920=CARTESIAN_POINT('',(-1.69,1.86999999999999,-4.025));
#106930=DIRECTION('',(0.,1.,0.));
#106940=VECTOR('',#106930,1.);
#106950=LINE('',#106920,#106940);
#106960=CARTESIAN_POINT('',(-1.69,1.94999999999999,-4.025));
#106970=VERTEX_POINT('',#106960);
#106980=EDGE_CURVE('',#106890,#106970,#106950,.T.);
#106990=ORIENTED_EDGE('',*,*,#106980,.F.);
#107000=CARTESIAN_POINT('',(-1.64,1.94999999999999,-4.025));
#107010=DIRECTION('',(0.,0.,1.));
#107020=DIRECTION('',(-5.77315972805081E-14,1.,0.));
#107030=AXIS2_PLACEMENT_3D('',#107000,#107010,#107020);
#107040=CIRCLE('',#107030,0.05);
#107050=CARTESIAN_POINT('',(-1.64,1.99999999999999,-4.025));
#107060=VERTEX_POINT('',#107050);
#107070=EDGE_CURVE('',#107060,#106970,#107040,.T.);
#107080=ORIENTED_EDGE('',*,*,#107070,.T.);
#107090=CARTESIAN_POINT('',(-1.64,1.99999999999999,-4.025));
#107100=DIRECTION('',(1.,0.,0.));
#107110=VECTOR('',#107100,1.);
#107120=LINE('',#107090,#107110);
#107130=CARTESIAN_POINT('',(-1.39,1.99999999999999,-4.025));
#107140=VERTEX_POINT('',#107130);
#107150=EDGE_CURVE('',#107060,#107140,#107120,.T.);
#107160=ORIENTED_EDGE('',*,*,#107150,.F.);
#107170=CARTESIAN_POINT('',(-1.32,1.93249999999999,-4.025));
#107180=DIRECTION('',(-0.719844295420687,0.69413557058423,0.));
#107190=VECTOR('',#107180,1.);
#107200=LINE('',#107170,#107190);
#107210=EDGE_CURVE('',#12890,#107140,#107200,.T.);
#107220=ORIENTED_EDGE('',*,*,#107210,.T.);
#107230=ORIENTED_EDGE('',*,*,#13140,.T.);
#107240=EDGE_LOOP('',(#107230,#107220,#107160,#107080,#106990,#106910,
#106830,#106740,#106660,#106570));
#107250=FACE_OUTER_BOUND('',#107240,.T.);
#107260=ADVANCED_FACE('',(#107250),#106490,.T.);
#107270=CARTESIAN_POINT('',(-1.32,1.68499999999999,-4.145));
#107280=DIRECTION('',(1.22460635382238E-16,-1.,0.));
#107290=DIRECTION('',(-1.,-1.22460635382238E-16,0.));
#107300=AXIS2_PLACEMENT_3D('',#107270,#107280,#107290);
#107310=PLANE('',#107300);
#107320=CARTESIAN_POINT('',(-1.45,1.68499999999999,-4.145));
#107330=DIRECTION('',(0.,0.,1.));
#107340=VECTOR('',#107330,1.);
#107350=LINE('',#107320,#107340);
#107360=CARTESIAN_POINT('',(-1.45,1.68499999999999,-4.145));
#107370=VERTEX_POINT('',#107360);
#107380=EDGE_CURVE('',#107370,#106550,#107350,.T.);
#107390=ORIENTED_EDGE('',*,*,#107380,.F.);
#107400=ORIENTED_EDGE('',*,*,#106560,.T.);
#107410=ORIENTED_EDGE('',*,*,#13080,.T.);
#107420=CARTESIAN_POINT('',(-1.32,1.68499999999999,-4.145));
#107430=DIRECTION('',(-1.,0.,0.));
#107440=VECTOR('',#107430,1.);
#107450=LINE('',#107420,#107440);
#107460=EDGE_CURVE('',#12990,#107370,#107450,.T.);
#107470=ORIENTED_EDGE('',*,*,#107460,.F.);
#107480=EDGE_LOOP('',(#107470,#107410,#107400,#107390));
#107490=FACE_OUTER_BOUND('',#107480,.T.);
#107500=ADVANCED_FACE('',(#107490),#107310,.T.);
#107510=CARTESIAN_POINT('',(2.96101731916345,3.3223480408227,-4.145));
#107520=DIRECTION('',(0.,0.,1.));
#107530=DIRECTION('',(-1.,-1.22460635382238E-16,0.));
#107540=AXIS2_PLACEMENT_3D('',#107510,#107520,#107530);
#107550=PLANE('',#107540);
#107560=CARTESIAN_POINT('',(-1.39,1.99999999999999,-4.145));
#107570=DIRECTION('',(0.719844295420687,-0.69413557058423,0.));
#107580=VECTOR('',#107570,1.);
#107590=LINE('',#107560,#107580);
#107600=CARTESIAN_POINT('',(-1.39,1.99999999999999,-4.145));
#107610=VERTEX_POINT('',#107600);
#107620=EDGE_CURVE('',#107610,#12910,#107590,.T.);
#107630=ORIENTED_EDGE('',*,*,#107620,.T.);
#107640=CARTESIAN_POINT('',(-1.64,1.99999999999999,-4.145));
#107650=DIRECTION('',(1.,8.88178419700122E-16,0.));
#107660=VECTOR('',#107650,1.);
#107670=LINE('',#107640,#107660);
#107680=CARTESIAN_POINT('',(-1.64,1.99999999999999,-4.145));
#107690=VERTEX_POINT('',#107680);
#107700=EDGE_CURVE('',#107690,#107610,#107670,.T.);
#107710=ORIENTED_EDGE('',*,*,#107700,.T.);
#107720=CARTESIAN_POINT('',(-1.64,1.94999999999999,-4.145));
#107730=DIRECTION('',(0.,0.,-1.));
#107740=DIRECTION('',(-1.,0.,0.));
#107750=AXIS2_PLACEMENT_3D('',#107720,#107730,#107740);
#107760=CIRCLE('',#107750,0.05);
#107770=CARTESIAN_POINT('',(-1.69,1.94999999999999,-4.145));
#107780=VERTEX_POINT('',#107770);
#107790=EDGE_CURVE('',#107780,#107690,#107760,.T.);
#107800=ORIENTED_EDGE('',*,*,#107790,.T.);
#107810=CARTESIAN_POINT('',(-1.69,1.86999999999999,-4.145));
#107820=DIRECTION('',(0.,1.,0.));
#107830=VECTOR('',#107820,1.);
#107840=LINE('',#107810,#107830);
#107850=CARTESIAN_POINT('',(-1.69,1.86999999999999,-4.145));
#107860=VERTEX_POINT('',#107850);
#107870=EDGE_CURVE('',#107860,#107780,#107840,.T.);
#107880=ORIENTED_EDGE('',*,*,#107870,.T.);
#107890=CARTESIAN_POINT('',(-1.52,1.86999999999999,-4.145));
#107900=DIRECTION('',(-1.,-1.30614473485312E-15,0.));
#107910=VECTOR('',#107900,1.);
#107920=LINE('',#107890,#107910);
#107930=CARTESIAN_POINT('',(-1.52,1.86999999999999,-4.145));
#107940=VERTEX_POINT('',#107930);
#107950=EDGE_CURVE('',#107940,#107860,#107920,.T.);
#107960=ORIENTED_EDGE('',*,*,#107950,.T.);
#107970=CARTESIAN_POINT('',(-1.52,1.81999999999999,-4.145));
#107980=DIRECTION('',(0.,0.,1.));
#107990=DIRECTION('',(0.900478877882798,-0.434899747628045,0.));
#108000=AXIS2_PLACEMENT_3D('',#107970,#107980,#107990);
#108010=CIRCLE('',#108000,0.0500000000000009);
#108020=CARTESIAN_POINT('',(-1.47497605610581,1.79825501261867,-4.145));
#108030=VERTEX_POINT('',#108020);
#108040=EDGE_CURVE('',#108030,#107940,#108010,.T.);
#108050=ORIENTED_EDGE('',*,*,#108040,.T.);
#108060=CARTESIAN_POINT('',(-1.49502394389426,1.75674498738114,-4.145));
#108070=DIRECTION('',(0.434899747624558,0.900478877884482,0.));
#108080=VECTOR('',#108070,1.);
#108090=LINE('',#108060,#108080);
#108100=CARTESIAN_POINT('',(-1.49502394389424,1.75674498738117,-4.145));
#108110=VERTEX_POINT('',#108100);
#108120=EDGE_CURVE('',#108110,#108030,#108090,.T.);
#108130=ORIENTED_EDGE('',*,*,#108120,.T.);
#108140=CARTESIAN_POINT('',(-1.45,1.73499999999999,-4.145));
#108150=DIRECTION('',(0.,0.,-1.));
#108160=DIRECTION('',(3.99680288865058E-14,-1.,0.));
#108170=AXIS2_PLACEMENT_3D('',#108140,#108150,#108160);
#108180=CIRCLE('',#108170,0.0499999999999998);
#108190=EDGE_CURVE('',#107370,#108110,#108180,.T.);
#108200=ORIENTED_EDGE('',*,*,#108190,.T.);
#108210=ORIENTED_EDGE('',*,*,#107460,.T.);
#108220=ORIENTED_EDGE('',*,*,#13000,.F.);
#108230=EDGE_LOOP('',(#108220,#108210,#108200,#108130,#108050,#107960,
#107880,#107800,#107710,#107630));
#108240=FACE_OUTER_BOUND('',#108230,.T.);
#108250=ADVANCED_FACE('',(#108240),#107550,.F.);
#108260=CARTESIAN_POINT('',(-1.39,1.99999999999999,-4.145));
#108270=DIRECTION('',(0.694135570584233,0.719844295420684,0.));
#108280=DIRECTION('',(0.719844295420684,-0.694135570584233,0.));
#108290=AXIS2_PLACEMENT_3D('',#108260,#108270,#108280);
#108300=PLANE('',#108290);
#108310=ORIENTED_EDGE('',*,*,#107210,.F.);
#108320=CARTESIAN_POINT('',(-1.39,1.99999999999999,-4.145));
#108330=DIRECTION('',(0.,0.,1.));
#108340=VECTOR('',#108330,1.);
#108350=LINE('',#108320,#108340);
#108360=EDGE_CURVE('',#107610,#107140,#108350,.T.);
#108370=ORIENTED_EDGE('',*,*,#108360,.T.);
#108380=ORIENTED_EDGE('',*,*,#107620,.F.);
#108390=ORIENTED_EDGE('',*,*,#12920,.T.);
#108400=EDGE_LOOP('',(#108390,#108380,#108370,#108310));
#108410=FACE_OUTER_BOUND('',#108400,.T.);
#108420=ADVANCED_FACE('',(#108410),#108300,.T.);
#108430=CARTESIAN_POINT('',(-1.64,1.99999999999999,-4.145));
#108440=DIRECTION('',(-1.22460635382238E-16,1.,0.));
#108450=DIRECTION('',(1.,1.22460635382238E-16,0.));
#108460=AXIS2_PLACEMENT_3D('',#108430,#108440,#108450);
#108470=PLANE('',#108460);
#108480=ORIENTED_EDGE('',*,*,#108360,.F.);
#108490=ORIENTED_EDGE('',*,*,#107150,.T.);
#108500=CARTESIAN_POINT('',(-1.64,1.99999999999999,-4.025));
#108510=DIRECTION('',(0.,0.,-1.));
#108520=VECTOR('',#108510,1.);
#108530=LINE('',#108500,#108520);
#108540=EDGE_CURVE('',#107060,#107690,#108530,.T.);
#108550=ORIENTED_EDGE('',*,*,#108540,.F.);
#108560=ORIENTED_EDGE('',*,*,#107700,.F.);
#108570=EDGE_LOOP('',(#108560,#108550,#108490,#108480));
#108580=FACE_OUTER_BOUND('',#108570,.T.);
#108590=ADVANCED_FACE('',(#108580),#108470,.T.);
#108600=CARTESIAN_POINT('',(-1.64,1.94999999999999,-4.145));
#108610=DIRECTION('',(0.,0.,1.));
#108620=DIRECTION('',(-1.,-1.22460635382238E-16,0.));
#108630=AXIS2_PLACEMENT_3D('',#108600,#108610,#108620);
#108640=CYLINDRICAL_SURFACE('',#108630,0.05);
#108650=ORIENTED_EDGE('',*,*,#108540,.T.);
#108660=ORIENTED_EDGE('',*,*,#107070,.F.);
#108670=CARTESIAN_POINT('',(-1.69,1.94999999999999,-4.145));
#108680=DIRECTION('',(0.,0.,1.));
#108690=VECTOR('',#108680,1.);
#108700=LINE('',#108670,#108690);
#108710=EDGE_CURVE('',#107780,#106970,#108700,.T.);
#108720=ORIENTED_EDGE('',*,*,#108710,.T.);
#108730=ORIENTED_EDGE('',*,*,#107790,.F.);
#108740=EDGE_LOOP('',(#108730,#108720,#108660,#108650));
#108750=FACE_OUTER_BOUND('',#108740,.T.);
#108760=ADVANCED_FACE('',(#108750),#108640,.T.);
#108770=CARTESIAN_POINT('',(-1.69,1.86999999999999,-4.145));
#108780=DIRECTION('',(-1.,-1.22460635382238E-16,-0.));
#108790=DIRECTION('',(-1.22460635382238E-16,1.,0.));
#108800=AXIS2_PLACEMENT_3D('',#108770,#108780,#108790);
#108810=PLANE('',#108800);
#108820=ORIENTED_EDGE('',*,*,#108710,.F.);
#108830=ORIENTED_EDGE('',*,*,#106980,.T.);
#108840=CARTESIAN_POINT('',(-1.69,1.86999999999999,-4.145));
#108850=DIRECTION('',(0.,0.,1.));
#108860=VECTOR('',#108850,1.);
#108870=LINE('',#108840,#108860);
#108880=EDGE_CURVE('',#107860,#106890,#108870,.T.);
#108890=ORIENTED_EDGE('',*,*,#108880,.T.);
#108900=ORIENTED_EDGE('',*,*,#107870,.F.);
#108910=EDGE_LOOP('',(#108900,#108890,#108830,#108820));
#108920=FACE_OUTER_BOUND('',#108910,.T.);
#108930=ADVANCED_FACE('',(#108920),#108810,.T.);
#108940=CARTESIAN_POINT('',(-1.52,1.86999999999999,-4.145));
#108950=DIRECTION('',(6.6531843096478E-15,-1.,0.));
#108960=DIRECTION('',(-1.,-6.6531843096478E-15,0.));
#108970=AXIS2_PLACEMENT_3D('',#108940,#108950,#108960);
#108980=PLANE('',#108970);
#108990=ORIENTED_EDGE('',*,*,#108880,.F.);
#109000=ORIENTED_EDGE('',*,*,#106900,.T.);
#109010=CARTESIAN_POINT('',(-1.52,1.86999999999999,-4.025));
#109020=DIRECTION('',(0.,0.,-1.));
#109030=VECTOR('',#109020,1.);
#109040=LINE('',#109010,#109030);
#109050=EDGE_CURVE('',#106810,#107940,#109040,.T.);
#109060=ORIENTED_EDGE('',*,*,#109050,.F.);
#109070=ORIENTED_EDGE('',*,*,#107950,.F.);
#109080=EDGE_LOOP('',(#109070,#109060,#109000,#108990));
#109090=FACE_OUTER_BOUND('',#109080,.T.);
#109100=ADVANCED_FACE('',(#109090),#108980,.T.);
#109110=CARTESIAN_POINT('',(-1.52,1.81999999999999,-4.145));
#109120=DIRECTION('',(0.,0.,1.));
#109130=DIRECTION('',(-1.,-1.22460635382238E-16,0.));
#109140=AXIS2_PLACEMENT_3D('',#109110,#109120,#109130);
#109150=CYLINDRICAL_SURFACE('',#109140,0.0500000000000009);
#109160=ORIENTED_EDGE('',*,*,#109050,.T.);
#109170=ORIENTED_EDGE('',*,*,#106820,.F.);
#109180=CARTESIAN_POINT('',(-1.47497605610578,1.79825501261876,-4.145));
#109190=DIRECTION('',(0.,0.,1.));
#109200=VECTOR('',#109190,1.);
#109210=LINE('',#109180,#109200);
#109220=EDGE_CURVE('',#108030,#106720,#109210,.T.);
#109230=ORIENTED_EDGE('',*,*,#109220,.T.);
#109240=ORIENTED_EDGE('',*,*,#108040,.F.);
#109250=EDGE_LOOP('',(#109240,#109230,#109170,#109160));
#109260=FACE_OUTER_BOUND('',#109250,.T.);
#109270=ADVANCED_FACE('',(#109260),#109150,.F.);
#109280=CARTESIAN_POINT('',(-1.49502394389422,1.75674498738121,-4.145));
#109290=DIRECTION('',(-0.900478877884487,0.434899747624548,0.));
#109300=DIRECTION('',(0.434899747624548,0.900478877884487,0.));
#109310=AXIS2_PLACEMENT_3D('',#109280,#109290,#109300);
#109320=PLANE('',#109310);
#109330=ORIENTED_EDGE('',*,*,#109220,.F.);
#109340=ORIENTED_EDGE('',*,*,#106730,.F.);
#109350=CARTESIAN_POINT('',(-1.49502394389423,1.75674498738121,-4.025));
#109360=DIRECTION('',(0.,0.,-1.));
#109370=VECTOR('',#109360,1.);
#109380=LINE('',#109350,#109370);
#109390=EDGE_CURVE('',#106640,#108110,#109380,.T.);
#109400=ORIENTED_EDGE('',*,*,#109390,.F.);
#109410=ORIENTED_EDGE('',*,*,#108120,.F.);
#109420=EDGE_LOOP('',(#109410,#109400,#109340,#109330));
#109430=FACE_OUTER_BOUND('',#109420,.T.);
#109440=ADVANCED_FACE('',(#109430),#109320,.T.);
#109450=CARTESIAN_POINT('',(-1.45,1.73499999999999,-4.145));
#109460=DIRECTION('',(0.,0.,1.));
#109470=DIRECTION('',(-1.,-1.22460635382238E-16,0.));
#109480=AXIS2_PLACEMENT_3D('',#109450,#109460,#109470);
#109490=CYLINDRICAL_SURFACE('',#109480,0.0499999999999998);
#109500=ORIENTED_EDGE('',*,*,#109390,.T.);
#109510=ORIENTED_EDGE('',*,*,#106650,.F.);
#109520=ORIENTED_EDGE('',*,*,#107380,.T.);
#109530=ORIENTED_EDGE('',*,*,#108190,.F.);
#109540=EDGE_LOOP('',(#109530,#109520,#109510,#109500));
#109550=FACE_OUTER_BOUND('',#109540,.T.);
#109560=ADVANCED_FACE('',(#109550),#109490,.T.);
#109570=CARTESIAN_POINT('',(2.96101731916345,3.3223480408227,
-0.944999999999999));
#109580=DIRECTION('',(0.,0.,1.));
#109590=DIRECTION('',(-1.,-1.22460635382238E-16,0.));
#109600=AXIS2_PLACEMENT_3D('',#109570,#109580,#109590);
#109610=PLANE('',#109600);
#109620=CARTESIAN_POINT('',(-1.39,1.99999999999999,-0.944999999999999));
#109630=DIRECTION('',(0.719844295420687,-0.69413557058423,0.));
#109640=VECTOR('',#109630,1.);
#109650=LINE('',#109620,#109640);
#109660=CARTESIAN_POINT('',(-1.39,1.99999999999999,-0.944999999999999));
#109670=VERTEX_POINT('',#109660);
#109680=EDGE_CURVE('',#109670,#13410,#109650,.T.);
#109690=ORIENTED_EDGE('',*,*,#109680,.T.);
#109700=CARTESIAN_POINT('',(-1.64,1.99999999999999,-0.944999999999999));
#109710=DIRECTION('',(1.,8.88178419700122E-16,0.));
#109720=VECTOR('',#109710,1.);
#109730=LINE('',#109700,#109720);
#109740=CARTESIAN_POINT('',(-1.64,1.99999999999999,-0.944999999999999));
#109750=VERTEX_POINT('',#109740);
#109760=EDGE_CURVE('',#109750,#109670,#109730,.T.);
#109770=ORIENTED_EDGE('',*,*,#109760,.T.);
#109780=CARTESIAN_POINT('',(-1.64,1.94999999999999,-0.944999999999999));
#109790=DIRECTION('',(0.,0.,-1.));
#109800=DIRECTION('',(-1.,0.,0.));
#109810=AXIS2_PLACEMENT_3D('',#109780,#109790,#109800);
#109820=CIRCLE('',#109810,0.05);
#109830=CARTESIAN_POINT('',(-1.69,1.94999999999999,-0.944999999999999));
#109840=VERTEX_POINT('',#109830);
#109850=EDGE_CURVE('',#109840,#109750,#109820,.T.);
#109860=ORIENTED_EDGE('',*,*,#109850,.T.);
#109870=CARTESIAN_POINT('',(-1.69,1.86999999999999,-0.944999999999999));
#109880=DIRECTION('',(0.,1.,0.));
#109890=VECTOR('',#109880,1.);
#109900=LINE('',#109870,#109890);
#109910=CARTESIAN_POINT('',(-1.69,1.86999999999999,-0.944999999999999));
#109920=VERTEX_POINT('',#109910);
#109930=EDGE_CURVE('',#109920,#109840,#109900,.T.);
#109940=ORIENTED_EDGE('',*,*,#109930,.T.);
#109950=CARTESIAN_POINT('',(-1.52,1.86999999999999,-0.944999999999999));
#109960=DIRECTION('',(-1.,-1.30614473485312E-15,0.));
#109970=VECTOR('',#109960,1.);
#109980=LINE('',#109950,#109970);
#109990=CARTESIAN_POINT('',(-1.52,1.86999999999999,-0.944999999999999));
#110000=VERTEX_POINT('',#109990);
#110010=EDGE_CURVE('',#110000,#109920,#109980,.T.);
#110020=ORIENTED_EDGE('',*,*,#110010,.T.);
#110030=CARTESIAN_POINT('',(-1.52,1.81999999999999,-0.944999999999999));
#110040=DIRECTION('',(0.,0.,1.));
#110050=DIRECTION('',(0.900478877882811,-0.434899747628018,0.));
#110060=AXIS2_PLACEMENT_3D('',#110030,#110040,#110050);
#110070=CIRCLE('',#110060,0.0500000000000009);
#110080=CARTESIAN_POINT('',(-1.47497605610581,1.79825501261867,
-0.944999999999999));
#110090=VERTEX_POINT('',#110080);
#110100=EDGE_CURVE('',#110090,#110000,#110070,.T.);
#110110=ORIENTED_EDGE('',*,*,#110100,.T.);
#110120=CARTESIAN_POINT('',(-1.49502394389427,1.75674498738112,
-0.944999999999999));
#110130=DIRECTION('',(0.43489974762456,0.900478877884481,0.));
#110140=VECTOR('',#110130,1.);
#110150=LINE('',#110120,#110140);
#110160=CARTESIAN_POINT('',(-1.49502394389425,1.75674498738116,
-0.944999999999999));
#110170=VERTEX_POINT('',#110160);
#110180=EDGE_CURVE('',#110170,#110090,#110150,.T.);
#110190=ORIENTED_EDGE('',*,*,#110180,.T.);
#110200=CARTESIAN_POINT('',(-1.45,1.73499999999999,-0.944999999999999));
#110210=DIRECTION('',(0.,0.,-1.));
#110220=DIRECTION('',(3.99680288865058E-14,-1.,0.));
#110230=AXIS2_PLACEMENT_3D('',#110200,#110210,#110220);
#110240=CIRCLE('',#110230,0.0499999999999998);
#110250=CARTESIAN_POINT('',(-1.45,1.68499999999999,-0.944999999999999));
#110260=VERTEX_POINT('',#110250);
#110270=EDGE_CURVE('',#110260,#110170,#110240,.T.);
#110280=ORIENTED_EDGE('',*,*,#110270,.T.);
#110290=CARTESIAN_POINT('',(-1.32,1.68499999999999,-0.944999999999999));
#110300=DIRECTION('',(-1.,0.,0.));
#110310=VECTOR('',#110300,1.);
#110320=LINE('',#110290,#110310);
#110330=EDGE_CURVE('',#13230,#110260,#110320,.T.);
#110340=ORIENTED_EDGE('',*,*,#110330,.T.);
#110350=ORIENTED_EDGE('',*,*,#13480,.F.);
#110360=EDGE_LOOP('',(#110350,#110340,#110280,#110190,#110110,#110020,
#109940,#109860,#109770,#109690));
#110370=FACE_OUTER_BOUND('',#110360,.T.);
#110380=ADVANCED_FACE('',(#110370),#109610,.F.);
#110390=CARTESIAN_POINT('',(-1.39,1.99999999999999,-0.944999999999999));
#110400=DIRECTION('',(0.694135570584233,0.719844295420684,0.));
#110410=DIRECTION('',(0.719844295420684,-0.694135570584233,0.));
#110420=AXIS2_PLACEMENT_3D('',#110390,#110400,#110410);
#110430=PLANE('',#110420);
#110440=CARTESIAN_POINT('',(-1.32,1.93249999999999,-0.824999999999999));
#110450=DIRECTION('',(-0.719844295420687,0.69413557058423,0.));
#110460=VECTOR('',#110450,1.);
#110470=LINE('',#110440,#110460);
#110480=CARTESIAN_POINT('',(-1.39,1.99999999999999,-0.824999999999999));
#110490=VERTEX_POINT('',#110480);
#110500=EDGE_CURVE('',#13330,#110490,#110470,.T.);
#110510=ORIENTED_EDGE('',*,*,#110500,.F.);
#110520=CARTESIAN_POINT('',(-1.39,1.99999999999999,-0.944999999999999));
#110530=DIRECTION('',(0.,0.,1.));
#110540=VECTOR('',#110530,1.);
#110550=LINE('',#110520,#110540);
#110560=EDGE_CURVE('',#109670,#110490,#110550,.T.);
#110570=ORIENTED_EDGE('',*,*,#110560,.T.);
#110580=ORIENTED_EDGE('',*,*,#109680,.F.);
#110590=ORIENTED_EDGE('',*,*,#13420,.T.);
#110600=EDGE_LOOP('',(#110590,#110580,#110570,#110510));
#110610=FACE_OUTER_BOUND('',#110600,.T.);
#110620=ADVANCED_FACE('',(#110610),#110430,.T.);
#110630=CARTESIAN_POINT('',(2.96101731916345,3.3223480408227,
-0.824999999999999));
#110640=DIRECTION('',(0.,0.,1.));
#110650=DIRECTION('',(-1.,-1.22460635382238E-16,0.));
#110660=AXIS2_PLACEMENT_3D('',#110630,#110640,#110650);
#110670=PLANE('',#110660);
#110680=CARTESIAN_POINT('',(-1.32,1.68499999999999,-0.824999999999999));
#110690=DIRECTION('',(-1.,0.,0.));
#110700=VECTOR('',#110690,1.);
#110710=LINE('',#110680,#110700);
#110720=CARTESIAN_POINT('',(-1.45,1.68499999999999,-0.824999999999999));
#110730=VERTEX_POINT('',#110720);
#110740=EDGE_CURVE('',#13250,#110730,#110710,.T.);
#110750=ORIENTED_EDGE('',*,*,#110740,.F.);
#110760=CARTESIAN_POINT('',(-1.45,1.73499999999999,-0.824999999999999));
#110770=DIRECTION('',(0.,0.,1.));
#110780=DIRECTION('',(-0.900478877885824,0.43489974762178,0.));
#110790=AXIS2_PLACEMENT_3D('',#110760,#110770,#110780);
#110800=CIRCLE('',#110790,0.0499999999999998);
#110810=CARTESIAN_POINT('',(-1.49502394389425,1.75674498738114,
-0.824999999999999));
#110820=VERTEX_POINT('',#110810);
#110830=EDGE_CURVE('',#110820,#110730,#110800,.T.);
#110840=ORIENTED_EDGE('',*,*,#110830,.T.);
#110850=CARTESIAN_POINT('',(-1.47497605610584,1.79825501261861,
-0.824999999999999));
#110860=DIRECTION('',(-0.434899747624554,-0.900478877884484,0.));
#110870=VECTOR('',#110860,1.);
#110880=LINE('',#110850,#110870);
#110890=CARTESIAN_POINT('',(-1.47497605610581,1.79825501261868,
-0.824999999999999));
#110900=VERTEX_POINT('',#110890);
#110910=EDGE_CURVE('',#110900,#110820,#110880,.T.);
#110920=ORIENTED_EDGE('',*,*,#110910,.T.);
#110930=CARTESIAN_POINT('',(-1.52,1.81999999999999,-0.824999999999999));
#110940=DIRECTION('',(0.,0.,-1.));
#110950=DIRECTION('',(2.30926389122028E-13,1.,0.));
#110960=AXIS2_PLACEMENT_3D('',#110930,#110940,#110950);
#110970=CIRCLE('',#110960,0.0500000000000009);
#110980=CARTESIAN_POINT('',(-1.51999999999999,1.86999999999999,
-0.824999999999999));
#110990=VERTEX_POINT('',#110980);
#111000=EDGE_CURVE('',#110990,#110900,#110970,.T.);
#111010=ORIENTED_EDGE('',*,*,#111000,.T.);
#111020=CARTESIAN_POINT('',(-1.52,1.86999999999999,-0.824999999999999));
#111030=DIRECTION('',(-1.,-6.53072367426563E-15,0.));
#111040=VECTOR('',#111030,1.);
#111050=LINE('',#111020,#111040);
#111060=CARTESIAN_POINT('',(-1.69,1.86999999999999,-0.824999999999999));
#111070=VERTEX_POINT('',#111060);
#111080=EDGE_CURVE('',#110990,#111070,#111050,.T.);
#111090=ORIENTED_EDGE('',*,*,#111080,.F.);
#111100=CARTESIAN_POINT('',(-1.69,1.86999999999999,-0.824999999999999));
#111110=DIRECTION('',(0.,1.,0.));
#111120=VECTOR('',#111110,1.);
#111130=LINE('',#111100,#111120);
#111140=CARTESIAN_POINT('',(-1.69,1.94999999999999,-0.824999999999999));
#111150=VERTEX_POINT('',#111140);
#111160=EDGE_CURVE('',#111070,#111150,#111130,.T.);
#111170=ORIENTED_EDGE('',*,*,#111160,.F.);
#111180=CARTESIAN_POINT('',(-1.64,1.94999999999999,-0.824999999999999));
#111190=DIRECTION('',(0.,0.,1.));
#111200=DIRECTION('',(-5.77315972805081E-14,1.,0.));
#111210=AXIS2_PLACEMENT_3D('',#111180,#111190,#111200);
#111220=CIRCLE('',#111210,0.05);
#111230=CARTESIAN_POINT('',(-1.64,1.99999999999999,-0.824999999999999));
#111240=VERTEX_POINT('',#111230);
#111250=EDGE_CURVE('',#111240,#111150,#111220,.T.);
#111260=ORIENTED_EDGE('',*,*,#111250,.T.);
#111270=CARTESIAN_POINT('',(-1.64,1.99999999999999,-0.824999999999999));
#111280=DIRECTION('',(1.,0.,0.));
#111290=VECTOR('',#111280,1.);
#111300=LINE('',#111270,#111290);
#111310=EDGE_CURVE('',#111240,#110490,#111300,.T.);
#111320=ORIENTED_EDGE('',*,*,#111310,.F.);
#111330=ORIENTED_EDGE('',*,*,#110500,.T.);
#111340=ORIENTED_EDGE('',*,*,#13340,.T.);
#111350=EDGE_LOOP('',(#111340,#111330,#111320,#111260,#111170,#111090,
#111010,#110920,#110840,#110750));
#111360=FACE_OUTER_BOUND('',#111350,.T.);
#111370=ADVANCED_FACE('',(#111360),#110670,.T.);
#111380=CARTESIAN_POINT('',(-1.32,1.68499999999999,-0.944999999999999));
#111390=DIRECTION('',(1.22460635382238E-16,-1.,0.));
#111400=DIRECTION('',(-1.,-1.22460635382238E-16,0.));
#111410=AXIS2_PLACEMENT_3D('',#111380,#111390,#111400);
#111420=PLANE('',#111410);
#111430=CARTESIAN_POINT('',(-1.45,1.68499999999999,-0.944999999999999));
#111440=DIRECTION('',(0.,0.,1.));
#111450=VECTOR('',#111440,1.);
#111460=LINE('',#111430,#111450);
#111470=EDGE_CURVE('',#110260,#110730,#111460,.T.);
#111480=ORIENTED_EDGE('',*,*,#111470,.F.);
#111490=ORIENTED_EDGE('',*,*,#110740,.T.);
#111500=ORIENTED_EDGE('',*,*,#13260,.T.);
#111510=ORIENTED_EDGE('',*,*,#110330,.F.);
#111520=EDGE_LOOP('',(#111510,#111500,#111490,#111480));
#111530=FACE_OUTER_BOUND('',#111520,.T.);
#111540=ADVANCED_FACE('',(#111530),#111420,.T.);
#111550=CARTESIAN_POINT('',(-1.45,1.73499999999999,-0.944999999999999));
#111560=DIRECTION('',(0.,0.,1.));
#111570=DIRECTION('',(-1.,-1.22460635382238E-16,0.));
#111580=AXIS2_PLACEMENT_3D('',#111550,#111560,#111570);
#111590=CYLINDRICAL_SURFACE('',#111580,0.0499999999999998);
#111600=CARTESIAN_POINT('',(-1.49502394389423,1.75674498738121,
-0.824999999999999));
#111610=DIRECTION('',(0.,0.,-1.));
#111620=VECTOR('',#111610,1.);
#111630=LINE('',#111600,#111620);
#111640=EDGE_CURVE('',#110820,#110170,#111630,.T.);
#111650=ORIENTED_EDGE('',*,*,#111640,.T.);
#111660=ORIENTED_EDGE('',*,*,#110830,.F.);
#111670=ORIENTED_EDGE('',*,*,#111470,.T.);
#111680=ORIENTED_EDGE('',*,*,#110270,.F.);
#111690=EDGE_LOOP('',(#111680,#111670,#111660,#111650));
#111700=FACE_OUTER_BOUND('',#111690,.T.);
#111710=ADVANCED_FACE('',(#111700),#111590,.T.);
#111720=CARTESIAN_POINT('',(-1.49502394389422,1.75674498738121,
-0.944999999999999));
#111730=DIRECTION('',(-0.900478877884487,0.434899747624548,0.));
#111740=DIRECTION('',(0.434899747624548,0.900478877884487,0.));
#111750=AXIS2_PLACEMENT_3D('',#111720,#111730,#111740);
#111760=PLANE('',#111750);
#111770=CARTESIAN_POINT('',(-1.47497605610578,1.79825501261876,
-0.944999999999999));
#111780=DIRECTION('',(0.,0.,1.));
#111790=VECTOR('',#111780,1.);
#111800=LINE('',#111770,#111790);
#111810=EDGE_CURVE('',#110090,#110900,#111800,.T.);
#111820=ORIENTED_EDGE('',*,*,#111810,.F.);
#111830=ORIENTED_EDGE('',*,*,#110910,.F.);
#111840=ORIENTED_EDGE('',*,*,#111640,.F.);
#111850=ORIENTED_EDGE('',*,*,#110180,.F.);
#111860=EDGE_LOOP('',(#111850,#111840,#111830,#111820));
#111870=FACE_OUTER_BOUND('',#111860,.T.);
#111880=ADVANCED_FACE('',(#111870),#111760,.T.);
#111890=CARTESIAN_POINT('',(-1.52,1.81999999999999,-0.944999999999999));
#111900=DIRECTION('',(0.,0.,1.));
#111910=DIRECTION('',(-1.,-1.22460635382238E-16,0.));
#111920=AXIS2_PLACEMENT_3D('',#111890,#111900,#111910);
#111930=CYLINDRICAL_SURFACE('',#111920,0.0500000000000009);
#111940=CARTESIAN_POINT('',(-1.52,1.86999999999999,-0.824999999999999));
#111950=DIRECTION('',(0.,0.,-1.));
#111960=VECTOR('',#111950,1.);
#111970=LINE('',#111940,#111960);
#111980=EDGE_CURVE('',#110990,#110000,#111970,.T.);
#111990=ORIENTED_EDGE('',*,*,#111980,.T.);
#112000=ORIENTED_EDGE('',*,*,#111000,.F.);
#112010=ORIENTED_EDGE('',*,*,#111810,.T.);
#112020=ORIENTED_EDGE('',*,*,#110100,.F.);
#112030=EDGE_LOOP('',(#112020,#112010,#112000,#111990));
#112040=FACE_OUTER_BOUND('',#112030,.T.);
#112050=ADVANCED_FACE('',(#112040),#111930,.F.);
#112060=CARTESIAN_POINT('',(-1.52,1.86999999999999,-0.944999999999999));
#112070=DIRECTION('',(6.6531843096478E-15,-1.,0.));
#112080=DIRECTION('',(-1.,-6.6531843096478E-15,0.));
#112090=AXIS2_PLACEMENT_3D('',#112060,#112070,#112080);
#112100=PLANE('',#112090);
#112110=CARTESIAN_POINT('',(-1.69,1.86999999999999,-0.944999999999999));
#112120=DIRECTION('',(0.,0.,1.));
#112130=VECTOR('',#112120,1.);
#112140=LINE('',#112110,#112130);
#112150=EDGE_CURVE('',#109920,#111070,#112140,.T.);
#112160=ORIENTED_EDGE('',*,*,#112150,.F.);
#112170=ORIENTED_EDGE('',*,*,#111080,.T.);
#112180=ORIENTED_EDGE('',*,*,#111980,.F.);
#112190=ORIENTED_EDGE('',*,*,#110010,.F.);
#112200=EDGE_LOOP('',(#112190,#112180,#112170,#112160));
#112210=FACE_OUTER_BOUND('',#112200,.T.);
#112220=ADVANCED_FACE('',(#112210),#112100,.T.);
#112230=CARTESIAN_POINT('',(-1.69,1.86999999999999,-0.944999999999999));
#112240=DIRECTION('',(-1.,-1.22460635382238E-16,-0.));
#112250=DIRECTION('',(-1.22460635382238E-16,1.,0.));
#112260=AXIS2_PLACEMENT_3D('',#112230,#112240,#112250);
#112270=PLANE('',#112260);
#112280=CARTESIAN_POINT('',(-1.69,1.94999999999999,-0.944999999999999));
#112290=DIRECTION('',(0.,0.,1.));
#112300=VECTOR('',#112290,1.);
#112310=LINE('',#112280,#112300);
#112320=EDGE_CURVE('',#109840,#111150,#112310,.T.);
#112330=ORIENTED_EDGE('',*,*,#112320,.F.);
#112340=ORIENTED_EDGE('',*,*,#111160,.T.);
#112350=ORIENTED_EDGE('',*,*,#112150,.T.);
#112360=ORIENTED_EDGE('',*,*,#109930,.F.);
#112370=EDGE_LOOP('',(#112360,#112350,#112340,#112330));
#112380=FACE_OUTER_BOUND('',#112370,.T.);
#112390=ADVANCED_FACE('',(#112380),#112270,.T.);
#112400=CARTESIAN_POINT('',(-1.64,1.94999999999999,-0.944999999999999));
#112410=DIRECTION('',(0.,0.,1.));
#112420=DIRECTION('',(-1.,-1.22460635382238E-16,0.));
#112430=AXIS2_PLACEMENT_3D('',#112400,#112410,#112420);
#112440=CYLINDRICAL_SURFACE('',#112430,0.05);
#112450=CARTESIAN_POINT('',(-1.64,1.99999999999999,-0.824999999999999));
#112460=DIRECTION('',(0.,0.,-1.));
#112470=VECTOR('',#112460,1.);
#112480=LINE('',#112450,#112470);
#112490=EDGE_CURVE('',#111240,#109750,#112480,.T.);
#112500=ORIENTED_EDGE('',*,*,#112490,.T.);
#112510=ORIENTED_EDGE('',*,*,#111250,.F.);
#112520=ORIENTED_EDGE('',*,*,#112320,.T.);
#112530=ORIENTED_EDGE('',*,*,#109850,.F.);
#112540=EDGE_LOOP('',(#112530,#112520,#112510,#112500));
#112550=FACE_OUTER_BOUND('',#112540,.T.);
#112560=ADVANCED_FACE('',(#112550),#112440,.T.);
#112570=CARTESIAN_POINT('',(-1.64,1.99999999999999,-0.944999999999999));
#112580=DIRECTION('',(-1.22460635382238E-16,1.,0.));
#112590=DIRECTION('',(1.,1.22460635382238E-16,0.));
#112600=AXIS2_PLACEMENT_3D('',#112570,#112580,#112590);
#112610=PLANE('',#112600);
#112620=ORIENTED_EDGE('',*,*,#110560,.F.);
#112630=ORIENTED_EDGE('',*,*,#111310,.T.);
#112640=ORIENTED_EDGE('',*,*,#112490,.F.);
#112650=ORIENTED_EDGE('',*,*,#109760,.F.);
#112660=EDGE_LOOP('',(#112650,#112640,#112630,#112620));
#112670=FACE_OUTER_BOUND('',#112660,.T.);
#112680=ADVANCED_FACE('',(#112670),#112610,.T.);
#112690=CARTESIAN_POINT('',(1.44,-1.9,-7.185));
#112700=DIRECTION('',(-1.54197642309049E-16,-1.,0.));
#112710=DIRECTION('',(1.,-1.54197642309049E-16,0.));
#112720=AXIS2_PLACEMENT_3D('',#112690,#112700,#112710);
#112730=PLANE('',#112720);
#112740=CARTESIAN_POINT('',(-1.19,-1.9,-6.935));
#112750=DIRECTION('',(1.,-1.86592104979018E-16,0.));
#112760=VECTOR('',#112750,1.);
#112770=LINE('',#112740,#112760);
#112780=CARTESIAN_POINT('',(-1.19,-1.9,-6.935));
#112790=VERTEX_POINT('',#112780);
#112800=CARTESIAN_POINT('',(1.19,-1.9,-6.935));
#112810=VERTEX_POINT('',#112800);
#112820=EDGE_CURVE('',#112790,#112810,#112770,.T.);
#112830=ORIENTED_EDGE('',*,*,#112820,.F.);
#112840=CARTESIAN_POINT('',(1.19,-1.9,-6.385));
#112850=DIRECTION('',(0.,0.,-1.));
#112860=VECTOR('',#112850,1.);
#112870=LINE('',#112840,#112860);
#112880=CARTESIAN_POINT('',(1.19,-1.9,-6.385));
#112890=VERTEX_POINT('',#112880);
#112900=EDGE_CURVE('',#112890,#112810,#112870,.T.);
#112910=ORIENTED_EDGE('',*,*,#112900,.T.);
#112920=CARTESIAN_POINT('',(1.47,-1.9,-6.385));
#112930=DIRECTION('',(-1.,0.,0.));
#112940=VECTOR('',#112930,1.);
#112950=LINE('',#112920,#112940);
#112960=EDGE_CURVE('',#7250,#112890,#112950,.T.);
#112970=ORIENTED_EDGE('',*,*,#112960,.T.);
#112980=ORIENTED_EDGE('',*,*,#7260,.T.);
#112990=ORIENTED_EDGE('',*,*,#6950,.T.);
#113000=ORIENTED_EDGE('',*,*,#6320,.F.);
#113010=ORIENTED_EDGE('',*,*,#1160,.F.);
#113020=CARTESIAN_POINT('',(-1.19,-1.9,-6.385));
#113030=DIRECTION('',(0.,0.,-1.));
#113040=VECTOR('',#113030,1.);
#113050=LINE('',#113020,#113040);
#113060=EDGE_CURVE('',#1070,#112790,#113050,.T.);
#113070=ORIENTED_EDGE('',*,*,#113060,.F.);
#113080=EDGE_LOOP('',(#113070,#113010,#113000,#112990,#112980,#112970,
#112910,#112830));
#113090=FACE_OUTER_BOUND('',#113080,.T.);
#113100=ADVANCED_FACE('',(#113090),#112730,.T.);
#113110=CARTESIAN_POINT('',(-1.065,-1.775,-6.535));
#113120=DIRECTION('',(0.707106781186548,-0.707106781186547,
3.21330939595952E-32));
#113130=DIRECTION('',(0.707106781186547,0.707106781186548,0.));
#113140=AXIS2_PLACEMENT_3D('',#113110,#113120,#113130);
#113150=PLANE('',#113140);
#113160=ORIENTED_EDGE('',*,*,#1080,.T.);
#113170=ORIENTED_EDGE('',*,*,#1690,.F.);
#113180=CARTESIAN_POINT('',(-1.19,-1.9,-6.935));
#113190=DIRECTION('',(0.569654939187218,0.569654939187218,
0.592441136754711));
#113200=VECTOR('',#113190,1.);
#113210=LINE('',#113180,#113200);
#113220=EDGE_CURVE('',#112790,#1600,#113210,.T.);
#113230=ORIENTED_EDGE('',*,*,#113220,.T.);
#113240=ORIENTED_EDGE('',*,*,#113060,.T.);
#113250=EDGE_LOOP('',(#113240,#113230,#113170,#113160));
#113260=FACE_OUTER_BOUND('',#113250,.T.);
#113270=ADVANCED_FACE('',(#113260),#113150,.T.);
#113280=CARTESIAN_POINT('',(1.19,-1.9,-6.935));
#113290=DIRECTION('',(1.11150759106273E-16,0.720833064901859,
-0.693108716251782));
#113300=DIRECTION('',(-1.06875729909877E-16,-0.693108716251782,
-0.720833064901859));
#113310=AXIS2_PLACEMENT_3D('',#113280,#113290,#113300);
#113320=PLANE('',#113310);
#113330=CARTESIAN_POINT('',(0.94,-1.65,-6.675));
#113340=DIRECTION('',(-1.,2.36217664813863E-16,0.));
#113350=VECTOR('',#113340,1.);
#113360=LINE('',#113330,#113350);
#113370=EDGE_CURVE('',#4250,#1600,#113360,.T.);
#113380=ORIENTED_EDGE('',*,*,#113370,.T.);
#113390=CARTESIAN_POINT('',(1.19,-1.9,-6.935));
#113400=DIRECTION('',(-0.569654939187218,0.569654939187218,
0.592441136754711));
#113410=VECTOR('',#113400,1.);
#113420=LINE('',#113390,#113410);
#113430=EDGE_CURVE('',#112810,#4250,#113420,.T.);
#113440=ORIENTED_EDGE('',*,*,#113430,.T.);
#113450=ORIENTED_EDGE('',*,*,#112820,.T.);
#113460=ORIENTED_EDGE('',*,*,#113220,.F.);
#113470=EDGE_LOOP('',(#113460,#113450,#113440,#113380));
#113480=FACE_OUTER_BOUND('',#113470,.T.);
#113490=ADVANCED_FACE('',(#113480),#113320,.F.);
#113500=CARTESIAN_POINT('',(-0.243421239000533,-1.16537417040975,-6.675)
);
#113510=DIRECTION('',(0.,0.,1.));
#113520=DIRECTION('',(-1.,-1.22460635382238E-16,0.));
#113530=AXIS2_PLACEMENT_3D('',#113500,#113510,#113520);
#113540=PLANE('',#113530);
#113550=ORIENTED_EDGE('',*,*,#1630,.F.);
#113560=CARTESIAN_POINT('',(-0.939999999999998,-0.475,-6.675));
#113570=DIRECTION('',(1.,4.42908121525994E-16,0.));
#113580=VECTOR('',#113570,1.);
#113590=LINE('',#113560,#113580);
#113600=EDGE_CURVE('',#1620,#3610,#113590,.T.);
#113610=ORIENTED_EDGE('',*,*,#113600,.F.);
#113620=ORIENTED_EDGE('',*,*,#4320,.T.);
#113630=ORIENTED_EDGE('',*,*,#113370,.F.);
#113640=EDGE_LOOP('',(#113630,#113620,#113610,#113550));
#113650=FACE_OUTER_BOUND('',#113640,.T.);
#113660=ADVANCED_FACE('',(#113650),#113540,.T.);
#113670=CARTESIAN_POINT('',(1.95104891444198E-15,-0.45,-6.65));
#113680=DIRECTION('',(2.62395290203238E-16,-0.707106781186546,
0.707106781186549));
#113690=DIRECTION('',(3.92523114670945E-16,-0.707106781186549,
-0.707106781186546));
#113700=AXIS2_PLACEMENT_3D('',#113670,#113680,#113690);
#113710=PLANE('',#113700);
#113720=ORIENTED_EDGE('',*,*,#3620,.T.);
#113730=ORIENTED_EDGE('',*,*,#113600,.T.);
#113740=ORIENTED_EDGE('',*,*,#2240,.F.);
#113750=ORIENTED_EDGE('',*,*,#2790,.F.);
#113760=EDGE_LOOP('',(#113750,#113740,#113730,#113720));
#113770=FACE_OUTER_BOUND('',#113760,.T.);
#113780=ADVANCED_FACE('',(#113770),#113710,.T.);
#113790=CARTESIAN_POINT('',(1.065,-1.775,-6.535));
#113800=DIRECTION('',(0.707106781186547,0.707106781186548,-0.));
#113810=DIRECTION('',(-0.707106781186548,0.707106781186547,0.));
#113820=AXIS2_PLACEMENT_3D('',#113790,#113800,#113810);
#113830=PLANE('',#113820);
#113840=ORIENTED_EDGE('',*,*,#113430,.F.);
#113850=ORIENTED_EDGE('',*,*,#4260,.F.);
#113860=CARTESIAN_POINT('',(1.19,-1.9,-6.385));
#113870=DIRECTION('',(-0.680413817439772,0.680413817439771,
0.27216552697591));
#113880=VECTOR('',#113870,1.);
#113890=LINE('',#113860,#113880);
#113900=EDGE_CURVE('',#112890,#4170,#113890,.T.);
#113910=ORIENTED_EDGE('',*,*,#113900,.T.);
#113920=ORIENTED_EDGE('',*,*,#112900,.F.);
#113930=EDGE_LOOP('',(#113920,#113910,#113850,#113840));
#113940=FACE_OUTER_BOUND('',#113930,.T.);
#113950=ADVANCED_FACE('',(#113940),#113830,.F.);
#113960=CARTESIAN_POINT('',(0.889997600000002,-1.65,-6.285));
#113970=DIRECTION('',(-3.29861184015549E-16,0.371390676354104,
-0.928476690885259));
#113980=DIRECTION('',(8.24652960038871E-16,-0.928476690885259,
-0.371390676354104));
#113990=AXIS2_PLACEMENT_3D('',#113960,#113970,#113980);
#114000=PLANE('',#113990);
#114010=CARTESIAN_POINT('',(1.04,-1.65,-6.285));
#114020=DIRECTION('',(1.,1.54914840645371E-15,0.));
#114030=VECTOR('',#114020,1.);
#114040=LINE('',#114010,#114030);
#114050=CARTESIAN_POINT('',(1.04,-1.65,-6.285));
#114060=VERTEX_POINT('',#114050);
#114070=EDGE_CURVE('',#114060,#7330,#114040,.T.);
#114080=ORIENTED_EDGE('',*,*,#114070,.F.);
#114090=ORIENTED_EDGE('',*,*,#7340,.F.);
#114100=ORIENTED_EDGE('',*,*,#112960,.F.);
#114110=ORIENTED_EDGE('',*,*,#113900,.F.);
#114120=CARTESIAN_POINT('',(1.04,-1.65,-6.285));
#114130=DIRECTION('',(-1.,2.22044604925031E-15,0.));
#114140=VECTOR('',#114130,1.);
#114150=LINE('',#114120,#114140);
#114160=EDGE_CURVE('',#114060,#4170,#114150,.T.);
#114170=ORIENTED_EDGE('',*,*,#114160,.T.);
#114180=EDGE_LOOP('',(#114170,#114110,#114100,#114090,#114080));
#114190=FACE_OUTER_BOUND('',#114180,.T.);
#114200=ADVANCED_FACE('',(#114190),#114000,.F.);
#114210=CARTESIAN_POINT('',(1.19461298454738,-1.02797295789044,-6.285));
#114220=DIRECTION('',(0.,0.,-1.));
#114230=DIRECTION('',(1.,0.,0.));
#114240=AXIS2_PLACEMENT_3D('',#114210,#114220,#114230);
#114250=PLANE('',#114240);
#114260=CARTESIAN_POINT('',(1.04,-1.65,-6.285));
#114270=DIRECTION('',(-0.707106781186548,0.707106781186547,0.));
#114280=VECTOR('',#114270,1.);
#114290=LINE('',#114260,#114280);
#114300=EDGE_CURVE('',#114060,#4090,#114290,.T.);
#114310=ORIENTED_EDGE('',*,*,#114300,.T.);
#114320=ORIENTED_EDGE('',*,*,#114160,.F.);
#114330=ORIENTED_EDGE('',*,*,#4180,.T.);
#114340=EDGE_LOOP('',(#114330,#114320,#114310));
#114350=FACE_OUTER_BOUND('',#114340,.T.);
#114360=ADVANCED_FACE('',(#114350),#114250,.F.);
#114370=CARTESIAN_POINT('',(0.99,-1.6,-3.885));
#114380=DIRECTION('',(-0.707106781186548,-0.707106781186548,-0.));
#114390=DIRECTION('',(-0.707106781186548,0.707106781186548,0.));
#114400=AXIS2_PLACEMENT_3D('',#114370,#114380,#114390);
#114410=PLANE('',#114400);
#114420=ORIENTED_EDGE('',*,*,#114300,.F.);
#114430=ORIENTED_EDGE('',*,*,#4100,.T.);
#114440=CARTESIAN_POINT('',(0.939999999999999,-1.55,0.514999999999999));
#114450=DIRECTION('',(0.707106781186548,-0.707106781186547,0.));
#114460=VECTOR('',#114450,1.);
#114470=LINE('',#114440,#114460);
#114480=CARTESIAN_POINT('',(1.04,-1.65,0.514999999999999));
#114490=VERTEX_POINT('',#114480);
#114500=EDGE_CURVE('',#4010,#114490,#114470,.T.);
#114510=ORIENTED_EDGE('',*,*,#114500,.F.);
#114520=CARTESIAN_POINT('',(1.04,-1.65,0.515000000000001));
#114530=DIRECTION('',(0.,0.,-1.));
#114540=VECTOR('',#114530,1.);
#114550=LINE('',#114520,#114540);
#114560=EDGE_CURVE('',#114490,#114060,#114550,.T.);
#114570=ORIENTED_EDGE('',*,*,#114560,.F.);
#114580=EDGE_LOOP('',(#114570,#114510,#114430,#114420));
#114590=FACE_OUTER_BOUND('',#114580,.T.);
#114600=ADVANCED_FACE('',(#114590),#114410,.T.);
#114610=CARTESIAN_POINT('',(0.965000000000002,-1.65,-11.975));
#114620=DIRECTION('',(1.45472826493243E-15,-1.,0.));
#114630=DIRECTION('',(1.,1.45472826493243E-15,0.));
#114640=AXIS2_PLACEMENT_3D('',#114610,#114620,#114630);
#114650=PLANE('',#114640);
#114660=CARTESIAN_POINT('',(1.04,-1.65,0.514999999999999));
#114670=DIRECTION('',(1.,-5.16382802151236E-16,7.74574203226854E-16));
#114680=VECTOR('',#114670,1.);
#114690=LINE('',#114660,#114680);
#114700=EDGE_CURVE('',#114490,#7410,#114690,.T.);
#114710=ORIENTED_EDGE('',*,*,#114700,.F.);
#114720=ORIENTED_EDGE('',*,*,#7420,.T.);
#114730=ORIENTED_EDGE('',*,*,#114070,.T.);
#114740=ORIENTED_EDGE('',*,*,#114560,.T.);
#114750=EDGE_LOOP('',(#114740,#114730,#114720,#114710));
#114760=FACE_OUTER_BOUND('',#114750,.T.);
#114770=ADVANCED_FACE('',(#114760),#114650,.T.);
#114780=CARTESIAN_POINT('',(0.889997600000002,-1.65,0.514999999999999));
#114790=DIRECTION('',(3.29861184015549E-16,-0.371390676354104,
-0.928476690885259));
#114800=DIRECTION('',(8.24652960038871E-16,-0.928476690885259,
0.371390676354104));
#114810=AXIS2_PLACEMENT_3D('',#114780,#114790,#114800);
#114820=PLANE('',#114810);
#114830=ORIENTED_EDGE('',*,*,#4970,.F.);
#114840=ORIENTED_EDGE('',*,*,#5530,.F.);
#114850=ORIENTED_EDGE('',*,*,#7480,.F.);
#114860=ORIENTED_EDGE('',*,*,#114700,.T.);
#114870=CARTESIAN_POINT('',(1.04,-1.65,0.514999999999999));
#114880=DIRECTION('',(-1.,0.,0.));
#114890=VECTOR('',#114880,1.);
#114900=LINE('',#114870,#114890);
#114910=EDGE_CURVE('',#114490,#3930,#114900,.T.);
#114920=ORIENTED_EDGE('',*,*,#114910,.F.);
#114930=EDGE_LOOP('',(#114920,#114860,#114850,#114840,#114830));
#114940=FACE_OUTER_BOUND('',#114930,.T.);
#114950=ADVANCED_FACE('',(#114940),#114820,.T.);
#114960=CARTESIAN_POINT('',(1.19461298454738,-1.02797295789044,
0.514999999999999));
#114970=DIRECTION('',(0.,0.,-1.));
#114980=DIRECTION('',(1.,0.,0.));
#114990=AXIS2_PLACEMENT_3D('',#114960,#114970,#114980);
#115000=PLANE('',#114990);
#115010=ORIENTED_EDGE('',*,*,#114500,.T.);
#115020=ORIENTED_EDGE('',*,*,#4020,.T.);
#115030=ORIENTED_EDGE('',*,*,#114910,.T.);
#115040=EDGE_LOOP('',(#115030,#115020,#115010));
#115050=FACE_OUTER_BOUND('',#115040,.T.);
#115060=ADVANCED_FACE('',(#115050),#115000,.T.);
#115070=CARTESIAN_POINT('',(0.0353553390593281,-0.449999999999999,-6.));
#115080=DIRECTION('',(2.62395290203237E-16,-0.707106781186546,
-0.707106781186549));
#115090=DIRECTION('',(0.,-0.707106781186549,0.707106781186546));
#115100=AXIS2_PLACEMENT_3D('',#115070,#115080,#115090);
#115110=PLANE('',#115100);
#115120=CARTESIAN_POINT('',(-0.444999999999998,-0.474999999999999,-5.975
));
#115130=DIRECTION('',(-0.281084637714843,0.67859834454584,
-0.678598344545844));
#115140=VECTOR('',#115130,1.);
#115150=LINE('',#115120,#115140);
#115160=CARTESIAN_POINT('',(-0.444999999999998,-0.474999999999999,-5.975
));
#115170=VERTEX_POINT('',#115160);
#115180=EDGE_CURVE('',#115170,#3390,#115150,.T.);
#115190=ORIENTED_EDGE('',*,*,#115180,.T.);
#115200=CARTESIAN_POINT('',(-0.444999999999999,-0.474999999999999,-5.975
));
#115210=DIRECTION('',(1.,1.24744160070242E-16,0.));
#115220=VECTOR('',#115210,1.);
#115230=LINE('',#115200,#115220);
#115240=CARTESIAN_POINT('',(0.445,-0.474999999999997,-5.975));
#115250=VERTEX_POINT('',#115240);
#115260=EDGE_CURVE('',#115170,#115250,#115230,.T.);
#115270=ORIENTED_EDGE('',*,*,#115260,.F.);
#115280=CARTESIAN_POINT('',(0.444999999999998,-0.474999999999997,-5.975)
);
#115290=DIRECTION('',(0.281084637714826,0.678598344545847,
-0.678598344545844));
#115300=VECTOR('',#115290,1.);
#115310=LINE('',#115280,#115300);
#115320=EDGE_CURVE('',#115250,#2910,#115310,.T.);
#115330=ORIENTED_EDGE('',*,*,#115320,.F.);
#115340=ORIENTED_EDGE('',*,*,#3460,.T.);
#115350=EDGE_LOOP('',(#115340,#115330,#115270,#115190));
#115360=FACE_OUTER_BOUND('',#115350,.T.);
#115370=ADVANCED_FACE('',(#115360),#115110,.T.);
#115380=CARTESIAN_POINT('',(-0.487677669529663,-0.45,-5.96767766952966))
;
#115390=DIRECTION('',(-0.499999999999994,-0.707106781186555,
-0.499999999999996));
#115400=DIRECTION('',(-0.500000000000003,0.70710678118654,
-0.500000000000008));
#115410=AXIS2_PLACEMENT_3D('',#115380,#115390,#115400);
#115420=PLANE('',#115410);
#115430=ORIENTED_EDGE('',*,*,#115180,.F.);
#115440=ORIENTED_EDGE('',*,*,#3400,.F.);
#115450=CARTESIAN_POINT('',(-0.594999999999999,-0.425,-5.89571067811866)
);
#115460=DIRECTION('',(0.678598344545841,-0.678598344545844,
0.281084637714843));
#115470=VECTOR('',#115460,1.);
#115480=LINE('',#115450,#115470);
#115490=CARTESIAN_POINT('',(-0.544999999999999,-0.474999999999998,-5.875
));
#115500=VERTEX_POINT('',#115490);
#115510=EDGE_CURVE('',#3310,#115500,#115480,.T.);
#115520=ORIENTED_EDGE('',*,*,#115510,.F.);
#115530=CARTESIAN_POINT('',(-0.444999999999997,-0.474999999999998,-5.975
));
#115540=DIRECTION('',(-0.707106781186552,1.57009245868374E-15,
0.707106781186543));
#115550=VECTOR('',#115540,1.);
#115560=LINE('',#115530,#115550);
#115570=EDGE_CURVE('',#115170,#115500,#115560,.T.);
#115580=ORIENTED_EDGE('',*,*,#115570,.T.);
#115590=EDGE_LOOP('',(#115580,#115520,#115440,#115430));
#115600=FACE_OUTER_BOUND('',#115590,.T.);
#115610=ADVANCED_FACE('',(#115600),#115420,.T.);
#115620=CARTESIAN_POINT('',(-0.494999999999999,-0.9875,-5.925));
#115630=DIRECTION('',(0.707106781186546,-7.87962071035975E-17,
0.707106781186549));
#115640=DIRECTION('',(-0.707106781186549,0.,0.707106781186546));
#115650=AXIS2_PLACEMENT_3D('',#115620,#115630,#115640);
#115660=PLANE('',#115650);
#115670=CARTESIAN_POINT('',(-0.544999999999999,-1.6,-5.875));
#115680=DIRECTION('',(9.86864910777917E-17,1.,0.));
#115690=VECTOR('',#115680,1.);
#115700=LINE('',#115670,#115690);
#115710=CARTESIAN_POINT('',(-0.544999999999999,-1.6,-5.875));
#115720=VERTEX_POINT('',#115710);
#115730=EDGE_CURVE('',#115720,#115500,#115700,.T.);
#115740=ORIENTED_EDGE('',*,*,#115730,.T.);
#115750=CARTESIAN_POINT('',(-0.444999999999999,-1.5,-5.975));
#115760=DIRECTION('',(-0.577350269189627,-0.577350269189626,
0.577350269189624));
#115770=VECTOR('',#115760,1.);
#115780=LINE('',#115750,#115770);
#115790=CARTESIAN_POINT('',(-0.444999999999999,-1.5,-5.975));
#115800=VERTEX_POINT('',#115790);
#115810=EDGE_CURVE('',#115800,#115720,#115780,.T.);
#115820=ORIENTED_EDGE('',*,*,#115810,.T.);
#115830=CARTESIAN_POINT('',(-0.444999999999999,-1.5,-5.975));
#115840=DIRECTION('',(0.,1.,0.));
#115850=VECTOR('',#115840,1.);
#115860=LINE('',#115830,#115850);
#115870=EDGE_CURVE('',#115800,#115170,#115860,.T.);
#115880=ORIENTED_EDGE('',*,*,#115870,.F.);
#115890=ORIENTED_EDGE('',*,*,#115570,.F.);
#115900=EDGE_LOOP('',(#115890,#115880,#115820,#115740));
#115910=FACE_OUTER_BOUND('',#115900,.T.);
#115920=ADVANCED_FACE('',(#115910),#115660,.F.);
#115930=CARTESIAN_POINT('',(-0.544999999999999,1.4167,-6.0125));
#115940=DIRECTION('',(-1.,1.11434664749467E-16,2.86429670670477E-32));
#115950=DIRECTION('',(-1.11434664749467E-16,-1.,-1.22460635382238E-16));
#115960=AXIS2_PLACEMENT_3D('',#115930,#115940,#115950);
#115970=PLANE('',#115960);
#115980=CARTESIAN_POINT('',(-0.544999999999999,-0.475,0.104999999999997)
);
#115990=DIRECTION('',(4.93432455388957E-16,-1.,6.16790569236196E-16));
#116000=VECTOR('',#115990,1.);
#116010=LINE('',#115980,#116000);
#116020=CARTESIAN_POINT('',(-0.544999999999999,-0.475,0.104999999999997)
);
#116030=VERTEX_POINT('',#116020);
#116040=CARTESIAN_POINT('',(-0.544999999999999,-1.6,0.104999999999998));
#116050=VERTEX_POINT('',#116040);
#116060=EDGE_CURVE('',#116030,#116050,#116010,.T.);
#116070=ORIENTED_EDGE('',*,*,#116060,.F.);
#116080=CARTESIAN_POINT('',(-0.544999999999999,-1.6,0.104999999999999));
#116090=DIRECTION('',(0.,0.,-1.));
#116100=VECTOR('',#116090,1.);
#116110=LINE('',#116080,#116100);
#116120=EDGE_CURVE('',#116050,#115720,#116110,.T.);
#116130=ORIENTED_EDGE('',*,*,#116120,.F.);
#116140=ORIENTED_EDGE('',*,*,#115730,.F.);
#116150=CARTESIAN_POINT('',(-0.544999999999999,-0.475,0.104999999999997)
);
#116160=DIRECTION('',(0.,1.11393614510885E-16,-1.));
#116170=VECTOR('',#116160,1.);
#116180=LINE('',#116150,#116170);
#116190=EDGE_CURVE('',#116030,#115500,#116180,.T.);
#116200=ORIENTED_EDGE('',*,*,#116190,.T.);
#116210=EDGE_LOOP('',(#116200,#116140,#116130,#116070));
#116220=FACE_OUTER_BOUND('',#116210,.T.);
#116230=CARTESIAN_POINT('',(-0.544999999999999,-1.50000000000002,-2.425)
);
#116240=DIRECTION('',(0.,1.,0.));
#116250=VECTOR('',#116240,1.);
#116260=LINE('',#116230,#116250);
#116270=CARTESIAN_POINT('',(-0.544999999999999,-1.50000000000002,-2.425)
);
#116280=VERTEX_POINT('',#116270);
#116290=CARTESIAN_POINT('',(-0.544999999999999,-1.31926690608459,-2.425)
);
#116300=VERTEX_POINT('',#116290);
#116310=EDGE_CURVE('',#116280,#116300,#116260,.T.);
#116320=ORIENTED_EDGE('',*,*,#116310,.F.);
#116330=CARTESIAN_POINT('',(-0.544999999999995,-1.31926690608458,-2.425)
);
#116340=DIRECTION('',(0.,0.,-1.));
#116350=VECTOR('',#116340,1.);
#116360=LINE('',#116330,#116350);
#116370=CARTESIAN_POINT('',(-0.544999999999999,-1.31926690608458,-2.545)
);
#116380=VERTEX_POINT('',#116370);
#116390=EDGE_CURVE('',#116300,#116380,#116360,.T.);
#116400=ORIENTED_EDGE('',*,*,#116390,.F.);
#116410=CARTESIAN_POINT('',(-0.544999999999999,-1.50000000000002,-2.545)
);
#116420=DIRECTION('',(0.,1.,0.));
#116430=VECTOR('',#116420,1.);
#116440=LINE('',#116410,#116430);
#116450=CARTESIAN_POINT('',(-0.544999999999999,-1.50000000000002,-2.545)
);
#116460=VERTEX_POINT('',#116450);
#116470=EDGE_CURVE('',#116460,#116380,#116440,.T.);
#116480=ORIENTED_EDGE('',*,*,#116470,.T.);
#116490=CARTESIAN_POINT('',(-0.544999999999999,-1.50000000000002,-2.425)
);
#116500=DIRECTION('',(0.,0.,-1.));
#116510=VECTOR('',#116500,1.);
#116520=LINE('',#116490,#116510);
#116530=EDGE_CURVE('',#116280,#116460,#116520,.T.);
#116540=ORIENTED_EDGE('',*,*,#116530,.T.);
#116550=EDGE_LOOP('',(#116540,#116480,#116400,#116320));
#116560=FACE_BOUND('',#116550,.T.);
#116570=CARTESIAN_POINT('',(-0.544999999999999,-1.50000000000002,-2.825)
);
#116580=DIRECTION('',(0.,0.,-1.));
#116590=VECTOR('',#116580,1.);
#116600=LINE('',#116570,#116590);
#116610=CARTESIAN_POINT('',(-0.544999999999999,-1.50000000000002,-2.825)
);
#116620=VERTEX_POINT('',#116610);
#116630=CARTESIAN_POINT('',(-0.544999999999999,-1.50000000000002,-2.945)
);
#116640=VERTEX_POINT('',#116630);
#116650=EDGE_CURVE('',#116620,#116640,#116600,.T.);
#116660=ORIENTED_EDGE('',*,*,#116650,.T.);
#116670=CARTESIAN_POINT('',(-0.544999999999999,-1.50000000000002,-2.825)
);
#116680=DIRECTION('',(0.,1.,0.));
#116690=VECTOR('',#116680,1.);
#116700=LINE('',#116670,#116690);
#116710=CARTESIAN_POINT('',(-0.544999999999999,-1.31926690608459,-2.825)
);
#116720=VERTEX_POINT('',#116710);
#116730=EDGE_CURVE('',#116620,#116720,#116700,.T.);
#116740=ORIENTED_EDGE('',*,*,#116730,.F.);
#116750=CARTESIAN_POINT('',(-0.544999999999995,-1.31926690608458,-2.825)
);
#116760=DIRECTION('',(0.,0.,-1.));
#116770=VECTOR('',#116760,1.);
#116780=LINE('',#116750,#116770);
#116790=CARTESIAN_POINT('',(-0.544999999999997,-1.31926690608458,-2.945)
);
#116800=VERTEX_POINT('',#116790);
#116810=EDGE_CURVE('',#116720,#116800,#116780,.T.);
#116820=ORIENTED_EDGE('',*,*,#116810,.F.);
#116830=CARTESIAN_POINT('',(-0.544999999999999,-1.50000000000002,-2.945)
);
#116840=DIRECTION('',(0.,1.,0.));
#116850=VECTOR('',#116840,1.);
#116860=LINE('',#116830,#116850);
#116870=EDGE_CURVE('',#116640,#116800,#116860,.T.);
#116880=ORIENTED_EDGE('',*,*,#116870,.T.);
#116890=EDGE_LOOP('',(#116880,#116820,#116740,#116660));
#116900=FACE_BOUND('',#116890,.T.);
#116910=CARTESIAN_POINT('',(-0.544999999999999,-1.50000000000002,-3.225)
);
#116920=DIRECTION('',(0.,1.,0.));
#116930=VECTOR('',#116920,1.);
#116940=LINE('',#116910,#116930);
#116950=CARTESIAN_POINT('',(-0.544999999999999,-1.50000000000002,-3.225)
);
#116960=VERTEX_POINT('',#116950);
#116970=CARTESIAN_POINT('',(-0.544999999999999,-1.31926690608459,-3.225)
);
#116980=VERTEX_POINT('',#116970);
#116990=EDGE_CURVE('',#116960,#116980,#116940,.T.);
#117000=ORIENTED_EDGE('',*,*,#116990,.F.);
#117010=CARTESIAN_POINT('',(-0.544999999999995,-1.31926690608458,-3.225)
);
#117020=DIRECTION('',(0.,0.,-1.));
#117030=VECTOR('',#117020,1.);
#117040=LINE('',#117010,#117030);
#117050=CARTESIAN_POINT('',(-0.544999999999999,-1.31926690608458,-3.345)
);
#117060=VERTEX_POINT('',#117050);
#117070=EDGE_CURVE('',#116980,#117060,#117040,.T.);
#117080=ORIENTED_EDGE('',*,*,#117070,.F.);
#117090=CARTESIAN_POINT('',(-0.544999999999999,-1.50000000000002,-3.345)
);
#117100=DIRECTION('',(0.,1.,0.));
#117110=VECTOR('',#117100,1.);
#117120=LINE('',#117090,#117110);
#117130=CARTESIAN_POINT('',(-0.544999999999999,-1.50000000000002,-3.345)
);
#117140=VERTEX_POINT('',#117130);
#117150=EDGE_CURVE('',#117140,#117060,#117120,.T.);
#117160=ORIENTED_EDGE('',*,*,#117150,.T.);
#117170=CARTESIAN_POINT('',(-0.544999999999999,-1.50000000000002,-3.225)
);
#117180=DIRECTION('',(0.,0.,-1.));
#117190=VECTOR('',#117180,1.);
#117200=LINE('',#117170,#117190);
#117210=EDGE_CURVE('',#116960,#117140,#117200,.T.);
#117220=ORIENTED_EDGE('',*,*,#117210,.T.);
#117230=EDGE_LOOP('',(#117220,#117160,#117080,#117000));
#117240=FACE_BOUND('',#117230,.T.);
#117250=CARTESIAN_POINT('',(-0.544999999999999,-1.50000000000002,-4.425)
);
#117260=DIRECTION('',(0.,0.,-1.));
#117270=VECTOR('',#117260,1.);
#117280=LINE('',#117250,#117270);
#117290=CARTESIAN_POINT('',(-0.544999999999999,-1.50000000000002,-4.425)
);
#117300=VERTEX_POINT('',#117290);
#117310=CARTESIAN_POINT('',(-0.544999999999999,-1.50000000000002,-4.545)
);
#117320=VERTEX_POINT('',#117310);
#117330=EDGE_CURVE('',#117300,#117320,#117280,.T.);
#117340=ORIENTED_EDGE('',*,*,#117330,.T.);
#117350=CARTESIAN_POINT('',(-0.544999999999999,-1.50000000000002,-4.425)
);
#117360=DIRECTION('',(0.,1.,0.));
#117370=VECTOR('',#117360,1.);
#117380=LINE('',#117350,#117370);
#117390=CARTESIAN_POINT('',(-0.544999999999999,-1.31926690608459,-4.425)
);
#117400=VERTEX_POINT('',#117390);
#117410=EDGE_CURVE('',#117300,#117400,#117380,.T.);
#117420=ORIENTED_EDGE('',*,*,#117410,.F.);
#117430=CARTESIAN_POINT('',(-0.544999999999995,-1.31926690608458,-4.425)
);
#117440=DIRECTION('',(0.,0.,-1.));
#117450=VECTOR('',#117440,1.);
#117460=LINE('',#117430,#117450);
#117470=CARTESIAN_POINT('',(-0.544999999999997,-1.31926690608458,-4.545)
);
#117480=VERTEX_POINT('',#117470);
#117490=EDGE_CURVE('',#117400,#117480,#117460,.T.);
#117500=ORIENTED_EDGE('',*,*,#117490,.F.);
#117510=CARTESIAN_POINT('',(-0.544999999999999,-1.50000000000002,-4.545)
);
#117520=DIRECTION('',(0.,1.,0.));
#117530=VECTOR('',#117520,1.);
#117540=LINE('',#117510,#117530);
#117550=EDGE_CURVE('',#117320,#117480,#117540,.T.);
#117560=ORIENTED_EDGE('',*,*,#117550,.T.);
#117570=EDGE_LOOP('',(#117560,#117500,#117420,#117340));
#117580=FACE_BOUND('',#117570,.T.);
#117590=CARTESIAN_POINT('',(-0.544999999999999,-1.50000000000002,-5.225)
);
#117600=DIRECTION('',(0.,1.,0.));
#117610=VECTOR('',#117600,1.);
#117620=LINE('',#117590,#117610);
#117630=CARTESIAN_POINT('',(-0.544999999999999,-1.50000000000002,-5.225)
);
#117640=VERTEX_POINT('',#117630);
#117650=CARTESIAN_POINT('',(-0.544999999999999,-1.31926690608459,-5.225)
);
#117660=VERTEX_POINT('',#117650);
#117670=EDGE_CURVE('',#117640,#117660,#117620,.T.);
#117680=ORIENTED_EDGE('',*,*,#117670,.F.);
#117690=CARTESIAN_POINT('',(-0.544999999999995,-1.31926690608458,-5.225)
);
#117700=DIRECTION('',(0.,0.,-1.));
#117710=VECTOR('',#117700,1.);
#117720=LINE('',#117690,#117710);
#117730=CARTESIAN_POINT('',(-0.544999999999999,-1.31926690608458,-5.345)
);
#117740=VERTEX_POINT('',#117730);
#117750=EDGE_CURVE('',#117660,#117740,#117720,.T.);
#117760=ORIENTED_EDGE('',*,*,#117750,.F.);
#117770=CARTESIAN_POINT('',(-0.544999999999999,-1.50000000000002,-5.345)
);
#117780=DIRECTION('',(0.,1.,0.));
#117790=VECTOR('',#117780,1.);
#117800=LINE('',#117770,#117790);
#117810=CARTESIAN_POINT('',(-0.544999999999999,-1.50000000000002,-5.345)
);
#117820=VERTEX_POINT('',#117810);
#117830=EDGE_CURVE('',#117820,#117740,#117800,.T.);
#117840=ORIENTED_EDGE('',*,*,#117830,.T.);
#117850=CARTESIAN_POINT('',(-0.544999999999999,-1.50000000000002,-5.225)
);
#117860=DIRECTION('',(0.,0.,-1.));
#117870=VECTOR('',#117860,1.);
#117880=LINE('',#117850,#117870);
#117890=EDGE_CURVE('',#117640,#117820,#117880,.T.);
#117900=ORIENTED_EDGE('',*,*,#117890,.T.);
#117910=EDGE_LOOP('',(#117900,#117840,#117760,#117680));
#117920=FACE_BOUND('',#117910,.T.);
#117930=CARTESIAN_POINT('',(-0.544999999999999,-1.50000000000002,-4.825)
);
#117940=DIRECTION('',(0.,0.,-1.));
#117950=VECTOR('',#117940,1.);
#117960=LINE('',#117930,#117950);
#117970=CARTESIAN_POINT('',(-0.544999999999999,-1.50000000000002,-4.825)
);
#117980=VERTEX_POINT('',#117970);
#117990=CARTESIAN_POINT('',(-0.544999999999999,-1.50000000000002,-4.945)
);
#118000=VERTEX_POINT('',#117990);
#118010=EDGE_CURVE('',#117980,#118000,#117960,.T.);
#118020=ORIENTED_EDGE('',*,*,#118010,.T.);
#118030=CARTESIAN_POINT('',(-0.544999999999999,-1.50000000000002,-4.825)
);
#118040=DIRECTION('',(0.,1.,0.));
#118050=VECTOR('',#118040,1.);
#118060=LINE('',#118030,#118050);
#118070=CARTESIAN_POINT('',(-0.544999999999999,-1.31926690608459,-4.825)
);
#118080=VERTEX_POINT('',#118070);
#118090=EDGE_CURVE('',#117980,#118080,#118060,.T.);
#118100=ORIENTED_EDGE('',*,*,#118090,.F.);
#118110=CARTESIAN_POINT('',(-0.544999999999995,-1.31926690608458,-4.825)
);
#118120=DIRECTION('',(0.,0.,-1.));
#118130=VECTOR('',#118120,1.);
#118140=LINE('',#118110,#118130);
#118150=CARTESIAN_POINT('',(-0.544999999999997,-1.31926690608458,-4.945)
);
#118160=VERTEX_POINT('',#118150);
#118170=EDGE_CURVE('',#118080,#118160,#118140,.T.);
#118180=ORIENTED_EDGE('',*,*,#118170,.F.);
#118190=CARTESIAN_POINT('',(-0.544999999999999,-1.50000000000002,-4.945)
);
#118200=DIRECTION('',(0.,1.,0.));
#118210=VECTOR('',#118200,1.);
#118220=LINE('',#118190,#118210);
#118230=EDGE_CURVE('',#118000,#118160,#118220,.T.);
#118240=ORIENTED_EDGE('',*,*,#118230,.T.);
#118250=EDGE_LOOP('',(#118240,#118180,#118100,#118020));
#118260=FACE_BOUND('',#118250,.T.);
#118270=CARTESIAN_POINT('',(-0.544999999999999,-1.50000000000002,-5.625)
);
#118280=DIRECTION('',(0.,0.,-1.));
#118290=VECTOR('',#118280,1.);
#118300=LINE('',#118270,#118290);
#118310=CARTESIAN_POINT('',(-0.544999999999999,-1.50000000000002,-5.625)
);
#118320=VERTEX_POINT('',#118310);
#118330=CARTESIAN_POINT('',(-0.544999999999999,-1.50000000000002,-5.745)
);
#118340=VERTEX_POINT('',#118330);
#118350=EDGE_CURVE('',#118320,#118340,#118300,.T.);
#118360=ORIENTED_EDGE('',*,*,#118350,.T.);
#118370=CARTESIAN_POINT('',(-0.544999999999999,-1.50000000000002,-5.625)
);
#118380=DIRECTION('',(0.,1.,0.));
#118390=VECTOR('',#118380,1.);
#118400=LINE('',#118370,#118390);
#118410=CARTESIAN_POINT('',(-0.544999999999999,-1.31926690608459,-5.625)
);
#118420=VERTEX_POINT('',#118410);
#118430=EDGE_CURVE('',#118320,#118420,#118400,.T.);
#118440=ORIENTED_EDGE('',*,*,#118430,.F.);
#118450=CARTESIAN_POINT('',(-0.544999999999995,-1.31926690608458,-5.625)
);
#118460=DIRECTION('',(0.,0.,-1.));
#118470=VECTOR('',#118460,1.);
#118480=LINE('',#118450,#118470);
#118490=CARTESIAN_POINT('',(-0.544999999999997,-1.31926690608458,-5.745)
);
#118500=VERTEX_POINT('',#118490);
#118510=EDGE_CURVE('',#118420,#118500,#118480,.T.);
#118520=ORIENTED_EDGE('',*,*,#118510,.F.);
#118530=CARTESIAN_POINT('',(-0.544999999999999,-1.50000000000002,-5.745)
);
#118540=DIRECTION('',(0.,1.,0.));
#118550=VECTOR('',#118540,1.);
#118560=LINE('',#118530,#118550);
#118570=EDGE_CURVE('',#118340,#118500,#118560,.T.);
#118580=ORIENTED_EDGE('',*,*,#118570,.T.);
#118590=EDGE_LOOP('',(#118580,#118520,#118440,#118360));
#118600=FACE_BOUND('',#118590,.T.);
#118610=CARTESIAN_POINT('',(-0.544999999999999,-1.50000000000002,-4.025)
);
#118620=DIRECTION('',(0.,0.,-1.));
#118630=VECTOR('',#118620,1.);
#118640=LINE('',#118610,#118630);
#118650=CARTESIAN_POINT('',(-0.544999999999999,-1.50000000000002,-4.025)
);
#118660=VERTEX_POINT('',#118650);
#118670=CARTESIAN_POINT('',(-0.544999999999999,-1.50000000000002,-4.145)
);
#118680=VERTEX_POINT('',#118670);
#118690=EDGE_CURVE('',#118660,#118680,#118640,.T.);
#118700=ORIENTED_EDGE('',*,*,#118690,.T.);
#118710=CARTESIAN_POINT('',(-0.544999999999999,-1.50000000000002,-4.025)
);
#118720=DIRECTION('',(0.,1.,0.));
#118730=VECTOR('',#118720,1.);
#118740=LINE('',#118710,#118730);
#118750=CARTESIAN_POINT('',(-0.544999999999999,-1.31926690608459,-4.025)
);
#118760=VERTEX_POINT('',#118750);
#118770=EDGE_CURVE('',#118660,#118760,#118740,.T.);
#118780=ORIENTED_EDGE('',*,*,#118770,.F.);
#118790=CARTESIAN_POINT('',(-0.544999999999995,-1.31926690608458,-4.025)
);
#118800=DIRECTION('',(0.,0.,-1.));
#118810=VECTOR('',#118800,1.);
#118820=LINE('',#118790,#118810);
#118830=CARTESIAN_POINT('',(-0.544999999999997,-1.31926690608458,-4.145)
);
#118840=VERTEX_POINT('',#118830);
#118850=EDGE_CURVE('',#118760,#118840,#118820,.T.);
#118860=ORIENTED_EDGE('',*,*,#118850,.F.);
#118870=CARTESIAN_POINT('',(-0.544999999999999,-1.50000000000002,-4.145)
);
#118880=DIRECTION('',(0.,1.,0.));
#118890=VECTOR('',#118880,1.);
#118900=LINE('',#118870,#118890);
#118910=EDGE_CURVE('',#118680,#118840,#118900,.T.);
#118920=ORIENTED_EDGE('',*,*,#118910,.T.);
#118930=EDGE_LOOP('',(#118920,#118860,#118780,#118700));
#118940=FACE_BOUND('',#118930,.T.);
#118950=CARTESIAN_POINT('',(-0.544999999999999,-1.50000000000002,-3.745)
);
#118960=DIRECTION('',(0.,0.,1.));
#118970=VECTOR('',#118960,1.);
#118980=LINE('',#118950,#118970);
#118990=CARTESIAN_POINT('',(-0.544999999999999,-1.50000000000002,-3.745)
);
#119000=VERTEX_POINT('',#118990);
#119010=CARTESIAN_POINT('',(-0.544999999999999,-1.50000000000002,-3.625)
);
#119020=VERTEX_POINT('',#119010);
#119030=EDGE_CURVE('',#119000,#119020,#118980,.T.);
#119040=ORIENTED_EDGE('',*,*,#119030,.F.);
#119050=CARTESIAN_POINT('',(-0.544999999999999,-1.31926690608458,-3.625)
);
#119060=DIRECTION('',(0.,-1.,0.));
#119070=VECTOR('',#119060,1.);
#119080=LINE('',#119050,#119070);
#119090=CARTESIAN_POINT('',(-0.544999999999999,-1.31926690608459,-3.625)
);
#119100=VERTEX_POINT('',#119090);
#119110=EDGE_CURVE('',#119100,#119020,#119080,.T.);
#119120=ORIENTED_EDGE('',*,*,#119110,.T.);
#119130=CARTESIAN_POINT('',(-0.544999999999995,-1.31926690608458,-3.625)
);
#119140=DIRECTION('',(0.,0.,-1.));
#119150=VECTOR('',#119140,1.);
#119160=LINE('',#119130,#119150);
#119170=CARTESIAN_POINT('',(-0.544999999999997,-1.31926690608458,-3.745)
);
#119180=VERTEX_POINT('',#119170);
#119190=EDGE_CURVE('',#119100,#119180,#119160,.T.);
#119200=ORIENTED_EDGE('',*,*,#119190,.F.);
#119210=CARTESIAN_POINT('',(-0.544999999999999,-1.31926690608459,-3.745)
);
#119220=DIRECTION('',(0.,-1.,0.));
#119230=VECTOR('',#119220,1.);
#119240=LINE('',#119210,#119230);
#119250=EDGE_CURVE('',#119180,#119000,#119240,.T.);
#119260=ORIENTED_EDGE('',*,*,#119250,.F.);
#119270=EDGE_LOOP('',(#119260,#119200,#119120,#119040));
#119280=FACE_BOUND('',#119270,.T.);
#119290=CARTESIAN_POINT('',(-0.544999999999999,-1.50000000000002,
-0.824999999999999));
#119300=DIRECTION('',(0.,1.,0.));
#119310=VECTOR('',#119300,1.);
#119320=LINE('',#119290,#119310);
#119330=CARTESIAN_POINT('',(-0.544999999999999,-1.50000000000002,
-0.824999999999999));
#119340=VERTEX_POINT('',#119330);
#119350=CARTESIAN_POINT('',(-0.544999999999999,-1.31926690608459,
-0.824999999999999));
#119360=VERTEX_POINT('',#119350);
#119370=EDGE_CURVE('',#119340,#119360,#119320,.T.);
#119380=ORIENTED_EDGE('',*,*,#119370,.F.);
#119390=CARTESIAN_POINT('',(-0.544999999999995,-1.31926690608458,
-0.824999999999999));
#119400=DIRECTION('',(0.,0.,-1.));
#119410=VECTOR('',#119400,1.);
#119420=LINE('',#119390,#119410);
#119430=CARTESIAN_POINT('',(-0.544999999999999,-1.31926690608458,
-0.944999999999999));
#119440=VERTEX_POINT('',#119430);
#119450=EDGE_CURVE('',#119360,#119440,#119420,.T.);
#119460=ORIENTED_EDGE('',*,*,#119450,.F.);
#119470=CARTESIAN_POINT('',(-0.544999999999999,-1.50000000000002,
-0.944999999999999));
#119480=DIRECTION('',(0.,1.,0.));
#119490=VECTOR('',#119480,1.);
#119500=LINE('',#119470,#119490);
#119510=CARTESIAN_POINT('',(-0.544999999999999,-1.50000000000002,
-0.944999999999999));
#119520=VERTEX_POINT('',#119510);
#119530=EDGE_CURVE('',#119520,#119440,#119500,.T.);
#119540=ORIENTED_EDGE('',*,*,#119530,.T.);
#119550=CARTESIAN_POINT('',(-0.544999999999999,-1.50000000000002,
-0.824999999999999));
#119560=DIRECTION('',(0.,0.,-1.));
#119570=VECTOR('',#119560,1.);
#119580=LINE('',#119550,#119570);
#119590=EDGE_CURVE('',#119340,#119520,#119580,.T.);
#119600=ORIENTED_EDGE('',*,*,#119590,.T.);
#119610=EDGE_LOOP('',(#119600,#119540,#119460,#119380));
#119620=FACE_BOUND('',#119610,.T.);
#119630=CARTESIAN_POINT('',(-0.544999999999999,-1.50000000000002,
-0.0249999999999995));
#119640=DIRECTION('',(0.,0.,-1.));
#119650=VECTOR('',#119640,1.);
#119660=LINE('',#119630,#119650);
#119670=CARTESIAN_POINT('',(-0.544999999999999,-1.50000000000002,
-0.0249999999999991));
#119680=VERTEX_POINT('',#119670);
#119690=CARTESIAN_POINT('',(-0.544999999999999,-1.50000000000002,
-0.144999999999999));
#119700=VERTEX_POINT('',#119690);
#119710=EDGE_CURVE('',#119680,#119700,#119660,.T.);
#119720=ORIENTED_EDGE('',*,*,#119710,.T.);
#119730=CARTESIAN_POINT('',(-0.544999999999999,-1.50000000000002,
-0.0249999999999991));
#119740=DIRECTION('',(0.,1.,0.));
#119750=VECTOR('',#119740,1.);
#119760=LINE('',#119730,#119750);
#119770=CARTESIAN_POINT('',(-0.544999999999999,-1.31926690608459,
-0.0249999999999993));
#119780=VERTEX_POINT('',#119770);
#119790=EDGE_CURVE('',#119680,#119780,#119760,.T.);
#119800=ORIENTED_EDGE('',*,*,#119790,.F.);
#119810=CARTESIAN_POINT('',(-0.544999999999995,-1.31926690608458,
-0.0249999999999991));
#119820=DIRECTION('',(0.,0.,-1.));
#119830=VECTOR('',#119820,1.);
#119840=LINE('',#119810,#119830);
#119850=CARTESIAN_POINT('',(-0.544999999999997,-1.31926690608458,
-0.144999999999999));
#119860=VERTEX_POINT('',#119850);
#119870=EDGE_CURVE('',#119780,#119860,#119840,.T.);
#119880=ORIENTED_EDGE('',*,*,#119870,.F.);
#119890=CARTESIAN_POINT('',(-0.544999999999999,-1.50000000000002,
-0.144999999999999));
#119900=DIRECTION('',(0.,1.,0.));
#119910=VECTOR('',#119900,1.);
#119920=LINE('',#119890,#119910);
#119930=EDGE_CURVE('',#119700,#119860,#119920,.T.);
#119940=ORIENTED_EDGE('',*,*,#119930,.T.);
#119950=EDGE_LOOP('',(#119940,#119880,#119800,#119720));
#119960=FACE_BOUND('',#119950,.T.);
#119970=CARTESIAN_POINT('',(-0.544999999999999,-1.50000000000002,
-0.424999999999999));
#119980=DIRECTION('',(0.,1.,0.));
#119990=VECTOR('',#119980,1.);
#120000=LINE('',#119970,#119990);
#120010=CARTESIAN_POINT('',(-0.544999999999999,-1.50000000000002,
-0.424999999999999));
#120020=VERTEX_POINT('',#120010);
#120030=CARTESIAN_POINT('',(-0.544999999999999,-1.31926690608459,
-0.424999999999999));
#120040=VERTEX_POINT('',#120030);
#120050=EDGE_CURVE('',#120020,#120040,#120000,.T.);
#120060=ORIENTED_EDGE('',*,*,#120050,.F.);
#120070=CARTESIAN_POINT('',(-0.544999999999995,-1.31926690608458,
-0.424999999999999));
#120080=DIRECTION('',(0.,0.,-1.));
#120090=VECTOR('',#120080,1.);
#120100=LINE('',#120070,#120090);
#120110=CARTESIAN_POINT('',(-0.544999999999999,-1.31926690608458,
-0.544999999999999));
#120120=VERTEX_POINT('',#120110);
#120130=EDGE_CURVE('',#120040,#120120,#120100,.T.);
#120140=ORIENTED_EDGE('',*,*,#120130,.F.);
#120150=CARTESIAN_POINT('',(-0.544999999999999,-1.50000000000002,
-0.544999999999999));
#120160=DIRECTION('',(0.,1.,0.));
#120170=VECTOR('',#120160,1.);
#120180=LINE('',#120150,#120170);
#120190=CARTESIAN_POINT('',(-0.544999999999999,-1.50000000000002,
-0.544999999999999));
#120200=VERTEX_POINT('',#120190);
#120210=EDGE_CURVE('',#120200,#120120,#120180,.T.);
#120220=ORIENTED_EDGE('',*,*,#120210,.T.);
#120230=CARTESIAN_POINT('',(-0.544999999999999,-1.50000000000002,
-0.424999999999999));
#120240=DIRECTION('',(0.,0.,-1.));
#120250=VECTOR('',#120240,1.);
#120260=LINE('',#120230,#120250);
#120270=EDGE_CURVE('',#120020,#120200,#120260,.T.);
#120280=ORIENTED_EDGE('',*,*,#120270,.T.);
#120290=EDGE_LOOP('',(#120280,#120220,#120140,#120060));
#120300=FACE_BOUND('',#120290,.T.);
#120310=CARTESIAN_POINT('',(-0.544999999999999,-1.50000000000002,-1.225)
);
#120320=DIRECTION('',(0.,0.,-1.));
#120330=VECTOR('',#120320,1.);
#120340=LINE('',#120310,#120330);
#120350=CARTESIAN_POINT('',(-0.544999999999999,-1.50000000000002,-1.225)
);
#120360=VERTEX_POINT('',#120350);
#120370=CARTESIAN_POINT('',(-0.544999999999999,-1.50000000000002,-1.345)
);
#120380=VERTEX_POINT('',#120370);
#120390=EDGE_CURVE('',#120360,#120380,#120340,.T.);
#120400=ORIENTED_EDGE('',*,*,#120390,.T.);
#120410=CARTESIAN_POINT('',(-0.544999999999999,-1.50000000000002,-1.225)
);
#120420=DIRECTION('',(0.,1.,0.));
#120430=VECTOR('',#120420,1.);
#120440=LINE('',#120410,#120430);
#120450=CARTESIAN_POINT('',(-0.544999999999999,-1.31926690608459,-1.225)
);
#120460=VERTEX_POINT('',#120450);
#120470=EDGE_CURVE('',#120360,#120460,#120440,.T.);
#120480=ORIENTED_EDGE('',*,*,#120470,.F.);
#120490=CARTESIAN_POINT('',(-0.544999999999995,-1.31926690608458,-1.225)
);
#120500=DIRECTION('',(0.,0.,-1.));
#120510=VECTOR('',#120500,1.);
#120520=LINE('',#120490,#120510);
#120530=CARTESIAN_POINT('',(-0.544999999999997,-1.31926690608458,-1.345)
);
#120540=VERTEX_POINT('',#120530);
#120550=EDGE_CURVE('',#120460,#120540,#120520,.T.);
#120560=ORIENTED_EDGE('',*,*,#120550,.F.);
#120570=CARTESIAN_POINT('',(-0.544999999999999,-1.50000000000002,-1.345)
);
#120580=DIRECTION('',(0.,1.,0.));
#120590=VECTOR('',#120580,1.);
#120600=LINE('',#120570,#120590);
#120610=EDGE_CURVE('',#120380,#120540,#120600,.T.);
#120620=ORIENTED_EDGE('',*,*,#120610,.T.);
#120630=EDGE_LOOP('',(#120620,#120560,#120480,#120400));
#120640=FACE_BOUND('',#120630,.T.);
#120650=CARTESIAN_POINT('',(-0.544999999999999,-1.50000000000002,-1.625)
);
#120660=DIRECTION('',(0.,1.,0.));
#120670=VECTOR('',#120660,1.);
#120680=LINE('',#120650,#120670);
#120690=CARTESIAN_POINT('',(-0.544999999999999,-1.50000000000002,-1.625)
);
#120700=VERTEX_POINT('',#120690);
#120710=CARTESIAN_POINT('',(-0.544999999999999,-1.31926690608459,-1.625)
);
#120720=VERTEX_POINT('',#120710);
#120730=EDGE_CURVE('',#120700,#120720,#120680,.T.);
#120740=ORIENTED_EDGE('',*,*,#120730,.F.);
#120750=CARTESIAN_POINT('',(-0.544999999999995,-1.31926690608458,-1.625)
);
#120760=DIRECTION('',(0.,0.,-1.));
#120770=VECTOR('',#120760,1.);
#120780=LINE('',#120750,#120770);
#120790=CARTESIAN_POINT('',(-0.544999999999999,-1.31926690608458,-1.745)
);
#120800=VERTEX_POINT('',#120790);
#120810=EDGE_CURVE('',#120720,#120800,#120780,.T.);
#120820=ORIENTED_EDGE('',*,*,#120810,.F.);
#120830=CARTESIAN_POINT('',(-0.544999999999999,-1.50000000000002,-1.745)
);
#120840=DIRECTION('',(0.,1.,0.));
#120850=VECTOR('',#120840,1.);
#120860=LINE('',#120830,#120850);
#120870=CARTESIAN_POINT('',(-0.544999999999999,-1.50000000000002,-1.745)
);
#120880=VERTEX_POINT('',#120870);
#120890=EDGE_CURVE('',#120880,#120800,#120860,.T.);
#120900=ORIENTED_EDGE('',*,*,#120890,.T.);
#120910=CARTESIAN_POINT('',(-0.544999999999999,-1.50000000000002,-1.625)
);
#120920=DIRECTION('',(0.,0.,-1.));
#120930=VECTOR('',#120920,1.);
#120940=LINE('',#120910,#120930);
#120950=EDGE_CURVE('',#120700,#120880,#120940,.T.);
#120960=ORIENTED_EDGE('',*,*,#120950,.T.);
#120970=EDGE_LOOP('',(#120960,#120900,#120820,#120740));
#120980=FACE_BOUND('',#120970,.T.);
#120990=CARTESIAN_POINT('',(-0.544999999999999,-1.50000000000002,-2.025)
);
#121000=DIRECTION('',(0.,0.,-1.));
#121010=VECTOR('',#121000,1.);
#121020=LINE('',#120990,#121010);
#121030=CARTESIAN_POINT('',(-0.544999999999999,-1.50000000000002,-2.025)
);
#121040=VERTEX_POINT('',#121030);
#121050=CARTESIAN_POINT('',(-0.544999999999999,-1.50000000000002,-2.145)
);
#121060=VERTEX_POINT('',#121050);
#121070=EDGE_CURVE('',#121040,#121060,#121020,.T.);
#121080=ORIENTED_EDGE('',*,*,#121070,.T.);
#121090=CARTESIAN_POINT('',(-0.544999999999999,-1.50000000000002,-2.025)
);
#121100=DIRECTION('',(0.,1.,0.));
#121110=VECTOR('',#121100,1.);
#121120=LINE('',#121090,#121110);
#121130=CARTESIAN_POINT('',(-0.544999999999999,-1.31926690608459,-2.025)
);
#121140=VERTEX_POINT('',#121130);
#121150=EDGE_CURVE('',#121040,#121140,#121120,.T.);
#121160=ORIENTED_EDGE('',*,*,#121150,.F.);
#121170=CARTESIAN_POINT('',(-0.544999999999995,-1.31926690608458,-2.025)
);
#121180=DIRECTION('',(0.,0.,-1.));
#121190=VECTOR('',#121180,1.);
#121200=LINE('',#121170,#121190);
#121210=CARTESIAN_POINT('',(-0.544999999999997,-1.31926690608458,-2.145)
);
#121220=VERTEX_POINT('',#121210);
#121230=EDGE_CURVE('',#121140,#121220,#121200,.T.);
#121240=ORIENTED_EDGE('',*,*,#121230,.F.);
#121250=CARTESIAN_POINT('',(-0.544999999999999,-1.50000000000002,-2.145)
);
#121260=DIRECTION('',(0.,1.,0.));
#121270=VECTOR('',#121260,1.);
#121280=LINE('',#121250,#121270);
#121290=EDGE_CURVE('',#121060,#121220,#121280,.T.);
#121300=ORIENTED_EDGE('',*,*,#121290,.T.);
#121310=EDGE_LOOP('',(#121300,#121240,#121160,#121080));
#121320=FACE_BOUND('',#121310,.T.);
#121330=ADVANCED_FACE('',(#116220,#116560,#116900,#117240,#117580,
#117920,#118260,#118600,#118940,#119280,#119620,#119960,#120300,#120640,
#120980,#121320),#115970,.T.);
#121340=CARTESIAN_POINT('',(-0.569999999999999,-0.45,-2.92035533905933))
;
#121350=DIRECTION('',(0.707106781186549,0.707106781186546,
8.65927457071935E-17));
#121360=DIRECTION('',(-0.707106781186546,0.707106781186549,0.));
#121370=AXIS2_PLACEMENT_3D('',#121340,#121350,#121360);
#121380=PLANE('',#121370);
#121390=ORIENTED_EDGE('',*,*,#115510,.T.);
#121400=ORIENTED_EDGE('',*,*,#3320,.T.);
#121410=CARTESIAN_POINT('',(-0.595,-0.425000000000001,0.125710678118651)
);
#121420=DIRECTION('',(0.678598344545842,-0.678598344545847,
-0.281084637714831));
#121430=VECTOR('',#121420,1.);
#121440=LINE('',#121410,#121430);
#121450=EDGE_CURVE('',#3230,#116030,#121440,.T.);
#121460=ORIENTED_EDGE('',*,*,#121450,.F.);
#121470=ORIENTED_EDGE('',*,*,#116190,.F.);
#121480=EDGE_LOOP('',(#121470,#121460,#121400,#121390));
#121490=FACE_OUTER_BOUND('',#121480,.T.);
#121500=ADVANCED_FACE('',(#121490),#121380,.F.);
#121510=CARTESIAN_POINT('',(-0.512677669529663,-0.45,0.172677669529661))
;
#121520=DIRECTION('',(-0.499999999999998,-0.70710678118655,
0.499999999999998));
#121530=DIRECTION('',(-0.500000000000007,0.707106781186545,
0.499999999999997));
#121540=AXIS2_PLACEMENT_3D('',#121510,#121520,#121530);
#121550=PLANE('',#121540);
#121560=ORIENTED_EDGE('',*,*,#121450,.T.);
#121570=ORIENTED_EDGE('',*,*,#3240,.F.);
#121580=CARTESIAN_POINT('',(-0.444999999999999,-0.475,0.204999999999997)
);
#121590=DIRECTION('',(-0.281084637714827,0.678598344545846,
0.678598344545846));
#121600=VECTOR('',#121590,1.);
#121610=LINE('',#121580,#121600);
#121620=CARTESIAN_POINT('',(-0.444999999999999,-0.475,0.204999999999997)
);
#121630=VERTEX_POINT('',#121620);
#121640=EDGE_CURVE('',#121630,#3150,#121610,.T.);
#121650=ORIENTED_EDGE('',*,*,#121640,.T.);
#121660=CARTESIAN_POINT('',(-0.545,-0.475,0.104999999999996));
#121670=DIRECTION('',(0.707106781186544,5.10280049072221E-15,
0.707106781186551));
#121680=VECTOR('',#121670,1.);
#121690=LINE('',#121660,#121680);
#121700=EDGE_CURVE('',#116030,#121630,#121690,.T.);
#121710=ORIENTED_EDGE('',*,*,#121700,.T.);
#121720=EDGE_LOOP('',(#121710,#121650,#121570,#121560));
#121730=FACE_OUTER_BOUND('',#121720,.T.);
#121740=ADVANCED_FACE('',(#121730),#121550,.T.);
#121750=CARTESIAN_POINT('',(-0.494999999999999,-0.9875,0.154999999999997
));
#121760=DIRECTION('',(-0.707106781186548,7.87962071035978E-17,
0.707106781186547));
#121770=DIRECTION('',(0.707106781186547,7.85046229341887E-16,
0.707106781186548));
#121780=AXIS2_PLACEMENT_3D('',#121750,#121760,#121770);
#121790=PLANE('',#121780);
#121800=CARTESIAN_POINT('',(-0.444999999999999,-0.475,0.204999999999997)
);
#121810=DIRECTION('',(2.16628882853689E-16,-1.,0.));
#121820=VECTOR('',#121810,1.);
#121830=LINE('',#121800,#121820);
#121840=CARTESIAN_POINT('',(-0.444999999999999,-1.5,0.204999999999997));
#121850=VERTEX_POINT('',#121840);
#121860=EDGE_CURVE('',#121630,#121850,#121830,.T.);
#121870=ORIENTED_EDGE('',*,*,#121860,.F.);
#121880=CARTESIAN_POINT('',(-0.544999999999999,-1.6,0.104999999999997));
#121890=DIRECTION('',(0.577350269189625,0.577350269189626,
0.577350269189626));
#121900=VECTOR('',#121890,1.);
#121910=LINE('',#121880,#121900);
#121920=EDGE_CURVE('',#116050,#121850,#121910,.T.);
#121930=ORIENTED_EDGE('',*,*,#121920,.T.);
#121940=ORIENTED_EDGE('',*,*,#116060,.T.);
#121950=ORIENTED_EDGE('',*,*,#121700,.F.);
#121960=EDGE_LOOP('',(#121950,#121940,#121930,#121870));
#121970=FACE_OUTER_BOUND('',#121960,.T.);
#121980=ADVANCED_FACE('',(#121970),#121790,.T.);
#121990=CARTESIAN_POINT('',(0.746910356968672,-0.321963220254713,
0.204999999999997));
#122000=DIRECTION('',(0.,0.,1.));
#122010=DIRECTION('',(-1.,-1.22460635382238E-16,0.));
#122020=AXIS2_PLACEMENT_3D('',#121990,#122000,#122010);
#122030=PLANE('',#122020);
#122040=CARTESIAN_POINT('',(0.445,-0.475,0.204999999999997));
#122050=DIRECTION('',(5.95729427847643E-16,-1.,-4.87414986420799E-16));
#122060=VECTOR('',#122050,1.);
#122070=LINE('',#122040,#122060);
#122080=CARTESIAN_POINT('',(0.445,-0.475,0.204999999999997));
#122090=VERTEX_POINT('',#122080);
#122100=CARTESIAN_POINT('',(0.445000000000001,-1.5,0.204999999999997));
#122110=VERTEX_POINT('',#122100);
#122120=EDGE_CURVE('',#122090,#122110,#122070,.T.);
#122130=ORIENTED_EDGE('',*,*,#122120,.F.);
#122140=CARTESIAN_POINT('',(0.444999999999998,-1.5,0.204999999999997));
#122150=DIRECTION('',(-1.,-2.49488320140486E-16,0.));
#122160=VECTOR('',#122150,1.);
#122170=LINE('',#122140,#122160);
#122180=EDGE_CURVE('',#122110,#121850,#122170,.T.);
#122190=ORIENTED_EDGE('',*,*,#122180,.F.);
#122200=ORIENTED_EDGE('',*,*,#121860,.T.);
#122210=CARTESIAN_POINT('',(0.445,-0.475,0.204999999999997));
#122220=DIRECTION('',(-1.,-1.24744160070242E-16,0.));
#122230=VECTOR('',#122220,1.);
#122240=LINE('',#122210,#122230);
#122250=EDGE_CURVE('',#122090,#121630,#122240,.T.);
#122260=ORIENTED_EDGE('',*,*,#122250,.T.);
#122270=EDGE_LOOP('',(#122260,#122200,#122190,#122130));
#122280=FACE_OUTER_BOUND('',#122270,.T.);
#122290=ADVANCED_FACE('',(#122280),#122030,.T.);
#122300=CARTESIAN_POINT('',(0.0353553390593279,-0.45,0.229999999999997))
;
#122310=DIRECTION('',(-2.62395290203238E-16,0.707106781186548,
-0.707106781186547));
#122320=DIRECTION('',(0.,0.707106781186547,0.707106781186548));
#122330=AXIS2_PLACEMENT_3D('',#122300,#122310,#122320);
#122340=PLANE('',#122330);
#122350=ORIENTED_EDGE('',*,*,#121640,.F.);
#122360=ORIENTED_EDGE('',*,*,#3160,.T.);
#122370=CARTESIAN_POINT('',(0.445000000000001,-0.475,0.204999999999997))
;
#122380=DIRECTION('',(0.281084637714815,0.678598344545848,
0.678598344545848));
#122390=VECTOR('',#122380,1.);
#122400=LINE('',#122370,#122390);
#122410=EDGE_CURVE('',#122090,#3070,#122400,.T.);
#122420=ORIENTED_EDGE('',*,*,#122410,.T.);
#122430=ORIENTED_EDGE('',*,*,#122250,.F.);
#122440=EDGE_LOOP('',(#122430,#122420,#122360,#122350));
#122450=FACE_OUTER_BOUND('',#122440,.T.);
#122460=ADVANCED_FACE('',(#122450),#122340,.F.);
#122470=CARTESIAN_POINT('',(0.537677669529664,-0.45,0.14767766952966));
#122480=DIRECTION('',(0.500000000000002,-0.707106781186546,
0.500000000000001));
#122490=DIRECTION('',(0.499999999999996,0.707106781186549,
0.500000000000002));
#122500=AXIS2_PLACEMENT_3D('',#122470,#122480,#122490);
#122510=PLANE('',#122500);
#122520=ORIENTED_EDGE('',*,*,#122410,.F.);
#122530=ORIENTED_EDGE('',*,*,#3080,.F.);
#122540=CARTESIAN_POINT('',(0.545000000000001,-0.474999999999999,
0.104999999999997));
#122550=DIRECTION('',(0.678598344545847,0.678598344545849,
0.281084637714816));
#122560=VECTOR('',#122550,1.);
#122570=LINE('',#122540,#122560);
#122580=CARTESIAN_POINT('',(0.545,-0.475,0.104999999999997));
#122590=VERTEX_POINT('',#122580);
#122600=EDGE_CURVE('',#122590,#2990,#122570,.T.);
#122610=ORIENTED_EDGE('',*,*,#122600,.T.);
#122620=CARTESIAN_POINT('',(0.445000000000001,-0.475,0.204999999999997))
;
#122630=DIRECTION('',(0.707106781186549,3.53270803203849E-15,
-0.707106781186546));
#122640=VECTOR('',#122630,1.);
#122650=LINE('',#122620,#122640);
#122660=EDGE_CURVE('',#122090,#122590,#122650,.T.);
#122670=ORIENTED_EDGE('',*,*,#122660,.T.);
#122680=EDGE_LOOP('',(#122670,#122610,#122530,#122520));
#122690=FACE_OUTER_BOUND('',#122680,.T.);
#122700=ADVANCED_FACE('',(#122690),#122510,.T.);
#122710=CARTESIAN_POINT('',(0.495,-0.9875,0.154999999999997));
#122720=DIRECTION('',(0.707106781186548,8.65927457071938E-17,
0.707106781186547));
#122730=DIRECTION('',(0.707106781186547,7.85046229341887E-16,
-0.707106781186548));
#122740=AXIS2_PLACEMENT_3D('',#122710,#122720,#122730);
#122750=PLANE('',#122740);
#122760=CARTESIAN_POINT('',(0.545,-0.475,0.104999999999997));
#122770=DIRECTION('',(9.86864910777917E-17,-1.,0.));
#122780=VECTOR('',#122770,1.);
#122790=LINE('',#122760,#122780);
#122800=CARTESIAN_POINT('',(0.545000000000001,-1.6,0.104999999999996));
#122810=VERTEX_POINT('',#122800);
#122820=EDGE_CURVE('',#122590,#122810,#122790,.T.);
#122830=ORIENTED_EDGE('',*,*,#122820,.F.);
#122840=CARTESIAN_POINT('',(0.445,-1.5,0.204999999999997));
#122850=DIRECTION('',(0.577350269189626,-0.577350269189624,
-0.577350269189627));
#122860=VECTOR('',#122850,1.);
#122870=LINE('',#122840,#122860);
#122880=EDGE_CURVE('',#122110,#122810,#122870,.T.);
#122890=ORIENTED_EDGE('',*,*,#122880,.T.);
#122900=ORIENTED_EDGE('',*,*,#122120,.T.);
#122910=ORIENTED_EDGE('',*,*,#122660,.F.);
#122920=EDGE_LOOP('',(#122910,#122900,#122890,#122830));
#122930=FACE_OUTER_BOUND('',#122920,.T.);
#122940=ADVANCED_FACE('',(#122930),#122750,.T.);
#122950=CARTESIAN_POINT('',(0.545,1.45,-8.82));
#122960=DIRECTION('',(1.,1.22460635382238E-16,-0.));
#122970=DIRECTION('',(-1.22460635382238E-16,1.,0.));
#122980=AXIS2_PLACEMENT_3D('',#122950,#122960,#122970);
#122990=PLANE('',#122980);
#123000=CARTESIAN_POINT('',(0.545,-1.6,-5.875));
#123010=DIRECTION('',(-9.86864910777917E-17,1.,0.));
#123020=VECTOR('',#123010,1.);
#123030=LINE('',#123000,#123020);
#123040=CARTESIAN_POINT('',(0.545,-1.6,-5.875));
#123050=VERTEX_POINT('',#123040);
#123060=CARTESIAN_POINT('',(0.545,-0.474999999999999,-5.875));
#123070=VERTEX_POINT('',#123060);
#123080=EDGE_CURVE('',#123050,#123070,#123030,.T.);
#123090=ORIENTED_EDGE('',*,*,#123080,.T.);
#123100=CARTESIAN_POINT('',(0.545,-1.6,0.104999999999997));
#123110=DIRECTION('',(0.,0.,-1.));
#123120=VECTOR('',#123110,1.);
#123130=LINE('',#123100,#123120);
#123140=EDGE_CURVE('',#122810,#123050,#123130,.T.);
#123150=ORIENTED_EDGE('',*,*,#123140,.T.);
#123160=ORIENTED_EDGE('',*,*,#122820,.T.);
#123170=CARTESIAN_POINT('',(0.545,-0.475,-5.875));
#123180=DIRECTION('',(0.,0.,1.));
#123190=VECTOR('',#123180,1.);
#123200=LINE('',#123170,#123190);
#123210=EDGE_CURVE('',#123070,#122590,#123200,.T.);
#123220=ORIENTED_EDGE('',*,*,#123210,.T.);
#123230=EDGE_LOOP('',(#123220,#123160,#123150,#123090));
#123240=FACE_OUTER_BOUND('',#123230,.T.);
#123250=CARTESIAN_POINT('',(0.545,-1.50000000000002,-4.945));
#123260=DIRECTION('',(0.,0.,1.));
#123270=VECTOR('',#123260,1.);
#123280=LINE('',#123250,#123270);
#123290=CARTESIAN_POINT('',(0.545,-1.50000000000002,-4.945));
#123300=VERTEX_POINT('',#123290);
#123310=CARTESIAN_POINT('',(0.545,-1.50000000000002,-4.825));
#123320=VERTEX_POINT('',#123310);
#123330=EDGE_CURVE('',#123300,#123320,#123280,.T.);
#123340=ORIENTED_EDGE('',*,*,#123330,.T.);
#123350=CARTESIAN_POINT('',(0.545,-1.50000000000002,-4.945));
#123360=DIRECTION('',(0.,1.,0.));
#123370=VECTOR('',#123360,1.);
#123380=LINE('',#123350,#123370);
#123390=CARTESIAN_POINT('',(0.545,-1.31926690608458,-4.945));
#123400=VERTEX_POINT('',#123390);
#123410=EDGE_CURVE('',#123300,#123400,#123380,.T.);
#123420=ORIENTED_EDGE('',*,*,#123410,.F.);
#123430=CARTESIAN_POINT('',(0.545,-1.31926690608458,-4.945));
#123440=DIRECTION('',(0.,0.,1.));
#123450=VECTOR('',#123440,1.);
#123460=LINE('',#123430,#123450);
#123470=CARTESIAN_POINT('',(0.544999999999999,-1.31926690608458,-4.825))
;
#123480=VERTEX_POINT('',#123470);
#123490=EDGE_CURVE('',#123400,#123480,#123460,.T.);
#123500=ORIENTED_EDGE('',*,*,#123490,.F.);
#123510=CARTESIAN_POINT('',(0.545,-1.50000000000002,-4.825));
#123520=DIRECTION('',(0.,1.,0.));
#123530=VECTOR('',#123520,1.);
#123540=LINE('',#123510,#123530);
#123550=EDGE_CURVE('',#123320,#123480,#123540,.T.);
#123560=ORIENTED_EDGE('',*,*,#123550,.T.);
#123570=EDGE_LOOP('',(#123560,#123500,#123420,#123340));
#123580=FACE_BOUND('',#123570,.T.);
#123590=CARTESIAN_POINT('',(0.545,-1.50000000000002,-5.345));
#123600=DIRECTION('',(0.,0.,1.));
#123610=VECTOR('',#123600,1.);
#123620=LINE('',#123590,#123610);
#123630=CARTESIAN_POINT('',(0.545,-1.50000000000002,-5.345));
#123640=VERTEX_POINT('',#123630);
#123650=CARTESIAN_POINT('',(0.545,-1.50000000000002,-5.225));
#123660=VERTEX_POINT('',#123650);
#123670=EDGE_CURVE('',#123640,#123660,#123620,.T.);
#123680=ORIENTED_EDGE('',*,*,#123670,.T.);
#123690=CARTESIAN_POINT('',(0.545,-1.50000000000002,-5.345));
#123700=DIRECTION('',(0.,1.,0.));
#123710=VECTOR('',#123700,1.);
#123720=LINE('',#123690,#123710);
#123730=CARTESIAN_POINT('',(0.545,-1.31926690608458,-5.345));
#123740=VERTEX_POINT('',#123730);
#123750=EDGE_CURVE('',#123640,#123740,#123720,.T.);
#123760=ORIENTED_EDGE('',*,*,#123750,.F.);
#123770=CARTESIAN_POINT('',(0.545,-1.31926690608458,-5.345));
#123780=DIRECTION('',(0.,0.,1.));
#123790=VECTOR('',#123780,1.);
#123800=LINE('',#123770,#123790);
#123810=CARTESIAN_POINT('',(0.544999999999999,-1.31926690608458,-5.225))
;
#123820=VERTEX_POINT('',#123810);
#123830=EDGE_CURVE('',#123740,#123820,#123800,.T.);
#123840=ORIENTED_EDGE('',*,*,#123830,.F.);
#123850=CARTESIAN_POINT('',(0.545,-1.50000000000002,-5.225));
#123860=DIRECTION('',(0.,1.,0.));
#123870=VECTOR('',#123860,1.);
#123880=LINE('',#123850,#123870);
#123890=EDGE_CURVE('',#123660,#123820,#123880,.T.);
#123900=ORIENTED_EDGE('',*,*,#123890,.T.);
#123910=EDGE_LOOP('',(#123900,#123840,#123760,#123680));
#123920=FACE_BOUND('',#123910,.T.);
#123930=CARTESIAN_POINT('',(0.545,-1.50000000000002,-5.745));
#123940=DIRECTION('',(0.,1.,0.));
#123950=VECTOR('',#123940,1.);
#123960=LINE('',#123930,#123950);
#123970=CARTESIAN_POINT('',(0.545,-1.50000000000002,-5.745));
#123980=VERTEX_POINT('',#123970);
#123990=CARTESIAN_POINT('',(0.545,-1.31926690608458,-5.745));
#124000=VERTEX_POINT('',#123990);
#124010=EDGE_CURVE('',#123980,#124000,#123960,.T.);
#124020=ORIENTED_EDGE('',*,*,#124010,.F.);
#124030=CARTESIAN_POINT('',(0.545,-1.31926690608458,-5.745));
#124040=DIRECTION('',(0.,0.,1.));
#124050=VECTOR('',#124040,1.);
#124060=LINE('',#124030,#124050);
#124070=CARTESIAN_POINT('',(0.545,-1.31926690608458,-5.625));
#124080=VERTEX_POINT('',#124070);
#124090=EDGE_CURVE('',#124000,#124080,#124060,.T.);
#124100=ORIENTED_EDGE('',*,*,#124090,.F.);
#124110=CARTESIAN_POINT('',(0.545,-1.50000000000002,-5.625));
#124120=DIRECTION('',(0.,1.,0.));
#124130=VECTOR('',#124120,1.);
#124140=LINE('',#124110,#124130);
#124150=CARTESIAN_POINT('',(0.545,-1.50000000000002,-5.625));
#124160=VERTEX_POINT('',#124150);
#124170=EDGE_CURVE('',#124160,#124080,#124140,.T.);
#124180=ORIENTED_EDGE('',*,*,#124170,.T.);
#124190=CARTESIAN_POINT('',(0.545,-1.50000000000002,-5.745));
#124200=DIRECTION('',(0.,0.,1.));
#124210=VECTOR('',#124200,1.);
#124220=LINE('',#124190,#124210);
#124230=EDGE_CURVE('',#123980,#124160,#124220,.T.);
#124240=ORIENTED_EDGE('',*,*,#124230,.T.);
#124250=EDGE_LOOP('',(#124240,#124180,#124100,#124020));
#124260=FACE_BOUND('',#124250,.T.);
#124270=CARTESIAN_POINT('',(0.545,-1.31926690608458,-3.745));
#124280=DIRECTION('',(0.,-1.,0.));
#124290=VECTOR('',#124280,1.);
#124300=LINE('',#124270,#124290);
#124310=CARTESIAN_POINT('',(0.545,-1.31926690608458,-3.745));
#124320=VERTEX_POINT('',#124310);
#124330=CARTESIAN_POINT('',(0.545,-1.50000000000002,-3.745));
#124340=VERTEX_POINT('',#124330);
#124350=EDGE_CURVE('',#124320,#124340,#124300,.T.);
#124360=ORIENTED_EDGE('',*,*,#124350,.T.);
#124370=CARTESIAN_POINT('',(0.545,-1.31926690608458,-3.745));
#124380=DIRECTION('',(0.,0.,1.));
#124390=VECTOR('',#124380,1.);
#124400=LINE('',#124370,#124390);
#124410=CARTESIAN_POINT('',(0.545,-1.31926690608458,-3.625));
#124420=VERTEX_POINT('',#124410);
#124430=EDGE_CURVE('',#124320,#124420,#124400,.T.);
#124440=ORIENTED_EDGE('',*,*,#124430,.F.);
#124450=CARTESIAN_POINT('',(0.545,-1.31926690608458,-3.625));
#124460=DIRECTION('',(0.,-1.,0.));
#124470=VECTOR('',#124460,1.);
#124480=LINE('',#124450,#124470);
#124490=CARTESIAN_POINT('',(0.545,-1.50000000000002,-3.625));
#124500=VERTEX_POINT('',#124490);
#124510=EDGE_CURVE('',#124420,#124500,#124480,.T.);
#124520=ORIENTED_EDGE('',*,*,#124510,.F.);
#124530=CARTESIAN_POINT('',(0.545,-1.50000000000002,-3.625));
#124540=DIRECTION('',(0.,0.,-1.));
#124550=VECTOR('',#124540,1.);
#124560=LINE('',#124530,#124550);
#124570=EDGE_CURVE('',#124500,#124340,#124560,.T.);
#124580=ORIENTED_EDGE('',*,*,#124570,.F.);
#124590=EDGE_LOOP('',(#124580,#124520,#124440,#124360));
#124600=FACE_BOUND('',#124590,.T.);
#124610=CARTESIAN_POINT('',(0.545,-1.50000000000002,-4.145));
#124620=DIRECTION('',(0.,1.,0.));
#124630=VECTOR('',#124620,1.);
#124640=LINE('',#124610,#124630);
#124650=CARTESIAN_POINT('',(0.545,-1.50000000000002,-4.145));
#124660=VERTEX_POINT('',#124650);
#124670=CARTESIAN_POINT('',(0.545,-1.31926690608458,-4.145));
#124680=VERTEX_POINT('',#124670);
#124690=EDGE_CURVE('',#124660,#124680,#124640,.T.);
#124700=ORIENTED_EDGE('',*,*,#124690,.F.);
#124710=CARTESIAN_POINT('',(0.545,-1.31926690608458,-4.145));
#124720=DIRECTION('',(0.,0.,1.));
#124730=VECTOR('',#124720,1.);
#124740=LINE('',#124710,#124730);
#124750=CARTESIAN_POINT('',(0.545,-1.31926690608458,-4.025));
#124760=VERTEX_POINT('',#124750);
#124770=EDGE_CURVE('',#124680,#124760,#124740,.T.);
#124780=ORIENTED_EDGE('',*,*,#124770,.F.);
#124790=CARTESIAN_POINT('',(0.545,-1.50000000000002,-4.025));
#124800=DIRECTION('',(0.,1.,0.));
#124810=VECTOR('',#124800,1.);
#124820=LINE('',#124790,#124810);
#124830=CARTESIAN_POINT('',(0.545,-1.50000000000002,-4.025));
#124840=VERTEX_POINT('',#124830);
#124850=EDGE_CURVE('',#124840,#124760,#124820,.T.);
#124860=ORIENTED_EDGE('',*,*,#124850,.T.);
#124870=CARTESIAN_POINT('',(0.545,-1.50000000000002,-4.145));
#124880=DIRECTION('',(0.,0.,1.));
#124890=VECTOR('',#124880,1.);
#124900=LINE('',#124870,#124890);
#124910=EDGE_CURVE('',#124660,#124840,#124900,.T.);
#124920=ORIENTED_EDGE('',*,*,#124910,.T.);
#124930=EDGE_LOOP('',(#124920,#124860,#124780,#124700));
#124940=FACE_BOUND('',#124930,.T.);
#124950=CARTESIAN_POINT('',(0.545,-1.50000000000002,-2.145));
#124960=DIRECTION('',(0.,1.,0.));
#124970=VECTOR('',#124960,1.);
#124980=LINE('',#124950,#124970);
#124990=CARTESIAN_POINT('',(0.545,-1.50000000000002,-2.145));
#125000=VERTEX_POINT('',#124990);
#125010=CARTESIAN_POINT('',(0.545,-1.31926690608458,-2.145));
#125020=VERTEX_POINT('',#125010);
#125030=EDGE_CURVE('',#125000,#125020,#124980,.T.);
#125040=ORIENTED_EDGE('',*,*,#125030,.F.);
#125050=CARTESIAN_POINT('',(0.545,-1.31926690608458,-2.145));
#125060=DIRECTION('',(0.,0.,1.));
#125070=VECTOR('',#125060,1.);
#125080=LINE('',#125050,#125070);
#125090=CARTESIAN_POINT('',(0.545,-1.31926690608458,-2.025));
#125100=VERTEX_POINT('',#125090);
#125110=EDGE_CURVE('',#125020,#125100,#125080,.T.);
#125120=ORIENTED_EDGE('',*,*,#125110,.F.);
#125130=CARTESIAN_POINT('',(0.545,-1.50000000000002,-2.025));
#125140=DIRECTION('',(0.,1.,0.));
#125150=VECTOR('',#125140,1.);
#125160=LINE('',#125130,#125150);
#125170=CARTESIAN_POINT('',(0.545,-1.50000000000002,-2.025));
#125180=VERTEX_POINT('',#125170);
#125190=EDGE_CURVE('',#125180,#125100,#125160,.T.);
#125200=ORIENTED_EDGE('',*,*,#125190,.T.);
#125210=CARTESIAN_POINT('',(0.545,-1.50000000000002,-2.145));
#125220=DIRECTION('',(0.,0.,1.));
#125230=VECTOR('',#125220,1.);
#125240=LINE('',#125210,#125230);
#125250=EDGE_CURVE('',#125000,#125180,#125240,.T.);
#125260=ORIENTED_EDGE('',*,*,#125250,.T.);
#125270=EDGE_LOOP('',(#125260,#125200,#125120,#125040));
#125280=FACE_BOUND('',#125270,.T.);
#125290=CARTESIAN_POINT('',(0.545,-1.50000000000002,-1.745));
#125300=DIRECTION('',(0.,1.,0.));
#125310=VECTOR('',#125300,1.);
#125320=LINE('',#125290,#125310);
#125330=CARTESIAN_POINT('',(0.545,-1.50000000000002,-1.745));
#125340=VERTEX_POINT('',#125330);
#125350=CARTESIAN_POINT('',(0.545,-1.31926690608458,-1.745));
#125360=VERTEX_POINT('',#125350);
#125370=EDGE_CURVE('',#125340,#125360,#125320,.T.);
#125380=ORIENTED_EDGE('',*,*,#125370,.F.);
#125390=CARTESIAN_POINT('',(0.545,-1.31926690608458,-1.745));
#125400=DIRECTION('',(0.,0.,1.));
#125410=VECTOR('',#125400,1.);
#125420=LINE('',#125390,#125410);
#125430=CARTESIAN_POINT('',(0.545,-1.31926690608458,-1.625));
#125440=VERTEX_POINT('',#125430);
#125450=EDGE_CURVE('',#125360,#125440,#125420,.T.);
#125460=ORIENTED_EDGE('',*,*,#125450,.F.);
#125470=CARTESIAN_POINT('',(0.545,-1.50000000000002,-1.625));
#125480=DIRECTION('',(0.,1.,0.));
#125490=VECTOR('',#125480,1.);
#125500=LINE('',#125470,#125490);
#125510=CARTESIAN_POINT('',(0.545,-1.50000000000002,-1.625));
#125520=VERTEX_POINT('',#125510);
#125530=EDGE_CURVE('',#125520,#125440,#125500,.T.);
#125540=ORIENTED_EDGE('',*,*,#125530,.T.);
#125550=CARTESIAN_POINT('',(0.545,-1.50000000000002,-1.745));
#125560=DIRECTION('',(0.,0.,1.));
#125570=VECTOR('',#125560,1.);
#125580=LINE('',#125550,#125570);
#125590=EDGE_CURVE('',#125340,#125520,#125580,.T.);
#125600=ORIENTED_EDGE('',*,*,#125590,.T.);
#125610=EDGE_LOOP('',(#125600,#125540,#125460,#125380));
#125620=FACE_BOUND('',#125610,.T.);
#125630=CARTESIAN_POINT('',(0.545,-1.50000000000002,-0.544999999999998))
;
#125640=DIRECTION('',(0.,0.,1.));
#125650=VECTOR('',#125640,1.);
#125660=LINE('',#125630,#125650);
#125670=CARTESIAN_POINT('',(0.545,-1.50000000000002,-0.544999999999999))
;
#125680=VERTEX_POINT('',#125670);
#125690=CARTESIAN_POINT('',(0.545,-1.50000000000002,-0.424999999999999))
;
#125700=VERTEX_POINT('',#125690);
#125710=EDGE_CURVE('',#125680,#125700,#125660,.T.);
#125720=ORIENTED_EDGE('',*,*,#125710,.T.);
#125730=CARTESIAN_POINT('',(0.545,-1.50000000000002,-0.544999999999999))
;
#125740=DIRECTION('',(0.,1.,0.));
#125750=VECTOR('',#125740,1.);
#125760=LINE('',#125730,#125750);
#125770=CARTESIAN_POINT('',(0.545,-1.31926690608458,-0.544999999999999))
;
#125780=VERTEX_POINT('',#125770);
#125790=EDGE_CURVE('',#125680,#125780,#125760,.T.);
#125800=ORIENTED_EDGE('',*,*,#125790,.F.);
#125810=CARTESIAN_POINT('',(0.545,-1.31926690608458,-0.544999999999999))
;
#125820=DIRECTION('',(0.,0.,1.));
#125830=VECTOR('',#125820,1.);
#125840=LINE('',#125810,#125830);
#125850=CARTESIAN_POINT('',(0.544999999999999,-1.31926690608458,
-0.424999999999999));
#125860=VERTEX_POINT('',#125850);
#125870=EDGE_CURVE('',#125780,#125860,#125840,.T.);
#125880=ORIENTED_EDGE('',*,*,#125870,.F.);
#125890=CARTESIAN_POINT('',(0.545,-1.50000000000002,-0.424999999999999))
;
#125900=DIRECTION('',(0.,1.,0.));
#125910=VECTOR('',#125900,1.);
#125920=LINE('',#125890,#125910);
#125930=EDGE_CURVE('',#125700,#125860,#125920,.T.);
#125940=ORIENTED_EDGE('',*,*,#125930,.T.);
#125950=EDGE_LOOP('',(#125940,#125880,#125800,#125720));
#125960=FACE_BOUND('',#125950,.T.);
#125970=CARTESIAN_POINT('',(0.545,-1.50000000000002,-0.144999999999999))
;
#125980=DIRECTION('',(0.,1.,0.));
#125990=VECTOR('',#125980,1.);
#126000=LINE('',#125970,#125990);
#126010=CARTESIAN_POINT('',(0.545,-1.50000000000002,-0.144999999999999))
;
#126020=VERTEX_POINT('',#126010);
#126030=CARTESIAN_POINT('',(0.545,-1.31926690608458,-0.144999999999999))
;
#126040=VERTEX_POINT('',#126030);
#126050=EDGE_CURVE('',#126020,#126040,#126000,.T.);
#126060=ORIENTED_EDGE('',*,*,#126050,.F.);
#126070=CARTESIAN_POINT('',(0.545,-1.31926690608458,-0.144999999999999))
;
#126080=DIRECTION('',(0.,0.,1.));
#126090=VECTOR('',#126080,1.);
#126100=LINE('',#126070,#126090);
#126110=CARTESIAN_POINT('',(0.545,-1.31926690608458,-0.0249999999999986)
);
#126120=VERTEX_POINT('',#126110);
#126130=EDGE_CURVE('',#126040,#126120,#126100,.T.);
#126140=ORIENTED_EDGE('',*,*,#126130,.F.);
#126150=CARTESIAN_POINT('',(0.545,-1.50000000000002,-0.0249999999999986)
);
#126160=DIRECTION('',(0.,1.,0.));
#126170=VECTOR('',#126160,1.);
#126180=LINE('',#126150,#126170);
#126190=CARTESIAN_POINT('',(0.545,-1.50000000000002,-0.024999999999999))
;
#126200=VERTEX_POINT('',#126190);
#126210=EDGE_CURVE('',#126200,#126120,#126180,.T.);
#126220=ORIENTED_EDGE('',*,*,#126210,.T.);
#126230=CARTESIAN_POINT('',(0.545,-1.50000000000002,-0.145));
#126240=DIRECTION('',(0.,0.,1.));
#126250=VECTOR('',#126240,1.);
#126260=LINE('',#126230,#126250);
#126270=EDGE_CURVE('',#126020,#126200,#126260,.T.);
#126280=ORIENTED_EDGE('',*,*,#126270,.T.);
#126290=EDGE_LOOP('',(#126280,#126220,#126140,#126060));
#126300=FACE_BOUND('',#126290,.T.);
#126310=CARTESIAN_POINT('',(0.545,-1.50000000000002,-0.944999999999999))
;
#126320=DIRECTION('',(0.,1.,0.));
#126330=VECTOR('',#126320,1.);
#126340=LINE('',#126310,#126330);
#126350=CARTESIAN_POINT('',(0.545,-1.50000000000002,-0.944999999999999))
;
#126360=VERTEX_POINT('',#126350);
#126370=CARTESIAN_POINT('',(0.545,-1.31926690608458,-0.944999999999999))
;
#126380=VERTEX_POINT('',#126370);
#126390=EDGE_CURVE('',#126360,#126380,#126340,.T.);
#126400=ORIENTED_EDGE('',*,*,#126390,.F.);
#126410=CARTESIAN_POINT('',(0.545,-1.31926690608458,-0.944999999999999))
;
#126420=DIRECTION('',(0.,0.,1.));
#126430=VECTOR('',#126420,1.);
#126440=LINE('',#126410,#126430);
#126450=CARTESIAN_POINT('',(0.545,-1.31926690608458,-0.824999999999999))
;
#126460=VERTEX_POINT('',#126450);
#126470=EDGE_CURVE('',#126380,#126460,#126440,.T.);
#126480=ORIENTED_EDGE('',*,*,#126470,.F.);
#126490=CARTESIAN_POINT('',(0.545,-1.50000000000002,-0.824999999999999))
;
#126500=DIRECTION('',(0.,1.,0.));
#126510=VECTOR('',#126500,1.);
#126520=LINE('',#126490,#126510);
#126530=CARTESIAN_POINT('',(0.545,-1.50000000000002,-0.824999999999999))
;
#126540=VERTEX_POINT('',#126530);
#126550=EDGE_CURVE('',#126540,#126460,#126520,.T.);
#126560=ORIENTED_EDGE('',*,*,#126550,.T.);
#126570=CARTESIAN_POINT('',(0.545,-1.50000000000002,-0.944999999999999))
;
#126580=DIRECTION('',(0.,0.,1.));
#126590=VECTOR('',#126580,1.);
#126600=LINE('',#126570,#126590);
#126610=EDGE_CURVE('',#126360,#126540,#126600,.T.);
#126620=ORIENTED_EDGE('',*,*,#126610,.T.);
#126630=EDGE_LOOP('',(#126620,#126560,#126480,#126400));
#126640=FACE_BOUND('',#126630,.T.);
#126650=CARTESIAN_POINT('',(0.545,-1.50000000000002,-1.345));
#126660=DIRECTION('',(0.,1.,0.));
#126670=VECTOR('',#126660,1.);
#126680=LINE('',#126650,#126670);
#126690=CARTESIAN_POINT('',(0.545,-1.50000000000002,-1.345));
#126700=VERTEX_POINT('',#126690);
#126710=CARTESIAN_POINT('',(0.545,-1.31926690608458,-1.345));
#126720=VERTEX_POINT('',#126710);
#126730=EDGE_CURVE('',#126700,#126720,#126680,.T.);
#126740=ORIENTED_EDGE('',*,*,#126730,.F.);
#126750=CARTESIAN_POINT('',(0.545,-1.31926690608458,-1.345));
#126760=DIRECTION('',(0.,0.,1.));
#126770=VECTOR('',#126760,1.);
#126780=LINE('',#126750,#126770);
#126790=CARTESIAN_POINT('',(0.545,-1.31926690608458,-1.225));
#126800=VERTEX_POINT('',#126790);
#126810=EDGE_CURVE('',#126720,#126800,#126780,.T.);
#126820=ORIENTED_EDGE('',*,*,#126810,.F.);
#126830=CARTESIAN_POINT('',(0.545,-1.50000000000002,-1.225));
#126840=DIRECTION('',(0.,1.,0.));
#126850=VECTOR('',#126840,1.);
#126860=LINE('',#126830,#126850);
#126870=CARTESIAN_POINT('',(0.545,-1.50000000000002,-1.225));
#126880=VERTEX_POINT('',#126870);
#126890=EDGE_CURVE('',#126880,#126800,#126860,.T.);
#126900=ORIENTED_EDGE('',*,*,#126890,.T.);
#126910=CARTESIAN_POINT('',(0.545,-1.50000000000002,-1.345));
#126920=DIRECTION('',(0.,0.,1.));
#126930=VECTOR('',#126920,1.);
#126940=LINE('',#126910,#126930);
#126950=EDGE_CURVE('',#126700,#126880,#126940,.T.);
#126960=ORIENTED_EDGE('',*,*,#126950,.T.);
#126970=EDGE_LOOP('',(#126960,#126900,#126820,#126740));
#126980=FACE_BOUND('',#126970,.T.);
#126990=CARTESIAN_POINT('',(0.545,-1.50000000000002,-2.945));
#127000=DIRECTION('',(0.,1.,0.));
#127010=VECTOR('',#127000,1.);
#127020=LINE('',#126990,#127010);
#127030=CARTESIAN_POINT('',(0.545,-1.50000000000002,-2.945));
#127040=VERTEX_POINT('',#127030);
#127050=CARTESIAN_POINT('',(0.545,-1.31926690608458,-2.945));
#127060=VERTEX_POINT('',#127050);
#127070=EDGE_CURVE('',#127040,#127060,#127020,.T.);
#127080=ORIENTED_EDGE('',*,*,#127070,.F.);
#127090=CARTESIAN_POINT('',(0.545,-1.31926690608458,-2.945));
#127100=DIRECTION('',(0.,0.,1.));
#127110=VECTOR('',#127100,1.);
#127120=LINE('',#127090,#127110);
#127130=CARTESIAN_POINT('',(0.545,-1.31926690608458,-2.825));
#127140=VERTEX_POINT('',#127130);
#127150=EDGE_CURVE('',#127060,#127140,#127120,.T.);
#127160=ORIENTED_EDGE('',*,*,#127150,.F.);
#127170=CARTESIAN_POINT('',(0.545,-1.50000000000002,-2.825));
#127180=DIRECTION('',(0.,1.,0.));
#127190=VECTOR('',#127180,1.);
#127200=LINE('',#127170,#127190);
#127210=CARTESIAN_POINT('',(0.545,-1.50000000000002,-2.825));
#127220=VERTEX_POINT('',#127210);
#127230=EDGE_CURVE('',#127220,#127140,#127200,.T.);
#127240=ORIENTED_EDGE('',*,*,#127230,.T.);
#127250=CARTESIAN_POINT('',(0.545,-1.50000000000002,-2.945));
#127260=DIRECTION('',(0.,0.,1.));
#127270=VECTOR('',#127260,1.);
#127280=LINE('',#127250,#127270);
#127290=EDGE_CURVE('',#127040,#127220,#127280,.T.);
#127300=ORIENTED_EDGE('',*,*,#127290,.T.);
#127310=EDGE_LOOP('',(#127300,#127240,#127160,#127080));
#127320=FACE_BOUND('',#127310,.T.);
#127330=CARTESIAN_POINT('',(0.545,-1.50000000000002,-2.545));
#127340=DIRECTION('',(0.,1.,0.));
#127350=VECTOR('',#127340,1.);
#127360=LINE('',#127330,#127350);
#127370=CARTESIAN_POINT('',(0.545,-1.50000000000002,-2.545));
#127380=VERTEX_POINT('',#127370);
#127390=CARTESIAN_POINT('',(0.545,-1.31926690608458,-2.545));
#127400=VERTEX_POINT('',#127390);
#127410=EDGE_CURVE('',#127380,#127400,#127360,.T.);
#127420=ORIENTED_EDGE('',*,*,#127410,.F.);
#127430=CARTESIAN_POINT('',(0.545,-1.31926690608458,-2.545));
#127440=DIRECTION('',(0.,0.,1.));
#127450=VECTOR('',#127440,1.);
#127460=LINE('',#127430,#127450);
#127470=CARTESIAN_POINT('',(0.545,-1.31926690608458,-2.425));
#127480=VERTEX_POINT('',#127470);
#127490=EDGE_CURVE('',#127400,#127480,#127460,.T.);
#127500=ORIENTED_EDGE('',*,*,#127490,.F.);
#127510=CARTESIAN_POINT('',(0.545,-1.50000000000002,-2.425));
#127520=DIRECTION('',(0.,1.,0.));
#127530=VECTOR('',#127520,1.);
#127540=LINE('',#127510,#127530);
#127550=CARTESIAN_POINT('',(0.545,-1.50000000000002,-2.425));
#127560=VERTEX_POINT('',#127550);
#127570=EDGE_CURVE('',#127560,#127480,#127540,.T.);
#127580=ORIENTED_EDGE('',*,*,#127570,.T.);
#127590=CARTESIAN_POINT('',(0.545,-1.50000000000002,-2.545));
#127600=DIRECTION('',(0.,0.,1.));
#127610=VECTOR('',#127600,1.);
#127620=LINE('',#127590,#127610);
#127630=EDGE_CURVE('',#127380,#127560,#127620,.T.);
#127640=ORIENTED_EDGE('',*,*,#127630,.T.);
#127650=EDGE_LOOP('',(#127640,#127580,#127500,#127420));
#127660=FACE_BOUND('',#127650,.T.);
#127670=CARTESIAN_POINT('',(0.545,-1.50000000000002,-3.345));
#127680=DIRECTION('',(0.,1.,0.));
#127690=VECTOR('',#127680,1.);
#127700=LINE('',#127670,#127690);
#127710=CARTESIAN_POINT('',(0.545,-1.50000000000002,-3.345));
#127720=VERTEX_POINT('',#127710);
#127730=CARTESIAN_POINT('',(0.545,-1.31926690608458,-3.345));
#127740=VERTEX_POINT('',#127730);
#127750=EDGE_CURVE('',#127720,#127740,#127700,.T.);
#127760=ORIENTED_EDGE('',*,*,#127750,.F.);
#127770=CARTESIAN_POINT('',(0.545,-1.31926690608458,-3.345));
#127780=DIRECTION('',(0.,0.,1.));
#127790=VECTOR('',#127780,1.);
#127800=LINE('',#127770,#127790);
#127810=CARTESIAN_POINT('',(0.545,-1.31926690608458,-3.225));
#127820=VERTEX_POINT('',#127810);
#127830=EDGE_CURVE('',#127740,#127820,#127800,.T.);
#127840=ORIENTED_EDGE('',*,*,#127830,.F.);
#127850=CARTESIAN_POINT('',(0.545,-1.50000000000002,-3.225));
#127860=DIRECTION('',(0.,1.,0.));
#127870=VECTOR('',#127860,1.);
#127880=LINE('',#127850,#127870);
#127890=CARTESIAN_POINT('',(0.545,-1.50000000000002,-3.225));
#127900=VERTEX_POINT('',#127890);
#127910=EDGE_CURVE('',#127900,#127820,#127880,.T.);
#127920=ORIENTED_EDGE('',*,*,#127910,.T.);
#127930=CARTESIAN_POINT('',(0.545,-1.50000000000002,-3.345));
#127940=DIRECTION('',(0.,0.,1.));
#127950=VECTOR('',#127940,1.);
#127960=LINE('',#127930,#127950);
#127970=EDGE_CURVE('',#127720,#127900,#127960,.T.);
#127980=ORIENTED_EDGE('',*,*,#127970,.T.);
#127990=EDGE_LOOP('',(#127980,#127920,#127840,#127760));
#128000=FACE_BOUND('',#127990,.T.);
#128010=CARTESIAN_POINT('',(0.545,-1.50000000000002,-4.545));
#128020=DIRECTION('',(0.,1.,0.));
#128030=VECTOR('',#128020,1.);
#128040=LINE('',#128010,#128030);
#128050=CARTESIAN_POINT('',(0.545,-1.50000000000002,-4.545));
#128060=VERTEX_POINT('',#128050);
#128070=CARTESIAN_POINT('',(0.545,-1.31926690608458,-4.545));
#128080=VERTEX_POINT('',#128070);
#128090=EDGE_CURVE('',#128060,#128080,#128040,.T.);
#128100=ORIENTED_EDGE('',*,*,#128090,.F.);
#128110=CARTESIAN_POINT('',(0.545,-1.31926690608458,-4.545));
#128120=DIRECTION('',(0.,0.,1.));
#128130=VECTOR('',#128120,1.);
#128140=LINE('',#128110,#128130);
#128150=CARTESIAN_POINT('',(0.545,-1.31926690608458,-4.425));
#128160=VERTEX_POINT('',#128150);
#128170=EDGE_CURVE('',#128080,#128160,#128140,.T.);
#128180=ORIENTED_EDGE('',*,*,#128170,.F.);
#128190=CARTESIAN_POINT('',(0.545,-1.50000000000002,-4.425));
#128200=DIRECTION('',(0.,1.,0.));
#128210=VECTOR('',#128200,1.);
#128220=LINE('',#128190,#128210);
#128230=CARTESIAN_POINT('',(0.545,-1.50000000000002,-4.425));
#128240=VERTEX_POINT('',#128230);
#128250=EDGE_CURVE('',#128240,#128160,#128220,.T.);
#128260=ORIENTED_EDGE('',*,*,#128250,.T.);
#128270=CARTESIAN_POINT('',(0.545,-1.50000000000002,-4.545));
#128280=DIRECTION('',(0.,0.,1.));
#128290=VECTOR('',#128280,1.);
#128300=LINE('',#128270,#128290);
#128310=EDGE_CURVE('',#128060,#128240,#128300,.T.);
#128320=ORIENTED_EDGE('',*,*,#128310,.T.);
#128330=EDGE_LOOP('',(#128320,#128260,#128180,#128100));
#128340=FACE_BOUND('',#128330,.T.);
#128350=ADVANCED_FACE('',(#123240,#123580,#123920,#124260,#124600,
#124940,#125280,#125620,#125960,#126300,#126640,#126980,#127320,#127660,
#128000,#128340),#122990,.T.);
#128360=CARTESIAN_POINT('',(0.57,-0.45,-2.92035533905933));
#128370=DIRECTION('',(-0.707106781186548,0.707106781186547,
8.65927457071933E-17));
#128380=DIRECTION('',(0.707106781186547,0.707106781186548,
-6.28036983473509E-15));
#128390=AXIS2_PLACEMENT_3D('',#128360,#128370,#128380);
#128400=PLANE('',#128390);
#128410=ORIENTED_EDGE('',*,*,#122600,.F.);
#128420=ORIENTED_EDGE('',*,*,#3000,.T.);
#128430=CARTESIAN_POINT('',(0.544999999999987,-0.475000000000013,-5.875)
);
#128440=DIRECTION('',(0.678598344545844,0.678598344545845,
-0.281084637714832));
#128450=VECTOR('',#128440,1.);
#128460=LINE('',#128430,#128450);
#128470=EDGE_CURVE('',#123070,#2890,#128460,.T.);
#128480=ORIENTED_EDGE('',*,*,#128470,.T.);
#128490=ORIENTED_EDGE('',*,*,#123210,.F.);
#128500=EDGE_LOOP('',(#128490,#128480,#128420,#128410));
#128510=FACE_OUTER_BOUND('',#128500,.T.);
#128520=ADVANCED_FACE('',(#128510),#128400,.F.);
#128530=CARTESIAN_POINT('',(0.512677669529664,-0.449999999999999,
-5.94267766952966));
#128540=DIRECTION('',(0.499999999999998,-0.70710678118655,
-0.499999999999999));
#128550=DIRECTION('',(0.500000000000007,0.707106781186545,
-0.499999999999996));
#128560=AXIS2_PLACEMENT_3D('',#128530,#128540,#128550);
#128570=PLANE('',#128560);
#128580=ORIENTED_EDGE('',*,*,#128470,.F.);
#128590=ORIENTED_EDGE('',*,*,#2920,.F.);
#128600=ORIENTED_EDGE('',*,*,#115320,.T.);
#128610=CARTESIAN_POINT('',(0.544999999999996,-0.474999999999998,-5.875)
);
#128620=DIRECTION('',(-0.707106781186546,5.88784672006424E-15,
-0.707106781186549));
#128630=VECTOR('',#128620,1.);
#128640=LINE('',#128610,#128630);
#128650=EDGE_CURVE('',#123070,#115250,#128640,.T.);
#128660=ORIENTED_EDGE('',*,*,#128650,.T.);
#128670=EDGE_LOOP('',(#128660,#128600,#128590,#128580));
#128680=FACE_OUTER_BOUND('',#128670,.T.);
#128690=ADVANCED_FACE('',(#128680),#128570,.T.);
#128700=CARTESIAN_POINT('',(0.495,-0.9875,-5.925));
#128710=DIRECTION('',(-0.707106781186546,-8.65927457071936E-17,
0.707106781186549));
#128720=DIRECTION('',(-0.707106781186549,7.85046229341889E-16,
-0.707106781186546));
#128730=AXIS2_PLACEMENT_3D('',#128700,#128710,#128720);
#128740=PLANE('',#128730);
#128750=CARTESIAN_POINT('',(0.445,-1.5,-5.975));
#128760=DIRECTION('',(4.87414986420801E-16,1.,8.66515531414757E-16));
#128770=VECTOR('',#128760,1.);
#128780=LINE('',#128750,#128770);
#128790=CARTESIAN_POINT('',(0.445,-1.5,-5.975));
#128800=VERTEX_POINT('',#128790);
#128810=EDGE_CURVE('',#128800,#115250,#128780,.T.);
#128820=ORIENTED_EDGE('',*,*,#128810,.T.);
#128830=CARTESIAN_POINT('',(0.545,-1.6,-5.875));
#128840=DIRECTION('',(-0.577350269189626,0.577350269189625,
-0.577350269189626));
#128850=VECTOR('',#128840,1.);
#128860=LINE('',#128830,#128850);
#128870=EDGE_CURVE('',#123050,#128800,#128860,.T.);
#128880=ORIENTED_EDGE('',*,*,#128870,.T.);
#128890=ORIENTED_EDGE('',*,*,#123080,.F.);
#128900=ORIENTED_EDGE('',*,*,#128650,.F.);
#128910=EDGE_LOOP('',(#128900,#128890,#128880,#128820));
#128920=FACE_OUTER_BOUND('',#128910,.T.);
#128930=ADVANCED_FACE('',(#128920),#128740,.F.);
#128940=CARTESIAN_POINT('',(0.746910356968672,-0.671963220254713,-5.975)
);
#128950=DIRECTION('',(0.,0.,1.));
#128960=DIRECTION('',(-1.,-1.22460635382238E-16,0.));
#128970=AXIS2_PLACEMENT_3D('',#128940,#128950,#128960);
#128980=PLANE('',#128970);
#128990=ORIENTED_EDGE('',*,*,#115260,.T.);
#129000=ORIENTED_EDGE('',*,*,#115870,.T.);
#129010=CARTESIAN_POINT('',(0.445000000000001,-1.5,-5.975));
#129020=DIRECTION('',(-1.,-2.49488320140485E-16,0.));
#129030=VECTOR('',#129020,1.);
#129040=LINE('',#129010,#129030);
#129050=EDGE_CURVE('',#128800,#115800,#129040,.T.);
#129060=ORIENTED_EDGE('',*,*,#129050,.T.);
#129070=ORIENTED_EDGE('',*,*,#128810,.F.);
#129080=EDGE_LOOP('',(#129070,#129060,#129000,#128990));
#129090=FACE_OUTER_BOUND('',#129080,.T.);
#129100=ADVANCED_FACE('',(#129090),#128980,.F.);
#129110=CARTESIAN_POINT('',(-0.247499999999998,-1.575,-5.9));
#129120=DIRECTION('',(8.65927457071936E-17,-0.707106781186548,
-0.707106781186547));
#129130=DIRECTION('',(8.65927457071935E-17,-0.707106781186547,
0.707106781186548));
#129140=AXIS2_PLACEMENT_3D('',#129110,#129120,#129130);
#129150=PLANE('',#129140);
#129160=ORIENTED_EDGE('',*,*,#128870,.F.);
#129170=ORIENTED_EDGE('',*,*,#129050,.F.);
#129180=ORIENTED_EDGE('',*,*,#115810,.F.);
#129190=CARTESIAN_POINT('',(-0.544999999999999,-1.6,-5.875));
#129200=DIRECTION('',(0.577350269189619,-0.577350269189619,
0.577350269189639));
#129210=VECTOR('',#129200,1.);
#129220=LINE('',#129190,#129210);
#129230=CARTESIAN_POINT('',(-0.495000000000001,-1.65,-5.825));
#129240=VERTEX_POINT('',#129230);
#129250=EDGE_CURVE('',#115720,#129240,#129220,.T.);
#129260=ORIENTED_EDGE('',*,*,#129250,.F.);
#129270=CARTESIAN_POINT('',(0.494999999999997,-1.65,-5.825));
#129280=DIRECTION('',(-1.,-2.24287479722254E-16,0.));
#129290=VECTOR('',#129280,1.);
#129300=LINE('',#129270,#129290);
#129310=CARTESIAN_POINT('',(0.495,-1.65,-5.825));
#129320=VERTEX_POINT('',#129310);
#129330=EDGE_CURVE('',#129320,#129240,#129300,.T.);
#129340=ORIENTED_EDGE('',*,*,#129330,.T.);
#129350=CARTESIAN_POINT('',(0.544999999999999,-1.6,-5.875));
#129360=DIRECTION('',(-0.57735026918963,-0.577350269189624,
0.577350269189624));
#129370=VECTOR('',#129360,1.);
#129380=LINE('',#129350,#129370);
#129390=EDGE_CURVE('',#123050,#129320,#129380,.T.);
#129400=ORIENTED_EDGE('',*,*,#129390,.T.);
#129410=EDGE_LOOP('',(#129400,#129340,#129260,#129180,#129170,#129160));
#129420=FACE_OUTER_BOUND('',#129410,.T.);
#129430=ADVANCED_FACE('',(#129420),#129150,.T.);
#129440=CARTESIAN_POINT('',(0.52,-1.625,-3.885));
#129450=DIRECTION('',(0.70710678118655,-0.707106781186545,0.));
#129460=DIRECTION('',(-0.707106781186545,-0.70710678118655,0.));
#129470=AXIS2_PLACEMENT_3D('',#129440,#129450,#129460);
#129480=PLANE('',#129470);
#129490=ORIENTED_EDGE('',*,*,#129390,.F.);
#129500=CARTESIAN_POINT('',(0.495,-1.65,0.0549999999999984));
#129510=DIRECTION('',(0.,0.,-1.));
#129520=VECTOR('',#129510,1.);
#129530=LINE('',#129500,#129520);
#129540=CARTESIAN_POINT('',(0.495000000000001,-1.65,0.0549999999999975))
;
#129550=VERTEX_POINT('',#129540);
#129560=EDGE_CURVE('',#129550,#129320,#129530,.T.);
#129570=ORIENTED_EDGE('',*,*,#129560,.T.);
#129580=CARTESIAN_POINT('',(0.545,-1.6,0.104999999999999));
#129590=DIRECTION('',(-0.577350269189622,-0.577350269189627,
-0.577350269189627));
#129600=VECTOR('',#129590,1.);
#129610=LINE('',#129580,#129600);
#129620=EDGE_CURVE('',#122810,#129550,#129610,.T.);
#129630=ORIENTED_EDGE('',*,*,#129620,.T.);
#129640=ORIENTED_EDGE('',*,*,#123140,.F.);
#129650=EDGE_LOOP('',(#129640,#129630,#129570,#129490));
#129660=FACE_OUTER_BOUND('',#129650,.T.);
#129670=ADVANCED_FACE('',(#129660),#129480,.T.);
#129680=CARTESIAN_POINT('',(0.157313203857825,-1.65,-8.48547433387098));
#129690=DIRECTION('',(3.95984688459945E-15,-1.,0.));
#129700=DIRECTION('',(1.,3.95984688459945E-15,0.));
#129710=AXIS2_PLACEMENT_3D('',#129680,#129690,#129700);
#129720=PLANE('',#129710);
#129730=CARTESIAN_POINT('',(0.495,-1.65,0.0549999999999962));
#129740=DIRECTION('',(-1.,-4.03717463500057E-15,0.));
#129750=VECTOR('',#129740,1.);
#129760=LINE('',#129730,#129750);
#129770=CARTESIAN_POINT('',(-0.495,-1.65,0.0549999999999944));
#129780=VERTEX_POINT('',#129770);
#129790=EDGE_CURVE('',#129550,#129780,#129760,.T.);
#129800=ORIENTED_EDGE('',*,*,#129790,.T.);
#129810=ORIENTED_EDGE('',*,*,#129560,.F.);
#129820=ORIENTED_EDGE('',*,*,#129330,.F.);
#129830=CARTESIAN_POINT('',(-0.494999999999999,-1.65,0.0549999999999962)
);
#129840=DIRECTION('',(0.,0.,-1.));
#129850=VECTOR('',#129840,1.);
#129860=LINE('',#129830,#129850);
#129870=EDGE_CURVE('',#129780,#129240,#129860,.T.);
#129880=ORIENTED_EDGE('',*,*,#129870,.T.);
#129890=EDGE_LOOP('',(#129880,#129820,#129810,#129800));
#129900=FACE_OUTER_BOUND('',#129890,.T.);
#129910=CARTESIAN_POINT('',(1.38205961432158E-15,-1.65,-4.9));
#129920=DIRECTION('',(0.,1.,0.));
#129930=DIRECTION('',(0.500000000000019,0.,-0.866025403784428));
#129940=AXIS2_PLACEMENT_3D('',#129910,#129920,#129930);
#129950=CIRCLE('',#129940,0.369999999999998);
#129960=CARTESIAN_POINT('',(0.185000000000005,-1.65,-5.22042939940024));
#129970=VERTEX_POINT('',#129960);
#129980=CARTESIAN_POINT('',(-0.185000000000001,-1.65,-5.22042939940024))
;
#129990=VERTEX_POINT('',#129980);
#130000=EDGE_CURVE('',#129970,#129990,#129950,.T.);
#130010=ORIENTED_EDGE('',*,*,#130000,.T.);
#130020=CARTESIAN_POINT('',(0.135000000000001,-1.65,-5.1338268590218));
#130030=DIRECTION('',(0.,1.,0.));
#130040=DIRECTION('',(1.,0.,0.));
#130050=AXIS2_PLACEMENT_3D('',#130020,#130030,#130040);
#130060=CIRCLE('',#130050,0.0999999999999985);
#130070=CARTESIAN_POINT('',(0.235000000000001,-1.65,-5.1338268590218));
#130080=VERTEX_POINT('',#130070);
#130090=EDGE_CURVE('',#130080,#129970,#130060,.T.);
#130100=ORIENTED_EDGE('',*,*,#130090,.T.);
#130110=CARTESIAN_POINT('',(0.235000000000001,-1.65,-5.1338268590218));
#130120=DIRECTION('',(0.,0.,1.));
#130130=VECTOR('',#130120,1.);
#130140=LINE('',#130110,#130130);
#130150=CARTESIAN_POINT('',(0.234999999999998,-1.65,-3.8211731409782));
#130160=VERTEX_POINT('',#130150);
#130170=EDGE_CURVE('',#130080,#130160,#130140,.T.);
#130180=ORIENTED_EDGE('',*,*,#130170,.F.);
#130190=CARTESIAN_POINT('',(0.135000000000001,-1.65,-3.8211731409782));
#130200=DIRECTION('',(0.,1.,0.));
#130210=DIRECTION('',(0.500000000000078,0.,0.866025403784393));
#130220=AXIS2_PLACEMENT_3D('',#130190,#130200,#130210);
#130230=CIRCLE('',#130220,0.0999999999999985);
#130240=CARTESIAN_POINT('',(0.185000000000006,-1.65,-3.73457060059976));
#130250=VERTEX_POINT('',#130240);
#130260=EDGE_CURVE('',#130250,#130160,#130230,.T.);
#130270=ORIENTED_EDGE('',*,*,#130260,.T.);
#130280=CARTESIAN_POINT('',(1.38205961432158E-15,-1.65,-4.055));
#130290=DIRECTION('',(0.,1.,0.));
#130300=DIRECTION('',(-0.50000000000001,0.,0.866025403784433));
#130310=AXIS2_PLACEMENT_3D('',#130280,#130290,#130300);
#130320=CIRCLE('',#130310,0.37);
#130330=CARTESIAN_POINT('',(-0.185000000000004,-1.65,-3.73457060059975))
;
#130340=VERTEX_POINT('',#130330);
#130350=EDGE_CURVE('',#130340,#130250,#130320,.T.);
#130360=ORIENTED_EDGE('',*,*,#130350,.T.);
#130370=CARTESIAN_POINT('',(-0.134999999999999,-1.65,-3.8211731409782));
#130380=DIRECTION('',(-9.20149499425756E-42,1.,5.05364017407198E-29));
#130390=DIRECTION('',(-1.,0.,-1.82076576038524E-13));
#130400=AXIS2_PLACEMENT_3D('',#130370,#130380,#130390);
#130410=CIRCLE('',#130400,0.100000000000001);
#130420=CARTESIAN_POINT('',(-0.235,-1.65,-3.82117314097821));
#130430=VERTEX_POINT('',#130420);
#130440=EDGE_CURVE('',#130430,#130340,#130410,.T.);
#130450=ORIENTED_EDGE('',*,*,#130440,.T.);
#130460=CARTESIAN_POINT('',(-0.234999999999999,-1.65,-3.8211731409782));
#130470=DIRECTION('',(0.,0.,-1.));
#130480=VECTOR('',#130470,1.);
#130490=LINE('',#130460,#130480);
#130500=CARTESIAN_POINT('',(-0.235,-1.65,-5.1338268590218));
#130510=VERTEX_POINT('',#130500);
#130520=EDGE_CURVE('',#130430,#130510,#130490,.T.);
#130530=ORIENTED_EDGE('',*,*,#130520,.F.);
#130540=CARTESIAN_POINT('',(-0.134999999999999,-1.65,-5.1338268590218));
#130550=DIRECTION('',(-2.08166817117198E-16,1.,1.2018516789898E-16));
#130560=DIRECTION('',(-0.500000000000058,1.23259516440783E-32,
-0.866025403784406));
#130570=AXIS2_PLACEMENT_3D('',#130540,#130550,#130560);
#130580=CIRCLE('',#130570,0.100000000000001);
#130590=EDGE_CURVE('',#129990,#130510,#130580,.T.);
#130600=ORIENTED_EDGE('',*,*,#130590,.T.);
#130610=EDGE_LOOP('',(#130600,#130530,#130450,#130360,#130270,#130180,
#130100,#130010));
#130620=FACE_BOUND('',#130610,.T.);
#130630=CARTESIAN_POINT('',(-0.134999999999998,-1.65,-1.9488268590218));
#130640=DIRECTION('',(-2.08166817117201E-16,1.,1.20185167898979E-16));
#130650=DIRECTION('',(-0.500000000000049,0.,-0.866025403784411));
#130660=AXIS2_PLACEMENT_3D('',#130630,#130640,#130650);
#130670=CIRCLE('',#130660,0.0999999999999992);
#130680=CARTESIAN_POINT('',(-0.184999999999999,-1.65,-2.03542939940024))
;
#130690=VERTEX_POINT('',#130680);
#130700=CARTESIAN_POINT('',(-0.234999999999999,-1.65,-1.94882685902179))
;
#130710=VERTEX_POINT('',#130700);
#130720=EDGE_CURVE('',#130690,#130710,#130670,.T.);
#130730=ORIENTED_EDGE('',*,*,#130720,.T.);
#130740=CARTESIAN_POINT('',(1.83186799063151E-15,-1.65,-1.715));
#130750=DIRECTION('',(1.12522603847137E-16,1.,6.49649556210694E-17));
#130760=DIRECTION('',(0.50000000000004,-1.23259516440783E-32,
-0.866025403784416));
#130770=AXIS2_PLACEMENT_3D('',#130740,#130750,#130760);
#130780=CIRCLE('',#130770,0.369999999999997);
#130790=CARTESIAN_POINT('',(0.185000000000013,-1.65,-2.03542939940024));
#130800=VERTEX_POINT('',#130790);
#130810=EDGE_CURVE('',#130800,#130690,#130780,.T.);
#130820=ORIENTED_EDGE('',*,*,#130810,.T.);
#130830=CARTESIAN_POINT('',(0.135000000000002,-1.65,-1.9488268590218));
#130840=DIRECTION('',(0.,1.,0.));
#130850=DIRECTION('',(1.,0.,-6.66133814775082E-15));
#130860=AXIS2_PLACEMENT_3D('',#130830,#130840,#130850);
#130870=CIRCLE('',#130860,0.100000000000002);
#130880=CARTESIAN_POINT('',(0.235000000000002,-1.65,-1.9488268590218));
#130890=VERTEX_POINT('',#130880);
#130900=EDGE_CURVE('',#130890,#130800,#130870,.T.);
#130910=ORIENTED_EDGE('',*,*,#130900,.T.);
#130920=CARTESIAN_POINT('',(0.235000000000002,-1.65,-0.636173140978201))
;
#130930=DIRECTION('',(0.,0.,-1.));
#130940=VECTOR('',#130930,1.);
#130950=LINE('',#130920,#130940);
#130960=CARTESIAN_POINT('',(0.235000000000005,-1.65,-0.636173140978201))
;
#130970=VERTEX_POINT('',#130960);
#130980=EDGE_CURVE('',#130970,#130890,#130950,.T.);
#130990=ORIENTED_EDGE('',*,*,#130980,.T.);
#131000=CARTESIAN_POINT('',(0.135000000000002,-1.65,-0.636173140978202))
;
#131010=DIRECTION('',(0.,1.,0.));
#131020=DIRECTION('',(0.499999999999981,0.,0.866025403784449));
#131030=AXIS2_PLACEMENT_3D('',#131000,#131010,#131020);
#131040=CIRCLE('',#131030,0.100000000000002);
#131050=CARTESIAN_POINT('',(0.184999999999999,-1.65,-0.549570600599761))
;
#131060=VERTEX_POINT('',#131050);
#131070=EDGE_CURVE('',#131060,#130970,#131040,.T.);
#131080=ORIENTED_EDGE('',*,*,#131070,.T.);
#131090=CARTESIAN_POINT('',(1.83186799063151E-15,-1.65,-0.87));
#131100=DIRECTION('',(1.12522603847145E-16,1.,6.4964955621065E-17));
#131110=DIRECTION('',(-0.49999999999999,0.,0.866025403784445));
#131120=AXIS2_PLACEMENT_3D('',#131090,#131100,#131110);
#131130=CIRCLE('',#131120,0.369999999999998);
#131140=CARTESIAN_POINT('',(-0.184999999999996,-1.65,-0.549570600599756)
);
#131150=VERTEX_POINT('',#131140);
#131160=EDGE_CURVE('',#131150,#131060,#131130,.T.);
#131170=ORIENTED_EDGE('',*,*,#131160,.T.);
#131180=CARTESIAN_POINT('',(-0.134999999999998,-1.65,-0.636173140978202)
);
#131190=DIRECTION('',(-7.80053864381599E-42,1.,4.65304674563954E-29));
#131200=DIRECTION('',(-1.,0.,-1.676436767184E-13));
#131210=AXIS2_PLACEMENT_3D('',#131180,#131190,#131200);
#131220=CIRCLE('',#131210,0.0999999999999992);
#131230=CARTESIAN_POINT('',(-0.234999999999998,-1.65,-0.636173140978202)
);
#131240=VERTEX_POINT('',#131230);
#131250=EDGE_CURVE('',#131240,#131150,#131220,.T.);
#131260=ORIENTED_EDGE('',*,*,#131250,.T.);
#131270=CARTESIAN_POINT('',(-0.234999999999998,-1.65,-1.94882685902178))
;
#131280=DIRECTION('',(0.,0.,1.));
#131290=VECTOR('',#131280,1.);
#131300=LINE('',#131270,#131290);
#131310=EDGE_CURVE('',#130710,#131240,#131300,.T.);
#131320=ORIENTED_EDGE('',*,*,#131310,.T.);
#131330=EDGE_LOOP('',(#131320,#131260,#131170,#131080,#130990,#130910,
#130820,#130730));
#131340=FACE_BOUND('',#131330,.T.);
#131350=ADVANCED_FACE('',(#129900,#130620,#131340),#129720,.T.);
#131360=CARTESIAN_POINT('',(-0.519999999999999,-1.625,-3.885));
#131370=DIRECTION('',(-0.707106781186549,-0.707106781186546,
2.02536362464125E-32));
#131380=DIRECTION('',(-0.707106781186546,0.707106781186549,0.));
#131390=AXIS2_PLACEMENT_3D('',#131360,#131370,#131380);
#131400=PLANE('',#131390);
#131410=ORIENTED_EDGE('',*,*,#116120,.T.);
#131420=CARTESIAN_POINT('',(-0.544999999999999,-1.6,0.104999999999996));
#131430=DIRECTION('',(0.577350269189624,-0.577350269189627,
-0.577350269189626));
#131440=VECTOR('',#131430,1.);
#131450=LINE('',#131420,#131440);
#131460=EDGE_CURVE('',#116050,#129780,#131450,.T.);
#131470=ORIENTED_EDGE('',*,*,#131460,.F.);
#131480=ORIENTED_EDGE('',*,*,#129870,.F.);
#131490=ORIENTED_EDGE('',*,*,#129250,.T.);
#131500=EDGE_LOOP('',(#131490,#131480,#131470,#131410));
#131510=FACE_OUTER_BOUND('',#131500,.T.);
#131520=ADVANCED_FACE('',(#131510),#131400,.T.);
#131530=CARTESIAN_POINT('',(-0.247499999999998,-1.575,0.129999999999997)
);
#131540=DIRECTION('',(-8.65927457071936E-17,0.707106781186548,
-0.707106781186547));
#131550=DIRECTION('',(8.65927457071935E-17,-0.707106781186547,
-0.707106781186548));
#131560=AXIS2_PLACEMENT_3D('',#131530,#131540,#131550);
#131570=PLANE('',#131560);
#131580=ORIENTED_EDGE('',*,*,#129790,.F.);
#131590=ORIENTED_EDGE('',*,*,#131460,.T.);
#131600=ORIENTED_EDGE('',*,*,#121920,.F.);
#131610=ORIENTED_EDGE('',*,*,#122180,.T.);
#131620=ORIENTED_EDGE('',*,*,#122880,.F.);
#131630=ORIENTED_EDGE('',*,*,#129620,.F.);
#131640=EDGE_LOOP('',(#131630,#131620,#131610,#131600,#131590,#131580));
#131650=FACE_OUTER_BOUND('',#131640,.T.);
#131660=ADVANCED_FACE('',(#131650),#131570,.F.);
#131670=CARTESIAN_POINT('',(-0.134999999999999,-2.55000000000001,
-5.1338268590218));
#131680=DIRECTION('',(2.77555756156285E-16,-1.,0.));
#131690=DIRECTION('',(-1.,-2.77555756156285E-16,0.));
#131700=AXIS2_PLACEMENT_3D('',#131670,#131680,#131690);
#131710=CONICAL_SURFACE('',#131700,1.,0.785398163397441);
#131720=CARTESIAN_POINT('',(-0.185000000000001,-1.6,-5.1338268590218));
#131730=DIRECTION('',(-0.707106781186543,-0.707106781186552,0.));
#131740=VECTOR('',#131730,1.);
#131750=LINE('',#131720,#131740);
#131760=CARTESIAN_POINT('',(-0.184999999999999,-1.6,-5.1338268590218));
#131770=VERTEX_POINT('',#131760);
#131780=EDGE_CURVE('',#131770,#130510,#131750,.T.);
#131790=ORIENTED_EDGE('',*,*,#131780,.T.);
#131800=CARTESIAN_POINT('',(-0.134999999999999,-1.6,-5.1338268590218));
#131810=DIRECTION('',(-2.08166817117211E-16,1.,1.20185167898973E-16));
#131820=DIRECTION('',(-0.500000000000011,0.,-0.866025403784432));
#131830=AXIS2_PLACEMENT_3D('',#131800,#131810,#131820);
#131840=CIRCLE('',#131830,0.0500000000000021);
#131850=CARTESIAN_POINT('',(-0.159999999999998,-1.6,-5.17712812921102));
#131860=VERTEX_POINT('',#131850);
#131870=EDGE_CURVE('',#131860,#131770,#131840,.T.);
#131880=ORIENTED_EDGE('',*,*,#131870,.T.);
#131890=CARTESIAN_POINT('',(-0.159999999999999,-1.6,-5.17712812921102));
#131900=DIRECTION('',(-0.353553390593276,-0.70710678118655,
-0.61237243569579));
#131910=VECTOR('',#131900,1.);
#131920=LINE('',#131890,#131910);
#131930=EDGE_CURVE('',#131860,#129990,#131920,.T.);
#131940=ORIENTED_EDGE('',*,*,#131930,.F.);
#131950=ORIENTED_EDGE('',*,*,#130590,.F.);
#131960=EDGE_LOOP('',(#131950,#131940,#131880,#131790));
#131970=FACE_OUTER_BOUND('',#131960,.T.);
#131980=ADVANCED_FACE('',(#131970),#131710,.F.);
#131990=CARTESIAN_POINT('',(-0.209999999999999,-1.625,-4.85255));
#132000=DIRECTION('',(-0.707106781186549,0.707106781186546,0.));
#132010=DIRECTION('',(0.707106781186546,0.707106781186549,0.));
#132020=AXIS2_PLACEMENT_3D('',#131990,#132000,#132010);
#132030=PLANE('',#132020);
#132040=CARTESIAN_POINT('',(-0.235,-1.65,-3.8211731409782));
#132050=DIRECTION('',(0.707106781186543,0.707106781186552,0.));
#132060=VECTOR('',#132050,1.);
#132070=LINE('',#132040,#132060);
#132080=CARTESIAN_POINT('',(-0.184999999999999,-1.6,-3.8211731409782));
#132090=VERTEX_POINT('',#132080);
#132100=EDGE_CURVE('',#130430,#132090,#132070,.T.);
#132110=ORIENTED_EDGE('',*,*,#132100,.F.);
#132120=CARTESIAN_POINT('',(-0.184999999999999,-1.6,-3.8211731409782));
#132130=DIRECTION('',(0.,0.,-1.));
#132140=VECTOR('',#132130,1.);
#132150=LINE('',#132120,#132140);
#132160=EDGE_CURVE('',#132090,#131770,#132150,.T.);
#132170=ORIENTED_EDGE('',*,*,#132160,.F.);
#132180=ORIENTED_EDGE('',*,*,#131780,.F.);
#132190=ORIENTED_EDGE('',*,*,#130520,.T.);
#132200=EDGE_LOOP('',(#132190,#132180,#132170,#132110));
#132210=FACE_OUTER_BOUND('',#132200,.T.);
#132220=ADVANCED_FACE('',(#132210),#132030,.F.);
#132230=CARTESIAN_POINT('',(-0.134999999999999,-2.55000000000001,
-3.8211731409782));
#132240=DIRECTION('',(2.77555756156285E-16,-1.,0.));
#132250=DIRECTION('',(-1.,-2.77555756156285E-16,0.));
#132260=AXIS2_PLACEMENT_3D('',#132230,#132240,#132250);
#132270=CONICAL_SURFACE('',#132260,1.,0.785398163397441);
#132280=CARTESIAN_POINT('',(-0.160000000000001,-1.6,-3.77787187078898));
#132290=DIRECTION('',(-0.353553390593283,-0.70710678118655,
0.612372435695786));
#132300=VECTOR('',#132290,1.);
#132310=LINE('',#132280,#132300);
#132320=CARTESIAN_POINT('',(-0.16,-1.6,-3.77787187078898));
#132330=VERTEX_POINT('',#132320);
#132340=EDGE_CURVE('',#132330,#130340,#132310,.T.);
#132350=ORIENTED_EDGE('',*,*,#132340,.T.);
#132360=CARTESIAN_POINT('',(-0.134999999999999,-1.6,-3.8211731409782));
#132370=DIRECTION('',(0.,1.,0.));
#132380=DIRECTION('',(-1.,0.,0.));
#132390=AXIS2_PLACEMENT_3D('',#132360,#132370,#132380);
#132400=CIRCLE('',#132390,0.0500000000000021);
#132410=EDGE_CURVE('',#132090,#132330,#132400,.T.);
#132420=ORIENTED_EDGE('',*,*,#132410,.T.);
#132430=ORIENTED_EDGE('',*,*,#132100,.T.);
#132440=ORIENTED_EDGE('',*,*,#130440,.F.);
#132450=EDGE_LOOP('',(#132440,#132430,#132420,#132350));
#132460=FACE_OUTER_BOUND('',#132450,.T.);
#132470=ADVANCED_FACE('',(#132460),#132270,.F.);
#132480=CARTESIAN_POINT('',(1.38205961432158E-15,-2.28000000000001,
-4.055));
#132490=DIRECTION('',(0.,-1.,0.));
#132500=DIRECTION('',(-1.,0.,2.81976676914727E-49));
#132510=AXIS2_PLACEMENT_3D('',#132480,#132490,#132500);
#132520=CONICAL_SURFACE('',#132510,1.,0.78539816339744);
#132530=CARTESIAN_POINT('',(0.185000000000003,-1.65,-3.73457060059976));
#132540=DIRECTION('',(-0.353553390593296,0.707106781186545,
-0.612372435695785));
#132550=VECTOR('',#132540,1.);
#132560=LINE('',#132530,#132550);
#132570=CARTESIAN_POINT('',(0.160000000000002,-1.6,-3.77787187078898));
#132580=VERTEX_POINT('',#132570);
#132590=EDGE_CURVE('',#130250,#132580,#132560,.T.);
#132600=ORIENTED_EDGE('',*,*,#132590,.F.);
#132610=CARTESIAN_POINT('',(1.38205961432158E-15,-1.6,-4.055));
#132620=DIRECTION('',(0.,1.,0.));
#132630=DIRECTION('',(-0.500000000000004,0.,0.866025403784436));
#132640=AXIS2_PLACEMENT_3D('',#132610,#132620,#132630);
#132650=CIRCLE('',#132640,0.320000000000001);
#132660=EDGE_CURVE('',#132330,#132580,#132650,.T.);
#132670=ORIENTED_EDGE('',*,*,#132660,.T.);
#132680=ORIENTED_EDGE('',*,*,#132340,.F.);
#132690=ORIENTED_EDGE('',*,*,#130350,.F.);
#132700=EDGE_LOOP('',(#132690,#132680,#132670,#132600));
#132710=FACE_OUTER_BOUND('',#132700,.T.);
#132720=ADVANCED_FACE('',(#132710),#132520,.F.);
#132730=CARTESIAN_POINT('',(0.135000000000001,-2.55,-3.8211731409782));
#132740=DIRECTION('',(0.,-1.,0.));
#132750=DIRECTION('',(-1.,0.,0.));
#132760=AXIS2_PLACEMENT_3D('',#132730,#132740,#132750);
#132770=CONICAL_SURFACE('',#132760,1.,0.78539816339745);
#132780=CARTESIAN_POINT('',(0.184999999999999,-1.6,-3.8211731409782));
#132790=DIRECTION('',(0.707106781186549,-0.707106781186546,0.));
#132800=VECTOR('',#132790,1.);
#132810=LINE('',#132780,#132800);
#132820=CARTESIAN_POINT('',(0.185000000000001,-1.6,-3.8211731409782));
#132830=VERTEX_POINT('',#132820);
#132840=EDGE_CURVE('',#132830,#130160,#132810,.T.);
#132850=ORIENTED_EDGE('',*,*,#132840,.T.);
#132860=CARTESIAN_POINT('',(0.135000000000001,-1.6,-3.8211731409782));
#132870=DIRECTION('',(0.,1.,0.));
#132880=DIRECTION('',(0.500000000000011,0.,0.866025403784432));
#132890=AXIS2_PLACEMENT_3D('',#132860,#132870,#132880);
#132900=CIRCLE('',#132890,0.0499999999999984);
#132910=EDGE_CURVE('',#132580,#132830,#132900,.T.);
#132920=ORIENTED_EDGE('',*,*,#132910,.T.);
#132930=ORIENTED_EDGE('',*,*,#132590,.T.);
#132940=ORIENTED_EDGE('',*,*,#130260,.F.);
#132950=EDGE_LOOP('',(#132940,#132930,#132920,#132850));
#132960=FACE_OUTER_BOUND('',#132950,.T.);
#132970=ADVANCED_FACE('',(#132960),#132770,.F.);
#132980=CARTESIAN_POINT('',(0.210000000000001,-1.625,-4.85255));
#132990=DIRECTION('',(0.707106781186546,0.707106781186549,-0.));
#133000=DIRECTION('',(-0.707106781186549,0.707106781186546,0.));
#133010=AXIS2_PLACEMENT_3D('',#132980,#132990,#133000);
#133020=PLANE('',#133010);
#133030=CARTESIAN_POINT('',(0.234999999999999,-1.65,-5.1338268590218));
#133040=DIRECTION('',(-0.707106781186549,0.707106781186546,0.));
#133050=VECTOR('',#133040,1.);
#133060=LINE('',#133030,#133050);
#133070=CARTESIAN_POINT('',(0.185000000000001,-1.6,-5.1338268590218));
#133080=VERTEX_POINT('',#133070);
#133090=EDGE_CURVE('',#130080,#133080,#133060,.T.);
#133100=ORIENTED_EDGE('',*,*,#133090,.F.);
#133110=CARTESIAN_POINT('',(0.185000000000001,-1.6,-5.1338268590218));
#133120=DIRECTION('',(0.,0.,1.));
#133130=VECTOR('',#133120,1.);
#133140=LINE('',#133110,#133130);
#133150=EDGE_CURVE('',#133080,#132830,#133140,.T.);
#133160=ORIENTED_EDGE('',*,*,#133150,.F.);
#133170=ORIENTED_EDGE('',*,*,#132840,.F.);
#133180=ORIENTED_EDGE('',*,*,#130170,.T.);
#133190=EDGE_LOOP('',(#133180,#133170,#133160,#133100));
#133200=FACE_OUTER_BOUND('',#133190,.T.);
#133210=ADVANCED_FACE('',(#133200),#133020,.F.);
#133220=CARTESIAN_POINT('',(0.135000000000001,-2.55,-5.1338268590218));
#133230=DIRECTION('',(0.,-1.,0.));
#133240=DIRECTION('',(-1.,0.,0.));
#133250=AXIS2_PLACEMENT_3D('',#133220,#133230,#133240);
#133260=CONICAL_SURFACE('',#133250,1.,0.78539816339745);
#133270=CARTESIAN_POINT('',(0.185000000000003,-1.65,-5.22042939940024));
#133280=DIRECTION('',(-0.353553390593276,0.70710678118655,
0.61237243569579));
#133290=VECTOR('',#133280,1.);
#133300=LINE('',#133270,#133290);
#133310=CARTESIAN_POINT('',(0.160000000000003,-1.6,-5.17712812921102));
#133320=VERTEX_POINT('',#133310);
#133330=EDGE_CURVE('',#129970,#133320,#133300,.T.);
#133340=ORIENTED_EDGE('',*,*,#133330,.F.);
#133350=CARTESIAN_POINT('',(0.135000000000001,-1.6,-5.1338268590218));
#133360=DIRECTION('',(0.,1.,0.));
#133370=DIRECTION('',(1.,0.,0.));
#133380=AXIS2_PLACEMENT_3D('',#133350,#133360,#133370);
#133390=CIRCLE('',#133380,0.0499999999999985);
#133400=EDGE_CURVE('',#133080,#133320,#133390,.T.);
#133410=ORIENTED_EDGE('',*,*,#133400,.T.);
#133420=ORIENTED_EDGE('',*,*,#133090,.T.);
#133430=ORIENTED_EDGE('',*,*,#130090,.F.);
#133440=EDGE_LOOP('',(#133430,#133420,#133410,#133340));
#133450=FACE_OUTER_BOUND('',#133440,.T.);
#133460=ADVANCED_FACE('',(#133450),#133260,.F.);
#133470=CARTESIAN_POINT('',(1.38205961432158E-15,-2.28000000000001,-4.9)
);
#133480=DIRECTION('',(0.,-1.,0.));
#133490=DIRECTION('',(-1.,0.,-9.28785736757038E-49));
#133500=AXIS2_PLACEMENT_3D('',#133470,#133480,#133490);
#133510=CONICAL_SURFACE('',#133500,1.,0.785398163397444);
#133520=ORIENTED_EDGE('',*,*,#131930,.T.);
#133530=CARTESIAN_POINT('',(1.38205961432158E-15,-1.6,-4.9));
#133540=DIRECTION('',(0.,1.,0.));
#133550=DIRECTION('',(0.500000000000003,0.,-0.866025403784437));
#133560=AXIS2_PLACEMENT_3D('',#133530,#133540,#133550);
#133570=CIRCLE('',#133560,0.319999999999998);
#133580=EDGE_CURVE('',#133320,#131860,#133570,.T.);
#133590=ORIENTED_EDGE('',*,*,#133580,.T.);
#133600=ORIENTED_EDGE('',*,*,#133330,.T.);
#133610=ORIENTED_EDGE('',*,*,#130000,.F.);
#133620=EDGE_LOOP('',(#133610,#133600,#133590,#133520));
#133630=FACE_OUTER_BOUND('',#133620,.T.);
#133640=ADVANCED_FACE('',(#133630),#133510,.F.);
#133650=CARTESIAN_POINT('',(1.38205961432158E-15,-1.65,-4.9));
#133660=DIRECTION('',(-1.22460635382238E-16,1.,0.));
#133670=DIRECTION('',(-1.,-1.22460635382238E-16,0.));
#133680=AXIS2_PLACEMENT_3D('',#133650,#133660,#133670);
#133690=CYLINDRICAL_SURFACE('',#133680,0.32);
#133700=ORIENTED_EDGE('',*,*,#133580,.F.);
#133710=CARTESIAN_POINT('',(-0.16,-1.6,-5.17712812921102));
#133720=DIRECTION('',(-2.13504427812531E-16,1.,0.));
#133730=VECTOR('',#133720,1.);
#133740=LINE('',#133710,#133730);
#133750=CARTESIAN_POINT('',(-0.160000000000004,-1.47000000000001,
-5.17712812921102));
#133760=VERTEX_POINT('',#133750);
#133770=EDGE_CURVE('',#131860,#133760,#133740,.T.);
#133780=ORIENTED_EDGE('',*,*,#133770,.F.);
#133790=CARTESIAN_POINT('',(1.34042299829162E-15,-1.31,-4.9));
#133800=DIRECTION('',(-0.707106781186548,0.707106781186547,0.));
#133810=DIRECTION('',(0.707106781186547,0.707106781186548,0.));
#133820=AXIS2_PLACEMENT_3D('',#133790,#133800,#133810);
#133830=ELLIPSE('',#133820,0.452548339959391,0.32);
#133840=CARTESIAN_POINT('',(-0.0599999999999986,-1.37,-5.21432467291003)
);
#133850=VERTEX_POINT('',#133840);
#133860=EDGE_CURVE('',#133850,#133760,#133830,.T.);
#133870=ORIENTED_EDGE('',*,*,#133860,.T.);
#133880=CARTESIAN_POINT('',(1.34777063641455E-15,-1.37,-4.9));
#133890=DIRECTION('',(1.18155378669581E-16,-1.,-2.25541401333263E-17));
#133900=DIRECTION('',(-0.1875,0.,-0.982264602843857));
#133910=AXIS2_PLACEMENT_3D('',#133880,#133890,#133900);
#133920=CIRCLE('',#133910,0.32);
#133930=CARTESIAN_POINT('',(0.0600000000000012,-1.37,-5.21432467291003))
;
#133940=VERTEX_POINT('',#133930);
#133950=EDGE_CURVE('',#133850,#133940,#133920,.T.);
#133960=ORIENTED_EDGE('',*,*,#133950,.F.);
#133970=CARTESIAN_POINT('',(1.34042299829162E-15,-1.31,-4.9));
#133980=DIRECTION('',(0.707106781186547,0.707106781186548,0.));
#133990=DIRECTION('',(-0.707106781186548,0.707106781186547,0.));
#134000=AXIS2_PLACEMENT_3D('',#133970,#133980,#133990);
#134010=ELLIPSE('',#134000,0.45254833995939,0.32);
#134020=CARTESIAN_POINT('',(0.160000000000005,-1.47,-5.17712812921102));
#134030=VERTEX_POINT('',#134020);
#134040=EDGE_CURVE('',#134030,#133940,#134010,.T.);
#134050=ORIENTED_EDGE('',*,*,#134040,.T.);
#134060=CARTESIAN_POINT('',(0.160000000000002,-1.6,-5.17712812921102));
#134070=DIRECTION('',(-2.13504427812531E-16,1.,0.));
#134080=VECTOR('',#134070,1.);
#134090=LINE('',#134060,#134080);
#134100=EDGE_CURVE('',#133320,#134030,#134090,.T.);
#134110=ORIENTED_EDGE('',*,*,#134100,.T.);
#134120=EDGE_LOOP('',(#134110,#134050,#133960,#133870,#133780,#133700));
#134130=FACE_OUTER_BOUND('',#134120,.T.);
#134140=ADVANCED_FACE('',(#134130),#133690,.F.);
#134150=CARTESIAN_POINT('',(0.135000000000001,-1.65,-5.1338268590218));
#134160=DIRECTION('',(-1.22460635382238E-16,1.,0.));
#134170=DIRECTION('',(-1.,-1.22460635382238E-16,0.));
#134180=AXIS2_PLACEMENT_3D('',#134150,#134160,#134170);
#134190=CYLINDRICAL_SURFACE('',#134180,0.05);
#134200=ORIENTED_EDGE('',*,*,#133400,.F.);
#134210=ORIENTED_EDGE('',*,*,#134100,.F.);
#134220=CARTESIAN_POINT('',(0.135000000000001,-1.445,-5.1338268590218));
#134230=DIRECTION('',(0.707106781186547,0.707106781186548,0.));
#134240=DIRECTION('',(-0.707106781186548,0.707106781186547,0.));
#134250=AXIS2_PLACEMENT_3D('',#134220,#134230,#134240);
#134260=ELLIPSE('',#134250,0.0707106781186547,0.05);
#134270=CARTESIAN_POINT('',(0.185000000000001,-1.495,-5.1338268590218));
#134280=VERTEX_POINT('',#134270);
#134290=EDGE_CURVE('',#134280,#134030,#134260,.T.);
#134300=ORIENTED_EDGE('',*,*,#134290,.T.);
#134310=CARTESIAN_POINT('',(0.185000000000001,-1.6,-5.1338268590218));
#134320=DIRECTION('',(0.,1.,0.));
#134330=VECTOR('',#134320,1.);
#134340=LINE('',#134310,#134330);
#134350=EDGE_CURVE('',#133080,#134280,#134340,.T.);
#134360=ORIENTED_EDGE('',*,*,#134350,.T.);
#134370=EDGE_LOOP('',(#134360,#134300,#134210,#134200));
#134380=FACE_OUTER_BOUND('',#134370,.T.);
#134390=ADVANCED_FACE('',(#134380),#134190,.F.);
#134400=CARTESIAN_POINT('',(0.185000000000001,-1.65,-4.85255));
#134410=DIRECTION('',(1.,1.22460635382238E-16,0.));
#134420=DIRECTION('',(0.,0.,-1.));
#134430=AXIS2_PLACEMENT_3D('',#134400,#134410,#134420);
#134440=PLANE('',#134430);
#134450=ORIENTED_EDGE('',*,*,#133150,.T.);
#134460=ORIENTED_EDGE('',*,*,#134350,.F.);
#134470=CARTESIAN_POINT('',(0.185000000000001,-1.495,-3.8211731409782));
#134480=DIRECTION('',(0.,0.,-1.));
#134490=VECTOR('',#134480,1.);
#134500=LINE('',#134470,#134490);
#134510=CARTESIAN_POINT('',(0.185000000000001,-1.495,-3.8211731409782));
#134520=VERTEX_POINT('',#134510);
#134530=EDGE_CURVE('',#134520,#134280,#134500,.T.);
#134540=ORIENTED_EDGE('',*,*,#134530,.T.);
#134550=CARTESIAN_POINT('',(0.185000000000001,-1.495,-3.8211731409782));
#134560=DIRECTION('',(0.,-1.,0.));
#134570=VECTOR('',#134560,1.);
#134580=LINE('',#134550,#134570);
#134590=EDGE_CURVE('',#134520,#132830,#134580,.T.);
#134600=ORIENTED_EDGE('',*,*,#134590,.F.);
#134610=EDGE_LOOP('',(#134600,#134540,#134460,#134450));
#134620=FACE_OUTER_BOUND('',#134610,.T.);
#134630=ADVANCED_FACE('',(#134620),#134440,.F.);
#134640=CARTESIAN_POINT('',(0.135000000000001,-1.65,-3.8211731409782));
#134650=DIRECTION('',(1.22460635382238E-16,-1.,0.));
#134660=DIRECTION('',(-1.,-1.22460635382238E-16,0.));
#134670=AXIS2_PLACEMENT_3D('',#134640,#134650,#134660);
#134680=CYLINDRICAL_SURFACE('',#134670,0.05);
#134690=ORIENTED_EDGE('',*,*,#132910,.F.);
#134700=ORIENTED_EDGE('',*,*,#134590,.T.);
#134710=CARTESIAN_POINT('',(0.135000000000001,-1.445,-3.8211731409782));
#134720=DIRECTION('',(0.707106781186547,0.707106781186548,0.));
#134730=DIRECTION('',(0.707106781186548,-0.707106781186547,0.));
#134740=AXIS2_PLACEMENT_3D('',#134710,#134720,#134730);
#134750=ELLIPSE('',#134740,0.0707106781186547,0.05);
#134760=CARTESIAN_POINT('',(0.160000000000004,-1.47,-3.77787187078898));
#134770=VERTEX_POINT('',#134760);
#134780=EDGE_CURVE('',#134770,#134520,#134750,.T.);
#134790=ORIENTED_EDGE('',*,*,#134780,.T.);
#134800=CARTESIAN_POINT('',(0.160000000000002,-1.6,-3.77787187078898));
#134810=DIRECTION('',(0.,1.,0.));
#134820=VECTOR('',#134810,1.);
#134830=LINE('',#134800,#134820);
#134840=EDGE_CURVE('',#132580,#134770,#134830,.T.);
#134850=ORIENTED_EDGE('',*,*,#134840,.T.);
#134860=EDGE_LOOP('',(#134850,#134790,#134700,#134690));
#134870=FACE_OUTER_BOUND('',#134860,.T.);
#134880=ADVANCED_FACE('',(#134870),#134680,.F.);
#134890=CARTESIAN_POINT('',(1.38205961432158E-15,-1.65,-4.055));
#134900=DIRECTION('',(-1.22460635382238E-16,1.,0.));
#134910=DIRECTION('',(1.,1.22460635382238E-16,0.));
#134920=AXIS2_PLACEMENT_3D('',#134890,#134900,#134910);
#134930=CYLINDRICAL_SURFACE('',#134920,0.32);
#134940=ORIENTED_EDGE('',*,*,#132660,.F.);
#134950=ORIENTED_EDGE('',*,*,#134840,.F.);
#134960=CARTESIAN_POINT('',(1.34042299829162E-15,-1.31,-4.055));
#134970=DIRECTION('',(0.707106781186547,0.707106781186548,0.));
#134980=DIRECTION('',(-0.707106781186548,0.707106781186547,0.));
#134990=AXIS2_PLACEMENT_3D('',#134960,#134970,#134980);
#135000=ELLIPSE('',#134990,0.45254833995939,0.32);
#135010=CARTESIAN_POINT('',(0.0600000000000015,-1.37,-3.74067532708997))
;
#135020=VERTEX_POINT('',#135010);
#135030=EDGE_CURVE('',#135020,#134770,#135000,.T.);
#135040=ORIENTED_EDGE('',*,*,#135030,.T.);
#135050=CARTESIAN_POINT('',(1.34777063641455E-15,-1.37,-4.055));
#135060=DIRECTION('',(1.18155378669581E-16,-1.,-2.25541401333263E-17));
#135070=DIRECTION('',(0.1875,0.,0.982264602843857));
#135080=AXIS2_PLACEMENT_3D('',#135050,#135060,#135070);
#135090=CIRCLE('',#135080,0.32);
#135100=CARTESIAN_POINT('',(-0.059999999999999,-1.37,-3.74067532708997))
;
#135110=VERTEX_POINT('',#135100);
#135120=EDGE_CURVE('',#135020,#135110,#135090,.T.);
#135130=ORIENTED_EDGE('',*,*,#135120,.F.);
#135140=CARTESIAN_POINT('',(1.34042299829162E-15,-1.31,-4.055));
#135150=DIRECTION('',(-0.707106781186548,0.707106781186547,0.));
#135160=DIRECTION('',(0.707106781186547,0.707106781186548,0.));
#135170=AXIS2_PLACEMENT_3D('',#135140,#135150,#135160);
#135180=ELLIPSE('',#135170,0.452548339959391,0.32);
#135190=CARTESIAN_POINT('',(-0.160000000000003,-1.47,-3.77787187078898))
;
#135200=VERTEX_POINT('',#135190);
#135210=EDGE_CURVE('',#135200,#135110,#135180,.T.);
#135220=ORIENTED_EDGE('',*,*,#135210,.T.);
#135230=CARTESIAN_POINT('',(-0.16,-1.6,-3.77787187078898));
#135240=DIRECTION('',(-2.13504427812532E-16,1.,0.));
#135250=VECTOR('',#135240,1.);
#135260=LINE('',#135230,#135250);
#135270=EDGE_CURVE('',#132330,#135200,#135260,.T.);
#135280=ORIENTED_EDGE('',*,*,#135270,.T.);
#135290=EDGE_LOOP('',(#135280,#135220,#135130,#135040,#134950,#134940));
#135300=FACE_OUTER_BOUND('',#135290,.T.);
#135310=ADVANCED_FACE('',(#135300),#134930,.F.);
#135320=CARTESIAN_POINT('',(-0.134999999999999,-1.65,-3.8211731409782));
#135330=DIRECTION('',(-1.22460635382238E-16,1.,0.));
#135340=DIRECTION('',(1.,1.22460635382238E-16,0.));
#135350=AXIS2_PLACEMENT_3D('',#135320,#135330,#135340);
#135360=CYLINDRICAL_SURFACE('',#135350,0.05);
#135370=ORIENTED_EDGE('',*,*,#132410,.F.);
#135380=ORIENTED_EDGE('',*,*,#135270,.F.);
#135390=CARTESIAN_POINT('',(-0.134999999999999,-1.445,-3.8211731409782))
;
#135400=DIRECTION('',(-0.707106781186548,0.707106781186547,0.));
#135410=DIRECTION('',(0.707106781186547,0.707106781186548,0.));
#135420=AXIS2_PLACEMENT_3D('',#135390,#135400,#135410);
#135430=ELLIPSE('',#135420,0.0707106781186548,0.05);
#135440=CARTESIAN_POINT('',(-0.184999999999999,-1.495,-3.8211731409782))
;
#135450=VERTEX_POINT('',#135440);
#135460=EDGE_CURVE('',#135450,#135200,#135430,.T.);
#135470=ORIENTED_EDGE('',*,*,#135460,.T.);
#135480=CARTESIAN_POINT('',(-0.184999999999999,-1.6,-3.8211731409782));
#135490=DIRECTION('',(0.,1.,0.));
#135500=VECTOR('',#135490,1.);
#135510=LINE('',#135480,#135500);
#135520=EDGE_CURVE('',#132090,#135450,#135510,.T.);
#135530=ORIENTED_EDGE('',*,*,#135520,.T.);
#135540=EDGE_LOOP('',(#135530,#135470,#135380,#135370));
#135550=FACE_OUTER_BOUND('',#135540,.T.);
#135560=ADVANCED_FACE('',(#135550),#135360,.F.);
#135570=CARTESIAN_POINT('',(-0.184999999999999,-1.65,-4.85255));
#135580=DIRECTION('',(-1.,-1.22460635382238E-16,0.));
#135590=DIRECTION('',(0.,0.,1.));
#135600=AXIS2_PLACEMENT_3D('',#135570,#135580,#135590);
#135610=PLANE('',#135600);
#135620=ORIENTED_EDGE('',*,*,#132160,.T.);
#135630=ORIENTED_EDGE('',*,*,#135520,.F.);
#135640=CARTESIAN_POINT('',(-0.184999999999999,-1.495,-5.1338268590218))
;
#135650=DIRECTION('',(0.,0.,1.));
#135660=VECTOR('',#135650,1.);
#135670=LINE('',#135640,#135660);
#135680=CARTESIAN_POINT('',(-0.184999999999999,-1.495,-5.1338268590218))
;
#135690=VERTEX_POINT('',#135680);
#135700=EDGE_CURVE('',#135690,#135450,#135670,.T.);
#135710=ORIENTED_EDGE('',*,*,#135700,.T.);
#135720=CARTESIAN_POINT('',(-0.184999999999999,-1.495,-5.1338268590218))
;
#135730=DIRECTION('',(0.,-1.,0.));
#135740=VECTOR('',#135730,1.);
#135750=LINE('',#135720,#135740);
#135760=EDGE_CURVE('',#135690,#131770,#135750,.T.);
#135770=ORIENTED_EDGE('',*,*,#135760,.F.);
#135780=EDGE_LOOP('',(#135770,#135710,#135630,#135620));
#135790=FACE_OUTER_BOUND('',#135780,.T.);
#135800=ADVANCED_FACE('',(#135790),#135610,.F.);
#135810=CARTESIAN_POINT('',(-0.134999999999999,-1.65,-5.1338268590218));
#135820=DIRECTION('',(1.22460635382238E-16,-1.,0.));
#135830=DIRECTION('',(1.,1.22460635382238E-16,0.));
#135840=AXIS2_PLACEMENT_3D('',#135810,#135820,#135830);
#135850=CYLINDRICAL_SURFACE('',#135840,0.05);
#135860=ORIENTED_EDGE('',*,*,#131870,.F.);
#135870=ORIENTED_EDGE('',*,*,#135760,.T.);
#135880=CARTESIAN_POINT('',(-0.134999999999999,-1.445,-5.1338268590218))
;
#135890=DIRECTION('',(-0.707106781186548,0.707106781186547,0.));
#135900=DIRECTION('',(-0.707106781186547,-0.707106781186548,0.));
#135910=AXIS2_PLACEMENT_3D('',#135880,#135890,#135900);
#135920=ELLIPSE('',#135910,0.0707106781186548,0.05);
#135930=EDGE_CURVE('',#133760,#135690,#135920,.T.);
#135940=ORIENTED_EDGE('',*,*,#135930,.T.);
#135950=ORIENTED_EDGE('',*,*,#133770,.T.);
#135960=EDGE_LOOP('',(#135950,#135940,#135870,#135860));
#135970=FACE_OUTER_BOUND('',#135960,.T.);
#135980=ADVANCED_FACE('',(#135970),#135850,.F.);
#135990=CARTESIAN_POINT('',(-0.122499999999999,-1.4325,-4.85255));
#136000=DIRECTION('',(-0.707106781186548,0.707106781186547,0.));
#136010=DIRECTION('',(-0.707106781186547,-0.707106781186548,0.));
#136020=AXIS2_PLACEMENT_3D('',#135990,#136000,#136010);
#136030=PLANE('',#136020);
#136040=CARTESIAN_POINT('',(-0.0599999999999988,-1.37,-5.21432467291003)
);
#136050=DIRECTION('',(0.,0.,1.));
#136060=VECTOR('',#136050,1.);
#136070=LINE('',#136040,#136060);
#136080=EDGE_CURVE('',#133850,#135110,#136070,.T.);
#136090=ORIENTED_EDGE('',*,*,#136080,.T.);
#136100=ORIENTED_EDGE('',*,*,#133860,.F.);
#136110=ORIENTED_EDGE('',*,*,#135930,.F.);
#136120=ORIENTED_EDGE('',*,*,#135700,.F.);
#136130=ORIENTED_EDGE('',*,*,#135460,.F.);
#136140=ORIENTED_EDGE('',*,*,#135210,.F.);
#136150=EDGE_LOOP('',(#136140,#136130,#136120,#136110,#136100,#136090));
#136160=FACE_OUTER_BOUND('',#136150,.T.);
#136170=ADVANCED_FACE('',(#136160),#136030,.F.);
#136180=CARTESIAN_POINT('',(0.20351967245654,-1.37,-3.8210914611832));
#136190=DIRECTION('',(1.22460635382238E-16,-1.,0.));
#136200=DIRECTION('',(1.,1.22460635382238E-16,0.));
#136210=AXIS2_PLACEMENT_3D('',#136180,#136190,#136200);
#136220=PLANE('',#136210);
#136230=ORIENTED_EDGE('',*,*,#136080,.F.);
#136240=ORIENTED_EDGE('',*,*,#135120,.T.);
#136250=CARTESIAN_POINT('',(0.0600000000000011,-1.37,-3.74067532708997))
;
#136260=DIRECTION('',(0.,0.,-1.));
#136270=VECTOR('',#136260,1.);
#136280=LINE('',#136250,#136270);
#136290=EDGE_CURVE('',#135020,#133940,#136280,.T.);
#136300=ORIENTED_EDGE('',*,*,#136290,.F.);
#136310=ORIENTED_EDGE('',*,*,#133950,.T.);
#136320=EDGE_LOOP('',(#136310,#136300,#136240,#136230));
#136330=FACE_OUTER_BOUND('',#136320,.T.);
#136340=ADVANCED_FACE('',(#136330),#136220,.T.);
#136350=CARTESIAN_POINT('',(0.122500000000001,-1.4325,-4.85255));
#136360=DIRECTION('',(0.707106781186547,0.707106781186548,0.));
#136370=DIRECTION('',(0.707106781186548,-0.707106781186547,0.));
#136380=AXIS2_PLACEMENT_3D('',#136350,#136360,#136370);
#136390=PLANE('',#136380);
#136400=ORIENTED_EDGE('',*,*,#136290,.T.);
#136410=ORIENTED_EDGE('',*,*,#135030,.F.);
#136420=ORIENTED_EDGE('',*,*,#134780,.F.);
#136430=ORIENTED_EDGE('',*,*,#134530,.F.);
#136440=ORIENTED_EDGE('',*,*,#134290,.F.);
#136450=ORIENTED_EDGE('',*,*,#134040,.F.);
#136460=EDGE_LOOP('',(#136450,#136440,#136430,#136420,#136410,#136400));
#136470=FACE_OUTER_BOUND('',#136460,.T.);
#136480=ADVANCED_FACE('',(#136470),#136390,.F.);
#136490=CARTESIAN_POINT('',(-0.209999999999998,-1.625,-0.91745));
#136500=DIRECTION('',(0.707106781186549,-0.707106781186546,0.));
#136510=DIRECTION('',(0.707106781186546,0.707106781186549,
6.28036983473508E-15));
#136520=AXIS2_PLACEMENT_3D('',#136490,#136500,#136510);
#136530=PLANE('',#136520);
#136540=CARTESIAN_POINT('',(-0.234999999999997,-1.65,-0.636173140978202)
);
#136550=DIRECTION('',(0.707106781186544,0.707106781186551,0.));
#136560=VECTOR('',#136550,1.);
#136570=LINE('',#136540,#136560);
#136580=CARTESIAN_POINT('',(-0.184999999999998,-1.6,-0.636173140978202))
;
#136590=VERTEX_POINT('',#136580);
#136600=EDGE_CURVE('',#131240,#136590,#136570,.T.);
#136610=ORIENTED_EDGE('',*,*,#136600,.F.);
#136620=CARTESIAN_POINT('',(-0.184999999999995,-1.6,-1.9488268590218));
#136630=DIRECTION('',(-4.44037204874506E-15,-4.56723982156635E-15,1.));
#136640=VECTOR('',#136630,1.);
#136650=LINE('',#136620,#136640);
#136660=CARTESIAN_POINT('',(-0.184999999999997,-1.6,-1.9488268590218));
#136670=VERTEX_POINT('',#136660);
#136680=EDGE_CURVE('',#136670,#136590,#136650,.T.);
#136690=ORIENTED_EDGE('',*,*,#136680,.T.);
#136700=CARTESIAN_POINT('',(-0.184999999999998,-1.6,-1.9488268590218));
#136710=DIRECTION('',(-0.707106781186544,-0.707106781186551,0.));
#136720=VECTOR('',#136710,1.);
#136730=LINE('',#136700,#136720);
#136740=EDGE_CURVE('',#136670,#130710,#136730,.T.);
#136750=ORIENTED_EDGE('',*,*,#136740,.F.);
#136760=ORIENTED_EDGE('',*,*,#131310,.F.);
#136770=EDGE_LOOP('',(#136760,#136750,#136690,#136610));
#136780=FACE_OUTER_BOUND('',#136770,.T.);
#136790=ADVANCED_FACE('',(#136780),#136530,.T.);
#136800=CARTESIAN_POINT('',(-0.134999999999998,-2.55000000000001,
-0.636173140978202));
#136810=DIRECTION('',(2.77555756156286E-16,-1.,0.));
#136820=DIRECTION('',(-1.,-2.77555756156286E-16,0.));
#136830=AXIS2_PLACEMENT_3D('',#136800,#136810,#136820);
#136840=CONICAL_SURFACE('',#136830,1.,0.785398163397443);
#136850=CARTESIAN_POINT('',(-0.184999999999997,-1.65,-0.54957060059976))
;
#136860=DIRECTION('',(0.353553390593272,0.707106781186551,
-0.612372435695791));
#136870=VECTOR('',#136860,1.);
#136880=LINE('',#136850,#136870);
#136890=CARTESIAN_POINT('',(-0.159999999999998,-1.6,-0.59287187078898));
#136900=VERTEX_POINT('',#136890);
#136910=EDGE_CURVE('',#131150,#136900,#136880,.T.);
#136920=ORIENTED_EDGE('',*,*,#136910,.F.);
#136930=CARTESIAN_POINT('',(-0.134999999999998,-1.6,-0.636173140978202))
;
#136940=DIRECTION('',(0.,1.,0.));
#136950=DIRECTION('',(-1.,0.,0.));
#136960=AXIS2_PLACEMENT_3D('',#136930,#136940,#136950);
#136970=CIRCLE('',#136960,0.0500000000000001);
#136980=EDGE_CURVE('',#136590,#136900,#136970,.T.);
#136990=ORIENTED_EDGE('',*,*,#136980,.T.);
#137000=ORIENTED_EDGE('',*,*,#136600,.T.);
#137010=ORIENTED_EDGE('',*,*,#131250,.F.);
#137020=EDGE_LOOP('',(#137010,#137000,#136990,#136920));
#137030=FACE_OUTER_BOUND('',#137020,.T.);
#137040=ADVANCED_FACE('',(#137030),#136840,.F.);
#137050=CARTESIAN_POINT('',(1.73734900339991E-15,-2.28000000000001,-0.87
));
#137060=DIRECTION('',(-1.50030138462858E-16,-1.,0.));
#137070=DIRECTION('',(-1.,1.50030138462858E-16,0.));
#137080=AXIS2_PLACEMENT_3D('',#137050,#137060,#137070);
#137090=CONICAL_SURFACE('',#137080,1.,0.785398163397444);
#137100=CARTESIAN_POINT('',(0.160000000000001,-1.6,-0.592871870788982));
#137110=DIRECTION('',(0.353553390593273,-0.70710678118655,
0.612372435695792));
#137120=VECTOR('',#137110,1.);
#137130=LINE('',#137100,#137120);
#137140=CARTESIAN_POINT('',(0.160000000000002,-1.6,-0.59287187078898));
#137150=VERTEX_POINT('',#137140);
#137160=EDGE_CURVE('',#137150,#131060,#137130,.T.);
#137170=ORIENTED_EDGE('',*,*,#137160,.T.);
#137180=CARTESIAN_POINT('',(1.83936949755465E-15,-1.6,-0.87));
#137190=DIRECTION('',(1.12522603847143E-16,1.,6.49649556210659E-17));
#137200=DIRECTION('',(-0.5,0.,0.866025403784439));
#137210=AXIS2_PLACEMENT_3D('',#137180,#137190,#137200);
#137220=CIRCLE('',#137210,0.319999999999998);
#137230=EDGE_CURVE('',#136900,#137150,#137220,.T.);
#137240=ORIENTED_EDGE('',*,*,#137230,.T.);
#137250=ORIENTED_EDGE('',*,*,#136910,.T.);
#137260=ORIENTED_EDGE('',*,*,#131160,.F.);
#137270=EDGE_LOOP('',(#137260,#137250,#137240,#137170));
#137280=FACE_OUTER_BOUND('',#137270,.T.);
#137290=ADVANCED_FACE('',(#137280),#137090,.F.);
#137300=CARTESIAN_POINT('',(0.135000000000002,-2.55,-0.636173140978202))
;
#137310=DIRECTION('',(0.,-1.,0.));
#137320=DIRECTION('',(-1.,0.,0.));
#137330=AXIS2_PLACEMENT_3D('',#137300,#137310,#137320);
#137340=CONICAL_SURFACE('',#137330,1.00000000000001,0.785398163397452);
#137350=CARTESIAN_POINT('',(0.185000000000004,-1.6,-0.636173140978202));
#137360=DIRECTION('',(0.70710678118655,-0.707106781186545,0.));
#137370=VECTOR('',#137360,1.);
#137380=LINE('',#137350,#137370);
#137390=CARTESIAN_POINT('',(0.185000000000002,-1.6,-0.636173140978202));
#137400=VERTEX_POINT('',#137390);
#137410=EDGE_CURVE('',#137400,#130970,#137380,.T.);
#137420=ORIENTED_EDGE('',*,*,#137410,.T.);
#137430=CARTESIAN_POINT('',(0.135000000000002,-1.6,-0.636173140978202));
#137440=DIRECTION('',(0.,1.,0.));
#137450=DIRECTION('',(0.499999999999999,0.,0.866025403784439));
#137460=AXIS2_PLACEMENT_3D('',#137430,#137440,#137450);
#137470=CIRCLE('',#137460,0.0500000000000016);
#137480=EDGE_CURVE('',#137150,#137400,#137470,.T.);
#137490=ORIENTED_EDGE('',*,*,#137480,.T.);
#137500=ORIENTED_EDGE('',*,*,#137160,.F.);
#137510=ORIENTED_EDGE('',*,*,#131070,.F.);
#137520=EDGE_LOOP('',(#137510,#137500,#137490,#137420));
#137530=FACE_OUTER_BOUND('',#137520,.T.);
#137540=ADVANCED_FACE('',(#137530),#137340,.F.);
#137550=CARTESIAN_POINT('',(0.210000000000002,-1.625,-0.91745));
#137560=DIRECTION('',(-0.707106781186546,-0.707106781186549,0.));
#137570=DIRECTION('',(-0.707106781186549,0.707106781186546,
6.28036983473511E-15));
#137580=AXIS2_PLACEMENT_3D('',#137550,#137560,#137570);
#137590=PLANE('',#137580);
#137600=CARTESIAN_POINT('',(0.235000000000004,-1.65,-1.9488268590218));
#137610=DIRECTION('',(-0.70710678118655,0.707106781186545,0.));
#137620=VECTOR('',#137610,1.);
#137630=LINE('',#137600,#137620);
#137640=CARTESIAN_POINT('',(0.185000000000002,-1.6,-1.9488268590218));
#137650=VERTEX_POINT('',#137640);
#137660=EDGE_CURVE('',#130890,#137650,#137630,.T.);
#137670=ORIENTED_EDGE('',*,*,#137660,.F.);
#137680=CARTESIAN_POINT('',(0.185000000000005,-1.6,-0.636173140978202));
#137690=DIRECTION('',(-4.44037204874506E-15,4.39808279113796E-15,-1.));
#137700=VECTOR('',#137690,1.);
#137710=LINE('',#137680,#137700);
#137720=EDGE_CURVE('',#137400,#137650,#137710,.T.);
#137730=ORIENTED_EDGE('',*,*,#137720,.T.);
#137740=ORIENTED_EDGE('',*,*,#137410,.F.);
#137750=ORIENTED_EDGE('',*,*,#130980,.F.);
#137760=EDGE_LOOP('',(#137750,#137740,#137730,#137670));
#137770=FACE_OUTER_BOUND('',#137760,.T.);
#137780=ADVANCED_FACE('',(#137770),#137590,.T.);
#137790=CARTESIAN_POINT('',(0.135000000000002,-2.55,-1.9488268590218));
#137800=DIRECTION('',(0.,-1.,0.));
#137810=DIRECTION('',(-1.,0.,0.));
#137820=AXIS2_PLACEMENT_3D('',#137790,#137800,#137810);
#137830=CONICAL_SURFACE('',#137820,1.00000000000001,0.785398163397452);
#137840=CARTESIAN_POINT('',(0.185000000000002,-1.65,-2.03542939940024));
#137850=DIRECTION('',(-0.353553390593276,0.707106781186551,
0.612372435695789));
#137860=VECTOR('',#137850,1.);
#137870=LINE('',#137840,#137860);
#137880=CARTESIAN_POINT('',(0.160000000000004,-1.6,-1.99212812921102));
#137890=VERTEX_POINT('',#137880);
#137900=EDGE_CURVE('',#130800,#137890,#137870,.T.);
#137910=ORIENTED_EDGE('',*,*,#137900,.F.);
#137920=CARTESIAN_POINT('',(0.135000000000002,-1.6,-1.9488268590218));
#137930=DIRECTION('',(0.,1.,0.));
#137940=DIRECTION('',(1.,0.,0.));
#137950=AXIS2_PLACEMENT_3D('',#137920,#137930,#137940);
#137960=CIRCLE('',#137950,0.0500000000000016);
#137970=EDGE_CURVE('',#137650,#137890,#137960,.T.);
#137980=ORIENTED_EDGE('',*,*,#137970,.T.);
#137990=ORIENTED_EDGE('',*,*,#137660,.T.);
#138000=ORIENTED_EDGE('',*,*,#130900,.F.);
#138010=EDGE_LOOP('',(#138000,#137990,#137980,#137910));
#138020=FACE_OUTER_BOUND('',#138010,.T.);
#138030=ADVANCED_FACE('',(#138020),#137830,.F.);
#138040=CARTESIAN_POINT('',(1.73734900339991E-15,-2.28000000000001,
-1.715));
#138050=DIRECTION('',(-1.50030138462858E-16,-1.,0.));
#138060=DIRECTION('',(-1.,1.50030138462858E-16,0.));
#138070=AXIS2_PLACEMENT_3D('',#138040,#138050,#138060);
#138080=CONICAL_SURFACE('',#138070,1.,0.785398163397444);
#138090=CARTESIAN_POINT('',(-0.185,-1.65,-2.03542939940024));
#138100=DIRECTION('',(0.353553390593285,0.70710678118655,
0.612372435695785));
#138110=VECTOR('',#138100,1.);
#138120=LINE('',#138090,#138110);
#138130=CARTESIAN_POINT('',(-0.159999999999999,-1.6,-1.99212812921102));
#138140=VERTEX_POINT('',#138130);
#138150=EDGE_CURVE('',#130690,#138140,#138120,.T.);
#138160=ORIENTED_EDGE('',*,*,#138150,.F.);
#138170=CARTESIAN_POINT('',(1.83936949755465E-15,-1.6,-1.715));
#138180=DIRECTION('',(1.12522603847143E-16,1.,6.49649556210662E-17));
#138190=DIRECTION('',(0.500000000000003,0.,-0.866025403784437));
#138200=AXIS2_PLACEMENT_3D('',#138170,#138180,#138190);
#138210=CIRCLE('',#138200,0.319999999999998);
#138220=EDGE_CURVE('',#137890,#138140,#138210,.T.);
#138230=ORIENTED_EDGE('',*,*,#138220,.T.);
#138240=ORIENTED_EDGE('',*,*,#137900,.T.);
#138250=ORIENTED_EDGE('',*,*,#130810,.F.);
#138260=EDGE_LOOP('',(#138250,#138240,#138230,#138160));
#138270=FACE_OUTER_BOUND('',#138260,.T.);
#138280=ADVANCED_FACE('',(#138270),#138080,.F.);
#138290=CARTESIAN_POINT('',(-0.134999999999998,-2.55000000000001,
-1.9488268590218));
#138300=DIRECTION('',(2.77555756156286E-16,-1.,0.));
#138310=DIRECTION('',(-1.,-2.77555756156286E-16,0.));
#138320=AXIS2_PLACEMENT_3D('',#138290,#138300,#138310);
#138330=CONICAL_SURFACE('',#138320,1.,0.785398163397443);
#138340=ORIENTED_EDGE('',*,*,#136740,.T.);
#138350=CARTESIAN_POINT('',(-0.134999999999998,-1.6,-1.9488268590218));
#138360=DIRECTION('',(-2.08166817117211E-16,1.,1.20185167898973E-16));
#138370=DIRECTION('',(-0.500000000000013,0.,-0.866025403784431));
#138380=AXIS2_PLACEMENT_3D('',#138350,#138360,#138370);
#138390=CIRCLE('',#138380,0.0500000000000001);
#138400=EDGE_CURVE('',#138140,#136670,#138390,.T.);
#138410=ORIENTED_EDGE('',*,*,#138400,.T.);
#138420=ORIENTED_EDGE('',*,*,#138150,.T.);
#138430=ORIENTED_EDGE('',*,*,#130720,.F.);
#138440=EDGE_LOOP('',(#138430,#138420,#138410,#138340));
#138450=FACE_OUTER_BOUND('',#138440,.T.);
#138460=ADVANCED_FACE('',(#138450),#138330,.F.);
#138470=CARTESIAN_POINT('',(-0.134999999999998,-1.65,-1.9488268590218));
#138480=DIRECTION('',(-1.83649404852124E-48,1.,0.));
#138490=DIRECTION('',(1.,1.83649404852124E-48,0.));
#138500=AXIS2_PLACEMENT_3D('',#138470,#138480,#138490);
#138510=CYLINDRICAL_SURFACE('',#138500,0.05);
#138520=CARTESIAN_POINT('',(-0.184999999999998,-1.495,-1.9488268590218))
;
#138530=DIRECTION('',(0.,-1.,0.));
#138540=VECTOR('',#138530,1.);
#138550=LINE('',#138520,#138540);
#138560=CARTESIAN_POINT('',(-0.184999999999998,-1.495,-1.9488268590218))
;
#138570=VERTEX_POINT('',#138560);
#138580=EDGE_CURVE('',#138570,#136670,#138550,.T.);
#138590=ORIENTED_EDGE('',*,*,#138580,.T.);
#138600=CARTESIAN_POINT('',(-0.134999999999998,-1.445,-1.9488268590218))
;
#138610=DIRECTION('',(0.707106781186548,-0.707106781186548,0.));
#138620=DIRECTION('',(0.707106781186548,0.707106781186548,0.));
#138630=AXIS2_PLACEMENT_3D('',#138600,#138610,#138620);
#138640=ELLIPSE('',#138630,0.0707106781186548,0.05);
#138650=CARTESIAN_POINT('',(-0.159999999999998,-1.47,-1.99212812921102))
;
#138660=VERTEX_POINT('',#138650);
#138670=EDGE_CURVE('',#138570,#138660,#138640,.T.);
#138680=ORIENTED_EDGE('',*,*,#138670,.F.);
#138690=CARTESIAN_POINT('',(-0.159999999999999,-1.6,-1.99212812921102));
#138700=DIRECTION('',(0.,1.,0.));
#138710=VECTOR('',#138700,1.);
#138720=LINE('',#138690,#138710);
#138730=EDGE_CURVE('',#138140,#138660,#138720,.T.);
#138740=ORIENTED_EDGE('',*,*,#138730,.T.);
#138750=ORIENTED_EDGE('',*,*,#138400,.F.);
#138760=EDGE_LOOP('',(#138750,#138740,#138680,#138590));
#138770=FACE_OUTER_BOUND('',#138760,.T.);
#138780=ADVANCED_FACE('',(#138770),#138510,.F.);
#138790=CARTESIAN_POINT('',(-0.184999999999998,-1.65,-0.91745));
#138800=DIRECTION('',(1.,1.83649404852124E-48,0.));
#138810=DIRECTION('',(0.,0.,-1.));
#138820=AXIS2_PLACEMENT_3D('',#138790,#138800,#138810);
#138830=PLANE('',#138820);
#138840=CARTESIAN_POINT('',(-0.184999999999998,-1.6,-0.636173140978202))
;
#138850=DIRECTION('',(0.,1.,0.));
#138860=VECTOR('',#138850,1.);
#138870=LINE('',#138840,#138860);
#138880=CARTESIAN_POINT('',(-0.184999999999998,-1.495,-0.636173140978202
));
#138890=VERTEX_POINT('',#138880);
#138900=EDGE_CURVE('',#136590,#138890,#138870,.T.);
#138910=ORIENTED_EDGE('',*,*,#138900,.F.);
#138920=CARTESIAN_POINT('',(-0.184999999999998,-1.495,-0.636173140978202
));
#138930=DIRECTION('',(0.,0.,-1.));
#138940=VECTOR('',#138930,1.);
#138950=LINE('',#138920,#138940);
#138960=EDGE_CURVE('',#138890,#138570,#138950,.T.);
#138970=ORIENTED_EDGE('',*,*,#138960,.F.);
#138980=ORIENTED_EDGE('',*,*,#138580,.F.);
#138990=ORIENTED_EDGE('',*,*,#136680,.F.);
#139000=EDGE_LOOP('',(#138990,#138980,#138970,#138910));
#139010=FACE_OUTER_BOUND('',#139000,.T.);
#139020=ADVANCED_FACE('',(#139010),#138830,.T.);
#139030=CARTESIAN_POINT('',(-0.134999999999998,-1.65,-0.636173140978202)
);
#139040=DIRECTION('',(1.83649404852124E-48,-1.,0.));
#139050=DIRECTION('',(1.,1.83649404852124E-48,0.));
#139060=AXIS2_PLACEMENT_3D('',#139030,#139040,#139050);
#139070=CYLINDRICAL_SURFACE('',#139060,0.05);
#139080=CARTESIAN_POINT('',(-0.159999999999998,-1.6,-0.59287187078898));
#139090=DIRECTION('',(0.,1.,0.));
#139100=VECTOR('',#139090,1.);
#139110=LINE('',#139080,#139100);
#139120=CARTESIAN_POINT('',(-0.159999999999997,-1.47,-0.59287187078898))
;
#139130=VERTEX_POINT('',#139120);
#139140=EDGE_CURVE('',#136900,#139130,#139110,.T.);
#139150=ORIENTED_EDGE('',*,*,#139140,.F.);
#139160=CARTESIAN_POINT('',(-0.134999999999998,-1.445,-0.636173140978202
));
#139170=DIRECTION('',(0.707106781186548,-0.707106781186548,0.));
#139180=DIRECTION('',(-0.707106781186548,-0.707106781186548,0.));
#139190=AXIS2_PLACEMENT_3D('',#139160,#139170,#139180);
#139200=ELLIPSE('',#139190,0.0707106781186548,0.05);
#139210=EDGE_CURVE('',#139130,#138890,#139200,.T.);
#139220=ORIENTED_EDGE('',*,*,#139210,.F.);
#139230=ORIENTED_EDGE('',*,*,#138900,.T.);
#139240=ORIENTED_EDGE('',*,*,#136980,.F.);
#139250=EDGE_LOOP('',(#139240,#139230,#139220,#139150));
#139260=FACE_OUTER_BOUND('',#139250,.T.);
#139270=ADVANCED_FACE('',(#139260),#139070,.F.);
#139280=CARTESIAN_POINT('',(1.83186799063151E-15,-1.65,-0.87));
#139290=DIRECTION('',(-1.83649404852124E-48,1.,0.));
#139300=DIRECTION('',(-1.,-1.83649404852124E-48,0.));
#139310=AXIS2_PLACEMENT_3D('',#139280,#139290,#139300);
#139320=CYLINDRICAL_SURFACE('',#139310,0.32);
#139330=CARTESIAN_POINT('',(0.160000000000002,-1.6,-0.59287187078898));
#139340=DIRECTION('',(0.,1.,0.));
#139350=VECTOR('',#139340,1.);
#139360=LINE('',#139330,#139350);
#139370=CARTESIAN_POINT('',(0.160000000000002,-1.47,-0.592871870788979))
;
#139380=VERTEX_POINT('',#139370);
#139390=EDGE_CURVE('',#137150,#139380,#139360,.T.);
#139400=ORIENTED_EDGE('',*,*,#139390,.F.);
#139410=CARTESIAN_POINT('',(1.83186799063151E-15,-1.31,-0.87));
#139420=DIRECTION('',(-0.707106781186548,-0.707106781186548,0.));
#139430=DIRECTION('',(-0.707106781186548,0.707106781186548,0.));
#139440=AXIS2_PLACEMENT_3D('',#139410,#139420,#139430);
#139450=ELLIPSE('',#139440,0.45254833995939,0.32);
#139460=CARTESIAN_POINT('',(0.0600000000000019,-1.37,-0.555675327089966)
);
#139470=VERTEX_POINT('',#139460);
#139480=EDGE_CURVE('',#139380,#139470,#139450,.T.);
#139490=ORIENTED_EDGE('',*,*,#139480,.F.);
#139500=CARTESIAN_POINT('',(1.83186799063151E-15,-1.37,-0.87));
#139510=DIRECTION('',(1.77192980462792E-48,-1.,-3.38235580724217E-49));
#139520=DIRECTION('',(0.1875,-3.79822709830392E-65,0.982264602843857));
#139530=AXIS2_PLACEMENT_3D('',#139500,#139510,#139520);
#139540=CIRCLE('',#139530,0.32);
#139550=CARTESIAN_POINT('',(-0.0599999999999981,-1.37,-0.555675327089966
));
#139560=VERTEX_POINT('',#139550);
#139570=EDGE_CURVE('',#139470,#139560,#139540,.T.);
#139580=ORIENTED_EDGE('',*,*,#139570,.F.);
#139590=CARTESIAN_POINT('',(1.83186799063151E-15,-1.31,-0.87));
#139600=DIRECTION('',(0.707106781186548,-0.707106781186548,0.));
#139610=DIRECTION('',(0.707106781186548,0.707106781186548,0.));
#139620=AXIS2_PLACEMENT_3D('',#139590,#139600,#139610);
#139630=ELLIPSE('',#139620,0.45254833995939,0.32);
#139640=EDGE_CURVE('',#139560,#139130,#139630,.T.);
#139650=ORIENTED_EDGE('',*,*,#139640,.F.);
#139660=ORIENTED_EDGE('',*,*,#139140,.T.);
#139670=ORIENTED_EDGE('',*,*,#137230,.F.);
#139680=EDGE_LOOP('',(#139670,#139660,#139650,#139580,#139490,#139400));
#139690=FACE_OUTER_BOUND('',#139680,.T.);
#139700=ADVANCED_FACE('',(#139690),#139320,.F.);
#139710=CARTESIAN_POINT('',(0.135000000000002,-1.65,-0.636173140978202))
;
#139720=DIRECTION('',(-1.83649404852124E-48,1.,0.));
#139730=DIRECTION('',(-1.,-1.83649404852124E-48,0.));
#139740=AXIS2_PLACEMENT_3D('',#139710,#139720,#139730);
#139750=CYLINDRICAL_SURFACE('',#139740,0.05);
#139760=CARTESIAN_POINT('',(0.185000000000002,-1.495,-0.636173140978202)
);
#139770=DIRECTION('',(0.,-1.,0.));
#139780=VECTOR('',#139770,1.);
#139790=LINE('',#139760,#139780);
#139800=CARTESIAN_POINT('',(0.185000000000002,-1.495,-0.636173140978202)
);
#139810=VERTEX_POINT('',#139800);
#139820=EDGE_CURVE('',#139810,#137400,#139790,.T.);
#139830=ORIENTED_EDGE('',*,*,#139820,.T.);
#139840=CARTESIAN_POINT('',(0.135000000000002,-1.445,-0.636173140978202)
);
#139850=DIRECTION('',(-0.707106781186548,-0.707106781186548,0.));
#139860=DIRECTION('',(-0.707106781186548,0.707106781186548,0.));
#139870=AXIS2_PLACEMENT_3D('',#139840,#139850,#139860);
#139880=ELLIPSE('',#139870,0.0707106781186548,0.05);
#139890=EDGE_CURVE('',#139810,#139380,#139880,.T.);
#139900=ORIENTED_EDGE('',*,*,#139890,.F.);
#139910=ORIENTED_EDGE('',*,*,#139390,.T.);
#139920=ORIENTED_EDGE('',*,*,#137480,.F.);
#139930=EDGE_LOOP('',(#139920,#139910,#139900,#139830));
#139940=FACE_OUTER_BOUND('',#139930,.T.);
#139950=ADVANCED_FACE('',(#139940),#139750,.F.);
#139960=CARTESIAN_POINT('',(0.185000000000002,-1.65,-0.91745));
#139970=DIRECTION('',(-1.,-1.83649404852124E-48,0.));
#139980=DIRECTION('',(0.,0.,1.));
#139990=AXIS2_PLACEMENT_3D('',#139960,#139970,#139980);
#140000=PLANE('',#139990);
#140010=CARTESIAN_POINT('',(0.185000000000002,-1.6,-1.9488268590218));
#140020=DIRECTION('',(0.,1.,0.));
#140030=VECTOR('',#140020,1.);
#140040=LINE('',#140010,#140030);
#140050=CARTESIAN_POINT('',(0.185000000000002,-1.495,-1.9488268590218));
#140060=VERTEX_POINT('',#140050);
#140070=EDGE_CURVE('',#137650,#140060,#140040,.T.);
#140080=ORIENTED_EDGE('',*,*,#140070,.F.);
#140090=CARTESIAN_POINT('',(0.185000000000002,-1.495,-1.9488268590218));
#140100=DIRECTION('',(0.,0.,1.));
#140110=VECTOR('',#140100,1.);
#140120=LINE('',#140090,#140110);
#140130=EDGE_CURVE('',#140060,#139810,#140120,.T.);
#140140=ORIENTED_EDGE('',*,*,#140130,.F.);
#140150=ORIENTED_EDGE('',*,*,#139820,.F.);
#140160=ORIENTED_EDGE('',*,*,#137720,.F.);
#140170=EDGE_LOOP('',(#140160,#140150,#140140,#140080));
#140180=FACE_OUTER_BOUND('',#140170,.T.);
#140190=ADVANCED_FACE('',(#140180),#140000,.T.);
#140200=CARTESIAN_POINT('',(0.135000000000002,-1.65,-1.9488268590218));
#140210=DIRECTION('',(1.83649404852124E-48,-1.,0.));
#140220=DIRECTION('',(-1.,-1.83649404852124E-48,0.));
#140230=AXIS2_PLACEMENT_3D('',#140200,#140210,#140220);
#140240=CYLINDRICAL_SURFACE('',#140230,0.05);
#140250=CARTESIAN_POINT('',(0.160000000000003,-1.6,-1.99212812921102));
#140260=DIRECTION('',(0.,1.,0.));
#140270=VECTOR('',#140260,1.);
#140280=LINE('',#140250,#140270);
#140290=CARTESIAN_POINT('',(0.160000000000008,-1.47000000000001,
-1.99212812921102));
#140300=VERTEX_POINT('',#140290);
#140310=EDGE_CURVE('',#137890,#140300,#140280,.T.);
#140320=ORIENTED_EDGE('',*,*,#140310,.F.);
#140330=CARTESIAN_POINT('',(0.135000000000002,-1.445,-1.9488268590218));
#140340=DIRECTION('',(-0.707106781186548,-0.707106781186548,0.));
#140350=DIRECTION('',(0.707106781186548,-0.707106781186548,0.));
#140360=AXIS2_PLACEMENT_3D('',#140330,#140340,#140350);
#140370=ELLIPSE('',#140360,0.0707106781186548,0.05);
#140380=EDGE_CURVE('',#140300,#140060,#140370,.T.);
#140390=ORIENTED_EDGE('',*,*,#140380,.F.);
#140400=ORIENTED_EDGE('',*,*,#140070,.T.);
#140410=ORIENTED_EDGE('',*,*,#137970,.F.);
#140420=EDGE_LOOP('',(#140410,#140400,#140390,#140320));
#140430=FACE_OUTER_BOUND('',#140420,.T.);
#140440=ADVANCED_FACE('',(#140430),#140240,.F.);
#140450=CARTESIAN_POINT('',(1.83186799063151E-15,-1.65,-1.715));
#140460=DIRECTION('',(-1.83649404852124E-48,1.,0.));
#140470=DIRECTION('',(1.,1.83649404852124E-48,0.));
#140480=AXIS2_PLACEMENT_3D('',#140450,#140460,#140470);
#140490=CYLINDRICAL_SURFACE('',#140480,0.32);
#140500=ORIENTED_EDGE('',*,*,#138730,.F.);
#140510=CARTESIAN_POINT('',(1.83186799063151E-15,-1.31,-1.715));
#140520=DIRECTION('',(0.707106781186548,-0.707106781186548,0.));
#140530=DIRECTION('',(0.707106781186548,0.707106781186548,0.));
#140540=AXIS2_PLACEMENT_3D('',#140510,#140520,#140530);
#140550=ELLIPSE('',#140540,0.45254833995939,0.32);
#140560=CARTESIAN_POINT('',(-0.0599999999999982,-1.37,-2.02932467291003)
);
#140570=VERTEX_POINT('',#140560);
#140580=EDGE_CURVE('',#138660,#140570,#140550,.T.);
#140590=ORIENTED_EDGE('',*,*,#140580,.F.);
#140600=CARTESIAN_POINT('',(1.83186799063151E-15,-1.37,-1.715));
#140610=DIRECTION('',(1.77192980462792E-48,-1.,-3.38235580724217E-49));
#140620=DIRECTION('',(-0.1875,-3.79822709830392E-65,-0.982264602843857))
;
#140630=AXIS2_PLACEMENT_3D('',#140600,#140610,#140620);
#140640=CIRCLE('',#140630,0.32);
#140650=CARTESIAN_POINT('',(0.0600000000000019,-1.37,-2.02932467291003))
;
#140660=VERTEX_POINT('',#140650);
#140670=EDGE_CURVE('',#140570,#140660,#140640,.T.);
#140680=ORIENTED_EDGE('',*,*,#140670,.F.);
#140690=CARTESIAN_POINT('',(1.83186799063151E-15,-1.31,-1.715));
#140700=DIRECTION('',(-0.707106781186548,-0.707106781186548,0.));
#140710=DIRECTION('',(-0.707106781186548,0.707106781186548,0.));
#140720=AXIS2_PLACEMENT_3D('',#140690,#140700,#140710);
#140730=ELLIPSE('',#140720,0.45254833995939,0.32);
#140740=EDGE_CURVE('',#140660,#140300,#140730,.T.);
#140750=ORIENTED_EDGE('',*,*,#140740,.F.);
#140760=ORIENTED_EDGE('',*,*,#140310,.T.);
#140770=ORIENTED_EDGE('',*,*,#138220,.F.);
#140780=EDGE_LOOP('',(#140770,#140760,#140750,#140680,#140590,#140500));
#140790=FACE_OUTER_BOUND('',#140780,.T.);
#140800=ADVANCED_FACE('',(#140790),#140490,.F.);
#140810=CARTESIAN_POINT('',(-0.122499999999998,-1.4325,-0.91745));
#140820=DIRECTION('',(0.707106781186548,-0.707106781186548,0.));
#140830=DIRECTION('',(-0.707106781186548,-0.707106781186548,0.));
#140840=AXIS2_PLACEMENT_3D('',#140810,#140820,#140830);
#140850=PLANE('',#140840);
#140860=ORIENTED_EDGE('',*,*,#140580,.T.);
#140870=ORIENTED_EDGE('',*,*,#138670,.T.);
#140880=ORIENTED_EDGE('',*,*,#138960,.T.);
#140890=ORIENTED_EDGE('',*,*,#139210,.T.);
#140900=ORIENTED_EDGE('',*,*,#139640,.T.);
#140910=CARTESIAN_POINT('',(-0.0599999999999981,-1.37,-0.555675327089966
));
#140920=DIRECTION('',(0.,0.,-1.));
#140930=VECTOR('',#140920,1.);
#140940=LINE('',#140910,#140930);
#140950=EDGE_CURVE('',#139560,#140570,#140940,.T.);
#140960=ORIENTED_EDGE('',*,*,#140950,.F.);
#140970=EDGE_LOOP('',(#140960,#140900,#140890,#140880,#140870,#140860));
#140980=FACE_OUTER_BOUND('',#140970,.T.);
#140990=ADVANCED_FACE('',(#140980),#140850,.T.);
#141000=CARTESIAN_POINT('',(0.20351967245654,-1.37,-1.9489085388168));
#141010=DIRECTION('',(1.83649404852124E-48,1.,0.));
#141020=DIRECTION('',(1.,-1.83649404852124E-48,0.));
#141030=AXIS2_PLACEMENT_3D('',#141000,#141010,#141020);
#141040=PLANE('',#141030);
#141050=ORIENTED_EDGE('',*,*,#139570,.T.);
#141060=CARTESIAN_POINT('',(0.0600000000000019,-1.37,-2.02932467291003))
;
#141070=DIRECTION('',(0.,0.,1.));
#141080=VECTOR('',#141070,1.);
#141090=LINE('',#141060,#141080);
#141100=EDGE_CURVE('',#140660,#139470,#141090,.T.);
#141110=ORIENTED_EDGE('',*,*,#141100,.T.);
#141120=ORIENTED_EDGE('',*,*,#140670,.T.);
#141130=ORIENTED_EDGE('',*,*,#140950,.T.);
#141140=EDGE_LOOP('',(#141130,#141120,#141110,#141050));
#141150=FACE_OUTER_BOUND('',#141140,.T.);
#141160=ADVANCED_FACE('',(#141150),#141040,.F.);
#141170=CARTESIAN_POINT('',(0.122500000000002,-1.4325,-0.91745));
#141180=DIRECTION('',(-0.707106781186548,-0.707106781186548,0.));
#141190=DIRECTION('',(0.707106781186548,-0.707106781186548,0.));
#141200=AXIS2_PLACEMENT_3D('',#141170,#141180,#141190);
#141210=PLANE('',#141200);
#141220=ORIENTED_EDGE('',*,*,#139480,.T.);
#141230=ORIENTED_EDGE('',*,*,#139890,.T.);
#141240=ORIENTED_EDGE('',*,*,#140130,.T.);
#141250=ORIENTED_EDGE('',*,*,#140380,.T.);
#141260=ORIENTED_EDGE('',*,*,#140740,.T.);
#141270=ORIENTED_EDGE('',*,*,#141100,.F.);
#141280=EDGE_LOOP('',(#141270,#141260,#141250,#141240,#141230,#141220));
#141290=FACE_OUTER_BOUND('',#141280,.T.);
#141300=ADVANCED_FACE('',(#141290),#141210,.T.);
#141310=CARTESIAN_POINT('',(-2.96101731916344,2.8223480408227,-4.825));
#141320=DIRECTION('',(0.,0.,-1.));
#141330=DIRECTION('',(1.,1.22460635382238E-16,0.));
#141340=AXIS2_PLACEMENT_3D('',#141310,#141320,#141330);
#141350=PLANE('',#141340);
#141360=CARTESIAN_POINT('',(0.598843446820732,-1.2350001674835,-4.825));
#141370=DIRECTION('',(0.,0.,-1.));
#141380=DIRECTION('',(0.,-1.,0.));
#141390=AXIS2_PLACEMENT_3D('',#141360,#141370,#141380);
#141400=CIRCLE('',#141390,0.0999999999999996);
#141410=CARTESIAN_POINT('',(0.598843446820732,-1.3350001674835,-4.825));
#141420=VERTEX_POINT('',#141410);
#141430=EDGE_CURVE('',#141420,#123480,#141400,.T.);
#141440=ORIENTED_EDGE('',*,*,#141430,.T.);
#141450=CARTESIAN_POINT('',(0.610000834848428,-1.3350001674835,-4.825));
#141460=DIRECTION('',(-1.,0.,0.));
#141470=VECTOR('',#141460,1.);
#141480=LINE('',#141450,#141470);
#141490=CARTESIAN_POINT('',(0.609935709448228,-1.33500004133279,-4.825))
;
#141500=VERTEX_POINT('',#141490);
#141510=EDGE_CURVE('',#141500,#141420,#141480,.T.);
#141520=ORIENTED_EDGE('',*,*,#141510,.T.);
#141530=CARTESIAN_POINT('',(0.610000000000003,-1.38500000000002,-4.825))
;
#141540=DIRECTION('',(0.,0.,1.));
#141550=DIRECTION('',(1.,3.9968028886506E-14,0.));
#141560=AXIS2_PLACEMENT_3D('',#141530,#141540,#141550);
#141570=CIRCLE('',#141560,0.0499999999999995);
#141580=CARTESIAN_POINT('',(0.660000000000002,-1.38500000000002,-4.825))
;
#141590=VERTEX_POINT('',#141580);
#141600=EDGE_CURVE('',#141590,#141500,#141570,.T.);
#141610=ORIENTED_EDGE('',*,*,#141600,.T.);
#141620=CARTESIAN_POINT('',(0.620000000000004,-1.38500000000002,-4.825))
;
#141630=DIRECTION('',(0.,0.,1.));
#141640=DIRECTION('',(0.623672857033073,-0.78168546577265,0.));
#141650=AXIS2_PLACEMENT_3D('',#141620,#141630,#141640);
#141660=CIRCLE('',#141650,0.0399999999999978);
#141670=CARTESIAN_POINT('',(0.644946914281482,-1.41626741863083,-4.825))
;
#141680=VERTEX_POINT('',#141670);
#141690=EDGE_CURVE('',#141680,#141590,#141660,.T.);
#141700=ORIENTED_EDGE('',*,*,#141690,.T.);
#141710=CARTESIAN_POINT('',(0.555000000000002,-1.50000000000002,-4.825))
;
#141720=DIRECTION('',(0.731939010275263,0.68137015288114,0.));
#141730=VECTOR('',#141720,1.);
#141740=LINE('',#141710,#141730);
#141750=CARTESIAN_POINT('',(0.555000000000002,-1.50000000000002,-4.825))
;
#141760=VERTEX_POINT('',#141750);
#141770=EDGE_CURVE('',#141760,#141680,#141740,.T.);
#141780=ORIENTED_EDGE('',*,*,#141770,.T.);
#141790=CARTESIAN_POINT('',(0.555000000000002,-1.50000000000002,-4.825))
;
#141800=DIRECTION('',(-1.,0.,0.));
#141810=VECTOR('',#141800,1.);
#141820=LINE('',#141790,#141810);
#141830=EDGE_CURVE('',#141760,#123320,#141820,.T.);
#141840=ORIENTED_EDGE('',*,*,#141830,.F.);
#141850=ORIENTED_EDGE('',*,*,#123550,.F.);
#141860=EDGE_LOOP('',(#141850,#141840,#141780,#141700,#141610,#141520,
#141440));
#141870=FACE_OUTER_BOUND('',#141860,.T.);
#141880=ADVANCED_FACE('',(#141870),#141350,.F.);
#141890=CARTESIAN_POINT('',(0.598843446820732,-1.2350001674835,-4.825));
#141900=DIRECTION('',(0.,0.,-1.));
#141910=DIRECTION('',(1.,1.22460635382238E-16,0.));
#141920=AXIS2_PLACEMENT_3D('',#141890,#141900,#141910);
#141930=CYLINDRICAL_SURFACE('',#141920,0.0999999999999996);
#141940=CARTESIAN_POINT('',(0.598843446820732,-1.2350001674835,-4.945));
#141950=DIRECTION('',(0.,0.,1.));
#141960=DIRECTION('',(-0.538434468207319,-0.842667386010816,0.));
#141970=AXIS2_PLACEMENT_3D('',#141940,#141950,#141960);
#141980=CIRCLE('',#141970,0.0999999999999996);
#141990=CARTESIAN_POINT('',(0.598843446820732,-1.3350001674835,-4.945));
#142000=VERTEX_POINT('',#141990);
#142010=EDGE_CURVE('',#123400,#142000,#141980,.T.);
#142020=ORIENTED_EDGE('',*,*,#142010,.F.);
#142030=CARTESIAN_POINT('',(0.598843446820732,-1.3350001674835,-4.825));
#142040=DIRECTION('',(0.,0.,-1.));
#142050=VECTOR('',#142040,1.);
#142060=LINE('',#142030,#142050);
#142070=EDGE_CURVE('',#141420,#142000,#142060,.T.);
#142080=ORIENTED_EDGE('',*,*,#142070,.T.);
#142090=ORIENTED_EDGE('',*,*,#141430,.F.);
#142100=ORIENTED_EDGE('',*,*,#123490,.T.);
#142110=EDGE_LOOP('',(#142100,#142090,#142080,#142020));
#142120=FACE_OUTER_BOUND('',#142110,.T.);
#142130=ADVANCED_FACE('',(#142120),#141930,.F.);
#142140=CARTESIAN_POINT('',(-2.96101731916344,2.8223480408227,-4.945));
#142150=DIRECTION('',(0.,0.,-1.));
#142160=DIRECTION('',(1.,1.22460635382238E-16,0.));
#142170=AXIS2_PLACEMENT_3D('',#142140,#142150,#142160);
#142180=PLANE('',#142170);
#142190=CARTESIAN_POINT('',(0.555000000000005,-1.50000000000002,-4.945))
;
#142200=DIRECTION('',(-1.,0.,0.));
#142210=VECTOR('',#142200,1.);
#142220=LINE('',#142190,#142210);
#142230=CARTESIAN_POINT('',(0.555000000000003,-1.50000000000002,-4.945))
;
#142240=VERTEX_POINT('',#142230);
#142250=EDGE_CURVE('',#142240,#123300,#142220,.T.);
#142260=ORIENTED_EDGE('',*,*,#142250,.T.);
#142270=CARTESIAN_POINT('',(0.644946914281411,-1.4162674186309,-4.945));
#142280=DIRECTION('',(-0.731939010275261,-0.681370152881142,0.));
#142290=VECTOR('',#142280,1.);
#142300=LINE('',#142270,#142290);
#142310=CARTESIAN_POINT('',(0.6449469142815,-1.41626741863079,-4.945));
#142320=VERTEX_POINT('',#142310);
#142330=EDGE_CURVE('',#142320,#142240,#142300,.T.);
#142340=ORIENTED_EDGE('',*,*,#142330,.T.);
#142350=CARTESIAN_POINT('',(0.620000000000004,-1.38500000000002,-4.945))
;
#142360=DIRECTION('',(0.,0.,-1.));
#142370=DIRECTION('',(1.,4.99600361081348E-14,0.));
#142380=AXIS2_PLACEMENT_3D('',#142350,#142360,#142370);
#142390=CIRCLE('',#142380,0.0399999999999978);
#142400=CARTESIAN_POINT('',(0.660000000000002,-1.38500000000002,-4.945))
;
#142410=VERTEX_POINT('',#142400);
#142420=EDGE_CURVE('',#142410,#142320,#142390,.T.);
#142430=ORIENTED_EDGE('',*,*,#142420,.T.);
#142440=CARTESIAN_POINT('',(0.610000000000003,-1.38500000000002,-4.945))
;
#142450=DIRECTION('',(0.,0.,-1.));
#142460=DIRECTION('',(3.33921496364911E-5,0.999999999442482,0.));
#142470=AXIS2_PLACEMENT_3D('',#142440,#142450,#142460);
#142480=CIRCLE('',#142470,0.0499999999999995);
#142490=CARTESIAN_POINT('',(0.609936127151478,-1.3350001674835,-4.945));
#142500=VERTEX_POINT('',#142490);
#142510=EDGE_CURVE('',#142500,#142410,#142480,.T.);
#142520=ORIENTED_EDGE('',*,*,#142510,.T.);
#142530=CARTESIAN_POINT('',(0.609870584701063,-1.3350001674835,-4.945));
#142540=DIRECTION('',(-1.,0.,0.));
#142550=VECTOR('',#142540,1.);
#142560=LINE('',#142530,#142550);
#142570=EDGE_CURVE('',#142500,#142000,#142560,.T.);
#142580=ORIENTED_EDGE('',*,*,#142570,.F.);
#142590=ORIENTED_EDGE('',*,*,#142010,.T.);
#142600=ORIENTED_EDGE('',*,*,#123410,.T.);
#142610=EDGE_LOOP('',(#142600,#142590,#142580,#142520,#142430,#142340,
#142260));
#142620=FACE_OUTER_BOUND('',#142610,.T.);
#142630=ADVANCED_FACE('',(#142620),#142180,.T.);
#142640=CARTESIAN_POINT('',(0.555000000000002,-1.50000000000002,-4.825))
;
#142650=DIRECTION('',(-1.22460635382238E-16,1.,0.));
#142660=DIRECTION('',(1.,1.22460635382238E-16,0.));
#142670=AXIS2_PLACEMENT_3D('',#142640,#142650,#142660);
#142680=PLANE('',#142670);
#142690=ORIENTED_EDGE('',*,*,#141830,.T.);
#142700=CARTESIAN_POINT('',(0.555000000000002,-1.50000000000002,-4.945))
;
#142710=DIRECTION('',(0.,0.,1.));
#142720=VECTOR('',#142710,1.);
#142730=LINE('',#142700,#142720);
#142740=EDGE_CURVE('',#142240,#141760,#142730,.T.);
#142750=ORIENTED_EDGE('',*,*,#142740,.T.);
#142760=ORIENTED_EDGE('',*,*,#142250,.F.);
#142770=ORIENTED_EDGE('',*,*,#123330,.F.);
#142780=EDGE_LOOP('',(#142770,#142760,#142750,#142690));
#142790=FACE_OUTER_BOUND('',#142780,.T.);
#142800=ADVANCED_FACE('',(#142790),#142680,.F.);
#142810=CARTESIAN_POINT('',(0.555000000000002,-1.50000000000002,-4.825))
;
#142820=DIRECTION('',(0.681370152881139,-0.731939010275264,0.));
#142830=DIRECTION('',(0.731939010275264,0.681370152881139,0.));
#142840=AXIS2_PLACEMENT_3D('',#142810,#142820,#142830);
#142850=PLANE('',#142840);
#142860=CARTESIAN_POINT('',(0.644946914281608,-1.4162674186307,-4.825));
#142870=DIRECTION('',(0.,0.,-1.));
#142880=VECTOR('',#142870,1.);
#142890=LINE('',#142860,#142880);
#142900=EDGE_CURVE('',#141680,#142320,#142890,.T.);
#142910=ORIENTED_EDGE('',*,*,#142900,.F.);
#142920=ORIENTED_EDGE('',*,*,#142330,.F.);
#142930=ORIENTED_EDGE('',*,*,#142740,.F.);
#142940=ORIENTED_EDGE('',*,*,#141770,.F.);
#142950=EDGE_LOOP('',(#142940,#142930,#142920,#142910));
#142960=FACE_OUTER_BOUND('',#142950,.T.);
#142970=ADVANCED_FACE('',(#142960),#142850,.T.);
#142980=CARTESIAN_POINT('',(0.620000000000004,-1.38500000000002,-4.825))
;
#142990=DIRECTION('',(0.,0.,-1.));
#143000=DIRECTION('',(1.,1.22460635382238E-16,0.));
#143010=AXIS2_PLACEMENT_3D('',#142980,#142990,#143000);
#143020=CYLINDRICAL_SURFACE('',#143010,0.0399999999999978);
#143030=CARTESIAN_POINT('',(0.660000000000002,-1.38500000000002,-4.825))
;
#143040=DIRECTION('',(0.,0.,-1.));
#143050=VECTOR('',#143040,1.);
#143060=LINE('',#143030,#143050);
#143070=EDGE_CURVE('',#141590,#142410,#143060,.T.);
#143080=ORIENTED_EDGE('',*,*,#143070,.F.);
#143090=ORIENTED_EDGE('',*,*,#142420,.F.);
#143100=ORIENTED_EDGE('',*,*,#142900,.T.);
#143110=ORIENTED_EDGE('',*,*,#141690,.F.);
#143120=EDGE_LOOP('',(#143110,#143100,#143090,#143080));
#143130=FACE_OUTER_BOUND('',#143120,.T.);
#143140=ADVANCED_FACE('',(#143130),#143020,.T.);
#143150=CARTESIAN_POINT('',(0.610000000000003,-1.38500000000002,-4.825))
;
#143160=DIRECTION('',(0.,0.,-1.));
#143170=DIRECTION('',(1.,1.22460635382238E-16,0.));
#143180=AXIS2_PLACEMENT_3D('',#143150,#143160,#143170);
#143190=CYLINDRICAL_SURFACE('',#143180,0.0499999999999995);
#143200=CARTESIAN_POINT('',(0.609870584701063,-1.3350001674835,-4.945));
#143210=DIRECTION('',(0.,0.,1.));
#143220=VECTOR('',#143210,1.);
#143230=LINE('',#143200,#143220);
#143240=EDGE_CURVE('',#142500,#141500,#143230,.T.);
#143250=ORIENTED_EDGE('',*,*,#143240,.T.);
#143260=ORIENTED_EDGE('',*,*,#142510,.F.);
#143270=ORIENTED_EDGE('',*,*,#143070,.T.);
#143280=ORIENTED_EDGE('',*,*,#141600,.F.);
#143290=EDGE_LOOP('',(#143280,#143270,#143260,#143250));
#143300=FACE_OUTER_BOUND('',#143290,.T.);
#143310=ADVANCED_FACE('',(#143300),#143190,.T.);
#143320=CARTESIAN_POINT('',(0.609870584701063,-1.3350001674835,-4.825));
#143330=DIRECTION('',(-1.22460635382238E-16,1.,0.));
#143340=DIRECTION('',(-1.,-1.22460635382238E-16,0.));
#143350=AXIS2_PLACEMENT_3D('',#143320,#143330,#143340);
#143360=PLANE('',#143350);
#143370=ORIENTED_EDGE('',*,*,#142070,.F.);
#143380=ORIENTED_EDGE('',*,*,#142570,.T.);
#143390=ORIENTED_EDGE('',*,*,#143240,.F.);
#143400=ORIENTED_EDGE('',*,*,#141510,.F.);
#143410=EDGE_LOOP('',(#143400,#143390,#143380,#143370));
#143420=FACE_OUTER_BOUND('',#143410,.T.);
#143430=ADVANCED_FACE('',(#143420),#143360,.T.);
#143440=CARTESIAN_POINT('',(-2.96101731916344,2.8223480408227,-5.225));
#143450=DIRECTION('',(0.,0.,-1.));
#143460=DIRECTION('',(1.,1.22460635382238E-16,0.));
#143470=AXIS2_PLACEMENT_3D('',#143440,#143450,#143460);
#143480=PLANE('',#143470);
#143490=CARTESIAN_POINT('',(0.598843446820732,-1.2350001674835,-5.225));
#143500=DIRECTION('',(0.,0.,-1.));
#143510=DIRECTION('',(0.,-1.,0.));
#143520=AXIS2_PLACEMENT_3D('',#143490,#143500,#143510);
#143530=CIRCLE('',#143520,0.0999999999999996);
#143540=CARTESIAN_POINT('',(0.598843446820732,-1.3350001674835,-5.225));
#143550=VERTEX_POINT('',#143540);
#143560=EDGE_CURVE('',#143550,#123820,#143530,.T.);
#143570=ORIENTED_EDGE('',*,*,#143560,.T.);
#143580=CARTESIAN_POINT('',(0.610000834848428,-1.3350001674835,-5.225));
#143590=DIRECTION('',(-1.,0.,0.));
#143600=VECTOR('',#143590,1.);
#143610=LINE('',#143580,#143600);
#143620=CARTESIAN_POINT('',(0.609935709448228,-1.33500004133279,-5.225))
;
#143630=VERTEX_POINT('',#143620);
#143640=EDGE_CURVE('',#143630,#143550,#143610,.T.);
#143650=ORIENTED_EDGE('',*,*,#143640,.T.);
#143660=CARTESIAN_POINT('',(0.610000000000003,-1.38500000000002,-5.225))
;
#143670=DIRECTION('',(0.,0.,1.));
#143680=DIRECTION('',(1.,3.9968028886506E-14,0.));
#143690=AXIS2_PLACEMENT_3D('',#143660,#143670,#143680);
#143700=CIRCLE('',#143690,0.0499999999999995);
#143710=CARTESIAN_POINT('',(0.660000000000002,-1.38500000000002,-5.225))
;
#143720=VERTEX_POINT('',#143710);
#143730=EDGE_CURVE('',#143720,#143630,#143700,.T.);
#143740=ORIENTED_EDGE('',*,*,#143730,.T.);
#143750=CARTESIAN_POINT('',(0.620000000000004,-1.38500000000002,-5.225))
;
#143760=DIRECTION('',(0.,0.,1.));
#143770=DIRECTION('',(0.623672857033065,-0.781685465772656,0.));
#143780=AXIS2_PLACEMENT_3D('',#143750,#143760,#143770);
#143790=CIRCLE('',#143780,0.0399999999999978);
#143800=CARTESIAN_POINT('',(0.644946914281481,-1.41626741863083,-5.225))
;
#143810=VERTEX_POINT('',#143800);
#143820=EDGE_CURVE('',#143810,#143720,#143790,.T.);
#143830=ORIENTED_EDGE('',*,*,#143820,.T.);
#143840=CARTESIAN_POINT('',(0.555000000000002,-1.50000000000002,-5.225))
;
#143850=DIRECTION('',(0.731939010275262,0.681370152881142,0.));
#143860=VECTOR('',#143850,1.);
#143870=LINE('',#143840,#143860);
#143880=CARTESIAN_POINT('',(0.555000000000002,-1.50000000000002,-5.225))
;
#143890=VERTEX_POINT('',#143880);
#143900=EDGE_CURVE('',#143890,#143810,#143870,.T.);
#143910=ORIENTED_EDGE('',*,*,#143900,.T.);
#143920=CARTESIAN_POINT('',(0.555000000000002,-1.50000000000002,-5.225))
;
#143930=DIRECTION('',(-1.,0.,0.));
#143940=VECTOR('',#143930,1.);
#143950=LINE('',#143920,#143940);
#143960=EDGE_CURVE('',#143890,#123660,#143950,.T.);
#143970=ORIENTED_EDGE('',*,*,#143960,.F.);
#143980=ORIENTED_EDGE('',*,*,#123890,.F.);
#143990=EDGE_LOOP('',(#143980,#143970,#143910,#143830,#143740,#143650,
#143570));
#144000=FACE_OUTER_BOUND('',#143990,.T.);
#144010=ADVANCED_FACE('',(#144000),#143480,.F.);
#144020=CARTESIAN_POINT('',(0.598843446820732,-1.2350001674835,-5.225));
#144030=DIRECTION('',(0.,0.,-1.));
#144040=DIRECTION('',(1.,1.22460635382238E-16,0.));
#144050=AXIS2_PLACEMENT_3D('',#144020,#144030,#144040);
#144060=CYLINDRICAL_SURFACE('',#144050,0.0999999999999996);
#144070=CARTESIAN_POINT('',(0.598843446820732,-1.2350001674835,-5.345));
#144080=DIRECTION('',(0.,0.,1.));
#144090=DIRECTION('',(-0.538434468207319,-0.842667386010816,0.));
#144100=AXIS2_PLACEMENT_3D('',#144070,#144080,#144090);
#144110=CIRCLE('',#144100,0.0999999999999996);
#144120=CARTESIAN_POINT('',(0.598843446820732,-1.3350001674835,-5.345));
#144130=VERTEX_POINT('',#144120);
#144140=EDGE_CURVE('',#123740,#144130,#144110,.T.);
#144150=ORIENTED_EDGE('',*,*,#144140,.F.);
#144160=CARTESIAN_POINT('',(0.598843446820732,-1.3350001674835,-5.225));
#144170=DIRECTION('',(0.,0.,-1.));
#144180=VECTOR('',#144170,1.);
#144190=LINE('',#144160,#144180);
#144200=EDGE_CURVE('',#143550,#144130,#144190,.T.);
#144210=ORIENTED_EDGE('',*,*,#144200,.T.);
#144220=ORIENTED_EDGE('',*,*,#143560,.F.);
#144230=ORIENTED_EDGE('',*,*,#123830,.T.);
#144240=EDGE_LOOP('',(#144230,#144220,#144210,#144150));
#144250=FACE_OUTER_BOUND('',#144240,.T.);
#144260=ADVANCED_FACE('',(#144250),#144060,.F.);
#144270=CARTESIAN_POINT('',(-2.96101731916344,2.8223480408227,-5.345));
#144280=DIRECTION('',(0.,0.,-1.));
#144290=DIRECTION('',(1.,1.22460635382238E-16,0.));
#144300=AXIS2_PLACEMENT_3D('',#144270,#144280,#144290);
#144310=PLANE('',#144300);
#144320=CARTESIAN_POINT('',(0.555000000000005,-1.50000000000002,-5.345))
;
#144330=DIRECTION('',(-1.,0.,0.));
#144340=VECTOR('',#144330,1.);
#144350=LINE('',#144320,#144340);
#144360=CARTESIAN_POINT('',(0.555000000000003,-1.50000000000002,-5.345))
;
#144370=VERTEX_POINT('',#144360);
#144380=EDGE_CURVE('',#144370,#123640,#144350,.T.);
#144390=ORIENTED_EDGE('',*,*,#144380,.T.);
#144400=CARTESIAN_POINT('',(0.644946914281415,-1.41626741863089,-5.345))
;
#144410=DIRECTION('',(-0.73193901027526,-0.681370152881144,0.));
#144420=VECTOR('',#144410,1.);
#144430=LINE('',#144400,#144420);
#144440=CARTESIAN_POINT('',(0.644946914281502,-1.41626741863078,-5.345))
;
#144450=VERTEX_POINT('',#144440);
#144460=EDGE_CURVE('',#144450,#144370,#144430,.T.);
#144470=ORIENTED_EDGE('',*,*,#144460,.T.);
#144480=CARTESIAN_POINT('',(0.620000000000004,-1.38500000000002,-5.345))
;
#144490=DIRECTION('',(0.,0.,-1.));
#144500=DIRECTION('',(1.,4.99600361081348E-14,0.));
#144510=AXIS2_PLACEMENT_3D('',#144480,#144490,#144500);
#144520=CIRCLE('',#144510,0.0399999999999978);
#144530=CARTESIAN_POINT('',(0.660000000000002,-1.38500000000002,-5.345))
;
#144540=VERTEX_POINT('',#144530);
#144550=EDGE_CURVE('',#144540,#144450,#144520,.T.);
#144560=ORIENTED_EDGE('',*,*,#144550,.T.);
#144570=CARTESIAN_POINT('',(0.610000000000003,-1.38500000000002,-5.345))
;
#144580=DIRECTION('',(0.,0.,-1.));
#144590=DIRECTION('',(3.33921496364911E-5,0.999999999442482,0.));
#144600=AXIS2_PLACEMENT_3D('',#144570,#144580,#144590);
#144610=CIRCLE('',#144600,0.0499999999999995);
#144620=CARTESIAN_POINT('',(0.609936127151478,-1.3350001674835,-5.345));
#144630=VERTEX_POINT('',#144620);
#144640=EDGE_CURVE('',#144630,#144540,#144610,.T.);
#144650=ORIENTED_EDGE('',*,*,#144640,.T.);
#144660=CARTESIAN_POINT('',(0.609870584701063,-1.3350001674835,-5.345));
#144670=DIRECTION('',(-1.,0.,0.));
#144680=VECTOR('',#144670,1.);
#144690=LINE('',#144660,#144680);
#144700=EDGE_CURVE('',#144630,#144130,#144690,.T.);
#144710=ORIENTED_EDGE('',*,*,#144700,.F.);
#144720=ORIENTED_EDGE('',*,*,#144140,.T.);
#144730=ORIENTED_EDGE('',*,*,#123750,.T.);
#144740=EDGE_LOOP('',(#144730,#144720,#144710,#144650,#144560,#144470,
#144390));
#144750=FACE_OUTER_BOUND('',#144740,.T.);
#144760=ADVANCED_FACE('',(#144750),#144310,.T.);
#144770=CARTESIAN_POINT('',(0.555000000000002,-1.50000000000002,-5.225))
;
#144780=DIRECTION('',(-1.22460635382238E-16,1.,0.));
#144790=DIRECTION('',(1.,1.22460635382238E-16,0.));
#144800=AXIS2_PLACEMENT_3D('',#144770,#144780,#144790);
#144810=PLANE('',#144800);
#144820=ORIENTED_EDGE('',*,*,#143960,.T.);
#144830=CARTESIAN_POINT('',(0.555000000000002,-1.50000000000002,-5.345))
;
#144840=DIRECTION('',(0.,0.,1.));
#144850=VECTOR('',#144840,1.);
#144860=LINE('',#144830,#144850);
#144870=EDGE_CURVE('',#144370,#143890,#144860,.T.);
#144880=ORIENTED_EDGE('',*,*,#144870,.T.);
#144890=ORIENTED_EDGE('',*,*,#144380,.F.);
#144900=ORIENTED_EDGE('',*,*,#123670,.F.);
#144910=EDGE_LOOP('',(#144900,#144890,#144880,#144820));
#144920=FACE_OUTER_BOUND('',#144910,.T.);
#144930=ADVANCED_FACE('',(#144920),#144810,.F.);
#144940=CARTESIAN_POINT('',(0.555000000000002,-1.50000000000002,-5.225))
;
#144950=DIRECTION('',(0.681370152881139,-0.731939010275264,0.));
#144960=DIRECTION('',(0.731939010275264,0.681370152881139,0.));
#144970=AXIS2_PLACEMENT_3D('',#144940,#144950,#144960);
#144980=PLANE('',#144970);
#144990=CARTESIAN_POINT('',(0.644946914281608,-1.4162674186307,-5.225));
#145000=DIRECTION('',(0.,0.,-1.));
#145010=VECTOR('',#145000,1.);
#145020=LINE('',#144990,#145010);
#145030=EDGE_CURVE('',#143810,#144450,#145020,.T.);
#145040=ORIENTED_EDGE('',*,*,#145030,.F.);
#145050=ORIENTED_EDGE('',*,*,#144460,.F.);
#145060=ORIENTED_EDGE('',*,*,#144870,.F.);
#145070=ORIENTED_EDGE('',*,*,#143900,.F.);
#145080=EDGE_LOOP('',(#145070,#145060,#145050,#145040));
#145090=FACE_OUTER_BOUND('',#145080,.T.);
#145100=ADVANCED_FACE('',(#145090),#144980,.T.);
#145110=CARTESIAN_POINT('',(0.620000000000004,-1.38500000000002,-5.225))
;
#145120=DIRECTION('',(0.,0.,-1.));
#145130=DIRECTION('',(1.,1.22460635382238E-16,0.));
#145140=AXIS2_PLACEMENT_3D('',#145110,#145120,#145130);
#145150=CYLINDRICAL_SURFACE('',#145140,0.0399999999999978);
#145160=CARTESIAN_POINT('',(0.660000000000002,-1.38500000000002,-5.225))
;
#145170=DIRECTION('',(0.,0.,-1.));
#145180=VECTOR('',#145170,1.);
#145190=LINE('',#145160,#145180);
#145200=EDGE_CURVE('',#143720,#144540,#145190,.T.);
#145210=ORIENTED_EDGE('',*,*,#145200,.F.);
#145220=ORIENTED_EDGE('',*,*,#144550,.F.);
#145230=ORIENTED_EDGE('',*,*,#145030,.T.);
#145240=ORIENTED_EDGE('',*,*,#143820,.F.);
#145250=EDGE_LOOP('',(#145240,#145230,#145220,#145210));
#145260=FACE_OUTER_BOUND('',#145250,.T.);
#145270=ADVANCED_FACE('',(#145260),#145150,.T.);
#145280=CARTESIAN_POINT('',(0.610000000000003,-1.38500000000002,-5.225))
;
#145290=DIRECTION('',(0.,0.,-1.));
#145300=DIRECTION('',(1.,1.22460635382238E-16,0.));
#145310=AXIS2_PLACEMENT_3D('',#145280,#145290,#145300);
#145320=CYLINDRICAL_SURFACE('',#145310,0.0499999999999995);
#145330=CARTESIAN_POINT('',(0.609870584701063,-1.3350001674835,-5.345));
#145340=DIRECTION('',(0.,0.,1.));
#145350=VECTOR('',#145340,1.);
#145360=LINE('',#145330,#145350);
#145370=EDGE_CURVE('',#144630,#143630,#145360,.T.);
#145380=ORIENTED_EDGE('',*,*,#145370,.T.);
#145390=ORIENTED_EDGE('',*,*,#144640,.F.);
#145400=ORIENTED_EDGE('',*,*,#145200,.T.);
#145410=ORIENTED_EDGE('',*,*,#143730,.F.);
#145420=EDGE_LOOP('',(#145410,#145400,#145390,#145380));
#145430=FACE_OUTER_BOUND('',#145420,.T.);
#145440=ADVANCED_FACE('',(#145430),#145320,.T.);
#145450=CARTESIAN_POINT('',(0.609870584701063,-1.3350001674835,-5.225));
#145460=DIRECTION('',(-1.22460635382238E-16,1.,0.));
#145470=DIRECTION('',(-1.,-1.22460635382238E-16,0.));
#145480=AXIS2_PLACEMENT_3D('',#145450,#145460,#145470);
#145490=PLANE('',#145480);
#145500=ORIENTED_EDGE('',*,*,#144200,.F.);
#145510=ORIENTED_EDGE('',*,*,#144700,.T.);
#145520=ORIENTED_EDGE('',*,*,#145370,.F.);
#145530=ORIENTED_EDGE('',*,*,#143640,.F.);
#145540=EDGE_LOOP('',(#145530,#145520,#145510,#145500));
#145550=FACE_OUTER_BOUND('',#145540,.T.);
#145560=ADVANCED_FACE('',(#145550),#145490,.T.);
#145570=CARTESIAN_POINT('',(0.555000000000002,-1.50000000000002,-5.625))
;
#145580=DIRECTION('',(-1.22460635382238E-16,1.,0.));
#145590=DIRECTION('',(1.,1.22460635382238E-16,0.));
#145600=AXIS2_PLACEMENT_3D('',#145570,#145580,#145590);
#145610=PLANE('',#145600);
#145620=CARTESIAN_POINT('',(0.555000000000002,-1.50000000000002,-5.625))
;
#145630=DIRECTION('',(-1.,0.,0.));
#145640=VECTOR('',#145630,1.);
#145650=LINE('',#145620,#145640);
#145660=CARTESIAN_POINT('',(0.555000000000002,-1.50000000000002,-5.625))
;
#145670=VERTEX_POINT('',#145660);
#145680=EDGE_CURVE('',#145670,#124160,#145650,.T.);
#145690=ORIENTED_EDGE('',*,*,#145680,.T.);
#145700=CARTESIAN_POINT('',(0.555000000000002,-1.50000000000002,-5.745))
;
#145710=DIRECTION('',(0.,0.,1.));
#145720=VECTOR('',#145710,1.);
#145730=LINE('',#145700,#145720);
#145740=CARTESIAN_POINT('',(0.555000000000004,-1.50000000000002,-5.745))
;
#145750=VERTEX_POINT('',#145740);
#145760=EDGE_CURVE('',#145750,#145670,#145730,.T.);
#145770=ORIENTED_EDGE('',*,*,#145760,.T.);
#145780=CARTESIAN_POINT('',(0.555000000000005,-1.50000000000002,-5.745))
;
#145790=DIRECTION('',(-1.,0.,0.));
#145800=VECTOR('',#145790,1.);
#145810=LINE('',#145780,#145800);
#145820=EDGE_CURVE('',#145750,#123980,#145810,.T.);
#145830=ORIENTED_EDGE('',*,*,#145820,.F.);
#145840=ORIENTED_EDGE('',*,*,#124230,.F.);
#145850=EDGE_LOOP('',(#145840,#145830,#145770,#145690));
#145860=FACE_OUTER_BOUND('',#145850,.T.);
#145870=ADVANCED_FACE('',(#145860),#145610,.F.);
#145880=CARTESIAN_POINT('',(-2.96101731916344,2.8223480408227,-5.625));
#145890=DIRECTION('',(0.,0.,-1.));
#145900=DIRECTION('',(1.,1.22460635382238E-16,0.));
#145910=AXIS2_PLACEMENT_3D('',#145880,#145890,#145900);
#145920=PLANE('',#145910);
#145930=CARTESIAN_POINT('',(0.598843446820732,-1.2350001674835,-5.625));
#145940=DIRECTION('',(0.,0.,-1.));
#145950=DIRECTION('',(0.,-1.,0.));
#145960=AXIS2_PLACEMENT_3D('',#145930,#145940,#145950);
#145970=CIRCLE('',#145960,0.0999999999999996);
#145980=CARTESIAN_POINT('',(0.598843446820732,-1.3350001674835,-5.625));
#145990=VERTEX_POINT('',#145980);
#146000=EDGE_CURVE('',#145990,#124080,#145970,.T.);
#146010=ORIENTED_EDGE('',*,*,#146000,.T.);
#146020=CARTESIAN_POINT('',(0.610000834848428,-1.3350001674835,-5.625));
#146030=DIRECTION('',(-1.,0.,0.));
#146040=VECTOR('',#146030,1.);
#146050=LINE('',#146020,#146040);
#146060=CARTESIAN_POINT('',(0.609935709448228,-1.33500004133279,-5.625))
;
#146070=VERTEX_POINT('',#146060);
#146080=EDGE_CURVE('',#146070,#145990,#146050,.T.);
#146090=ORIENTED_EDGE('',*,*,#146080,.T.);
#146100=CARTESIAN_POINT('',(0.610000000000003,-1.38500000000002,-5.625))
;
#146110=DIRECTION('',(0.,0.,1.));
#146120=DIRECTION('',(1.,3.9968028886506E-14,0.));
#146130=AXIS2_PLACEMENT_3D('',#146100,#146110,#146120);
#146140=CIRCLE('',#146130,0.0499999999999995);
#146150=CARTESIAN_POINT('',(0.660000000000002,-1.38500000000002,-5.625))
;
#146160=VERTEX_POINT('',#146150);
#146170=EDGE_CURVE('',#146160,#146070,#146140,.T.);
#146180=ORIENTED_EDGE('',*,*,#146170,.T.);
#146190=CARTESIAN_POINT('',(0.620000000000004,-1.38500000000002,-5.625))
;
#146200=DIRECTION('',(0.,0.,1.));
#146210=DIRECTION('',(0.623672857033073,-0.78168546577265,0.));
#146220=AXIS2_PLACEMENT_3D('',#146190,#146200,#146210);
#146230=CIRCLE('',#146220,0.0399999999999978);
#146240=CARTESIAN_POINT('',(0.644946914281482,-1.41626741863083,-5.625))
;
#146250=VERTEX_POINT('',#146240);
#146260=EDGE_CURVE('',#146250,#146160,#146230,.T.);
#146270=ORIENTED_EDGE('',*,*,#146260,.T.);
#146280=CARTESIAN_POINT('',(0.555000000000002,-1.50000000000002,-5.625))
;
#146290=DIRECTION('',(0.731939010275263,0.68137015288114,0.));
#146300=VECTOR('',#146290,1.);
#146310=LINE('',#146280,#146300);
#146320=EDGE_CURVE('',#145670,#146250,#146310,.T.);
#146330=ORIENTED_EDGE('',*,*,#146320,.T.);
#146340=ORIENTED_EDGE('',*,*,#145680,.F.);
#146350=ORIENTED_EDGE('',*,*,#124170,.F.);
#146360=EDGE_LOOP('',(#146350,#146340,#146330,#146270,#146180,#146090,
#146010));
#146370=FACE_OUTER_BOUND('',#146360,.T.);
#146380=ADVANCED_FACE('',(#146370),#145920,.F.);
#146390=CARTESIAN_POINT('',(0.598843446820732,-1.2350001674835,-5.625));
#146400=DIRECTION('',(0.,0.,-1.));
#146410=DIRECTION('',(1.,1.22460635382238E-16,0.));
#146420=AXIS2_PLACEMENT_3D('',#146390,#146400,#146410);
#146430=CYLINDRICAL_SURFACE('',#146420,0.0999999999999996);
#146440=CARTESIAN_POINT('',(0.598843446820732,-1.2350001674835,-5.745));
#146450=DIRECTION('',(0.,0.,1.));
#146460=DIRECTION('',(-0.538434468207319,-0.842667386010816,0.));
#146470=AXIS2_PLACEMENT_3D('',#146440,#146450,#146460);
#146480=CIRCLE('',#146470,0.0999999999999996);
#146490=CARTESIAN_POINT('',(0.598843446820732,-1.3350001674835,-5.745));
#146500=VERTEX_POINT('',#146490);
#146510=EDGE_CURVE('',#124000,#146500,#146480,.T.);
#146520=ORIENTED_EDGE('',*,*,#146510,.F.);
#146530=CARTESIAN_POINT('',(0.598843446820732,-1.3350001674835,-5.625));
#146540=DIRECTION('',(0.,0.,-1.));
#146550=VECTOR('',#146540,1.);
#146560=LINE('',#146530,#146550);
#146570=EDGE_CURVE('',#145990,#146500,#146560,.T.);
#146580=ORIENTED_EDGE('',*,*,#146570,.T.);
#146590=ORIENTED_EDGE('',*,*,#146000,.F.);
#146600=ORIENTED_EDGE('',*,*,#124090,.T.);
#146610=EDGE_LOOP('',(#146600,#146590,#146580,#146520));
#146620=FACE_OUTER_BOUND('',#146610,.T.);
#146630=ADVANCED_FACE('',(#146620),#146430,.F.);
#146640=CARTESIAN_POINT('',(-2.96101731916344,2.8223480408227,-5.745));
#146650=DIRECTION('',(0.,0.,-1.));
#146660=DIRECTION('',(1.,1.22460635382238E-16,0.));
#146670=AXIS2_PLACEMENT_3D('',#146640,#146650,#146660);
#146680=PLANE('',#146670);
#146690=ORIENTED_EDGE('',*,*,#145820,.T.);
#146700=CARTESIAN_POINT('',(0.644946914281415,-1.41626741863089,-5.745))
;
#146710=DIRECTION('',(-0.73193901027526,-0.681370152881144,0.));
#146720=VECTOR('',#146710,1.);
#146730=LINE('',#146700,#146720);
#146740=CARTESIAN_POINT('',(0.644946914281502,-1.41626741863078,-5.745))
;
#146750=VERTEX_POINT('',#146740);
#146760=EDGE_CURVE('',#146750,#145750,#146730,.T.);
#146770=ORIENTED_EDGE('',*,*,#146760,.T.);
#146780=CARTESIAN_POINT('',(0.620000000000004,-1.38500000000002,-5.745))
;
#146790=DIRECTION('',(0.,0.,-1.));
#146800=DIRECTION('',(1.,4.99600361081348E-14,0.));
#146810=AXIS2_PLACEMENT_3D('',#146780,#146790,#146800);
#146820=CIRCLE('',#146810,0.0399999999999978);
#146830=CARTESIAN_POINT('',(0.660000000000002,-1.38500000000002,-5.745))
;
#146840=VERTEX_POINT('',#146830);
#146850=EDGE_CURVE('',#146840,#146750,#146820,.T.);
#146860=ORIENTED_EDGE('',*,*,#146850,.T.);
#146870=CARTESIAN_POINT('',(0.610000000000003,-1.38500000000002,-5.745))
;
#146880=DIRECTION('',(0.,0.,-1.));
#146890=DIRECTION('',(3.33921496364911E-5,0.999999999442482,0.));
#146900=AXIS2_PLACEMENT_3D('',#146870,#146880,#146890);
#146910=CIRCLE('',#146900,0.0499999999999995);
#146920=CARTESIAN_POINT('',(0.609936127151478,-1.3350001674835,-5.745));
#146930=VERTEX_POINT('',#146920);
#146940=EDGE_CURVE('',#146930,#146840,#146910,.T.);
#146950=ORIENTED_EDGE('',*,*,#146940,.T.);
#146960=CARTESIAN_POINT('',(0.609870584701063,-1.3350001674835,-5.745));
#146970=DIRECTION('',(-1.,0.,0.));
#146980=VECTOR('',#146970,1.);
#146990=LINE('',#146960,#146980);
#147000=EDGE_CURVE('',#146930,#146500,#146990,.T.);
#147010=ORIENTED_EDGE('',*,*,#147000,.F.);
#147020=ORIENTED_EDGE('',*,*,#146510,.T.);
#147030=ORIENTED_EDGE('',*,*,#124010,.T.);
#147040=EDGE_LOOP('',(#147030,#147020,#147010,#146950,#146860,#146770,
#146690));
#147050=FACE_OUTER_BOUND('',#147040,.T.);
#147060=ADVANCED_FACE('',(#147050),#146680,.T.);
#147070=CARTESIAN_POINT('',(0.555000000000002,-1.50000000000002,-5.625))
;
#147080=DIRECTION('',(0.681370152881139,-0.731939010275264,0.));
#147090=DIRECTION('',(0.731939010275264,0.681370152881139,0.));
#147100=AXIS2_PLACEMENT_3D('',#147070,#147080,#147090);
#147110=PLANE('',#147100);
#147120=CARTESIAN_POINT('',(0.644946914281608,-1.4162674186307,-5.625));
#147130=DIRECTION('',(0.,0.,-1.));
#147140=VECTOR('',#147130,1.);
#147150=LINE('',#147120,#147140);
#147160=EDGE_CURVE('',#146250,#146750,#147150,.T.);
#147170=ORIENTED_EDGE('',*,*,#147160,.F.);
#147180=ORIENTED_EDGE('',*,*,#146760,.F.);
#147190=ORIENTED_EDGE('',*,*,#145760,.F.);
#147200=ORIENTED_EDGE('',*,*,#146320,.F.);
#147210=EDGE_LOOP('',(#147200,#147190,#147180,#147170));
#147220=FACE_OUTER_BOUND('',#147210,.T.);
#147230=ADVANCED_FACE('',(#147220),#147110,.T.);
#147240=CARTESIAN_POINT('',(0.620000000000004,-1.38500000000002,-5.625))
;
#147250=DIRECTION('',(0.,0.,-1.));
#147260=DIRECTION('',(1.,1.22460635382238E-16,0.));
#147270=AXIS2_PLACEMENT_3D('',#147240,#147250,#147260);
#147280=CYLINDRICAL_SURFACE('',#147270,0.0399999999999978);
#147290=CARTESIAN_POINT('',(0.660000000000002,-1.38500000000002,-5.625))
;
#147300=DIRECTION('',(0.,0.,-1.));
#147310=VECTOR('',#147300,1.);
#147320=LINE('',#147290,#147310);
#147330=EDGE_CURVE('',#146160,#146840,#147320,.T.);
#147340=ORIENTED_EDGE('',*,*,#147330,.F.);
#147350=ORIENTED_EDGE('',*,*,#146850,.F.);
#147360=ORIENTED_EDGE('',*,*,#147160,.T.);
#147370=ORIENTED_EDGE('',*,*,#146260,.F.);
#147380=EDGE_LOOP('',(#147370,#147360,#147350,#147340));
#147390=FACE_OUTER_BOUND('',#147380,.T.);
#147400=ADVANCED_FACE('',(#147390),#147280,.T.);
#147410=CARTESIAN_POINT('',(0.610000000000003,-1.38500000000002,-5.625))
;
#147420=DIRECTION('',(0.,0.,-1.));
#147430=DIRECTION('',(1.,1.22460635382238E-16,0.));
#147440=AXIS2_PLACEMENT_3D('',#147410,#147420,#147430);
#147450=CYLINDRICAL_SURFACE('',#147440,0.0499999999999995);
#147460=CARTESIAN_POINT('',(0.609870584701063,-1.3350001674835,-5.745));
#147470=DIRECTION('',(0.,0.,1.));
#147480=VECTOR('',#147470,1.);
#147490=LINE('',#147460,#147480);
#147500=EDGE_CURVE('',#146930,#146070,#147490,.T.);
#147510=ORIENTED_EDGE('',*,*,#147500,.T.);
#147520=ORIENTED_EDGE('',*,*,#146940,.F.);
#147530=ORIENTED_EDGE('',*,*,#147330,.T.);
#147540=ORIENTED_EDGE('',*,*,#146170,.F.);
#147550=EDGE_LOOP('',(#147540,#147530,#147520,#147510));
#147560=FACE_OUTER_BOUND('',#147550,.T.);
#147570=ADVANCED_FACE('',(#147560),#147450,.T.);
#147580=CARTESIAN_POINT('',(0.609870584701063,-1.3350001674835,-5.625));
#147590=DIRECTION('',(-1.22460635382238E-16,1.,0.));
#147600=DIRECTION('',(-1.,-1.22460635382238E-16,0.));
#147610=AXIS2_PLACEMENT_3D('',#147580,#147590,#147600);
#147620=PLANE('',#147610);
#147630=ORIENTED_EDGE('',*,*,#146570,.F.);
#147640=ORIENTED_EDGE('',*,*,#147000,.T.);
#147650=ORIENTED_EDGE('',*,*,#147500,.F.);
#147660=ORIENTED_EDGE('',*,*,#146080,.F.);
#147670=EDGE_LOOP('',(#147660,#147650,#147640,#147630));
#147680=FACE_OUTER_BOUND('',#147670,.T.);
#147690=ADVANCED_FACE('',(#147680),#147620,.T.);
#147700=CARTESIAN_POINT('',(0.555000000000002,-1.50000000000002,-3.625))
;
#147710=DIRECTION('',(-1.22460635382238E-16,1.,0.));
#147720=DIRECTION('',(1.,1.22460635382238E-16,0.));
#147730=AXIS2_PLACEMENT_3D('',#147700,#147710,#147720);
#147740=PLANE('',#147730);
#147750=CARTESIAN_POINT('',(0.555000000000001,-1.50000000000002,-3.625))
;
#147760=DIRECTION('',(-1.,0.,0.));
#147770=VECTOR('',#147760,1.);
#147780=LINE('',#147750,#147770);
#147790=CARTESIAN_POINT('',(0.555000000000002,-1.50000000000002,-3.625))
;
#147800=VERTEX_POINT('',#147790);
#147810=EDGE_CURVE('',#147800,#124500,#147780,.T.);
#147820=ORIENTED_EDGE('',*,*,#147810,.T.);
#147830=CARTESIAN_POINT('',(0.555000000000001,-1.50000000000002,-3.745))
;
#147840=DIRECTION('',(0.,0.,1.));
#147850=VECTOR('',#147840,1.);
#147860=LINE('',#147830,#147850);
#147870=CARTESIAN_POINT('',(0.554999999999997,-1.50000000000002,-3.745))
;
#147880=VERTEX_POINT('',#147870);
#147890=EDGE_CURVE('',#147880,#147800,#147860,.T.);
#147900=ORIENTED_EDGE('',*,*,#147890,.T.);
#147910=CARTESIAN_POINT('',(0.554999999999993,-1.50000000000002,-3.745))
;
#147920=DIRECTION('',(-1.,0.,0.));
#147930=VECTOR('',#147920,1.);
#147940=LINE('',#147910,#147930);
#147950=EDGE_CURVE('',#147880,#124340,#147940,.T.);
#147960=ORIENTED_EDGE('',*,*,#147950,.F.);
#147970=ORIENTED_EDGE('',*,*,#124570,.T.);
#147980=EDGE_LOOP('',(#147970,#147960,#147900,#147820));
#147990=FACE_OUTER_BOUND('',#147980,.T.);
#148000=ADVANCED_FACE('',(#147990),#147740,.F.);
#148010=CARTESIAN_POINT('',(-2.96101731916344,2.8223480408227,-3.625));
#148020=DIRECTION('',(0.,0.,-1.));
#148030=DIRECTION('',(1.,1.22460635382238E-16,0.));
#148040=AXIS2_PLACEMENT_3D('',#148010,#148020,#148030);
#148050=PLANE('',#148040);
#148060=CARTESIAN_POINT('',(0.598843446820732,-1.2350001674835,-3.625));
#148070=DIRECTION('',(0.,0.,-1.));
#148080=DIRECTION('',(0.,-1.,0.));
#148090=AXIS2_PLACEMENT_3D('',#148060,#148070,#148080);
#148100=CIRCLE('',#148090,0.0999999999999996);
#148110=CARTESIAN_POINT('',(0.598843446820732,-1.3350001674835,-3.625));
#148120=VERTEX_POINT('',#148110);
#148130=EDGE_CURVE('',#148120,#124420,#148100,.T.);
#148140=ORIENTED_EDGE('',*,*,#148130,.T.);
#148150=CARTESIAN_POINT('',(0.610000834848428,-1.3350001674835,-3.625));
#148160=DIRECTION('',(-1.,0.,0.));
#148170=VECTOR('',#148160,1.);
#148180=LINE('',#148150,#148170);
#148190=CARTESIAN_POINT('',(0.609935709448228,-1.33500004133279,-3.625))
;
#148200=VERTEX_POINT('',#148190);
#148210=EDGE_CURVE('',#148200,#148120,#148180,.T.);
#148220=ORIENTED_EDGE('',*,*,#148210,.T.);
#148230=CARTESIAN_POINT('',(0.610000000000003,-1.38500000000002,-3.625))
;
#148240=DIRECTION('',(0.,0.,1.));
#148250=DIRECTION('',(1.,3.9968028886506E-14,0.));
#148260=AXIS2_PLACEMENT_3D('',#148230,#148240,#148250);
#148270=CIRCLE('',#148260,0.0499999999999995);
#148280=CARTESIAN_POINT('',(0.660000000000002,-1.38500000000002,-3.625))
;
#148290=VERTEX_POINT('',#148280);
#148300=EDGE_CURVE('',#148290,#148200,#148270,.T.);
#148310=ORIENTED_EDGE('',*,*,#148300,.T.);
#148320=CARTESIAN_POINT('',(0.620000000000004,-1.38500000000002,-3.625))
;
#148330=DIRECTION('',(0.,0.,1.));
#148340=DIRECTION('',(0.623672857036585,-0.781685465769848,0.));
#148350=AXIS2_PLACEMENT_3D('',#148320,#148330,#148340);
#148360=CIRCLE('',#148350,0.0399999999999978);
#148370=CARTESIAN_POINT('',(0.644946914281581,-1.41626741863074,-3.625))
;
#148380=VERTEX_POINT('',#148370);
#148390=EDGE_CURVE('',#148380,#148290,#148360,.T.);
#148400=ORIENTED_EDGE('',*,*,#148390,.T.);
#148410=CARTESIAN_POINT('',(0.554999999999996,-1.50000000000002,-3.625))
;
#148420=DIRECTION('',(0.731939010275261,0.681370152881142,0.));
#148430=VECTOR('',#148420,1.);
#148440=LINE('',#148410,#148430);
#148450=EDGE_CURVE('',#147800,#148380,#148440,.T.);
#148460=ORIENTED_EDGE('',*,*,#148450,.T.);
#148470=ORIENTED_EDGE('',*,*,#147810,.F.);
#148480=ORIENTED_EDGE('',*,*,#124510,.T.);
#148490=EDGE_LOOP('',(#148480,#148470,#148460,#148400,#148310,#148220,
#148140));
#148500=FACE_OUTER_BOUND('',#148490,.T.);
#148510=ADVANCED_FACE('',(#148500),#148050,.F.);
#148520=CARTESIAN_POINT('',(0.598843446820732,-1.2350001674835,-3.625));
#148530=DIRECTION('',(0.,0.,-1.));
#148540=DIRECTION('',(1.,1.22460635382238E-16,0.));
#148550=AXIS2_PLACEMENT_3D('',#148520,#148530,#148540);
#148560=CYLINDRICAL_SURFACE('',#148550,0.0999999999999996);
#148570=CARTESIAN_POINT('',(0.598843446820732,-1.2350001674835,-3.745));
#148580=DIRECTION('',(0.,0.,1.));
#148590=DIRECTION('',(-0.538434468207319,-0.842667386010816,0.));
#148600=AXIS2_PLACEMENT_3D('',#148570,#148580,#148590);
#148610=CIRCLE('',#148600,0.0999999999999996);
#148620=CARTESIAN_POINT('',(0.598843446820732,-1.3350001674835,-3.745));
#148630=VERTEX_POINT('',#148620);
#148640=EDGE_CURVE('',#124320,#148630,#148610,.T.);
#148650=ORIENTED_EDGE('',*,*,#148640,.F.);
#148660=CARTESIAN_POINT('',(0.598843446820732,-1.3350001674835,-3.625));
#148670=DIRECTION('',(0.,0.,-1.));
#148680=VECTOR('',#148670,1.);
#148690=LINE('',#148660,#148680);
#148700=EDGE_CURVE('',#148120,#148630,#148690,.T.);
#148710=ORIENTED_EDGE('',*,*,#148700,.T.);
#148720=ORIENTED_EDGE('',*,*,#148130,.F.);
#148730=ORIENTED_EDGE('',*,*,#124430,.T.);
#148740=EDGE_LOOP('',(#148730,#148720,#148710,#148650));
#148750=FACE_OUTER_BOUND('',#148740,.T.);
#148760=ADVANCED_FACE('',(#148750),#148560,.F.);
#148770=CARTESIAN_POINT('',(-2.96101731916344,2.8223480408227,-3.745));
#148780=DIRECTION('',(0.,0.,-1.));
#148790=DIRECTION('',(1.,1.22460635382238E-16,0.));
#148800=AXIS2_PLACEMENT_3D('',#148770,#148780,#148790);
#148810=PLANE('',#148800);
#148820=ORIENTED_EDGE('',*,*,#147950,.T.);
#148830=CARTESIAN_POINT('',(0.644946914281605,-1.41626741863071,-3.745))
;
#148840=DIRECTION('',(-0.731939010275263,-0.681370152881141,0.));
#148850=VECTOR('',#148840,1.);
#148860=LINE('',#148830,#148850);
#148870=CARTESIAN_POINT('',(0.644946914281642,-1.41626741863067,-3.745))
;
#148880=VERTEX_POINT('',#148870);
#148890=EDGE_CURVE('',#148880,#147880,#148860,.T.);
#148900=ORIENTED_EDGE('',*,*,#148890,.T.);
#148910=CARTESIAN_POINT('',(0.620000000000004,-1.38500000000002,-3.745))
;
#148920=DIRECTION('',(0.,0.,-1.));
#148930=DIRECTION('',(1.,4.99600361081348E-14,0.));
#148940=AXIS2_PLACEMENT_3D('',#148910,#148920,#148930);
#148950=CIRCLE('',#148940,0.0399999999999978);
#148960=CARTESIAN_POINT('',(0.660000000000002,-1.38500000000002,-3.745))
;
#148970=VERTEX_POINT('',#148960);
#148980=EDGE_CURVE('',#148970,#148880,#148950,.T.);
#148990=ORIENTED_EDGE('',*,*,#148980,.T.);
#149000=CARTESIAN_POINT('',(0.610000000000003,-1.38500000000002,-3.745))
;
#149010=DIRECTION('',(0.,0.,-1.));
#149020=DIRECTION('',(3.33921496364911E-5,0.999999999442482,0.));
#149030=AXIS2_PLACEMENT_3D('',#149000,#149010,#149020);
#149040=CIRCLE('',#149030,0.0499999999999995);
#149050=CARTESIAN_POINT('',(0.609936127151478,-1.3350001674835,-3.745));
#149060=VERTEX_POINT('',#149050);
#149070=EDGE_CURVE('',#149060,#148970,#149040,.T.);
#149080=ORIENTED_EDGE('',*,*,#149070,.T.);
#149090=CARTESIAN_POINT('',(0.609870584701063,-1.3350001674835,-3.745));
#149100=DIRECTION('',(-1.,0.,0.));
#149110=VECTOR('',#149100,1.);
#149120=LINE('',#149090,#149110);
#149130=EDGE_CURVE('',#149060,#148630,#149120,.T.);
#149140=ORIENTED_EDGE('',*,*,#149130,.F.);
#149150=ORIENTED_EDGE('',*,*,#148640,.T.);
#149160=ORIENTED_EDGE('',*,*,#124350,.F.);
#149170=EDGE_LOOP('',(#149160,#149150,#149140,#149080,#148990,#148900,
#148820));
#149180=FACE_OUTER_BOUND('',#149170,.T.);
#149190=ADVANCED_FACE('',(#149180),#148810,.T.);
#149200=CARTESIAN_POINT('',(0.555000000000002,-1.50000000000002,-3.625))
;
#149210=DIRECTION('',(0.681370152881139,-0.731939010275264,0.));
#149220=DIRECTION('',(0.731939010275264,0.681370152881139,0.));
#149230=AXIS2_PLACEMENT_3D('',#149200,#149210,#149220);
#149240=PLANE('',#149230);
#149250=CARTESIAN_POINT('',(0.64494691428168,-1.41626741863064,-3.625));
#149260=DIRECTION('',(0.,0.,-1.));
#149270=VECTOR('',#149260,1.);
#149280=LINE('',#149250,#149270);
#149290=EDGE_CURVE('',#148380,#148880,#149280,.T.);
#149300=ORIENTED_EDGE('',*,*,#149290,.F.);
#149310=ORIENTED_EDGE('',*,*,#148890,.F.);
#149320=ORIENTED_EDGE('',*,*,#147890,.F.);
#149330=ORIENTED_EDGE('',*,*,#148450,.F.);
#149340=EDGE_LOOP('',(#149330,#149320,#149310,#149300));
#149350=FACE_OUTER_BOUND('',#149340,.T.);
#149360=ADVANCED_FACE('',(#149350),#149240,.T.);
#149370=CARTESIAN_POINT('',(0.620000000000004,-1.38500000000002,-3.625))
;
#149380=DIRECTION('',(0.,0.,-1.));
#149390=DIRECTION('',(1.,1.22460635382238E-16,0.));
#149400=AXIS2_PLACEMENT_3D('',#149370,#149380,#149390);
#149410=CYLINDRICAL_SURFACE('',#149400,0.0399999999999978);
#149420=CARTESIAN_POINT('',(0.660000000000002,-1.38500000000002,-3.625))
;
#149430=DIRECTION('',(0.,0.,-1.));
#149440=VECTOR('',#149430,1.);
#149450=LINE('',#149420,#149440);
#149460=EDGE_CURVE('',#148290,#148970,#149450,.T.);
#149470=ORIENTED_EDGE('',*,*,#149460,.F.);
#149480=ORIENTED_EDGE('',*,*,#148980,.F.);
#149490=ORIENTED_EDGE('',*,*,#149290,.T.);
#149500=ORIENTED_EDGE('',*,*,#148390,.F.);
#149510=EDGE_LOOP('',(#149500,#149490,#149480,#149470));
#149520=FACE_OUTER_BOUND('',#149510,.T.);
#149530=ADVANCED_FACE('',(#149520),#149410,.T.);
#149540=CARTESIAN_POINT('',(0.610000000000003,-1.38500000000002,-3.625))
;
#149550=DIRECTION('',(0.,0.,-1.));
#149560=DIRECTION('',(1.,1.22460635382238E-16,0.));
#149570=AXIS2_PLACEMENT_3D('',#149540,#149550,#149560);
#149580=CYLINDRICAL_SURFACE('',#149570,0.0499999999999995);
#149590=CARTESIAN_POINT('',(0.609870584701063,-1.3350001674835,-3.745));
#149600=DIRECTION('',(0.,0.,1.));
#149610=VECTOR('',#149600,1.);
#149620=LINE('',#149590,#149610);
#149630=EDGE_CURVE('',#149060,#148200,#149620,.T.);
#149640=ORIENTED_EDGE('',*,*,#149630,.T.);
#149650=ORIENTED_EDGE('',*,*,#149070,.F.);
#149660=ORIENTED_EDGE('',*,*,#149460,.T.);
#149670=ORIENTED_EDGE('',*,*,#148300,.F.);
#149680=EDGE_LOOP('',(#149670,#149660,#149650,#149640));
#149690=FACE_OUTER_BOUND('',#149680,.T.);
#149700=ADVANCED_FACE('',(#149690),#149580,.T.);
#149710=CARTESIAN_POINT('',(0.609870584701063,-1.3350001674835,-3.625));
#149720=DIRECTION('',(-1.22460635382238E-16,1.,0.));
#149730=DIRECTION('',(-1.,-1.22460635382238E-16,0.));
#149740=AXIS2_PLACEMENT_3D('',#149710,#149720,#149730);
#149750=PLANE('',#149740);
#149760=ORIENTED_EDGE('',*,*,#148700,.F.);
#149770=ORIENTED_EDGE('',*,*,#149130,.T.);
#149780=ORIENTED_EDGE('',*,*,#149630,.F.);
#149790=ORIENTED_EDGE('',*,*,#148210,.F.);
#149800=EDGE_LOOP('',(#149790,#149780,#149770,#149760));
#149810=FACE_OUTER_BOUND('',#149800,.T.);
#149820=ADVANCED_FACE('',(#149810),#149750,.T.);
#149830=CARTESIAN_POINT('',(0.555000000000002,-1.50000000000002,-4.025))
;
#149840=DIRECTION('',(-1.22460635382238E-16,1.,0.));
#149850=DIRECTION('',(1.,1.22460635382238E-16,0.));
#149860=AXIS2_PLACEMENT_3D('',#149830,#149840,#149850);
#149870=PLANE('',#149860);
#149880=CARTESIAN_POINT('',(0.555000000000002,-1.50000000000002,-4.025))
;
#149890=DIRECTION('',(-1.,0.,0.));
#149900=VECTOR('',#149890,1.);
#149910=LINE('',#149880,#149900);
#149920=CARTESIAN_POINT('',(0.555000000000002,-1.50000000000002,-4.025))
;
#149930=VERTEX_POINT('',#149920);
#149940=EDGE_CURVE('',#149930,#124840,#149910,.T.);
#149950=ORIENTED_EDGE('',*,*,#149940,.T.);
#149960=CARTESIAN_POINT('',(0.555000000000002,-1.50000000000002,-4.145))
;
#149970=DIRECTION('',(0.,0.,1.));
#149980=VECTOR('',#149970,1.);
#149990=LINE('',#149960,#149980);
#150000=CARTESIAN_POINT('',(0.555000000000004,-1.50000000000002,-4.145))
;
#150010=VERTEX_POINT('',#150000);
#150020=EDGE_CURVE('',#150010,#149930,#149990,.T.);
#150030=ORIENTED_EDGE('',*,*,#150020,.T.);
#150040=CARTESIAN_POINT('',(0.555000000000005,-1.50000000000002,-4.145))
;
#150050=DIRECTION('',(-1.,0.,0.));
#150060=VECTOR('',#150050,1.);
#150070=LINE('',#150040,#150060);
#150080=EDGE_CURVE('',#150010,#124660,#150070,.T.);
#150090=ORIENTED_EDGE('',*,*,#150080,.F.);
#150100=ORIENTED_EDGE('',*,*,#124910,.F.);
#150110=EDGE_LOOP('',(#150100,#150090,#150030,#149950));
#150120=FACE_OUTER_BOUND('',#150110,.T.);
#150130=ADVANCED_FACE('',(#150120),#149870,.F.);
#150140=CARTESIAN_POINT('',(-2.96101731916344,2.8223480408227,-4.025));
#150150=DIRECTION('',(0.,0.,-1.));
#150160=DIRECTION('',(1.,1.22460635382238E-16,0.));
#150170=AXIS2_PLACEMENT_3D('',#150140,#150150,#150160);
#150180=PLANE('',#150170);
#150190=CARTESIAN_POINT('',(0.598843446820732,-1.2350001674835,-4.025));
#150200=DIRECTION('',(0.,0.,-1.));
#150210=DIRECTION('',(0.,-1.,0.));
#150220=AXIS2_PLACEMENT_3D('',#150190,#150200,#150210);
#150230=CIRCLE('',#150220,0.0999999999999996);
#150240=CARTESIAN_POINT('',(0.598843446820732,-1.3350001674835,-4.025));
#150250=VERTEX_POINT('',#150240);
#150260=EDGE_CURVE('',#150250,#124760,#150230,.T.);
#150270=ORIENTED_EDGE('',*,*,#150260,.T.);
#150280=CARTESIAN_POINT('',(0.610000834848428,-1.3350001674835,-4.025));
#150290=DIRECTION('',(-1.,0.,0.));
#150300=VECTOR('',#150290,1.);
#150310=LINE('',#150280,#150300);
#150320=CARTESIAN_POINT('',(0.609935709448228,-1.33500004133279,-4.025))
;
#150330=VERTEX_POINT('',#150320);
#150340=EDGE_CURVE('',#150330,#150250,#150310,.T.);
#150350=ORIENTED_EDGE('',*,*,#150340,.T.);
#150360=CARTESIAN_POINT('',(0.610000000000003,-1.38500000000002,-4.025))
;
#150370=DIRECTION('',(0.,0.,1.));
#150380=DIRECTION('',(1.,3.9968028886506E-14,0.));
#150390=AXIS2_PLACEMENT_3D('',#150360,#150370,#150380);
#150400=CIRCLE('',#150390,0.0499999999999995);
#150410=CARTESIAN_POINT('',(0.660000000000002,-1.38500000000002,-4.025))
;
#150420=VERTEX_POINT('',#150410);
#150430=EDGE_CURVE('',#150420,#150330,#150400,.T.);
#150440=ORIENTED_EDGE('',*,*,#150430,.T.);
#150450=CARTESIAN_POINT('',(0.620000000000004,-1.38500000000002,-4.025))
;
#150460=DIRECTION('',(0.,0.,1.));
#150470=DIRECTION('',(0.623672857033065,-0.781685465772656,0.));
#150480=AXIS2_PLACEMENT_3D('',#150450,#150460,#150470);
#150490=CIRCLE('',#150480,0.0399999999999978);
#150500=CARTESIAN_POINT('',(0.644946914281481,-1.41626741863083,-4.025))
;
#150510=VERTEX_POINT('',#150500);
#150520=EDGE_CURVE('',#150510,#150420,#150490,.T.);
#150530=ORIENTED_EDGE('',*,*,#150520,.T.);
#150540=CARTESIAN_POINT('',(0.555000000000002,-1.50000000000002,-4.025))
;
#150550=DIRECTION('',(0.731939010275262,0.681370152881142,0.));
#150560=VECTOR('',#150550,1.);
#150570=LINE('',#150540,#150560);
#150580=EDGE_CURVE('',#149930,#150510,#150570,.T.);
#150590=ORIENTED_EDGE('',*,*,#150580,.T.);
#150600=ORIENTED_EDGE('',*,*,#149940,.F.);
#150610=ORIENTED_EDGE('',*,*,#124850,.F.);
#150620=EDGE_LOOP('',(#150610,#150600,#150590,#150530,#150440,#150350,
#150270));
#150630=FACE_OUTER_BOUND('',#150620,.T.);
#150640=ADVANCED_FACE('',(#150630),#150180,.F.);
#150650=CARTESIAN_POINT('',(0.598843446820732,-1.2350001674835,-4.025));
#150660=DIRECTION('',(0.,0.,-1.));
#150670=DIRECTION('',(1.,1.22460635382238E-16,0.));
#150680=AXIS2_PLACEMENT_3D('',#150650,#150660,#150670);
#150690=CYLINDRICAL_SURFACE('',#150680,0.0999999999999996);
#150700=CARTESIAN_POINT('',(0.598843446820732,-1.2350001674835,-4.145));
#150710=DIRECTION('',(0.,0.,1.));
#150720=DIRECTION('',(-0.538434468207319,-0.842667386010816,0.));
#150730=AXIS2_PLACEMENT_3D('',#150700,#150710,#150720);
#150740=CIRCLE('',#150730,0.0999999999999996);
#150750=CARTESIAN_POINT('',(0.598843446820732,-1.3350001674835,-4.145));
#150760=VERTEX_POINT('',#150750);
#150770=EDGE_CURVE('',#124680,#150760,#150740,.T.);
#150780=ORIENTED_EDGE('',*,*,#150770,.F.);
#150790=CARTESIAN_POINT('',(0.598843446820732,-1.3350001674835,-4.025));
#150800=DIRECTION('',(0.,0.,-1.));
#150810=VECTOR('',#150800,1.);
#150820=LINE('',#150790,#150810);
#150830=EDGE_CURVE('',#150250,#150760,#150820,.T.);
#150840=ORIENTED_EDGE('',*,*,#150830,.T.);
#150850=ORIENTED_EDGE('',*,*,#150260,.F.);
#150860=ORIENTED_EDGE('',*,*,#124770,.T.);
#150870=EDGE_LOOP('',(#150860,#150850,#150840,#150780));
#150880=FACE_OUTER_BOUND('',#150870,.T.);
#150890=ADVANCED_FACE('',(#150880),#150690,.F.);
#150900=CARTESIAN_POINT('',(-2.96101731916344,2.8223480408227,-4.145));
#150910=DIRECTION('',(0.,0.,-1.));
#150920=DIRECTION('',(1.,1.22460635382238E-16,0.));
#150930=AXIS2_PLACEMENT_3D('',#150900,#150910,#150920);
#150940=PLANE('',#150930);
#150950=ORIENTED_EDGE('',*,*,#150080,.T.);
#150960=CARTESIAN_POINT('',(0.644946914281411,-1.4162674186309,-4.145));
#150970=DIRECTION('',(-0.731939010275261,-0.681370152881142,0.));
#150980=VECTOR('',#150970,1.);
#150990=LINE('',#150960,#150980);
#151000=CARTESIAN_POINT('',(0.6449469142815,-1.41626741863079,-4.145));
#151010=VERTEX_POINT('',#151000);
#151020=EDGE_CURVE('',#151010,#150010,#150990,.T.);
#151030=ORIENTED_EDGE('',*,*,#151020,.T.);
#151040=CARTESIAN_POINT('',(0.620000000000004,-1.38500000000002,-4.145))
;
#151050=DIRECTION('',(0.,0.,-1.));
#151060=DIRECTION('',(1.,4.99600361081348E-14,0.));
#151070=AXIS2_PLACEMENT_3D('',#151040,#151050,#151060);
#151080=CIRCLE('',#151070,0.0399999999999978);
#151090=CARTESIAN_POINT('',(0.660000000000002,-1.38500000000002,-4.145))
;
#151100=VERTEX_POINT('',#151090);
#151110=EDGE_CURVE('',#151100,#151010,#151080,.T.);
#151120=ORIENTED_EDGE('',*,*,#151110,.T.);
#151130=CARTESIAN_POINT('',(0.610000000000003,-1.38500000000002,-4.145))
;
#151140=DIRECTION('',(0.,0.,-1.));
#151150=DIRECTION('',(3.33921496364911E-5,0.999999999442482,0.));
#151160=AXIS2_PLACEMENT_3D('',#151130,#151140,#151150);
#151170=CIRCLE('',#151160,0.0499999999999995);
#151180=CARTESIAN_POINT('',(0.609936127151478,-1.3350001674835,-4.145));
#151190=VERTEX_POINT('',#151180);
#151200=EDGE_CURVE('',#151190,#151100,#151170,.T.);
#151210=ORIENTED_EDGE('',*,*,#151200,.T.);
#151220=CARTESIAN_POINT('',(0.609870584701063,-1.3350001674835,-4.145));
#151230=DIRECTION('',(-1.,0.,0.));
#151240=VECTOR('',#151230,1.);
#151250=LINE('',#151220,#151240);
#151260=EDGE_CURVE('',#151190,#150760,#151250,.T.);
#151270=ORIENTED_EDGE('',*,*,#151260,.F.);
#151280=ORIENTED_EDGE('',*,*,#150770,.T.);
#151290=ORIENTED_EDGE('',*,*,#124690,.T.);
#151300=EDGE_LOOP('',(#151290,#151280,#151270,#151210,#151120,#151030,
#150950));
#151310=FACE_OUTER_BOUND('',#151300,.T.);
#151320=ADVANCED_FACE('',(#151310),#150940,.T.);
#151330=CARTESIAN_POINT('',(0.555000000000002,-1.50000000000002,-4.025))
;
#151340=DIRECTION('',(0.681370152881139,-0.731939010275264,0.));
#151350=DIRECTION('',(0.731939010275264,0.681370152881139,0.));
#151360=AXIS2_PLACEMENT_3D('',#151330,#151340,#151350);
#151370=PLANE('',#151360);
#151380=CARTESIAN_POINT('',(0.644946914281608,-1.4162674186307,-4.025));
#151390=DIRECTION('',(0.,0.,-1.));
#151400=VECTOR('',#151390,1.);
#151410=LINE('',#151380,#151400);
#151420=EDGE_CURVE('',#150510,#151010,#151410,.T.);
#151430=ORIENTED_EDGE('',*,*,#151420,.F.);
#151440=ORIENTED_EDGE('',*,*,#151020,.F.);
#151450=ORIENTED_EDGE('',*,*,#150020,.F.);
#151460=ORIENTED_EDGE('',*,*,#150580,.F.);
#151470=EDGE_LOOP('',(#151460,#151450,#151440,#151430));
#151480=FACE_OUTER_BOUND('',#151470,.T.);
#151490=ADVANCED_FACE('',(#151480),#151370,.T.);
#151500=CARTESIAN_POINT('',(0.620000000000004,-1.38500000000002,-4.025))
;
#151510=DIRECTION('',(0.,0.,-1.));
#151520=DIRECTION('',(1.,1.22460635382238E-16,0.));
#151530=AXIS2_PLACEMENT_3D('',#151500,#151510,#151520);
#151540=CYLINDRICAL_SURFACE('',#151530,0.0399999999999978);
#151550=CARTESIAN_POINT('',(0.660000000000002,-1.38500000000002,-4.025))
;
#151560=DIRECTION('',(0.,0.,-1.));
#151570=VECTOR('',#151560,1.);
#151580=LINE('',#151550,#151570);
#151590=EDGE_CURVE('',#150420,#151100,#151580,.T.);
#151600=ORIENTED_EDGE('',*,*,#151590,.F.);
#151610=ORIENTED_EDGE('',*,*,#151110,.F.);
#151620=ORIENTED_EDGE('',*,*,#151420,.T.);
#151630=ORIENTED_EDGE('',*,*,#150520,.F.);
#151640=EDGE_LOOP('',(#151630,#151620,#151610,#151600));
#151650=FACE_OUTER_BOUND('',#151640,.T.);
#151660=ADVANCED_FACE('',(#151650),#151540,.T.);
#151670=CARTESIAN_POINT('',(0.610000000000003,-1.38500000000002,-4.025))
;
#151680=DIRECTION('',(0.,0.,-1.));
#151690=DIRECTION('',(1.,1.22460635382238E-16,0.));
#151700=AXIS2_PLACEMENT_3D('',#151670,#151680,#151690);
#151710=CYLINDRICAL_SURFACE('',#151700,0.0499999999999995);
#151720=CARTESIAN_POINT('',(0.609870584701063,-1.3350001674835,-4.145));
#151730=DIRECTION('',(0.,0.,1.));
#151740=VECTOR('',#151730,1.);
#151750=LINE('',#151720,#151740);
#151760=EDGE_CURVE('',#151190,#150330,#151750,.T.);
#151770=ORIENTED_EDGE('',*,*,#151760,.T.);
#151780=ORIENTED_EDGE('',*,*,#151200,.F.);
#151790=ORIENTED_EDGE('',*,*,#151590,.T.);
#151800=ORIENTED_EDGE('',*,*,#150430,.F.);
#151810=EDGE_LOOP('',(#151800,#151790,#151780,#151770));
#151820=FACE_OUTER_BOUND('',#151810,.T.);
#151830=ADVANCED_FACE('',(#151820),#151710,.T.);
#151840=CARTESIAN_POINT('',(0.609870584701063,-1.3350001674835,-4.025));
#151850=DIRECTION('',(-1.22460635382238E-16,1.,0.));
#151860=DIRECTION('',(-1.,-1.22460635382238E-16,0.));
#151870=AXIS2_PLACEMENT_3D('',#151840,#151850,#151860);
#151880=PLANE('',#151870);
#151890=ORIENTED_EDGE('',*,*,#150830,.F.);
#151900=ORIENTED_EDGE('',*,*,#151260,.T.);
#151910=ORIENTED_EDGE('',*,*,#151760,.F.);
#151920=ORIENTED_EDGE('',*,*,#150340,.F.);
#151930=EDGE_LOOP('',(#151920,#151910,#151900,#151890));
#151940=FACE_OUTER_BOUND('',#151930,.T.);
#151950=ADVANCED_FACE('',(#151940),#151880,.T.);
#151960=CARTESIAN_POINT('',(0.555000000000002,-1.50000000000002,-2.025))
;
#151970=DIRECTION('',(-1.22460635382238E-16,1.,0.));
#151980=DIRECTION('',(1.,1.22460635382238E-16,0.));
#151990=AXIS2_PLACEMENT_3D('',#151960,#151970,#151980);
#152000=PLANE('',#151990);
#152010=CARTESIAN_POINT('',(0.555000000000002,-1.50000000000002,-2.025))
;
#152020=DIRECTION('',(-1.,0.,0.));
#152030=VECTOR('',#152020,1.);
#152040=LINE('',#152010,#152030);
#152050=CARTESIAN_POINT('',(0.555000000000002,-1.50000000000002,-2.025))
;
#152060=VERTEX_POINT('',#152050);
#152070=EDGE_CURVE('',#152060,#125180,#152040,.T.);
#152080=ORIENTED_EDGE('',*,*,#152070,.T.);
#152090=CARTESIAN_POINT('',(0.555000000000002,-1.50000000000002,-2.145))
;
#152100=DIRECTION('',(0.,0.,1.));
#152110=VECTOR('',#152100,1.);
#152120=LINE('',#152090,#152110);
#152130=CARTESIAN_POINT('',(0.555000000000004,-1.50000000000002,-2.145))
;
#152140=VERTEX_POINT('',#152130);
#152150=EDGE_CURVE('',#152140,#152060,#152120,.T.);
#152160=ORIENTED_EDGE('',*,*,#152150,.T.);
#152170=CARTESIAN_POINT('',(0.555000000000005,-1.50000000000002,-2.145))
;
#152180=DIRECTION('',(-1.,0.,0.));
#152190=VECTOR('',#152180,1.);
#152200=LINE('',#152170,#152190);
#152210=EDGE_CURVE('',#152140,#125000,#152200,.T.);
#152220=ORIENTED_EDGE('',*,*,#152210,.F.);
#152230=ORIENTED_EDGE('',*,*,#125250,.F.);
#152240=EDGE_LOOP('',(#152230,#152220,#152160,#152080));
#152250=FACE_OUTER_BOUND('',#152240,.T.);
#152260=ADVANCED_FACE('',(#152250),#152000,.F.);
#152270=CARTESIAN_POINT('',(-2.96101731916344,2.8223480408227,-2.025));
#152280=DIRECTION('',(0.,0.,-1.));
#152290=DIRECTION('',(1.,1.22460635382238E-16,0.));
#152300=AXIS2_PLACEMENT_3D('',#152270,#152280,#152290);
#152310=PLANE('',#152300);
#152320=CARTESIAN_POINT('',(0.598843446820732,-1.2350001674835,-2.025));
#152330=DIRECTION('',(0.,0.,-1.));
#152340=DIRECTION('',(0.,-1.,0.));
#152350=AXIS2_PLACEMENT_3D('',#152320,#152330,#152340);
#152360=CIRCLE('',#152350,0.0999999999999996);
#152370=CARTESIAN_POINT('',(0.598843446820732,-1.3350001674835,-2.025));
#152380=VERTEX_POINT('',#152370);
#152390=EDGE_CURVE('',#152380,#125100,#152360,.T.);
#152400=ORIENTED_EDGE('',*,*,#152390,.T.);
#152410=CARTESIAN_POINT('',(0.61000083484843,-1.3350001674835,-2.025));
#152420=DIRECTION('',(-1.,0.,0.));
#152430=VECTOR('',#152420,1.);
#152440=LINE('',#152410,#152430);
#152450=CARTESIAN_POINT('',(0.609935709448229,-1.33500004133279,-2.025))
;
#152460=VERTEX_POINT('',#152450);
#152470=EDGE_CURVE('',#152460,#152380,#152440,.T.);
#152480=ORIENTED_EDGE('',*,*,#152470,.T.);
#152490=CARTESIAN_POINT('',(0.610000000000003,-1.38500000000002,-2.025))
;
#152500=DIRECTION('',(0.,0.,1.));
#152510=DIRECTION('',(1.,-3.10862446895047E-14,0.));
#152520=AXIS2_PLACEMENT_3D('',#152490,#152500,#152510);
#152530=CIRCLE('',#152520,0.0499999999999995);
#152540=CARTESIAN_POINT('',(0.660000000000003,-1.38500000000002,-2.025))
;
#152550=VERTEX_POINT('',#152540);
#152560=EDGE_CURVE('',#152550,#152460,#152530,.T.);
#152570=ORIENTED_EDGE('',*,*,#152560,.T.);
#152580=CARTESIAN_POINT('',(0.620000000000005,-1.38500000000002,-2.025))
;
#152590=DIRECTION('',(0.,0.,1.));
#152600=DIRECTION('',(0.623672857033932,-0.781685465771964,0.));
#152610=AXIS2_PLACEMENT_3D('',#152580,#152590,#152600);
#152620=CIRCLE('',#152610,0.0399999999999978);
#152630=CARTESIAN_POINT('',(0.644946914281498,-1.41626741863081,-2.025))
;
#152640=VERTEX_POINT('',#152630);
#152650=EDGE_CURVE('',#152640,#152550,#152620,.T.);
#152660=ORIENTED_EDGE('',*,*,#152650,.T.);
#152670=CARTESIAN_POINT('',(0.555000000000002,-1.50000000000002,-2.025))
;
#152680=DIRECTION('',(0.731939010275259,0.681370152881144,0.));
#152690=VECTOR('',#152680,1.);
#152700=LINE('',#152670,#152690);
#152710=EDGE_CURVE('',#152060,#152640,#152700,.T.);
#152720=ORIENTED_EDGE('',*,*,#152710,.T.);
#152730=ORIENTED_EDGE('',*,*,#152070,.F.);
#152740=ORIENTED_EDGE('',*,*,#125190,.F.);
#152750=EDGE_LOOP('',(#152740,#152730,#152720,#152660,#152570,#152480,
#152400));
#152760=FACE_OUTER_BOUND('',#152750,.T.);
#152770=ADVANCED_FACE('',(#152760),#152310,.F.);
#152780=CARTESIAN_POINT('',(0.598843446820732,-1.2350001674835,-2.025));
#152790=DIRECTION('',(0.,0.,-1.));
#152800=DIRECTION('',(1.,1.22460635382238E-16,0.));
#152810=AXIS2_PLACEMENT_3D('',#152780,#152790,#152800);
#152820=CYLINDRICAL_SURFACE('',#152810,0.0999999999999996);
#152830=CARTESIAN_POINT('',(0.598843446820732,-1.2350001674835,-2.145));
#152840=DIRECTION('',(0.,0.,1.));
#152850=DIRECTION('',(-0.538434468207319,-0.842667386010816,0.));
#152860=AXIS2_PLACEMENT_3D('',#152830,#152840,#152850);
#152870=CIRCLE('',#152860,0.0999999999999996);
#152880=CARTESIAN_POINT('',(0.598843446820732,-1.3350001674835,-2.145));
#152890=VERTEX_POINT('',#152880);
#152900=EDGE_CURVE('',#125020,#152890,#152870,.T.);
#152910=ORIENTED_EDGE('',*,*,#152900,.F.);
#152920=CARTESIAN_POINT('',(0.598843446820732,-1.3350001674835,-2.025));
#152930=DIRECTION('',(0.,0.,-1.));
#152940=VECTOR('',#152930,1.);
#152950=LINE('',#152920,#152940);
#152960=EDGE_CURVE('',#152380,#152890,#152950,.T.);
#152970=ORIENTED_EDGE('',*,*,#152960,.T.);
#152980=ORIENTED_EDGE('',*,*,#152390,.F.);
#152990=ORIENTED_EDGE('',*,*,#125110,.T.);
#153000=EDGE_LOOP('',(#152990,#152980,#152970,#152910));
#153010=FACE_OUTER_BOUND('',#153000,.T.);
#153020=ADVANCED_FACE('',(#153010),#152820,.F.);
#153030=CARTESIAN_POINT('',(-2.96101731916344,2.8223480408227,-2.145));
#153040=DIRECTION('',(0.,0.,-1.));
#153050=DIRECTION('',(1.,1.22460635382238E-16,0.));
#153060=AXIS2_PLACEMENT_3D('',#153030,#153040,#153050);
#153070=PLANE('',#153060);
#153080=ORIENTED_EDGE('',*,*,#152210,.T.);
#153090=CARTESIAN_POINT('',(0.644946914281436,-1.41626741863087,-2.145))
;
#153100=DIRECTION('',(-0.731939010275261,-0.681370152881142,0.));
#153110=VECTOR('',#153100,1.);
#153120=LINE('',#153090,#153110);
#153130=CARTESIAN_POINT('',(0.644946914281514,-1.41626741863078,-2.145))
;
#153140=VERTEX_POINT('',#153130);
#153150=EDGE_CURVE('',#153140,#152140,#153120,.T.);
#153160=ORIENTED_EDGE('',*,*,#153150,.T.);
#153170=CARTESIAN_POINT('',(0.620000000000005,-1.38500000000002,-2.145))
;
#153180=DIRECTION('',(0.,0.,-1.));
#153190=DIRECTION('',(1.,-3.88578058618826E-14,0.));
#153200=AXIS2_PLACEMENT_3D('',#153170,#153180,#153190);
#153210=CIRCLE('',#153200,0.0399999999999978);
#153220=CARTESIAN_POINT('',(0.660000000000002,-1.38500000000002,-2.145))
;
#153230=VERTEX_POINT('',#153220);
#153240=EDGE_CURVE('',#153230,#153140,#153210,.T.);
#153250=ORIENTED_EDGE('',*,*,#153240,.T.);
#153260=CARTESIAN_POINT('',(0.610000000000003,-1.38500000000002,-2.145))
;
#153270=DIRECTION('',(0.,0.,-1.));
#153280=DIRECTION('',(3.33921496364911E-5,0.999999999442482,0.));
#153290=AXIS2_PLACEMENT_3D('',#153260,#153270,#153280);
#153300=CIRCLE('',#153290,0.0499999999999995);
#153310=CARTESIAN_POINT('',(0.609936127151478,-1.3350001674835,-2.145));
#153320=VERTEX_POINT('',#153310);
#153330=EDGE_CURVE('',#153320,#153230,#153300,.T.);
#153340=ORIENTED_EDGE('',*,*,#153330,.T.);
#153350=CARTESIAN_POINT('',(0.609870584701063,-1.3350001674835,-2.145));
#153360=DIRECTION('',(-1.,0.,0.));
#153370=VECTOR('',#153360,1.);
#153380=LINE('',#153350,#153370);
#153390=EDGE_CURVE('',#153320,#152890,#153380,.T.);
#153400=ORIENTED_EDGE('',*,*,#153390,.F.);
#153410=ORIENTED_EDGE('',*,*,#152900,.T.);
#153420=ORIENTED_EDGE('',*,*,#125030,.T.);
#153430=EDGE_LOOP('',(#153420,#153410,#153400,#153340,#153250,#153160,
#153080));
#153440=FACE_OUTER_BOUND('',#153430,.T.);
#153450=ADVANCED_FACE('',(#153440),#153070,.T.);
#153460=CARTESIAN_POINT('',(0.555000000000002,-1.50000000000002,-2.025))
;
#153470=DIRECTION('',(0.681370152881139,-0.731939010275264,0.));
#153480=DIRECTION('',(0.731939010275264,0.681370152881139,0.));
#153490=AXIS2_PLACEMENT_3D('',#153460,#153470,#153480);
#153500=PLANE('',#153490);
#153510=CARTESIAN_POINT('',(0.644946914281609,-1.4162674186307,-2.025));
#153520=DIRECTION('',(0.,0.,-1.));
#153530=VECTOR('',#153520,1.);
#153540=LINE('',#153510,#153530);
#153550=EDGE_CURVE('',#152640,#153140,#153540,.T.);
#153560=ORIENTED_EDGE('',*,*,#153550,.F.);
#153570=ORIENTED_EDGE('',*,*,#153150,.F.);
#153580=ORIENTED_EDGE('',*,*,#152150,.F.);
#153590=ORIENTED_EDGE('',*,*,#152710,.F.);
#153600=EDGE_LOOP('',(#153590,#153580,#153570,#153560));
#153610=FACE_OUTER_BOUND('',#153600,.T.);
#153620=ADVANCED_FACE('',(#153610),#153500,.T.);
#153630=CARTESIAN_POINT('',(0.620000000000005,-1.38500000000002,-2.025))
;
#153640=DIRECTION('',(0.,0.,-1.));
#153650=DIRECTION('',(1.,1.22460635382238E-16,0.));
#153660=AXIS2_PLACEMENT_3D('',#153630,#153640,#153650);
#153670=CYLINDRICAL_SURFACE('',#153660,0.0399999999999978);
#153680=CARTESIAN_POINT('',(0.660000000000002,-1.38500000000002,-2.025))
;
#153690=DIRECTION('',(0.,0.,-1.));
#153700=VECTOR('',#153690,1.);
#153710=LINE('',#153680,#153700);
#153720=EDGE_CURVE('',#152550,#153230,#153710,.T.);
#153730=ORIENTED_EDGE('',*,*,#153720,.F.);
#153740=ORIENTED_EDGE('',*,*,#153240,.F.);
#153750=ORIENTED_EDGE('',*,*,#153550,.T.);
#153760=ORIENTED_EDGE('',*,*,#152650,.F.);
#153770=EDGE_LOOP('',(#153760,#153750,#153740,#153730));
#153780=FACE_OUTER_BOUND('',#153770,.T.);
#153790=ADVANCED_FACE('',(#153780),#153670,.T.);
#153800=CARTESIAN_POINT('',(0.610000000000003,-1.38500000000002,-2.025))
;
#153810=DIRECTION('',(0.,0.,-1.));
#153820=DIRECTION('',(1.,1.22460635382238E-16,0.));
#153830=AXIS2_PLACEMENT_3D('',#153800,#153810,#153820);
#153840=CYLINDRICAL_SURFACE('',#153830,0.0499999999999995);
#153850=CARTESIAN_POINT('',(0.609870584701063,-1.3350001674835,-2.145));
#153860=DIRECTION('',(0.,0.,1.));
#153870=VECTOR('',#153860,1.);
#153880=LINE('',#153850,#153870);
#153890=EDGE_CURVE('',#153320,#152460,#153880,.T.);
#153900=ORIENTED_EDGE('',*,*,#153890,.T.);
#153910=ORIENTED_EDGE('',*,*,#153330,.F.);
#153920=ORIENTED_EDGE('',*,*,#153720,.T.);
#153930=ORIENTED_EDGE('',*,*,#152560,.F.);
#153940=EDGE_LOOP('',(#153930,#153920,#153910,#153900));
#153950=FACE_OUTER_BOUND('',#153940,.T.);
#153960=ADVANCED_FACE('',(#153950),#153840,.T.);
#153970=CARTESIAN_POINT('',(0.609870584701063,-1.3350001674835,-2.025));
#153980=DIRECTION('',(-1.22460635382238E-16,1.,0.));
#153990=DIRECTION('',(-1.,-1.22460635382238E-16,0.));
#154000=AXIS2_PLACEMENT_3D('',#153970,#153980,#153990);
#154010=PLANE('',#154000);
#154020=ORIENTED_EDGE('',*,*,#152960,.F.);
#154030=ORIENTED_EDGE('',*,*,#153390,.T.);
#154040=ORIENTED_EDGE('',*,*,#153890,.F.);
#154050=ORIENTED_EDGE('',*,*,#152470,.F.);
#154060=EDGE_LOOP('',(#154050,#154040,#154030,#154020));
#154070=FACE_OUTER_BOUND('',#154060,.T.);
#154080=ADVANCED_FACE('',(#154070),#154010,.T.);
#154090=CARTESIAN_POINT('',(0.555000000000002,-1.50000000000002,-1.625))
;
#154100=DIRECTION('',(-1.22460635382238E-16,1.,0.));
#154110=DIRECTION('',(1.,1.22460635382238E-16,0.));
#154120=AXIS2_PLACEMENT_3D('',#154090,#154100,#154110);
#154130=PLANE('',#154120);
#154140=CARTESIAN_POINT('',(0.555000000000002,-1.50000000000002,-1.625))
;
#154150=DIRECTION('',(-1.,0.,0.));
#154160=VECTOR('',#154150,1.);
#154170=LINE('',#154140,#154160);
#154180=CARTESIAN_POINT('',(0.555000000000002,-1.50000000000002,-1.625))
;
#154190=VERTEX_POINT('',#154180);
#154200=EDGE_CURVE('',#154190,#125520,#154170,.T.);
#154210=ORIENTED_EDGE('',*,*,#154200,.T.);
#154220=CARTESIAN_POINT('',(0.555000000000002,-1.50000000000002,-1.745))
;
#154230=DIRECTION('',(0.,0.,1.));
#154240=VECTOR('',#154230,1.);
#154250=LINE('',#154220,#154240);
#154260=CARTESIAN_POINT('',(0.555000000000004,-1.50000000000002,-1.745))
;
#154270=VERTEX_POINT('',#154260);
#154280=EDGE_CURVE('',#154270,#154190,#154250,.T.);
#154290=ORIENTED_EDGE('',*,*,#154280,.T.);
#154300=CARTESIAN_POINT('',(0.555000000000005,-1.50000000000002,-1.745))
;
#154310=DIRECTION('',(-1.,0.,0.));
#154320=VECTOR('',#154310,1.);
#154330=LINE('',#154300,#154320);
#154340=EDGE_CURVE('',#154270,#125340,#154330,.T.);
#154350=ORIENTED_EDGE('',*,*,#154340,.F.);
#154360=ORIENTED_EDGE('',*,*,#125590,.F.);
#154370=EDGE_LOOP('',(#154360,#154350,#154290,#154210));
#154380=FACE_OUTER_BOUND('',#154370,.T.);
#154390=ADVANCED_FACE('',(#154380),#154130,.F.);
#154400=CARTESIAN_POINT('',(-2.96101731916344,2.8223480408227,-1.625));
#154410=DIRECTION('',(0.,0.,-1.));
#154420=DIRECTION('',(1.,1.22460635382238E-16,0.));
#154430=AXIS2_PLACEMENT_3D('',#154400,#154410,#154420);
#154440=PLANE('',#154430);
#154450=CARTESIAN_POINT('',(0.598843446820732,-1.2350001674835,-1.625));
#154460=DIRECTION('',(0.,0.,-1.));
#154470=DIRECTION('',(0.,-1.,0.));
#154480=AXIS2_PLACEMENT_3D('',#154450,#154460,#154470);
#154490=CIRCLE('',#154480,0.0999999999999996);
#154500=CARTESIAN_POINT('',(0.598843446820732,-1.3350001674835,-1.625));
#154510=VERTEX_POINT('',#154500);
#154520=EDGE_CURVE('',#154510,#125440,#154490,.T.);
#154530=ORIENTED_EDGE('',*,*,#154520,.T.);
#154540=CARTESIAN_POINT('',(0.61000083484843,-1.3350001674835,-1.625));
#154550=DIRECTION('',(-1.,0.,0.));
#154560=VECTOR('',#154550,1.);
#154570=LINE('',#154540,#154560);
#154580=CARTESIAN_POINT('',(0.609935709448229,-1.33500004133279,-1.625))
;
#154590=VERTEX_POINT('',#154580);
#154600=EDGE_CURVE('',#154590,#154510,#154570,.T.);
#154610=ORIENTED_EDGE('',*,*,#154600,.T.);
#154620=CARTESIAN_POINT('',(0.610000000000003,-1.38500000000002,-1.625))
;
#154630=DIRECTION('',(0.,0.,1.));
#154640=DIRECTION('',(1.,-3.10862446895047E-14,0.));
#154650=AXIS2_PLACEMENT_3D('',#154620,#154630,#154640);
#154660=CIRCLE('',#154650,0.0499999999999995);
#154670=CARTESIAN_POINT('',(0.660000000000003,-1.38500000000002,-1.625))
;
#154680=VERTEX_POINT('',#154670);
#154690=EDGE_CURVE('',#154680,#154590,#154660,.T.);
#154700=ORIENTED_EDGE('',*,*,#154690,.T.);
#154710=CARTESIAN_POINT('',(0.620000000000005,-1.38500000000002,-1.625))
;
#154720=DIRECTION('',(0.,0.,1.));
#154730=DIRECTION('',(0.623672857033932,-0.781685465771964,0.));
#154740=AXIS2_PLACEMENT_3D('',#154710,#154720,#154730);
#154750=CIRCLE('',#154740,0.0399999999999978);
#154760=CARTESIAN_POINT('',(0.644946914281498,-1.41626741863081,-1.625))
;
#154770=VERTEX_POINT('',#154760);
#154780=EDGE_CURVE('',#154770,#154680,#154750,.T.);
#154790=ORIENTED_EDGE('',*,*,#154780,.T.);
#154800=CARTESIAN_POINT('',(0.555000000000002,-1.50000000000002,-1.625))
;
#154810=DIRECTION('',(0.731939010275259,0.681370152881144,0.));
#154820=VECTOR('',#154810,1.);
#154830=LINE('',#154800,#154820);
#154840=EDGE_CURVE('',#154190,#154770,#154830,.T.);
#154850=ORIENTED_EDGE('',*,*,#154840,.T.);
#154860=ORIENTED_EDGE('',*,*,#154200,.F.);
#154870=ORIENTED_EDGE('',*,*,#125530,.F.);
#154880=EDGE_LOOP('',(#154870,#154860,#154850,#154790,#154700,#154610,
#154530));
#154890=FACE_OUTER_BOUND('',#154880,.T.);
#154900=ADVANCED_FACE('',(#154890),#154440,.F.);
#154910=CARTESIAN_POINT('',(0.598843446820732,-1.2350001674835,-1.625));
#154920=DIRECTION('',(0.,0.,-1.));
#154930=DIRECTION('',(1.,1.22460635382238E-16,0.));
#154940=AXIS2_PLACEMENT_3D('',#154910,#154920,#154930);
#154950=CYLINDRICAL_SURFACE('',#154940,0.0999999999999996);
#154960=CARTESIAN_POINT('',(0.598843446820732,-1.2350001674835,-1.745));
#154970=DIRECTION('',(0.,0.,1.));
#154980=DIRECTION('',(-0.538434468207319,-0.842667386010816,0.));
#154990=AXIS2_PLACEMENT_3D('',#154960,#154970,#154980);
#155000=CIRCLE('',#154990,0.0999999999999996);
#155010=CARTESIAN_POINT('',(0.598843446820732,-1.3350001674835,-1.745));
#155020=VERTEX_POINT('',#155010);
#155030=EDGE_CURVE('',#125360,#155020,#155000,.T.);
#155040=ORIENTED_EDGE('',*,*,#155030,.F.);
#155050=CARTESIAN_POINT('',(0.598843446820732,-1.3350001674835,-1.625));
#155060=DIRECTION('',(0.,0.,-1.));
#155070=VECTOR('',#155060,1.);
#155080=LINE('',#155050,#155070);
#155090=EDGE_CURVE('',#154510,#155020,#155080,.T.);
#155100=ORIENTED_EDGE('',*,*,#155090,.T.);
#155110=ORIENTED_EDGE('',*,*,#154520,.F.);
#155120=ORIENTED_EDGE('',*,*,#125450,.T.);
#155130=EDGE_LOOP('',(#155120,#155110,#155100,#155040));
#155140=FACE_OUTER_BOUND('',#155130,.T.);
#155150=ADVANCED_FACE('',(#155140),#154950,.F.);
#155160=CARTESIAN_POINT('',(-2.96101731916344,2.8223480408227,-1.745));
#155170=DIRECTION('',(0.,0.,-1.));
#155180=DIRECTION('',(1.,1.22460635382238E-16,0.));
#155190=AXIS2_PLACEMENT_3D('',#155160,#155170,#155180);
#155200=PLANE('',#155190);
#155210=ORIENTED_EDGE('',*,*,#154340,.T.);
#155220=CARTESIAN_POINT('',(0.644946914281436,-1.41626741863087,-1.745))
;
#155230=DIRECTION('',(-0.731939010275261,-0.681370152881142,0.));
#155240=VECTOR('',#155230,1.);
#155250=LINE('',#155220,#155240);
#155260=CARTESIAN_POINT('',(0.644946914281514,-1.41626741863078,-1.745))
;
#155270=VERTEX_POINT('',#155260);
#155280=EDGE_CURVE('',#155270,#154270,#155250,.T.);
#155290=ORIENTED_EDGE('',*,*,#155280,.T.);
#155300=CARTESIAN_POINT('',(0.620000000000005,-1.38500000000002,-1.745))
;
#155310=DIRECTION('',(0.,0.,-1.));
#155320=DIRECTION('',(1.,-3.88578058618826E-14,0.));
#155330=AXIS2_PLACEMENT_3D('',#155300,#155310,#155320);
#155340=CIRCLE('',#155330,0.0399999999999978);
#155350=CARTESIAN_POINT('',(0.660000000000002,-1.38500000000002,-1.745))
;
#155360=VERTEX_POINT('',#155350);
#155370=EDGE_CURVE('',#155360,#155270,#155340,.T.);
#155380=ORIENTED_EDGE('',*,*,#155370,.T.);
#155390=CARTESIAN_POINT('',(0.610000000000003,-1.38500000000002,-1.745))
;
#155400=DIRECTION('',(0.,0.,-1.));
#155410=DIRECTION('',(3.33921496364911E-5,0.999999999442482,0.));
#155420=AXIS2_PLACEMENT_3D('',#155390,#155400,#155410);
#155430=CIRCLE('',#155420,0.0499999999999995);
#155440=CARTESIAN_POINT('',(0.609936127151478,-1.3350001674835,-1.745));
#155450=VERTEX_POINT('',#155440);
#155460=EDGE_CURVE('',#155450,#155360,#155430,.T.);
#155470=ORIENTED_EDGE('',*,*,#155460,.T.);
#155480=CARTESIAN_POINT('',(0.609870584701063,-1.3350001674835,-1.745));
#155490=DIRECTION('',(-1.,0.,0.));
#155500=VECTOR('',#155490,1.);
#155510=LINE('',#155480,#155500);
#155520=EDGE_CURVE('',#155450,#155020,#155510,.T.);
#155530=ORIENTED_EDGE('',*,*,#155520,.F.);
#155540=ORIENTED_EDGE('',*,*,#155030,.T.);
#155550=ORIENTED_EDGE('',*,*,#125370,.T.);
#155560=EDGE_LOOP('',(#155550,#155540,#155530,#155470,#155380,#155290,
#155210));
#155570=FACE_OUTER_BOUND('',#155560,.T.);
#155580=ADVANCED_FACE('',(#155570),#155200,.T.);
#155590=CARTESIAN_POINT('',(0.555000000000002,-1.50000000000002,-1.625))
;
#155600=DIRECTION('',(0.681370152881139,-0.731939010275264,0.));
#155610=DIRECTION('',(0.731939010275264,0.681370152881139,0.));
#155620=AXIS2_PLACEMENT_3D('',#155590,#155600,#155610);
#155630=PLANE('',#155620);
#155640=CARTESIAN_POINT('',(0.644946914281609,-1.4162674186307,-1.625));
#155650=DIRECTION('',(0.,0.,-1.));
#155660=VECTOR('',#155650,1.);
#155670=LINE('',#155640,#155660);
#155680=EDGE_CURVE('',#154770,#155270,#155670,.T.);
#155690=ORIENTED_EDGE('',*,*,#155680,.F.);
#155700=ORIENTED_EDGE('',*,*,#155280,.F.);
#155710=ORIENTED_EDGE('',*,*,#154280,.F.);
#155720=ORIENTED_EDGE('',*,*,#154840,.F.);
#155730=EDGE_LOOP('',(#155720,#155710,#155700,#155690));
#155740=FACE_OUTER_BOUND('',#155730,.T.);
#155750=ADVANCED_FACE('',(#155740),#155630,.T.);
#155760=CARTESIAN_POINT('',(0.620000000000005,-1.38500000000002,-1.625))
;
#155770=DIRECTION('',(0.,0.,-1.));
#155780=DIRECTION('',(1.,1.22460635382238E-16,0.));
#155790=AXIS2_PLACEMENT_3D('',#155760,#155770,#155780);
#155800=CYLINDRICAL_SURFACE('',#155790,0.0399999999999978);
#155810=CARTESIAN_POINT('',(0.660000000000002,-1.38500000000002,-1.625))
;
#155820=DIRECTION('',(0.,0.,-1.));
#155830=VECTOR('',#155820,1.);
#155840=LINE('',#155810,#155830);
#155850=EDGE_CURVE('',#154680,#155360,#155840,.T.);
#155860=ORIENTED_EDGE('',*,*,#155850,.F.);
#155870=ORIENTED_EDGE('',*,*,#155370,.F.);
#155880=ORIENTED_EDGE('',*,*,#155680,.T.);
#155890=ORIENTED_EDGE('',*,*,#154780,.F.);
#155900=EDGE_LOOP('',(#155890,#155880,#155870,#155860));
#155910=FACE_OUTER_BOUND('',#155900,.T.);
#155920=ADVANCED_FACE('',(#155910),#155800,.T.);
#155930=CARTESIAN_POINT('',(0.610000000000003,-1.38500000000002,-1.625))
;
#155940=DIRECTION('',(0.,0.,-1.));
#155950=DIRECTION('',(1.,1.22460635382238E-16,0.));
#155960=AXIS2_PLACEMENT_3D('',#155930,#155940,#155950);
#155970=CYLINDRICAL_SURFACE('',#155960,0.0499999999999995);
#155980=CARTESIAN_POINT('',(0.609870584701063,-1.3350001674835,-1.745));
#155990=DIRECTION('',(0.,0.,1.));
#156000=VECTOR('',#155990,1.);
#156010=LINE('',#155980,#156000);
#156020=EDGE_CURVE('',#155450,#154590,#156010,.T.);
#156030=ORIENTED_EDGE('',*,*,#156020,.T.);
#156040=ORIENTED_EDGE('',*,*,#155460,.F.);
#156050=ORIENTED_EDGE('',*,*,#155850,.T.);
#156060=ORIENTED_EDGE('',*,*,#154690,.F.);
#156070=EDGE_LOOP('',(#156060,#156050,#156040,#156030));
#156080=FACE_OUTER_BOUND('',#156070,.T.);
#156090=ADVANCED_FACE('',(#156080),#155970,.T.);
#156100=CARTESIAN_POINT('',(0.609870584701063,-1.3350001674835,-1.625));
#156110=DIRECTION('',(-1.22460635382238E-16,1.,0.));
#156120=DIRECTION('',(-1.,-1.22460635382238E-16,0.));
#156130=AXIS2_PLACEMENT_3D('',#156100,#156110,#156120);
#156140=PLANE('',#156130);
#156150=ORIENTED_EDGE('',*,*,#155090,.F.);
#156160=ORIENTED_EDGE('',*,*,#155520,.T.);
#156170=ORIENTED_EDGE('',*,*,#156020,.F.);
#156180=ORIENTED_EDGE('',*,*,#154600,.F.);
#156190=EDGE_LOOP('',(#156180,#156170,#156160,#156150));
#156200=FACE_OUTER_BOUND('',#156190,.T.);
#156210=ADVANCED_FACE('',(#156200),#156140,.T.);
#156220=CARTESIAN_POINT('',(-2.96101731916344,2.8223480408227,
-0.424999999999999));
#156230=DIRECTION('',(0.,0.,-1.));
#156240=DIRECTION('',(1.,1.22460635382238E-16,0.));
#156250=AXIS2_PLACEMENT_3D('',#156220,#156230,#156240);
#156260=PLANE('',#156250);
#156270=CARTESIAN_POINT('',(0.598843446820732,-1.2350001674835,
-0.424999999999999));
#156280=DIRECTION('',(0.,0.,-1.));
#156290=DIRECTION('',(0.,-1.,0.));
#156300=AXIS2_PLACEMENT_3D('',#156270,#156280,#156290);
#156310=CIRCLE('',#156300,0.0999999999999996);
#156320=CARTESIAN_POINT('',(0.598843446820732,-1.3350001674835,
-0.424999999999999));
#156330=VERTEX_POINT('',#156320);
#156340=EDGE_CURVE('',#156330,#125860,#156310,.T.);
#156350=ORIENTED_EDGE('',*,*,#156340,.T.);
#156360=CARTESIAN_POINT('',(0.61000083484843,-1.3350001674835,
-0.424999999999999));
#156370=DIRECTION('',(-1.,0.,0.));
#156380=VECTOR('',#156370,1.);
#156390=LINE('',#156360,#156380);
#156400=CARTESIAN_POINT('',(0.609935709448229,-1.33500004133279,
-0.424999999999999));
#156410=VERTEX_POINT('',#156400);
#156420=EDGE_CURVE('',#156410,#156330,#156390,.T.);
#156430=ORIENTED_EDGE('',*,*,#156420,.T.);
#156440=CARTESIAN_POINT('',(0.610000000000003,-1.38500000000002,
-0.424999999999999));
#156450=DIRECTION('',(0.,0.,1.));
#156460=DIRECTION('',(1.,-3.10862446895047E-14,0.));
#156470=AXIS2_PLACEMENT_3D('',#156440,#156450,#156460);
#156480=CIRCLE('',#156470,0.0499999999999995);
#156490=CARTESIAN_POINT('',(0.660000000000003,-1.38500000000002,
-0.424999999999999));
#156500=VERTEX_POINT('',#156490);
#156510=EDGE_CURVE('',#156500,#156410,#156480,.T.);
#156520=ORIENTED_EDGE('',*,*,#156510,.T.);
#156530=CARTESIAN_POINT('',(0.620000000000005,-1.38500000000002,
-0.424999999999999));
#156540=DIRECTION('',(0.,0.,1.));
#156550=DIRECTION('',(0.623672857033906,-0.781685465771985,0.));
#156560=AXIS2_PLACEMENT_3D('',#156530,#156540,#156550);
#156570=CIRCLE('',#156560,0.0399999999999978);
#156580=CARTESIAN_POINT('',(0.644946914281498,-1.41626741863081,
-0.424999999999999));
#156590=VERTEX_POINT('',#156580);
#156600=EDGE_CURVE('',#156590,#156500,#156570,.T.);
#156610=ORIENTED_EDGE('',*,*,#156600,.T.);
#156620=CARTESIAN_POINT('',(0.555000000000002,-1.50000000000002,
-0.424999999999999));
#156630=DIRECTION('',(0.73193901027526,0.681370152881144,0.));
#156640=VECTOR('',#156630,1.);
#156650=LINE('',#156620,#156640);
#156660=CARTESIAN_POINT('',(0.555000000000002,-1.50000000000002,
-0.424999999999999));
#156670=VERTEX_POINT('',#156660);
#156680=EDGE_CURVE('',#156670,#156590,#156650,.T.);
#156690=ORIENTED_EDGE('',*,*,#156680,.T.);
#156700=CARTESIAN_POINT('',(0.555000000000002,-1.50000000000002,
-0.424999999999999));
#156710=DIRECTION('',(-1.,0.,0.));
#156720=VECTOR('',#156710,1.);
#156730=LINE('',#156700,#156720);
#156740=EDGE_CURVE('',#156670,#125700,#156730,.T.);
#156750=ORIENTED_EDGE('',*,*,#156740,.F.);
#156760=ORIENTED_EDGE('',*,*,#125930,.F.);
#156770=EDGE_LOOP('',(#156760,#156750,#156690,#156610,#156520,#156430,
#156350));
#156780=FACE_OUTER_BOUND('',#156770,.T.);
#156790=ADVANCED_FACE('',(#156780),#156260,.F.);
#156800=CARTESIAN_POINT('',(0.598843446820732,-1.2350001674835,
-0.424999999999999));
#156810=DIRECTION('',(0.,0.,-1.));
#156820=DIRECTION('',(1.,1.22460635382238E-16,0.));
#156830=AXIS2_PLACEMENT_3D('',#156800,#156810,#156820);
#156840=CYLINDRICAL_SURFACE('',#156830,0.0999999999999996);
#156850=CARTESIAN_POINT('',(0.598843446820732,-1.2350001674835,
-0.544999999999999));
#156860=DIRECTION('',(0.,0.,1.));
#156870=DIRECTION('',(-0.538434468207319,-0.842667386010816,0.));
#156880=AXIS2_PLACEMENT_3D('',#156850,#156860,#156870);
#156890=CIRCLE('',#156880,0.0999999999999996);
#156900=CARTESIAN_POINT('',(0.598843446820732,-1.3350001674835,
-0.544999999999999));
#156910=VERTEX_POINT('',#156900);
#156920=EDGE_CURVE('',#125780,#156910,#156890,.T.);
#156930=ORIENTED_EDGE('',*,*,#156920,.F.);
#156940=CARTESIAN_POINT('',(0.598843446820732,-1.3350001674835,
-0.424999999999999));
#156950=DIRECTION('',(0.,0.,-1.));
#156960=VECTOR('',#156950,1.);
#156970=LINE('',#156940,#156960);
#156980=EDGE_CURVE('',#156330,#156910,#156970,.T.);
#156990=ORIENTED_EDGE('',*,*,#156980,.T.);
#157000=ORIENTED_EDGE('',*,*,#156340,.F.);
#157010=ORIENTED_EDGE('',*,*,#125870,.T.);
#157020=EDGE_LOOP('',(#157010,#157000,#156990,#156930));
#157030=FACE_OUTER_BOUND('',#157020,.T.);
#157040=ADVANCED_FACE('',(#157030),#156840,.F.);
#157050=CARTESIAN_POINT('',(-2.96101731916344,2.8223480408227,
-0.544999999999999));
#157060=DIRECTION('',(0.,0.,-1.));
#157070=DIRECTION('',(1.,1.22460635382238E-16,0.));
#157080=AXIS2_PLACEMENT_3D('',#157050,#157060,#157070);
#157090=PLANE('',#157080);
#157100=CARTESIAN_POINT('',(0.555000000000005,-1.50000000000002,
-0.544999999999999));
#157110=DIRECTION('',(-1.,0.,0.));
#157120=VECTOR('',#157110,1.);
#157130=LINE('',#157100,#157120);
#157140=CARTESIAN_POINT('',(0.555000000000003,-1.50000000000002,
-0.544999999999999));
#157150=VERTEX_POINT('',#157140);
#157160=EDGE_CURVE('',#157150,#125680,#157130,.T.);
#157170=ORIENTED_EDGE('',*,*,#157160,.T.);
#157180=CARTESIAN_POINT('',(0.644946914281436,-1.41626741863087,
-0.544999999999999));
#157190=DIRECTION('',(-0.731939010275261,-0.681370152881142,0.));
#157200=VECTOR('',#157190,1.);
#157210=LINE('',#157180,#157200);
#157220=CARTESIAN_POINT('',(0.644946914281514,-1.41626741863078,
-0.544999999999999));
#157230=VERTEX_POINT('',#157220);
#157240=EDGE_CURVE('',#157230,#157150,#157210,.T.);
#157250=ORIENTED_EDGE('',*,*,#157240,.T.);
#157260=CARTESIAN_POINT('',(0.620000000000005,-1.38500000000002,
-0.544999999999999));
#157270=DIRECTION('',(0.,0.,-1.));
#157280=DIRECTION('',(1.,-3.88578058618826E-14,0.));
#157290=AXIS2_PLACEMENT_3D('',#157260,#157270,#157280);
#157300=CIRCLE('',#157290,0.0399999999999978);
#157310=CARTESIAN_POINT('',(0.660000000000002,-1.38500000000002,
-0.544999999999999));
#157320=VERTEX_POINT('',#157310);
#157330=EDGE_CURVE('',#157320,#157230,#157300,.T.);
#157340=ORIENTED_EDGE('',*,*,#157330,.T.);
#157350=CARTESIAN_POINT('',(0.610000000000003,-1.38500000000002,
-0.544999999999999));
#157360=DIRECTION('',(0.,0.,-1.));
#157370=DIRECTION('',(3.33921496364911E-5,0.999999999442482,0.));
#157380=AXIS2_PLACEMENT_3D('',#157350,#157360,#157370);
#157390=CIRCLE('',#157380,0.0499999999999995);
#157400=CARTESIAN_POINT('',(0.609936127151478,-1.3350001674835,
-0.544999999999999));
#157410=VERTEX_POINT('',#157400);
#157420=EDGE_CURVE('',#157410,#157320,#157390,.T.);
#157430=ORIENTED_EDGE('',*,*,#157420,.T.);
#157440=CARTESIAN_POINT('',(0.609870584701063,-1.3350001674835,
-0.544999999999999));
#157450=DIRECTION('',(-1.,0.,0.));
#157460=VECTOR('',#157450,1.);
#157470=LINE('',#157440,#157460);
#157480=EDGE_CURVE('',#157410,#156910,#157470,.T.);
#157490=ORIENTED_EDGE('',*,*,#157480,.F.);
#157500=ORIENTED_EDGE('',*,*,#156920,.T.);
#157510=ORIENTED_EDGE('',*,*,#125790,.T.);
#157520=EDGE_LOOP('',(#157510,#157500,#157490,#157430,#157340,#157250,
#157170));
#157530=FACE_OUTER_BOUND('',#157520,.T.);
#157540=ADVANCED_FACE('',(#157530),#157090,.T.);
#157550=CARTESIAN_POINT('',(0.555000000000002,-1.50000000000002,
-0.424999999999999));
#157560=DIRECTION('',(-1.22460635382238E-16,1.,0.));
#157570=DIRECTION('',(1.,1.22460635382238E-16,0.));
#157580=AXIS2_PLACEMENT_3D('',#157550,#157560,#157570);
#157590=PLANE('',#157580);
#157600=ORIENTED_EDGE('',*,*,#156740,.T.);
#157610=CARTESIAN_POINT('',(0.555000000000002,-1.50000000000002,
-0.544999999999999));
#157620=DIRECTION('',(0.,0.,1.));
#157630=VECTOR('',#157620,1.);
#157640=LINE('',#157610,#157630);
#157650=EDGE_CURVE('',#157150,#156670,#157640,.T.);
#157660=ORIENTED_EDGE('',*,*,#157650,.T.);
#157670=ORIENTED_EDGE('',*,*,#157160,.F.);
#157680=ORIENTED_EDGE('',*,*,#125710,.F.);
#157690=EDGE_LOOP('',(#157680,#157670,#157660,#157600));
#157700=FACE_OUTER_BOUND('',#157690,.T.);
#157710=ADVANCED_FACE('',(#157700),#157590,.F.);
#157720=CARTESIAN_POINT('',(0.555000000000002,-1.50000000000002,
-0.424999999999999));
#157730=DIRECTION('',(0.681370152881139,-0.731939010275264,0.));
#157740=DIRECTION('',(0.731939010275264,0.681370152881139,0.));
#157750=AXIS2_PLACEMENT_3D('',#157720,#157730,#157740);
#157760=PLANE('',#157750);
#157770=CARTESIAN_POINT('',(0.644946914281609,-1.4162674186307,
-0.424999999999999));
#157780=DIRECTION('',(0.,0.,-1.));
#157790=VECTOR('',#157780,1.);
#157800=LINE('',#157770,#157790);
#157810=EDGE_CURVE('',#156590,#157230,#157800,.T.);
#157820=ORIENTED_EDGE('',*,*,#157810,.F.);
#157830=ORIENTED_EDGE('',*,*,#157240,.F.);
#157840=ORIENTED_EDGE('',*,*,#157650,.F.);
#157850=ORIENTED_EDGE('',*,*,#156680,.F.);
#157860=EDGE_LOOP('',(#157850,#157840,#157830,#157820));
#157870=FACE_OUTER_BOUND('',#157860,.T.);
#157880=ADVANCED_FACE('',(#157870),#157760,.T.);
#157890=CARTESIAN_POINT('',(0.620000000000005,-1.38500000000002,
-0.424999999999999));
#157900=DIRECTION('',(0.,0.,-1.));
#157910=DIRECTION('',(1.,1.22460635382238E-16,0.));
#157920=AXIS2_PLACEMENT_3D('',#157890,#157900,#157910);
#157930=CYLINDRICAL_SURFACE('',#157920,0.0399999999999978);
#157940=CARTESIAN_POINT('',(0.660000000000002,-1.38500000000002,
-0.424999999999999));
#157950=DIRECTION('',(0.,0.,-1.));
#157960=VECTOR('',#157950,1.);
#157970=LINE('',#157940,#157960);
#157980=EDGE_CURVE('',#156500,#157320,#157970,.T.);
#157990=ORIENTED_EDGE('',*,*,#157980,.F.);
#158000=ORIENTED_EDGE('',*,*,#157330,.F.);
#158010=ORIENTED_EDGE('',*,*,#157810,.T.);
#158020=ORIENTED_EDGE('',*,*,#156600,.F.);
#158030=EDGE_LOOP('',(#158020,#158010,#158000,#157990));
#158040=FACE_OUTER_BOUND('',#158030,.T.);
#158050=ADVANCED_FACE('',(#158040),#157930,.T.);
#158060=CARTESIAN_POINT('',(0.610000000000003,-1.38500000000002,
-0.424999999999999));
#158070=DIRECTION('',(0.,0.,-1.));
#158080=DIRECTION('',(1.,1.22460635382238E-16,0.));
#158090=AXIS2_PLACEMENT_3D('',#158060,#158070,#158080);
#158100=CYLINDRICAL_SURFACE('',#158090,0.0499999999999995);
#158110=CARTESIAN_POINT('',(0.609870584701063,-1.3350001674835,
-0.544999999999999));
#158120=DIRECTION('',(0.,0.,1.));
#158130=VECTOR('',#158120,1.);
#158140=LINE('',#158110,#158130);
#158150=EDGE_CURVE('',#157410,#156410,#158140,.T.);
#158160=ORIENTED_EDGE('',*,*,#158150,.T.);
#158170=ORIENTED_EDGE('',*,*,#157420,.F.);
#158180=ORIENTED_EDGE('',*,*,#157980,.T.);
#158190=ORIENTED_EDGE('',*,*,#156510,.F.);
#158200=EDGE_LOOP('',(#158190,#158180,#158170,#158160));
#158210=FACE_OUTER_BOUND('',#158200,.T.);
#158220=ADVANCED_FACE('',(#158210),#158100,.T.);
#158230=CARTESIAN_POINT('',(0.609870584701063,-1.3350001674835,
-0.424999999999999));
#158240=DIRECTION('',(-1.22460635382238E-16,1.,0.));
#158250=DIRECTION('',(-1.,-1.22460635382238E-16,0.));
#158260=AXIS2_PLACEMENT_3D('',#158230,#158240,#158250);
#158270=PLANE('',#158260);
#158280=ORIENTED_EDGE('',*,*,#156980,.F.);
#158290=ORIENTED_EDGE('',*,*,#157480,.T.);
#158300=ORIENTED_EDGE('',*,*,#158150,.F.);
#158310=ORIENTED_EDGE('',*,*,#156420,.F.);
#158320=EDGE_LOOP('',(#158310,#158300,#158290,#158280));
#158330=FACE_OUTER_BOUND('',#158320,.T.);
#158340=ADVANCED_FACE('',(#158330),#158270,.T.);
#158350=CARTESIAN_POINT('',(0.555000000000002,-1.50000000000002,
-0.024999999999999));
#158360=DIRECTION('',(-1.22460635382238E-16,1.,0.));
#158370=DIRECTION('',(1.,1.22460635382238E-16,0.));
#158380=AXIS2_PLACEMENT_3D('',#158350,#158360,#158370);
#158390=PLANE('',#158380);
#158400=CARTESIAN_POINT('',(0.555000000000002,-1.50000000000002,
-0.024999999999999));
#158410=DIRECTION('',(-1.,0.,0.));
#158420=VECTOR('',#158410,1.);
#158430=LINE('',#158400,#158420);
#158440=CARTESIAN_POINT('',(0.555000000000002,-1.50000000000002,
-0.024999999999999));
#158450=VERTEX_POINT('',#158440);
#158460=EDGE_CURVE('',#158450,#126200,#158430,.T.);
#158470=ORIENTED_EDGE('',*,*,#158460,.T.);
#158480=CARTESIAN_POINT('',(0.555000000000002,-1.50000000000002,
-0.144999999999999));
#158490=DIRECTION('',(0.,0.,1.));
#158500=VECTOR('',#158490,1.);
#158510=LINE('',#158480,#158500);
#158520=CARTESIAN_POINT('',(0.555000000000004,-1.50000000000002,
-0.144999999999999));
#158530=VERTEX_POINT('',#158520);
#158540=EDGE_CURVE('',#158530,#158450,#158510,.T.);
#158550=ORIENTED_EDGE('',*,*,#158540,.T.);
#158560=CARTESIAN_POINT('',(0.555000000000005,-1.50000000000002,
-0.144999999999999));
#158570=DIRECTION('',(-1.,0.,0.));
#158580=VECTOR('',#158570,1.);
#158590=LINE('',#158560,#158580);
#158600=EDGE_CURVE('',#158530,#126020,#158590,.T.);
#158610=ORIENTED_EDGE('',*,*,#158600,.F.);
#158620=ORIENTED_EDGE('',*,*,#126270,.F.);
#158630=EDGE_LOOP('',(#158620,#158610,#158550,#158470));
#158640=FACE_OUTER_BOUND('',#158630,.T.);
#158650=ADVANCED_FACE('',(#158640),#158390,.F.);
#158660=CARTESIAN_POINT('',(-2.96101731916344,2.8223480408227,
-0.024999999999999));
#158670=DIRECTION('',(0.,0.,-1.));
#158680=DIRECTION('',(1.,1.22460635382238E-16,0.));
#158690=AXIS2_PLACEMENT_3D('',#158660,#158670,#158680);
#158700=PLANE('',#158690);
#158710=CARTESIAN_POINT('',(0.598843446820732,-1.2350001674835,
-0.024999999999999));
#158720=DIRECTION('',(0.,0.,-1.));
#158730=DIRECTION('',(0.,-1.,0.));
#158740=AXIS2_PLACEMENT_3D('',#158710,#158720,#158730);
#158750=CIRCLE('',#158740,0.0999999999999996);
#158760=CARTESIAN_POINT('',(0.598843446820732,-1.3350001674835,
-0.024999999999999));
#158770=VERTEX_POINT('',#158760);
#158780=EDGE_CURVE('',#158770,#126120,#158750,.T.);
#158790=ORIENTED_EDGE('',*,*,#158780,.T.);
#158800=CARTESIAN_POINT('',(0.61000083484843,-1.3350001674835,
-0.024999999999999));
#158810=DIRECTION('',(-1.,0.,0.));
#158820=VECTOR('',#158810,1.);
#158830=LINE('',#158800,#158820);
#158840=CARTESIAN_POINT('',(0.609935709448229,-1.33500004133279,
-0.024999999999999));
#158850=VERTEX_POINT('',#158840);
#158860=EDGE_CURVE('',#158850,#158770,#158830,.T.);
#158870=ORIENTED_EDGE('',*,*,#158860,.T.);
#158880=CARTESIAN_POINT('',(0.610000000000003,-1.38500000000002,
-0.024999999999999));
#158890=DIRECTION('',(0.,0.,1.));
#158900=DIRECTION('',(1.,-3.10862446895047E-14,0.));
#158910=AXIS2_PLACEMENT_3D('',#158880,#158890,#158900);
#158920=CIRCLE('',#158910,0.0499999999999995);
#158930=CARTESIAN_POINT('',(0.660000000000003,-1.38500000000002,
-0.024999999999999));
#158940=VERTEX_POINT('',#158930);
#158950=EDGE_CURVE('',#158940,#158850,#158920,.T.);
#158960=ORIENTED_EDGE('',*,*,#158950,.T.);
#158970=CARTESIAN_POINT('',(0.620000000000005,-1.38500000000002,
-0.024999999999999));
#158980=DIRECTION('',(0.,0.,1.));
#158990=DIRECTION('',(0.623672857033932,-0.781685465771964,0.));
#159000=AXIS2_PLACEMENT_3D('',#158970,#158980,#158990);
#159010=CIRCLE('',#159000,0.0399999999999978);
#159020=CARTESIAN_POINT('',(0.644946914281498,-1.41626741863081,
-0.024999999999999));
#159030=VERTEX_POINT('',#159020);
#159040=EDGE_CURVE('',#159030,#158940,#159010,.T.);
#159050=ORIENTED_EDGE('',*,*,#159040,.T.);
#159060=CARTESIAN_POINT('',(0.555000000000002,-1.50000000000002,
-0.024999999999999));
#159070=DIRECTION('',(0.731939010275259,0.681370152881144,0.));
#159080=VECTOR('',#159070,1.);
#159090=LINE('',#159060,#159080);
#159100=EDGE_CURVE('',#158450,#159030,#159090,.T.);
#159110=ORIENTED_EDGE('',*,*,#159100,.T.);
#159120=ORIENTED_EDGE('',*,*,#158460,.F.);
#159130=ORIENTED_EDGE('',*,*,#126210,.F.);
#159140=EDGE_LOOP('',(#159130,#159120,#159110,#159050,#158960,#158870,
#158790));
#159150=FACE_OUTER_BOUND('',#159140,.T.);
#159160=ADVANCED_FACE('',(#159150),#158700,.F.);
#159170=CARTESIAN_POINT('',(0.598843446820732,-1.2350001674835,
-0.024999999999999));
#159180=DIRECTION('',(0.,0.,-1.));
#159190=DIRECTION('',(1.,1.22460635382238E-16,0.));
#159200=AXIS2_PLACEMENT_3D('',#159170,#159180,#159190);
#159210=CYLINDRICAL_SURFACE('',#159200,0.0999999999999996);
#159220=CARTESIAN_POINT('',(0.598843446820732,-1.2350001674835,
-0.144999999999999));
#159230=DIRECTION('',(0.,0.,1.));
#159240=DIRECTION('',(-0.538434468207319,-0.842667386010816,0.));
#159250=AXIS2_PLACEMENT_3D('',#159220,#159230,#159240);
#159260=CIRCLE('',#159250,0.0999999999999996);
#159270=CARTESIAN_POINT('',(0.598843446820732,-1.3350001674835,
-0.144999999999999));
#159280=VERTEX_POINT('',#159270);
#159290=EDGE_CURVE('',#126040,#159280,#159260,.T.);
#159300=ORIENTED_EDGE('',*,*,#159290,.F.);
#159310=CARTESIAN_POINT('',(0.598843446820732,-1.3350001674835,
-0.024999999999999));
#159320=DIRECTION('',(0.,0.,-1.));
#159330=VECTOR('',#159320,1.);
#159340=LINE('',#159310,#159330);
#159350=EDGE_CURVE('',#158770,#159280,#159340,.T.);
#159360=ORIENTED_EDGE('',*,*,#159350,.T.);
#159370=ORIENTED_EDGE('',*,*,#158780,.F.);
#159380=ORIENTED_EDGE('',*,*,#126130,.T.);
#159390=EDGE_LOOP('',(#159380,#159370,#159360,#159300));
#159400=FACE_OUTER_BOUND('',#159390,.T.);
#159410=ADVANCED_FACE('',(#159400),#159210,.F.);
#159420=CARTESIAN_POINT('',(-2.96101731916344,2.8223480408227,
-0.144999999999999));
#159430=DIRECTION('',(0.,0.,-1.));
#159440=DIRECTION('',(1.,1.22460635382238E-16,0.));
#159450=AXIS2_PLACEMENT_3D('',#159420,#159430,#159440);
#159460=PLANE('',#159450);
#159470=ORIENTED_EDGE('',*,*,#158600,.T.);
#159480=CARTESIAN_POINT('',(0.644946914281436,-1.41626741863087,
-0.144999999999999));
#159490=DIRECTION('',(-0.731939010275261,-0.681370152881142,0.));
#159500=VECTOR('',#159490,1.);
#159510=LINE('',#159480,#159500);
#159520=CARTESIAN_POINT('',(0.644946914281514,-1.41626741863078,
-0.144999999999999));
#159530=VERTEX_POINT('',#159520);
#159540=EDGE_CURVE('',#159530,#158530,#159510,.T.);
#159550=ORIENTED_EDGE('',*,*,#159540,.T.);
#159560=CARTESIAN_POINT('',(0.620000000000005,-1.38500000000002,
-0.144999999999999));
#159570=DIRECTION('',(0.,0.,-1.));
#159580=DIRECTION('',(1.,-3.88578058618826E-14,0.));
#159590=AXIS2_PLACEMENT_3D('',#159560,#159570,#159580);
#159600=CIRCLE('',#159590,0.0399999999999978);
#159610=CARTESIAN_POINT('',(0.660000000000002,-1.38500000000002,
-0.144999999999999));
#159620=VERTEX_POINT('',#159610);
#159630=EDGE_CURVE('',#159620,#159530,#159600,.T.);
#159640=ORIENTED_EDGE('',*,*,#159630,.T.);
#159650=CARTESIAN_POINT('',(0.610000000000003,-1.38500000000002,
-0.144999999999999));
#159660=DIRECTION('',(0.,0.,-1.));
#159670=DIRECTION('',(3.33921496364911E-5,0.999999999442482,0.));
#159680=AXIS2_PLACEMENT_3D('',#159650,#159660,#159670);
#159690=CIRCLE('',#159680,0.0499999999999995);
#159700=CARTESIAN_POINT('',(0.609936127151478,-1.3350001674835,
-0.144999999999999));
#159710=VERTEX_POINT('',#159700);
#159720=EDGE_CURVE('',#159710,#159620,#159690,.T.);
#159730=ORIENTED_EDGE('',*,*,#159720,.T.);
#159740=CARTESIAN_POINT('',(0.609870584701063,-1.3350001674835,
-0.144999999999999));
#159750=DIRECTION('',(-1.,0.,0.));
#159760=VECTOR('',#159750,1.);
#159770=LINE('',#159740,#159760);
#159780=EDGE_CURVE('',#159710,#159280,#159770,.T.);
#159790=ORIENTED_EDGE('',*,*,#159780,.F.);
#159800=ORIENTED_EDGE('',*,*,#159290,.T.);
#159810=ORIENTED_EDGE('',*,*,#126050,.T.);
#159820=EDGE_LOOP('',(#159810,#159800,#159790,#159730,#159640,#159550,
#159470));
#159830=FACE_OUTER_BOUND('',#159820,.T.);
#159840=ADVANCED_FACE('',(#159830),#159460,.T.);
#159850=CARTESIAN_POINT('',(0.555000000000002,-1.50000000000002,
-0.024999999999999));
#159860=DIRECTION('',(0.681370152881139,-0.731939010275264,0.));
#159870=DIRECTION('',(0.731939010275264,0.681370152881139,0.));
#159880=AXIS2_PLACEMENT_3D('',#159850,#159860,#159870);
#159890=PLANE('',#159880);
#159900=CARTESIAN_POINT('',(0.644946914281609,-1.4162674186307,
-0.024999999999999));
#159910=DIRECTION('',(0.,0.,-1.));
#159920=VECTOR('',#159910,1.);
#159930=LINE('',#159900,#159920);
#159940=EDGE_CURVE('',#159030,#159530,#159930,.T.);
#159950=ORIENTED_EDGE('',*,*,#159940,.F.);
#159960=ORIENTED_EDGE('',*,*,#159540,.F.);
#159970=ORIENTED_EDGE('',*,*,#158540,.F.);
#159980=ORIENTED_EDGE('',*,*,#159100,.F.);
#159990=EDGE_LOOP('',(#159980,#159970,#159960,#159950));
#160000=FACE_OUTER_BOUND('',#159990,.T.);
#160010=ADVANCED_FACE('',(#160000),#159890,.T.);
#160020=CARTESIAN_POINT('',(0.620000000000005,-1.38500000000002,
-0.024999999999999));
#160030=DIRECTION('',(0.,0.,-1.));
#160040=DIRECTION('',(1.,1.22460635382238E-16,0.));
#160050=AXIS2_PLACEMENT_3D('',#160020,#160030,#160040);
#160060=CYLINDRICAL_SURFACE('',#160050,0.0399999999999978);
#160070=CARTESIAN_POINT('',(0.660000000000002,-1.38500000000002,
-0.024999999999999));
#160080=DIRECTION('',(0.,0.,-1.));
#160090=VECTOR('',#160080,1.);
#160100=LINE('',#160070,#160090);
#160110=EDGE_CURVE('',#158940,#159620,#160100,.T.);
#160120=ORIENTED_EDGE('',*,*,#160110,.F.);
#160130=ORIENTED_EDGE('',*,*,#159630,.F.);
#160140=ORIENTED_EDGE('',*,*,#159940,.T.);
#160150=ORIENTED_EDGE('',*,*,#159040,.F.);
#160160=EDGE_LOOP('',(#160150,#160140,#160130,#160120));
#160170=FACE_OUTER_BOUND('',#160160,.T.);
#160180=ADVANCED_FACE('',(#160170),#160060,.T.);
#160190=CARTESIAN_POINT('',(0.610000000000003,-1.38500000000002,
-0.024999999999999));
#160200=DIRECTION('',(0.,0.,-1.));
#160210=DIRECTION('',(1.,1.22460635382238E-16,0.));
#160220=AXIS2_PLACEMENT_3D('',#160190,#160200,#160210);
#160230=CYLINDRICAL_SURFACE('',#160220,0.0499999999999995);
#160240=CARTESIAN_POINT('',(0.609870584701063,-1.3350001674835,
-0.144999999999999));
#160250=DIRECTION('',(0.,0.,1.));
#160260=VECTOR('',#160250,1.);
#160270=LINE('',#160240,#160260);
#160280=EDGE_CURVE('',#159710,#158850,#160270,.T.);
#160290=ORIENTED_EDGE('',*,*,#160280,.T.);
#160300=ORIENTED_EDGE('',*,*,#159720,.F.);
#160310=ORIENTED_EDGE('',*,*,#160110,.T.);
#160320=ORIENTED_EDGE('',*,*,#158950,.F.);
#160330=EDGE_LOOP('',(#160320,#160310,#160300,#160290));
#160340=FACE_OUTER_BOUND('',#160330,.T.);
#160350=ADVANCED_FACE('',(#160340),#160230,.T.);
#160360=CARTESIAN_POINT('',(0.609870584701063,-1.3350001674835,
-0.024999999999999));
#160370=DIRECTION('',(-1.22460635382238E-16,1.,0.));
#160380=DIRECTION('',(-1.,-1.22460635382238E-16,0.));
#160390=AXIS2_PLACEMENT_3D('',#160360,#160370,#160380);
#160400=PLANE('',#160390);
#160410=ORIENTED_EDGE('',*,*,#159350,.F.);
#160420=ORIENTED_EDGE('',*,*,#159780,.T.);
#160430=ORIENTED_EDGE('',*,*,#160280,.F.);
#160440=ORIENTED_EDGE('',*,*,#158860,.F.);
#160450=EDGE_LOOP('',(#160440,#160430,#160420,#160410));
#160460=FACE_OUTER_BOUND('',#160450,.T.);
#160470=ADVANCED_FACE('',(#160460),#160400,.T.);
#160480=CARTESIAN_POINT('',(0.555000000000002,-1.50000000000002,
-0.824999999999999));
#160490=DIRECTION('',(-1.22460635382238E-16,1.,0.));
#160500=DIRECTION('',(1.,1.22460635382238E-16,0.));
#160510=AXIS2_PLACEMENT_3D('',#160480,#160490,#160500);
#160520=PLANE('',#160510);
#160530=CARTESIAN_POINT('',(0.555000000000002,-1.50000000000002,
-0.824999999999999));
#160540=DIRECTION('',(-1.,0.,0.));
#160550=VECTOR('',#160540,1.);
#160560=LINE('',#160530,#160550);
#160570=CARTESIAN_POINT('',(0.555000000000002,-1.50000000000002,
-0.824999999999999));
#160580=VERTEX_POINT('',#160570);
#160590=EDGE_CURVE('',#160580,#126540,#160560,.T.);
#160600=ORIENTED_EDGE('',*,*,#160590,.T.);
#160610=CARTESIAN_POINT('',(0.555000000000002,-1.50000000000002,
-0.944999999999999));
#160620=DIRECTION('',(0.,0.,1.));
#160630=VECTOR('',#160620,1.);
#160640=LINE('',#160610,#160630);
#160650=CARTESIAN_POINT('',(0.555000000000004,-1.50000000000002,
-0.944999999999999));
#160660=VERTEX_POINT('',#160650);
#160670=EDGE_CURVE('',#160660,#160580,#160640,.T.);
#160680=ORIENTED_EDGE('',*,*,#160670,.T.);
#160690=CARTESIAN_POINT('',(0.555000000000005,-1.50000000000002,
-0.944999999999999));
#160700=DIRECTION('',(-1.,0.,0.));
#160710=VECTOR('',#160700,1.);
#160720=LINE('',#160690,#160710);
#160730=EDGE_CURVE('',#160660,#126360,#160720,.T.);
#160740=ORIENTED_EDGE('',*,*,#160730,.F.);
#160750=ORIENTED_EDGE('',*,*,#126610,.F.);
#160760=EDGE_LOOP('',(#160750,#160740,#160680,#160600));
#160770=FACE_OUTER_BOUND('',#160760,.T.);
#160780=ADVANCED_FACE('',(#160770),#160520,.F.);
#160790=CARTESIAN_POINT('',(-2.96101731916344,2.8223480408227,
-0.824999999999999));
#160800=DIRECTION('',(0.,0.,-1.));
#160810=DIRECTION('',(1.,1.22460635382238E-16,0.));
#160820=AXIS2_PLACEMENT_3D('',#160790,#160800,#160810);
#160830=PLANE('',#160820);
#160840=CARTESIAN_POINT('',(0.598843446820732,-1.2350001674835,
-0.824999999999999));
#160850=DIRECTION('',(0.,0.,-1.));
#160860=DIRECTION('',(0.,-1.,0.));
#160870=AXIS2_PLACEMENT_3D('',#160840,#160850,#160860);
#160880=CIRCLE('',#160870,0.0999999999999996);
#160890=CARTESIAN_POINT('',(0.598843446820732,-1.3350001674835,
-0.824999999999999));
#160900=VERTEX_POINT('',#160890);
#160910=EDGE_CURVE('',#160900,#126460,#160880,.T.);
#160920=ORIENTED_EDGE('',*,*,#160910,.T.);
#160930=CARTESIAN_POINT('',(0.61000083484843,-1.3350001674835,
-0.824999999999999));
#160940=DIRECTION('',(-1.,0.,0.));
#160950=VECTOR('',#160940,1.);
#160960=LINE('',#160930,#160950);
#160970=CARTESIAN_POINT('',(0.609935709448229,-1.33500004133279,
-0.824999999999999));
#160980=VERTEX_POINT('',#160970);
#160990=EDGE_CURVE('',#160980,#160900,#160960,.T.);
#161000=ORIENTED_EDGE('',*,*,#160990,.T.);
#161010=CARTESIAN_POINT('',(0.610000000000003,-1.38500000000002,
-0.824999999999999));
#161020=DIRECTION('',(0.,0.,1.));
#161030=DIRECTION('',(1.,-3.10862446895047E-14,0.));
#161040=AXIS2_PLACEMENT_3D('',#161010,#161020,#161030);
#161050=CIRCLE('',#161040,0.0499999999999995);
#161060=CARTESIAN_POINT('',(0.660000000000003,-1.38500000000002,
-0.824999999999999));
#161070=VERTEX_POINT('',#161060);
#161080=EDGE_CURVE('',#161070,#160980,#161050,.T.);
#161090=ORIENTED_EDGE('',*,*,#161080,.T.);
#161100=CARTESIAN_POINT('',(0.620000000000005,-1.38500000000002,
-0.824999999999999));
#161110=DIRECTION('',(0.,0.,1.));
#161120=DIRECTION('',(0.623672857033906,-0.781685465771985,0.));
#161130=AXIS2_PLACEMENT_3D('',#161100,#161110,#161120);
#161140=CIRCLE('',#161130,0.0399999999999978);
#161150=CARTESIAN_POINT('',(0.644946914281498,-1.41626741863081,
-0.824999999999999));
#161160=VERTEX_POINT('',#161150);
#161170=EDGE_CURVE('',#161160,#161070,#161140,.T.);
#161180=ORIENTED_EDGE('',*,*,#161170,.T.);
#161190=CARTESIAN_POINT('',(0.555000000000002,-1.50000000000002,
-0.824999999999999));
#161200=DIRECTION('',(0.73193901027526,0.681370152881144,0.));
#161210=VECTOR('',#161200,1.);
#161220=LINE('',#161190,#161210);
#161230=EDGE_CURVE('',#160580,#161160,#161220,.T.);
#161240=ORIENTED_EDGE('',*,*,#161230,.T.);
#161250=ORIENTED_EDGE('',*,*,#160590,.F.);
#161260=ORIENTED_EDGE('',*,*,#126550,.F.);
#161270=EDGE_LOOP('',(#161260,#161250,#161240,#161180,#161090,#161000,
#160920));
#161280=FACE_OUTER_BOUND('',#161270,.T.);
#161290=ADVANCED_FACE('',(#161280),#160830,.F.);
#161300=CARTESIAN_POINT('',(0.598843446820732,-1.2350001674835,
-0.824999999999999));
#161310=DIRECTION('',(0.,0.,-1.));
#161320=DIRECTION('',(1.,1.22460635382238E-16,0.));
#161330=AXIS2_PLACEMENT_3D('',#161300,#161310,#161320);
#161340=CYLINDRICAL_SURFACE('',#161330,0.0999999999999996);
#161350=CARTESIAN_POINT('',(0.598843446820732,-1.2350001674835,
-0.944999999999999));
#161360=DIRECTION('',(0.,0.,1.));
#161370=DIRECTION('',(-0.538434468207319,-0.842667386010816,0.));
#161380=AXIS2_PLACEMENT_3D('',#161350,#161360,#161370);
#161390=CIRCLE('',#161380,0.0999999999999996);
#161400=CARTESIAN_POINT('',(0.598843446820732,-1.3350001674835,
-0.944999999999999));
#161410=VERTEX_POINT('',#161400);
#161420=EDGE_CURVE('',#126380,#161410,#161390,.T.);
#161430=ORIENTED_EDGE('',*,*,#161420,.F.);
#161440=CARTESIAN_POINT('',(0.598843446820732,-1.3350001674835,
-0.824999999999999));
#161450=DIRECTION('',(0.,0.,-1.));
#161460=VECTOR('',#161450,1.);
#161470=LINE('',#161440,#161460);
#161480=EDGE_CURVE('',#160900,#161410,#161470,.T.);
#161490=ORIENTED_EDGE('',*,*,#161480,.T.);
#161500=ORIENTED_EDGE('',*,*,#160910,.F.);
#161510=ORIENTED_EDGE('',*,*,#126470,.T.);
#161520=EDGE_LOOP('',(#161510,#161500,#161490,#161430));
#161530=FACE_OUTER_BOUND('',#161520,.T.);
#161540=ADVANCED_FACE('',(#161530),#161340,.F.);
#161550=CARTESIAN_POINT('',(-2.96101731916344,2.8223480408227,
-0.944999999999999));
#161560=DIRECTION('',(0.,0.,-1.));
#161570=DIRECTION('',(1.,1.22460635382238E-16,0.));
#161580=AXIS2_PLACEMENT_3D('',#161550,#161560,#161570);
#161590=PLANE('',#161580);
#161600=ORIENTED_EDGE('',*,*,#160730,.T.);
#161610=CARTESIAN_POINT('',(0.644946914281436,-1.41626741863087,
-0.944999999999999));
#161620=DIRECTION('',(-0.731939010275261,-0.681370152881142,0.));
#161630=VECTOR('',#161620,1.);
#161640=LINE('',#161610,#161630);
#161650=CARTESIAN_POINT('',(0.644946914281514,-1.41626741863078,
-0.944999999999999));
#161660=VERTEX_POINT('',#161650);
#161670=EDGE_CURVE('',#161660,#160660,#161640,.T.);
#161680=ORIENTED_EDGE('',*,*,#161670,.T.);
#161690=CARTESIAN_POINT('',(0.620000000000005,-1.38500000000002,
-0.944999999999999));
#161700=DIRECTION('',(0.,0.,-1.));
#161710=DIRECTION('',(1.,-3.88578058618826E-14,0.));
#161720=AXIS2_PLACEMENT_3D('',#161690,#161700,#161710);
#161730=CIRCLE('',#161720,0.0399999999999978);
#161740=CARTESIAN_POINT('',(0.660000000000002,-1.38500000000002,
-0.944999999999999));
#161750=VERTEX_POINT('',#161740);
#161760=EDGE_CURVE('',#161750,#161660,#161730,.T.);
#161770=ORIENTED_EDGE('',*,*,#161760,.T.);
#161780=CARTESIAN_POINT('',(0.610000000000003,-1.38500000000002,
-0.944999999999999));
#161790=DIRECTION('',(0.,0.,-1.));
#161800=DIRECTION('',(3.33921496364911E-5,0.999999999442482,0.));
#161810=AXIS2_PLACEMENT_3D('',#161780,#161790,#161800);
#161820=CIRCLE('',#161810,0.0499999999999995);
#161830=CARTESIAN_POINT('',(0.609936127151478,-1.3350001674835,
-0.944999999999999));
#161840=VERTEX_POINT('',#161830);
#161850=EDGE_CURVE('',#161840,#161750,#161820,.T.);
#161860=ORIENTED_EDGE('',*,*,#161850,.T.);
#161870=CARTESIAN_POINT('',(0.609870584701063,-1.3350001674835,
-0.944999999999999));
#161880=DIRECTION('',(-1.,0.,0.));
#161890=VECTOR('',#161880,1.);
#161900=LINE('',#161870,#161890);
#161910=EDGE_CURVE('',#161840,#161410,#161900,.T.);
#161920=ORIENTED_EDGE('',*,*,#161910,.F.);
#161930=ORIENTED_EDGE('',*,*,#161420,.T.);
#161940=ORIENTED_EDGE('',*,*,#126390,.T.);
#161950=EDGE_LOOP('',(#161940,#161930,#161920,#161860,#161770,#161680,
#161600));
#161960=FACE_OUTER_BOUND('',#161950,.T.);
#161970=ADVANCED_FACE('',(#161960),#161590,.T.);
#161980=CARTESIAN_POINT('',(0.555000000000002,-1.50000000000002,
-0.824999999999999));
#161990=DIRECTION('',(0.681370152881139,-0.731939010275264,0.));
#162000=DIRECTION('',(0.731939010275264,0.681370152881139,0.));
#162010=AXIS2_PLACEMENT_3D('',#161980,#161990,#162000);
#162020=PLANE('',#162010);
#162030=CARTESIAN_POINT('',(0.644946914281609,-1.4162674186307,
-0.824999999999999));
#162040=DIRECTION('',(0.,0.,-1.));
#162050=VECTOR('',#162040,1.);
#162060=LINE('',#162030,#162050);
#162070=EDGE_CURVE('',#161160,#161660,#162060,.T.);
#162080=ORIENTED_EDGE('',*,*,#162070,.F.);
#162090=ORIENTED_EDGE('',*,*,#161670,.F.);
#162100=ORIENTED_EDGE('',*,*,#160670,.F.);
#162110=ORIENTED_EDGE('',*,*,#161230,.F.);
#162120=EDGE_LOOP('',(#162110,#162100,#162090,#162080));
#162130=FACE_OUTER_BOUND('',#162120,.T.);
#162140=ADVANCED_FACE('',(#162130),#162020,.T.);
#162150=CARTESIAN_POINT('',(0.620000000000005,-1.38500000000002,
-0.824999999999999));
#162160=DIRECTION('',(0.,0.,-1.));
#162170=DIRECTION('',(1.,1.22460635382238E-16,0.));
#162180=AXIS2_PLACEMENT_3D('',#162150,#162160,#162170);
#162190=CYLINDRICAL_SURFACE('',#162180,0.0399999999999978);
#162200=CARTESIAN_POINT('',(0.660000000000002,-1.38500000000002,
-0.824999999999999));
#162210=DIRECTION('',(0.,0.,-1.));
#162220=VECTOR('',#162210,1.);
#162230=LINE('',#162200,#162220);
#162240=EDGE_CURVE('',#161070,#161750,#162230,.T.);
#162250=ORIENTED_EDGE('',*,*,#162240,.F.);
#162260=ORIENTED_EDGE('',*,*,#161760,.F.);
#162270=ORIENTED_EDGE('',*,*,#162070,.T.);
#162280=ORIENTED_EDGE('',*,*,#161170,.F.);
#162290=EDGE_LOOP('',(#162280,#162270,#162260,#162250));
#162300=FACE_OUTER_BOUND('',#162290,.T.);
#162310=ADVANCED_FACE('',(#162300),#162190,.T.);
#162320=CARTESIAN_POINT('',(0.610000000000003,-1.38500000000002,
-0.824999999999999));
#162330=DIRECTION('',(0.,0.,-1.));
#162340=DIRECTION('',(1.,1.22460635382238E-16,0.));
#162350=AXIS2_PLACEMENT_3D('',#162320,#162330,#162340);
#162360=CYLINDRICAL_SURFACE('',#162350,0.0499999999999995);
#162370=CARTESIAN_POINT('',(0.609870584701063,-1.3350001674835,
-0.944999999999999));
#162380=DIRECTION('',(0.,0.,1.));
#162390=VECTOR('',#162380,1.);
#162400=LINE('',#162370,#162390);
#162410=EDGE_CURVE('',#161840,#160980,#162400,.T.);
#162420=ORIENTED_EDGE('',*,*,#162410,.T.);
#162430=ORIENTED_EDGE('',*,*,#161850,.F.);
#162440=ORIENTED_EDGE('',*,*,#162240,.T.);
#162450=ORIENTED_EDGE('',*,*,#161080,.F.);
#162460=EDGE_LOOP('',(#162450,#162440,#162430,#162420));
#162470=FACE_OUTER_BOUND('',#162460,.T.);
#162480=ADVANCED_FACE('',(#162470),#162360,.T.);
#162490=CARTESIAN_POINT('',(0.609870584701063,-1.3350001674835,
-0.824999999999999));
#162500=DIRECTION('',(-1.22460635382238E-16,1.,0.));
#162510=DIRECTION('',(-1.,-1.22460635382238E-16,0.));
#162520=AXIS2_PLACEMENT_3D('',#162490,#162500,#162510);
#162530=PLANE('',#162520);
#162540=ORIENTED_EDGE('',*,*,#161480,.F.);
#162550=ORIENTED_EDGE('',*,*,#161910,.T.);
#162560=ORIENTED_EDGE('',*,*,#162410,.F.);
#162570=ORIENTED_EDGE('',*,*,#160990,.F.);
#162580=EDGE_LOOP('',(#162570,#162560,#162550,#162540));
#162590=FACE_OUTER_BOUND('',#162580,.T.);
#162600=ADVANCED_FACE('',(#162590),#162530,.T.);
#162610=CARTESIAN_POINT('',(0.555000000000002,-1.50000000000002,-1.225))
;
#162620=DIRECTION('',(-1.22460635382238E-16,1.,0.));
#162630=DIRECTION('',(1.,1.22460635382238E-16,0.));
#162640=AXIS2_PLACEMENT_3D('',#162610,#162620,#162630);
#162650=PLANE('',#162640);
#162660=CARTESIAN_POINT('',(0.555000000000002,-1.50000000000002,-1.225))
;
#162670=DIRECTION('',(-1.,0.,0.));
#162680=VECTOR('',#162670,1.);
#162690=LINE('',#162660,#162680);
#162700=CARTESIAN_POINT('',(0.555000000000002,-1.50000000000002,-1.225))
;
#162710=VERTEX_POINT('',#162700);
#162720=EDGE_CURVE('',#162710,#126880,#162690,.T.);
#162730=ORIENTED_EDGE('',*,*,#162720,.T.);
#162740=CARTESIAN_POINT('',(0.555000000000002,-1.50000000000002,-1.345))
;
#162750=DIRECTION('',(0.,0.,1.));
#162760=VECTOR('',#162750,1.);
#162770=LINE('',#162740,#162760);
#162780=CARTESIAN_POINT('',(0.555000000000004,-1.50000000000002,-1.345))
;
#162790=VERTEX_POINT('',#162780);
#162800=EDGE_CURVE('',#162790,#162710,#162770,.T.);
#162810=ORIENTED_EDGE('',*,*,#162800,.T.);
#162820=CARTESIAN_POINT('',(0.555000000000005,-1.50000000000002,-1.345))
;
#162830=DIRECTION('',(-1.,0.,0.));
#162840=VECTOR('',#162830,1.);
#162850=LINE('',#162820,#162840);
#162860=EDGE_CURVE('',#162790,#126700,#162850,.T.);
#162870=ORIENTED_EDGE('',*,*,#162860,.F.);
#162880=ORIENTED_EDGE('',*,*,#126950,.F.);
#162890=EDGE_LOOP('',(#162880,#162870,#162810,#162730));
#162900=FACE_OUTER_BOUND('',#162890,.T.);
#162910=ADVANCED_FACE('',(#162900),#162650,.F.);
#162920=CARTESIAN_POINT('',(-2.96101731916344,2.8223480408227,-1.225));
#162930=DIRECTION('',(0.,0.,-1.));
#162940=DIRECTION('',(1.,1.22460635382238E-16,0.));
#162950=AXIS2_PLACEMENT_3D('',#162920,#162930,#162940);
#162960=PLANE('',#162950);
#162970=CARTESIAN_POINT('',(0.598843446820732,-1.2350001674835,-1.225));
#162980=DIRECTION('',(0.,0.,-1.));
#162990=DIRECTION('',(0.,-1.,0.));
#163000=AXIS2_PLACEMENT_3D('',#162970,#162980,#162990);
#163010=CIRCLE('',#163000,0.0999999999999996);
#163020=CARTESIAN_POINT('',(0.598843446820732,-1.3350001674835,-1.225));
#163030=VERTEX_POINT('',#163020);
#163040=EDGE_CURVE('',#163030,#126800,#163010,.T.);
#163050=ORIENTED_EDGE('',*,*,#163040,.T.);
#163060=CARTESIAN_POINT('',(0.61000083484843,-1.3350001674835,-1.225));
#163070=DIRECTION('',(-1.,0.,0.));
#163080=VECTOR('',#163070,1.);
#163090=LINE('',#163060,#163080);
#163100=CARTESIAN_POINT('',(0.609935709448229,-1.33500004133279,-1.225))
;
#163110=VERTEX_POINT('',#163100);
#163120=EDGE_CURVE('',#163110,#163030,#163090,.T.);
#163130=ORIENTED_EDGE('',*,*,#163120,.T.);
#163140=CARTESIAN_POINT('',(0.610000000000003,-1.38500000000002,-1.225))
;
#163150=DIRECTION('',(0.,0.,1.));
#163160=DIRECTION('',(1.,-3.10862446895047E-14,0.));
#163170=AXIS2_PLACEMENT_3D('',#163140,#163150,#163160);
#163180=CIRCLE('',#163170,0.0499999999999995);
#163190=CARTESIAN_POINT('',(0.660000000000003,-1.38500000000002,-1.225))
;
#163200=VERTEX_POINT('',#163190);
#163210=EDGE_CURVE('',#163200,#163110,#163180,.T.);
#163220=ORIENTED_EDGE('',*,*,#163210,.T.);
#163230=CARTESIAN_POINT('',(0.620000000000005,-1.38500000000002,-1.225))
;
#163240=DIRECTION('',(0.,0.,1.));
#163250=DIRECTION('',(0.623672857033906,-0.781685465771985,0.));
#163260=AXIS2_PLACEMENT_3D('',#163230,#163240,#163250);
#163270=CIRCLE('',#163260,0.0399999999999978);
#163280=CARTESIAN_POINT('',(0.644946914281498,-1.41626741863081,-1.225))
;
#163290=VERTEX_POINT('',#163280);
#163300=EDGE_CURVE('',#163290,#163200,#163270,.T.);
#163310=ORIENTED_EDGE('',*,*,#163300,.T.);
#163320=CARTESIAN_POINT('',(0.555000000000002,-1.50000000000002,-1.225))
;
#163330=DIRECTION('',(0.73193901027526,0.681370152881144,0.));
#163340=VECTOR('',#163330,1.);
#163350=LINE('',#163320,#163340);
#163360=EDGE_CURVE('',#162710,#163290,#163350,.T.);
#163370=ORIENTED_EDGE('',*,*,#163360,.T.);
#163380=ORIENTED_EDGE('',*,*,#162720,.F.);
#163390=ORIENTED_EDGE('',*,*,#126890,.F.);
#163400=EDGE_LOOP('',(#163390,#163380,#163370,#163310,#163220,#163130,
#163050));
#163410=FACE_OUTER_BOUND('',#163400,.T.);
#163420=ADVANCED_FACE('',(#163410),#162960,.F.);
#163430=CARTESIAN_POINT('',(0.598843446820732,-1.2350001674835,-1.225));
#163440=DIRECTION('',(0.,0.,-1.));
#163450=DIRECTION('',(1.,1.22460635382238E-16,0.));
#163460=AXIS2_PLACEMENT_3D('',#163430,#163440,#163450);
#163470=CYLINDRICAL_SURFACE('',#163460,0.0999999999999996);
#163480=CARTESIAN_POINT('',(0.598843446820732,-1.2350001674835,-1.345));
#163490=DIRECTION('',(0.,0.,1.));
#163500=DIRECTION('',(-0.538434468207319,-0.842667386010816,0.));
#163510=AXIS2_PLACEMENT_3D('',#163480,#163490,#163500);
#163520=CIRCLE('',#163510,0.0999999999999996);
#163530=CARTESIAN_POINT('',(0.598843446820732,-1.3350001674835,-1.345));
#163540=VERTEX_POINT('',#163530);
#163550=EDGE_CURVE('',#126720,#163540,#163520,.T.);
#163560=ORIENTED_EDGE('',*,*,#163550,.F.);
#163570=CARTESIAN_POINT('',(0.598843446820732,-1.3350001674835,-1.225));
#163580=DIRECTION('',(0.,0.,-1.));
#163590=VECTOR('',#163580,1.);
#163600=LINE('',#163570,#163590);
#163610=EDGE_CURVE('',#163030,#163540,#163600,.T.);
#163620=ORIENTED_EDGE('',*,*,#163610,.T.);
#163630=ORIENTED_EDGE('',*,*,#163040,.F.);
#163640=ORIENTED_EDGE('',*,*,#126810,.T.);
#163650=EDGE_LOOP('',(#163640,#163630,#163620,#163560));
#163660=FACE_OUTER_BOUND('',#163650,.T.);
#163670=ADVANCED_FACE('',(#163660),#163470,.F.);
#163680=CARTESIAN_POINT('',(-2.96101731916344,2.8223480408227,-1.345));
#163690=DIRECTION('',(0.,0.,-1.));
#163700=DIRECTION('',(1.,1.22460635382238E-16,0.));
#163710=AXIS2_PLACEMENT_3D('',#163680,#163690,#163700);
#163720=PLANE('',#163710);
#163730=ORIENTED_EDGE('',*,*,#162860,.T.);
#163740=CARTESIAN_POINT('',(0.644946914281436,-1.41626741863087,-1.345))
;
#163750=DIRECTION('',(-0.731939010275261,-0.681370152881142,0.));
#163760=VECTOR('',#163750,1.);
#163770=LINE('',#163740,#163760);
#163780=CARTESIAN_POINT('',(0.644946914281514,-1.41626741863078,-1.345))
;
#163790=VERTEX_POINT('',#163780);
#163800=EDGE_CURVE('',#163790,#162790,#163770,.T.);
#163810=ORIENTED_EDGE('',*,*,#163800,.T.);
#163820=CARTESIAN_POINT('',(0.620000000000005,-1.38500000000002,-1.345))
;
#163830=DIRECTION('',(0.,0.,-1.));
#163840=DIRECTION('',(1.,-3.88578058618826E-14,0.));
#163850=AXIS2_PLACEMENT_3D('',#163820,#163830,#163840);
#163860=CIRCLE('',#163850,0.0399999999999978);
#163870=CARTESIAN_POINT('',(0.660000000000002,-1.38500000000002,-1.345))
;
#163880=VERTEX_POINT('',#163870);
#163890=EDGE_CURVE('',#163880,#163790,#163860,.T.);
#163900=ORIENTED_EDGE('',*,*,#163890,.T.);
#163910=CARTESIAN_POINT('',(0.610000000000003,-1.38500000000002,-1.345))
;
#163920=DIRECTION('',(0.,0.,-1.));
#163930=DIRECTION('',(3.33921496364911E-5,0.999999999442482,0.));
#163940=AXIS2_PLACEMENT_3D('',#163910,#163920,#163930);
#163950=CIRCLE('',#163940,0.0499999999999995);
#163960=CARTESIAN_POINT('',(0.609936127151478,-1.3350001674835,-1.345));
#163970=VERTEX_POINT('',#163960);
#163980=EDGE_CURVE('',#163970,#163880,#163950,.T.);
#163990=ORIENTED_EDGE('',*,*,#163980,.T.);
#164000=CARTESIAN_POINT('',(0.609870584701063,-1.3350001674835,-1.345));
#164010=DIRECTION('',(-1.,0.,0.));
#164020=VECTOR('',#164010,1.);
#164030=LINE('',#164000,#164020);
#164040=EDGE_CURVE('',#163970,#163540,#164030,.T.);
#164050=ORIENTED_EDGE('',*,*,#164040,.F.);
#164060=ORIENTED_EDGE('',*,*,#163550,.T.);
#164070=ORIENTED_EDGE('',*,*,#126730,.T.);
#164080=EDGE_LOOP('',(#164070,#164060,#164050,#163990,#163900,#163810,
#163730));
#164090=FACE_OUTER_BOUND('',#164080,.T.);
#164100=ADVANCED_FACE('',(#164090),#163720,.T.);
#164110=CARTESIAN_POINT('',(0.555000000000002,-1.50000000000002,-1.225))
;
#164120=DIRECTION('',(0.681370152881139,-0.731939010275264,0.));
#164130=DIRECTION('',(0.731939010275264,0.681370152881139,0.));
#164140=AXIS2_PLACEMENT_3D('',#164110,#164120,#164130);
#164150=PLANE('',#164140);
#164160=CARTESIAN_POINT('',(0.644946914281609,-1.4162674186307,-1.225));
#164170=DIRECTION('',(0.,0.,-1.));
#164180=VECTOR('',#164170,1.);
#164190=LINE('',#164160,#164180);
#164200=EDGE_CURVE('',#163290,#163790,#164190,.T.);
#164210=ORIENTED_EDGE('',*,*,#164200,.F.);
#164220=ORIENTED_EDGE('',*,*,#163800,.F.);
#164230=ORIENTED_EDGE('',*,*,#162800,.F.);
#164240=ORIENTED_EDGE('',*,*,#163360,.F.);
#164250=EDGE_LOOP('',(#164240,#164230,#164220,#164210));
#164260=FACE_OUTER_BOUND('',#164250,.T.);
#164270=ADVANCED_FACE('',(#164260),#164150,.T.);
#164280=CARTESIAN_POINT('',(0.620000000000005,-1.38500000000002,-1.225))
;
#164290=DIRECTION('',(0.,0.,-1.));
#164300=DIRECTION('',(1.,1.22460635382238E-16,0.));
#164310=AXIS2_PLACEMENT_3D('',#164280,#164290,#164300);
#164320=CYLINDRICAL_SURFACE('',#164310,0.0399999999999978);
#164330=CARTESIAN_POINT('',(0.660000000000002,-1.38500000000002,-1.225))
;
#164340=DIRECTION('',(0.,0.,-1.));
#164350=VECTOR('',#164340,1.);
#164360=LINE('',#164330,#164350);
#164370=EDGE_CURVE('',#163200,#163880,#164360,.T.);
#164380=ORIENTED_EDGE('',*,*,#164370,.F.);
#164390=ORIENTED_EDGE('',*,*,#163890,.F.);
#164400=ORIENTED_EDGE('',*,*,#164200,.T.);
#164410=ORIENTED_EDGE('',*,*,#163300,.F.);
#164420=EDGE_LOOP('',(#164410,#164400,#164390,#164380));
#164430=FACE_OUTER_BOUND('',#164420,.T.);
#164440=ADVANCED_FACE('',(#164430),#164320,.T.);
#164450=CARTESIAN_POINT('',(0.610000000000003,-1.38500000000002,-1.225))
;
#164460=DIRECTION('',(0.,0.,-1.));
#164470=DIRECTION('',(1.,1.22460635382238E-16,0.));
#164480=AXIS2_PLACEMENT_3D('',#164450,#164460,#164470);
#164490=CYLINDRICAL_SURFACE('',#164480,0.0499999999999995);
#164500=CARTESIAN_POINT('',(0.609870584701063,-1.3350001674835,-1.345));
#164510=DIRECTION('',(0.,0.,1.));
#164520=VECTOR('',#164510,1.);
#164530=LINE('',#164500,#164520);
#164540=EDGE_CURVE('',#163970,#163110,#164530,.T.);
#164550=ORIENTED_EDGE('',*,*,#164540,.T.);
#164560=ORIENTED_EDGE('',*,*,#163980,.F.);
#164570=ORIENTED_EDGE('',*,*,#164370,.T.);
#164580=ORIENTED_EDGE('',*,*,#163210,.F.);
#164590=EDGE_LOOP('',(#164580,#164570,#164560,#164550));
#164600=FACE_OUTER_BOUND('',#164590,.T.);
#164610=ADVANCED_FACE('',(#164600),#164490,.T.);
#164620=CARTESIAN_POINT('',(0.609870584701063,-1.3350001674835,-1.225));
#164630=DIRECTION('',(-1.22460635382238E-16,1.,0.));
#164640=DIRECTION('',(-1.,-1.22460635382238E-16,0.));
#164650=AXIS2_PLACEMENT_3D('',#164620,#164630,#164640);
#164660=PLANE('',#164650);
#164670=ORIENTED_EDGE('',*,*,#163610,.F.);
#164680=ORIENTED_EDGE('',*,*,#164040,.T.);
#164690=ORIENTED_EDGE('',*,*,#164540,.F.);
#164700=ORIENTED_EDGE('',*,*,#163120,.F.);
#164710=EDGE_LOOP('',(#164700,#164690,#164680,#164670));
#164720=FACE_OUTER_BOUND('',#164710,.T.);
#164730=ADVANCED_FACE('',(#164720),#164660,.T.);
#164740=CARTESIAN_POINT('',(0.555000000000002,-1.50000000000002,-2.825))
;
#164750=DIRECTION('',(-1.22460635382238E-16,1.,0.));
#164760=DIRECTION('',(1.,1.22460635382238E-16,0.));
#164770=AXIS2_PLACEMENT_3D('',#164740,#164750,#164760);
#164780=PLANE('',#164770);
#164790=CARTESIAN_POINT('',(0.555000000000002,-1.50000000000002,-2.825))
;
#164800=DIRECTION('',(-1.,0.,0.));
#164810=VECTOR('',#164800,1.);
#164820=LINE('',#164790,#164810);
#164830=CARTESIAN_POINT('',(0.555000000000002,-1.50000000000002,-2.825))
;
#164840=VERTEX_POINT('',#164830);
#164850=EDGE_CURVE('',#164840,#127220,#164820,.T.);
#164860=ORIENTED_EDGE('',*,*,#164850,.T.);
#164870=CARTESIAN_POINT('',(0.555000000000002,-1.50000000000002,-2.945))
;
#164880=DIRECTION('',(0.,0.,1.));
#164890=VECTOR('',#164880,1.);
#164900=LINE('',#164870,#164890);
#164910=CARTESIAN_POINT('',(0.555000000000004,-1.50000000000002,-2.945))
;
#164920=VERTEX_POINT('',#164910);
#164930=EDGE_CURVE('',#164920,#164840,#164900,.T.);
#164940=ORIENTED_EDGE('',*,*,#164930,.T.);
#164950=CARTESIAN_POINT('',(0.555000000000005,-1.50000000000002,-2.945))
;
#164960=DIRECTION('',(-1.,0.,0.));
#164970=VECTOR('',#164960,1.);
#164980=LINE('',#164950,#164970);
#164990=EDGE_CURVE('',#164920,#127040,#164980,.T.);
#165000=ORIENTED_EDGE('',*,*,#164990,.F.);
#165010=ORIENTED_EDGE('',*,*,#127290,.F.);
#165020=EDGE_LOOP('',(#165010,#165000,#164940,#164860));
#165030=FACE_OUTER_BOUND('',#165020,.T.);
#165040=ADVANCED_FACE('',(#165030),#164780,.F.);
#165050=CARTESIAN_POINT('',(-2.96101731916344,2.8223480408227,-2.825));
#165060=DIRECTION('',(0.,0.,-1.));
#165070=DIRECTION('',(1.,1.22460635382238E-16,0.));
#165080=AXIS2_PLACEMENT_3D('',#165050,#165060,#165070);
#165090=PLANE('',#165080);
#165100=CARTESIAN_POINT('',(0.598843446820732,-1.2350001674835,-2.825));
#165110=DIRECTION('',(0.,0.,-1.));
#165120=DIRECTION('',(0.,-1.,0.));
#165130=AXIS2_PLACEMENT_3D('',#165100,#165110,#165120);
#165140=CIRCLE('',#165130,0.0999999999999996);
#165150=CARTESIAN_POINT('',(0.598843446820732,-1.3350001674835,-2.825));
#165160=VERTEX_POINT('',#165150);
#165170=EDGE_CURVE('',#165160,#127140,#165140,.T.);
#165180=ORIENTED_EDGE('',*,*,#165170,.T.);
#165190=CARTESIAN_POINT('',(0.610000834848428,-1.3350001674835,-2.825));
#165200=DIRECTION('',(-1.,0.,0.));
#165210=VECTOR('',#165200,1.);
#165220=LINE('',#165190,#165210);
#165230=CARTESIAN_POINT('',(0.609935709448228,-1.33500004133279,-2.825))
;
#165240=VERTEX_POINT('',#165230);
#165250=EDGE_CURVE('',#165240,#165160,#165220,.T.);
#165260=ORIENTED_EDGE('',*,*,#165250,.T.);
#165270=CARTESIAN_POINT('',(0.610000000000003,-1.38500000000002,-2.825))
;
#165280=DIRECTION('',(0.,0.,1.));
#165290=DIRECTION('',(1.,3.9968028886506E-14,0.));
#165300=AXIS2_PLACEMENT_3D('',#165270,#165280,#165290);
#165310=CIRCLE('',#165300,0.0499999999999995);
#165320=CARTESIAN_POINT('',(0.660000000000002,-1.38500000000002,-2.825))
;
#165330=VERTEX_POINT('',#165320);
#165340=EDGE_CURVE('',#165330,#165240,#165310,.T.);
#165350=ORIENTED_EDGE('',*,*,#165340,.T.);
#165360=CARTESIAN_POINT('',(0.620000000000004,-1.38500000000002,-2.825))
;
#165370=DIRECTION('',(0.,0.,1.));
#165380=DIRECTION('',(0.623672857033065,-0.781685465772656,0.));
#165390=AXIS2_PLACEMENT_3D('',#165360,#165370,#165380);
#165400=CIRCLE('',#165390,0.0399999999999978);
#165410=CARTESIAN_POINT('',(0.644946914281481,-1.41626741863083,-2.825))
;
#165420=VERTEX_POINT('',#165410);
#165430=EDGE_CURVE('',#165420,#165330,#165400,.T.);
#165440=ORIENTED_EDGE('',*,*,#165430,.T.);
#165450=CARTESIAN_POINT('',(0.555000000000002,-1.50000000000002,-2.825))
;
#165460=DIRECTION('',(0.731939010275262,0.681370152881142,0.));
#165470=VECTOR('',#165460,1.);
#165480=LINE('',#165450,#165470);
#165490=EDGE_CURVE('',#164840,#165420,#165480,.T.);
#165500=ORIENTED_EDGE('',*,*,#165490,.T.);
#165510=ORIENTED_EDGE('',*,*,#164850,.F.);
#165520=ORIENTED_EDGE('',*,*,#127230,.F.);
#165530=EDGE_LOOP('',(#165520,#165510,#165500,#165440,#165350,#165260,
#165180));
#165540=FACE_OUTER_BOUND('',#165530,.T.);
#165550=ADVANCED_FACE('',(#165540),#165090,.F.);
#165560=CARTESIAN_POINT('',(0.598843446820732,-1.2350001674835,-2.825));
#165570=DIRECTION('',(0.,0.,-1.));
#165580=DIRECTION('',(1.,1.22460635382238E-16,0.));
#165590=AXIS2_PLACEMENT_3D('',#165560,#165570,#165580);
#165600=CYLINDRICAL_SURFACE('',#165590,0.0999999999999996);
#165610=CARTESIAN_POINT('',(0.598843446820732,-1.2350001674835,-2.945));
#165620=DIRECTION('',(0.,0.,1.));
#165630=DIRECTION('',(-0.538434468207319,-0.842667386010816,0.));
#165640=AXIS2_PLACEMENT_3D('',#165610,#165620,#165630);
#165650=CIRCLE('',#165640,0.0999999999999996);
#165660=CARTESIAN_POINT('',(0.598843446820732,-1.3350001674835,-2.945));
#165670=VERTEX_POINT('',#165660);
#165680=EDGE_CURVE('',#127060,#165670,#165650,.T.);
#165690=ORIENTED_EDGE('',*,*,#165680,.F.);
#165700=CARTESIAN_POINT('',(0.598843446820732,-1.3350001674835,-2.825));
#165710=DIRECTION('',(0.,0.,-1.));
#165720=VECTOR('',#165710,1.);
#165730=LINE('',#165700,#165720);
#165740=EDGE_CURVE('',#165160,#165670,#165730,.T.);
#165750=ORIENTED_EDGE('',*,*,#165740,.T.);
#165760=ORIENTED_EDGE('',*,*,#165170,.F.);
#165770=ORIENTED_EDGE('',*,*,#127150,.T.);
#165780=EDGE_LOOP('',(#165770,#165760,#165750,#165690));
#165790=FACE_OUTER_BOUND('',#165780,.T.);
#165800=ADVANCED_FACE('',(#165790),#165600,.F.);
#165810=CARTESIAN_POINT('',(-2.96101731916344,2.8223480408227,-2.945));
#165820=DIRECTION('',(0.,0.,-1.));
#165830=DIRECTION('',(1.,1.22460635382238E-16,0.));
#165840=AXIS2_PLACEMENT_3D('',#165810,#165820,#165830);
#165850=PLANE('',#165840);
#165860=ORIENTED_EDGE('',*,*,#164990,.T.);
#165870=CARTESIAN_POINT('',(0.644946914281411,-1.4162674186309,-2.945));
#165880=DIRECTION('',(-0.731939010275261,-0.681370152881142,0.));
#165890=VECTOR('',#165880,1.);
#165900=LINE('',#165870,#165890);
#165910=CARTESIAN_POINT('',(0.6449469142815,-1.41626741863079,-2.945));
#165920=VERTEX_POINT('',#165910);
#165930=EDGE_CURVE('',#165920,#164920,#165900,.T.);
#165940=ORIENTED_EDGE('',*,*,#165930,.T.);
#165950=CARTESIAN_POINT('',(0.620000000000004,-1.38500000000002,-2.945))
;
#165960=DIRECTION('',(0.,0.,-1.));
#165970=DIRECTION('',(1.,4.99600361081348E-14,0.));
#165980=AXIS2_PLACEMENT_3D('',#165950,#165960,#165970);
#165990=CIRCLE('',#165980,0.0399999999999978);
#166000=CARTESIAN_POINT('',(0.660000000000002,-1.38500000000002,-2.945))
;
#166010=VERTEX_POINT('',#166000);
#166020=EDGE_CURVE('',#166010,#165920,#165990,.T.);
#166030=ORIENTED_EDGE('',*,*,#166020,.T.);
#166040=CARTESIAN_POINT('',(0.610000000000003,-1.38500000000002,-2.945))
;
#166050=DIRECTION('',(0.,0.,-1.));
#166060=DIRECTION('',(3.33921496364911E-5,0.999999999442482,0.));
#166070=AXIS2_PLACEMENT_3D('',#166040,#166050,#166060);
#166080=CIRCLE('',#166070,0.0499999999999995);
#166090=CARTESIAN_POINT('',(0.609936127151478,-1.3350001674835,-2.945));
#166100=VERTEX_POINT('',#166090);
#166110=EDGE_CURVE('',#166100,#166010,#166080,.T.);
#166120=ORIENTED_EDGE('',*,*,#166110,.T.);
#166130=CARTESIAN_POINT('',(0.609870584701063,-1.3350001674835,-2.945));
#166140=DIRECTION('',(-1.,0.,0.));
#166150=VECTOR('',#166140,1.);
#166160=LINE('',#166130,#166150);
#166170=EDGE_CURVE('',#166100,#165670,#166160,.T.);
#166180=ORIENTED_EDGE('',*,*,#166170,.F.);
#166190=ORIENTED_EDGE('',*,*,#165680,.T.);
#166200=ORIENTED_EDGE('',*,*,#127070,.T.);
#166210=EDGE_LOOP('',(#166200,#166190,#166180,#166120,#166030,#165940,
#165860));
#166220=FACE_OUTER_BOUND('',#166210,.T.);
#166230=ADVANCED_FACE('',(#166220),#165850,.T.);
#166240=CARTESIAN_POINT('',(0.555000000000002,-1.50000000000002,-2.825))
;
#166250=DIRECTION('',(0.681370152881139,-0.731939010275264,0.));
#166260=DIRECTION('',(0.731939010275264,0.681370152881139,0.));
#166270=AXIS2_PLACEMENT_3D('',#166240,#166250,#166260);
#166280=PLANE('',#166270);
#166290=CARTESIAN_POINT('',(0.644946914281608,-1.4162674186307,-2.825));
#166300=DIRECTION('',(0.,0.,-1.));
#166310=VECTOR('',#166300,1.);
#166320=LINE('',#166290,#166310);
#166330=EDGE_CURVE('',#165420,#165920,#166320,.T.);
#166340=ORIENTED_EDGE('',*,*,#166330,.F.);
#166350=ORIENTED_EDGE('',*,*,#165930,.F.);
#166360=ORIENTED_EDGE('',*,*,#164930,.F.);
#166370=ORIENTED_EDGE('',*,*,#165490,.F.);
#166380=EDGE_LOOP('',(#166370,#166360,#166350,#166340));
#166390=FACE_OUTER_BOUND('',#166380,.T.);
#166400=ADVANCED_FACE('',(#166390),#166280,.T.);
#166410=CARTESIAN_POINT('',(0.620000000000004,-1.38500000000002,-2.825))
;
#166420=DIRECTION('',(0.,0.,-1.));
#166430=DIRECTION('',(1.,1.22460635382238E-16,0.));
#166440=AXIS2_PLACEMENT_3D('',#166410,#166420,#166430);
#166450=CYLINDRICAL_SURFACE('',#166440,0.0399999999999978);
#166460=CARTESIAN_POINT('',(0.660000000000002,-1.38500000000002,-2.825))
;
#166470=DIRECTION('',(0.,0.,-1.));
#166480=VECTOR('',#166470,1.);
#166490=LINE('',#166460,#166480);
#166500=EDGE_CURVE('',#165330,#166010,#166490,.T.);
#166510=ORIENTED_EDGE('',*,*,#166500,.F.);
#166520=ORIENTED_EDGE('',*,*,#166020,.F.);
#166530=ORIENTED_EDGE('',*,*,#166330,.T.);
#166540=ORIENTED_EDGE('',*,*,#165430,.F.);
#166550=EDGE_LOOP('',(#166540,#166530,#166520,#166510));
#166560=FACE_OUTER_BOUND('',#166550,.T.);
#166570=ADVANCED_FACE('',(#166560),#166450,.T.);
#166580=CARTESIAN_POINT('',(0.610000000000003,-1.38500000000002,-2.825))
;
#166590=DIRECTION('',(0.,0.,-1.));
#166600=DIRECTION('',(1.,1.22460635382238E-16,0.));
#166610=AXIS2_PLACEMENT_3D('',#166580,#166590,#166600);
#166620=CYLINDRICAL_SURFACE('',#166610,0.0499999999999995);
#166630=CARTESIAN_POINT('',(0.609870584701063,-1.3350001674835,-2.945));
#166640=DIRECTION('',(0.,0.,1.));
#166650=VECTOR('',#166640,1.);
#166660=LINE('',#166630,#166650);
#166670=EDGE_CURVE('',#166100,#165240,#166660,.T.);
#166680=ORIENTED_EDGE('',*,*,#166670,.T.);
#166690=ORIENTED_EDGE('',*,*,#166110,.F.);
#166700=ORIENTED_EDGE('',*,*,#166500,.T.);
#166710=ORIENTED_EDGE('',*,*,#165340,.F.);
#166720=EDGE_LOOP('',(#166710,#166700,#166690,#166680));
#166730=FACE_OUTER_BOUND('',#166720,.T.);
#166740=ADVANCED_FACE('',(#166730),#166620,.T.);
#166750=CARTESIAN_POINT('',(0.609870584701063,-1.3350001674835,-2.825));
#166760=DIRECTION('',(-1.22460635382238E-16,1.,0.));
#166770=DIRECTION('',(-1.,-1.22460635382238E-16,0.));
#166780=AXIS2_PLACEMENT_3D('',#166750,#166760,#166770);
#166790=PLANE('',#166780);
#166800=ORIENTED_EDGE('',*,*,#165740,.F.);
#166810=ORIENTED_EDGE('',*,*,#166170,.T.);
#166820=ORIENTED_EDGE('',*,*,#166670,.F.);
#166830=ORIENTED_EDGE('',*,*,#165250,.F.);
#166840=EDGE_LOOP('',(#166830,#166820,#166810,#166800));
#166850=FACE_OUTER_BOUND('',#166840,.T.);
#166860=ADVANCED_FACE('',(#166850),#166790,.T.);
#166870=CARTESIAN_POINT('',(0.555000000000002,-1.50000000000002,-2.425))
;
#166880=DIRECTION('',(-1.22460635382238E-16,1.,0.));
#166890=DIRECTION('',(1.,1.22460635382238E-16,0.));
#166900=AXIS2_PLACEMENT_3D('',#166870,#166880,#166890);
#166910=PLANE('',#166900);
#166920=CARTESIAN_POINT('',(0.555000000000002,-1.50000000000002,-2.425))
;
#166930=DIRECTION('',(-1.,0.,0.));
#166940=VECTOR('',#166930,1.);
#166950=LINE('',#166920,#166940);
#166960=CARTESIAN_POINT('',(0.555000000000002,-1.50000000000002,-2.425))
;
#166970=VERTEX_POINT('',#166960);
#166980=EDGE_CURVE('',#166970,#127560,#166950,.T.);
#166990=ORIENTED_EDGE('',*,*,#166980,.T.);
#167000=CARTESIAN_POINT('',(0.555000000000002,-1.50000000000002,-2.545))
;
#167010=DIRECTION('',(0.,0.,1.));
#167020=VECTOR('',#167010,1.);
#167030=LINE('',#167000,#167020);
#167040=CARTESIAN_POINT('',(0.555000000000004,-1.50000000000002,-2.545))
;
#167050=VERTEX_POINT('',#167040);
#167060=EDGE_CURVE('',#167050,#166970,#167030,.T.);
#167070=ORIENTED_EDGE('',*,*,#167060,.T.);
#167080=CARTESIAN_POINT('',(0.555000000000005,-1.50000000000002,-2.545))
;
#167090=DIRECTION('',(-1.,0.,0.));
#167100=VECTOR('',#167090,1.);
#167110=LINE('',#167080,#167100);
#167120=EDGE_CURVE('',#167050,#127380,#167110,.T.);
#167130=ORIENTED_EDGE('',*,*,#167120,.F.);
#167140=ORIENTED_EDGE('',*,*,#127630,.F.);
#167150=EDGE_LOOP('',(#167140,#167130,#167070,#166990));
#167160=FACE_OUTER_BOUND('',#167150,.T.);
#167170=ADVANCED_FACE('',(#167160),#166910,.F.);
#167180=CARTESIAN_POINT('',(-2.96101731916344,2.8223480408227,-2.425));
#167190=DIRECTION('',(0.,0.,-1.));
#167200=DIRECTION('',(1.,1.22460635382238E-16,0.));
#167210=AXIS2_PLACEMENT_3D('',#167180,#167190,#167200);
#167220=PLANE('',#167210);
#167230=CARTESIAN_POINT('',(0.598843446820732,-1.2350001674835,-2.425));
#167240=DIRECTION('',(0.,0.,-1.));
#167250=DIRECTION('',(0.,-1.,0.));
#167260=AXIS2_PLACEMENT_3D('',#167230,#167240,#167250);
#167270=CIRCLE('',#167260,0.0999999999999996);
#167280=CARTESIAN_POINT('',(0.598843446820732,-1.3350001674835,-2.425));
#167290=VERTEX_POINT('',#167280);
#167300=EDGE_CURVE('',#167290,#127480,#167270,.T.);
#167310=ORIENTED_EDGE('',*,*,#167300,.T.);
#167320=CARTESIAN_POINT('',(0.610000834848428,-1.3350001674835,-2.425));
#167330=DIRECTION('',(-1.,0.,0.));
#167340=VECTOR('',#167330,1.);
#167350=LINE('',#167320,#167340);
#167360=CARTESIAN_POINT('',(0.609935709448228,-1.33500004133279,-2.425))
;
#167370=VERTEX_POINT('',#167360);
#167380=EDGE_CURVE('',#167370,#167290,#167350,.T.);
#167390=ORIENTED_EDGE('',*,*,#167380,.T.);
#167400=CARTESIAN_POINT('',(0.610000000000003,-1.38500000000002,-2.425))
;
#167410=DIRECTION('',(0.,0.,1.));
#167420=DIRECTION('',(1.,3.9968028886506E-14,0.));
#167430=AXIS2_PLACEMENT_3D('',#167400,#167410,#167420);
#167440=CIRCLE('',#167430,0.0499999999999995);
#167450=CARTESIAN_POINT('',(0.660000000000002,-1.38500000000002,-2.425))
;
#167460=VERTEX_POINT('',#167450);
#167470=EDGE_CURVE('',#167460,#167370,#167440,.T.);
#167480=ORIENTED_EDGE('',*,*,#167470,.T.);
#167490=CARTESIAN_POINT('',(0.620000000000004,-1.38500000000002,-2.425))
;
#167500=DIRECTION('',(0.,0.,1.));
#167510=DIRECTION('',(0.623672857033065,-0.781685465772656,0.));
#167520=AXIS2_PLACEMENT_3D('',#167490,#167500,#167510);
#167530=CIRCLE('',#167520,0.0399999999999978);
#167540=CARTESIAN_POINT('',(0.644946914281481,-1.41626741863083,-2.425))
;
#167550=VERTEX_POINT('',#167540);
#167560=EDGE_CURVE('',#167550,#167460,#167530,.T.);
#167570=ORIENTED_EDGE('',*,*,#167560,.T.);
#167580=CARTESIAN_POINT('',(0.555000000000002,-1.50000000000002,-2.425))
;
#167590=DIRECTION('',(0.731939010275262,0.681370152881142,0.));
#167600=VECTOR('',#167590,1.);
#167610=LINE('',#167580,#167600);
#167620=EDGE_CURVE('',#166970,#167550,#167610,.T.);
#167630=ORIENTED_EDGE('',*,*,#167620,.T.);
#167640=ORIENTED_EDGE('',*,*,#166980,.F.);
#167650=ORIENTED_EDGE('',*,*,#127570,.F.);
#167660=EDGE_LOOP('',(#167650,#167640,#167630,#167570,#167480,#167390,
#167310));
#167670=FACE_OUTER_BOUND('',#167660,.T.);
#167680=ADVANCED_FACE('',(#167670),#167220,.F.);
#167690=CARTESIAN_POINT('',(0.598843446820732,-1.2350001674835,-2.425));
#167700=DIRECTION('',(0.,0.,-1.));
#167710=DIRECTION('',(1.,1.22460635382238E-16,0.));
#167720=AXIS2_PLACEMENT_3D('',#167690,#167700,#167710);
#167730=CYLINDRICAL_SURFACE('',#167720,0.0999999999999996);
#167740=CARTESIAN_POINT('',(0.598843446820732,-1.2350001674835,-2.545));
#167750=DIRECTION('',(0.,0.,1.));
#167760=DIRECTION('',(-0.538434468207319,-0.842667386010816,0.));
#167770=AXIS2_PLACEMENT_3D('',#167740,#167750,#167760);
#167780=CIRCLE('',#167770,0.0999999999999996);
#167790=CARTESIAN_POINT('',(0.598843446820732,-1.3350001674835,-2.545));
#167800=VERTEX_POINT('',#167790);
#167810=EDGE_CURVE('',#127400,#167800,#167780,.T.);
#167820=ORIENTED_EDGE('',*,*,#167810,.F.);
#167830=CARTESIAN_POINT('',(0.598843446820732,-1.3350001674835,-2.425));
#167840=DIRECTION('',(0.,0.,-1.));
#167850=VECTOR('',#167840,1.);
#167860=LINE('',#167830,#167850);
#167870=EDGE_CURVE('',#167290,#167800,#167860,.T.);
#167880=ORIENTED_EDGE('',*,*,#167870,.T.);
#167890=ORIENTED_EDGE('',*,*,#167300,.F.);
#167900=ORIENTED_EDGE('',*,*,#127490,.T.);
#167910=EDGE_LOOP('',(#167900,#167890,#167880,#167820));
#167920=FACE_OUTER_BOUND('',#167910,.T.);
#167930=ADVANCED_FACE('',(#167920),#167730,.F.);
#167940=CARTESIAN_POINT('',(-2.96101731916344,2.8223480408227,-2.545));
#167950=DIRECTION('',(0.,0.,-1.));
#167960=DIRECTION('',(1.,1.22460635382238E-16,0.));
#167970=AXIS2_PLACEMENT_3D('',#167940,#167950,#167960);
#167980=PLANE('',#167970);
#167990=ORIENTED_EDGE('',*,*,#167120,.T.);
#168000=CARTESIAN_POINT('',(0.644946914281411,-1.4162674186309,-2.545));
#168010=DIRECTION('',(-0.731939010275261,-0.681370152881142,0.));
#168020=VECTOR('',#168010,1.);
#168030=LINE('',#168000,#168020);
#168040=CARTESIAN_POINT('',(0.6449469142815,-1.41626741863079,-2.545));
#168050=VERTEX_POINT('',#168040);
#168060=EDGE_CURVE('',#168050,#167050,#168030,.T.);
#168070=ORIENTED_EDGE('',*,*,#168060,.T.);
#168080=CARTESIAN_POINT('',(0.620000000000004,-1.38500000000002,-2.545))
;
#168090=DIRECTION('',(0.,0.,-1.));
#168100=DIRECTION('',(1.,4.99600361081348E-14,0.));
#168110=AXIS2_PLACEMENT_3D('',#168080,#168090,#168100);
#168120=CIRCLE('',#168110,0.0399999999999978);
#168130=CARTESIAN_POINT('',(0.660000000000002,-1.38500000000002,-2.545))
;
#168140=VERTEX_POINT('',#168130);
#168150=EDGE_CURVE('',#168140,#168050,#168120,.T.);
#168160=ORIENTED_EDGE('',*,*,#168150,.T.);
#168170=CARTESIAN_POINT('',(0.610000000000003,-1.38500000000002,-2.545))
;
#168180=DIRECTION('',(0.,0.,-1.));
#168190=DIRECTION('',(3.33921496364911E-5,0.999999999442482,0.));
#168200=AXIS2_PLACEMENT_3D('',#168170,#168180,#168190);
#168210=CIRCLE('',#168200,0.0499999999999995);
#168220=CARTESIAN_POINT('',(0.609936127151478,-1.3350001674835,-2.545));
#168230=VERTEX_POINT('',#168220);
#168240=EDGE_CURVE('',#168230,#168140,#168210,.T.);
#168250=ORIENTED_EDGE('',*,*,#168240,.T.);
#168260=CARTESIAN_POINT('',(0.609870584701063,-1.3350001674835,-2.545));
#168270=DIRECTION('',(-1.,0.,0.));
#168280=VECTOR('',#168270,1.);
#168290=LINE('',#168260,#168280);
#168300=EDGE_CURVE('',#168230,#167800,#168290,.T.);
#168310=ORIENTED_EDGE('',*,*,#168300,.F.);
#168320=ORIENTED_EDGE('',*,*,#167810,.T.);
#168330=ORIENTED_EDGE('',*,*,#127410,.T.);
#168340=EDGE_LOOP('',(#168330,#168320,#168310,#168250,#168160,#168070,
#167990));
#168350=FACE_OUTER_BOUND('',#168340,.T.);
#168360=ADVANCED_FACE('',(#168350),#167980,.T.);
#168370=CARTESIAN_POINT('',(0.555000000000002,-1.50000000000002,-2.425))
;
#168380=DIRECTION('',(0.681370152881139,-0.731939010275264,0.));
#168390=DIRECTION('',(0.731939010275264,0.681370152881139,0.));
#168400=AXIS2_PLACEMENT_3D('',#168370,#168380,#168390);
#168410=PLANE('',#168400);
#168420=CARTESIAN_POINT('',(0.644946914281608,-1.4162674186307,-2.425));
#168430=DIRECTION('',(0.,0.,-1.));
#168440=VECTOR('',#168430,1.);
#168450=LINE('',#168420,#168440);
#168460=EDGE_CURVE('',#167550,#168050,#168450,.T.);
#168470=ORIENTED_EDGE('',*,*,#168460,.F.);
#168480=ORIENTED_EDGE('',*,*,#168060,.F.);
#168490=ORIENTED_EDGE('',*,*,#167060,.F.);
#168500=ORIENTED_EDGE('',*,*,#167620,.F.);
#168510=EDGE_LOOP('',(#168500,#168490,#168480,#168470));
#168520=FACE_OUTER_BOUND('',#168510,.T.);
#168530=ADVANCED_FACE('',(#168520),#168410,.T.);
#168540=CARTESIAN_POINT('',(0.620000000000004,-1.38500000000002,-2.425))
;
#168550=DIRECTION('',(0.,0.,-1.));
#168560=DIRECTION('',(1.,1.22460635382238E-16,0.));
#168570=AXIS2_PLACEMENT_3D('',#168540,#168550,#168560);
#168580=CYLINDRICAL_SURFACE('',#168570,0.0399999999999978);
#168590=CARTESIAN_POINT('',(0.660000000000002,-1.38500000000002,-2.425))
;
#168600=DIRECTION('',(0.,0.,-1.));
#168610=VECTOR('',#168600,1.);
#168620=LINE('',#168590,#168610);
#168630=EDGE_CURVE('',#167460,#168140,#168620,.T.);
#168640=ORIENTED_EDGE('',*,*,#168630,.F.);
#168650=ORIENTED_EDGE('',*,*,#168150,.F.);
#168660=ORIENTED_EDGE('',*,*,#168460,.T.);
#168670=ORIENTED_EDGE('',*,*,#167560,.F.);
#168680=EDGE_LOOP('',(#168670,#168660,#168650,#168640));
#168690=FACE_OUTER_BOUND('',#168680,.T.);
#168700=ADVANCED_FACE('',(#168690),#168580,.T.);
#168710=CARTESIAN_POINT('',(0.610000000000003,-1.38500000000002,-2.425))
;
#168720=DIRECTION('',(0.,0.,-1.));
#168730=DIRECTION('',(1.,1.22460635382238E-16,0.));
#168740=AXIS2_PLACEMENT_3D('',#168710,#168720,#168730);
#168750=CYLINDRICAL_SURFACE('',#168740,0.0499999999999995);
#168760=CARTESIAN_POINT('',(0.609870584701063,-1.3350001674835,-2.545));
#168770=DIRECTION('',(0.,0.,1.));
#168780=VECTOR('',#168770,1.);
#168790=LINE('',#168760,#168780);
#168800=EDGE_CURVE('',#168230,#167370,#168790,.T.);
#168810=ORIENTED_EDGE('',*,*,#168800,.T.);
#168820=ORIENTED_EDGE('',*,*,#168240,.F.);
#168830=ORIENTED_EDGE('',*,*,#168630,.T.);
#168840=ORIENTED_EDGE('',*,*,#167470,.F.);
#168850=EDGE_LOOP('',(#168840,#168830,#168820,#168810));
#168860=FACE_OUTER_BOUND('',#168850,.T.);
#168870=ADVANCED_FACE('',(#168860),#168750,.T.);
#168880=CARTESIAN_POINT('',(0.609870584701063,-1.3350001674835,-2.425));
#168890=DIRECTION('',(-1.22460635382238E-16,1.,0.));
#168900=DIRECTION('',(-1.,-1.22460635382238E-16,0.));
#168910=AXIS2_PLACEMENT_3D('',#168880,#168890,#168900);
#168920=PLANE('',#168910);
#168930=ORIENTED_EDGE('',*,*,#167870,.F.);
#168940=ORIENTED_EDGE('',*,*,#168300,.T.);
#168950=ORIENTED_EDGE('',*,*,#168800,.F.);
#168960=ORIENTED_EDGE('',*,*,#167380,.F.);
#168970=EDGE_LOOP('',(#168960,#168950,#168940,#168930));
#168980=FACE_OUTER_BOUND('',#168970,.T.);
#168990=ADVANCED_FACE('',(#168980),#168920,.T.);
#169000=CARTESIAN_POINT('',(0.555000000000002,-1.50000000000002,-3.225))
;
#169010=DIRECTION('',(-1.22460635382238E-16,1.,0.));
#169020=DIRECTION('',(1.,1.22460635382238E-16,0.));
#169030=AXIS2_PLACEMENT_3D('',#169000,#169010,#169020);
#169040=PLANE('',#169030);
#169050=CARTESIAN_POINT('',(0.555000000000002,-1.50000000000002,-3.225))
;
#169060=DIRECTION('',(-1.,0.,0.));
#169070=VECTOR('',#169060,1.);
#169080=LINE('',#169050,#169070);
#169090=CARTESIAN_POINT('',(0.555000000000002,-1.50000000000002,-3.225))
;
#169100=VERTEX_POINT('',#169090);
#169110=EDGE_CURVE('',#169100,#127900,#169080,.T.);
#169120=ORIENTED_EDGE('',*,*,#169110,.T.);
#169130=CARTESIAN_POINT('',(0.555000000000002,-1.50000000000002,-3.345))
;
#169140=DIRECTION('',(0.,0.,1.));
#169150=VECTOR('',#169140,1.);
#169160=LINE('',#169130,#169150);
#169170=CARTESIAN_POINT('',(0.555000000000004,-1.50000000000002,-3.345))
;
#169180=VERTEX_POINT('',#169170);
#169190=EDGE_CURVE('',#169180,#169100,#169160,.T.);
#169200=ORIENTED_EDGE('',*,*,#169190,.T.);
#169210=CARTESIAN_POINT('',(0.555000000000005,-1.50000000000002,-3.345))
;
#169220=DIRECTION('',(-1.,0.,0.));
#169230=VECTOR('',#169220,1.);
#169240=LINE('',#169210,#169230);
#169250=EDGE_CURVE('',#169180,#127720,#169240,.T.);
#169260=ORIENTED_EDGE('',*,*,#169250,.F.);
#169270=ORIENTED_EDGE('',*,*,#127970,.F.);
#169280=EDGE_LOOP('',(#169270,#169260,#169200,#169120));
#169290=FACE_OUTER_BOUND('',#169280,.T.);
#169300=ADVANCED_FACE('',(#169290),#169040,.F.);
#169310=CARTESIAN_POINT('',(-2.96101731916344,2.8223480408227,-3.225));
#169320=DIRECTION('',(0.,0.,-1.));
#169330=DIRECTION('',(1.,1.22460635382238E-16,0.));
#169340=AXIS2_PLACEMENT_3D('',#169310,#169320,#169330);
#169350=PLANE('',#169340);
#169360=CARTESIAN_POINT('',(0.598843446820732,-1.2350001674835,-3.225));
#169370=DIRECTION('',(0.,0.,-1.));
#169380=DIRECTION('',(0.,-1.,0.));
#169390=AXIS2_PLACEMENT_3D('',#169360,#169370,#169380);
#169400=CIRCLE('',#169390,0.0999999999999996);
#169410=CARTESIAN_POINT('',(0.598843446820732,-1.3350001674835,-3.225));
#169420=VERTEX_POINT('',#169410);
#169430=EDGE_CURVE('',#169420,#127820,#169400,.T.);
#169440=ORIENTED_EDGE('',*,*,#169430,.T.);
#169450=CARTESIAN_POINT('',(0.610000834848428,-1.3350001674835,-3.225));
#169460=DIRECTION('',(-1.,0.,0.));
#169470=VECTOR('',#169460,1.);
#169480=LINE('',#169450,#169470);
#169490=CARTESIAN_POINT('',(0.609935709448228,-1.33500004133279,-3.225))
;
#169500=VERTEX_POINT('',#169490);
#169510=EDGE_CURVE('',#169500,#169420,#169480,.T.);
#169520=ORIENTED_EDGE('',*,*,#169510,.T.);
#169530=CARTESIAN_POINT('',(0.610000000000003,-1.38500000000002,-3.225))
;
#169540=DIRECTION('',(0.,0.,1.));
#169550=DIRECTION('',(1.,3.9968028886506E-14,0.));
#169560=AXIS2_PLACEMENT_3D('',#169530,#169540,#169550);
#169570=CIRCLE('',#169560,0.0499999999999995);
#169580=CARTESIAN_POINT('',(0.660000000000002,-1.38500000000002,-3.225))
;
#169590=VERTEX_POINT('',#169580);
#169600=EDGE_CURVE('',#169590,#169500,#169570,.T.);
#169610=ORIENTED_EDGE('',*,*,#169600,.T.);
#169620=CARTESIAN_POINT('',(0.620000000000004,-1.38500000000002,-3.225))
;
#169630=DIRECTION('',(0.,0.,1.));
#169640=DIRECTION('',(0.623672857033065,-0.781685465772656,0.));
#169650=AXIS2_PLACEMENT_3D('',#169620,#169630,#169640);
#169660=CIRCLE('',#169650,0.0399999999999978);
#169670=CARTESIAN_POINT('',(0.644946914281481,-1.41626741863083,-3.225))
;
#169680=VERTEX_POINT('',#169670);
#169690=EDGE_CURVE('',#169680,#169590,#169660,.T.);
#169700=ORIENTED_EDGE('',*,*,#169690,.T.);
#169710=CARTESIAN_POINT('',(0.555000000000002,-1.50000000000002,-3.225))
;
#169720=DIRECTION('',(0.731939010275262,0.681370152881142,0.));
#169730=VECTOR('',#169720,1.);
#169740=LINE('',#169710,#169730);
#169750=EDGE_CURVE('',#169100,#169680,#169740,.T.);
#169760=ORIENTED_EDGE('',*,*,#169750,.T.);
#169770=ORIENTED_EDGE('',*,*,#169110,.F.);
#169780=ORIENTED_EDGE('',*,*,#127910,.F.);
#169790=EDGE_LOOP('',(#169780,#169770,#169760,#169700,#169610,#169520,
#169440));
#169800=FACE_OUTER_BOUND('',#169790,.T.);
#169810=ADVANCED_FACE('',(#169800),#169350,.F.);
#169820=CARTESIAN_POINT('',(0.598843446820732,-1.2350001674835,-3.225));
#169830=DIRECTION('',(0.,0.,-1.));
#169840=DIRECTION('',(1.,1.22460635382238E-16,0.));
#169850=AXIS2_PLACEMENT_3D('',#169820,#169830,#169840);
#169860=CYLINDRICAL_SURFACE('',#169850,0.0999999999999996);
#169870=CARTESIAN_POINT('',(0.598843446820732,-1.2350001674835,-3.345));
#169880=DIRECTION('',(0.,0.,1.));
#169890=DIRECTION('',(-0.538434468207319,-0.842667386010816,0.));
#169900=AXIS2_PLACEMENT_3D('',#169870,#169880,#169890);
#169910=CIRCLE('',#169900,0.0999999999999996);
#169920=CARTESIAN_POINT('',(0.598843446820732,-1.3350001674835,-3.345));
#169930=VERTEX_POINT('',#169920);
#169940=EDGE_CURVE('',#127740,#169930,#169910,.T.);
#169950=ORIENTED_EDGE('',*,*,#169940,.F.);
#169960=CARTESIAN_POINT('',(0.598843446820732,-1.3350001674835,-3.225));
#169970=DIRECTION('',(0.,0.,-1.));
#169980=VECTOR('',#169970,1.);
#169990=LINE('',#169960,#169980);
#170000=EDGE_CURVE('',#169420,#169930,#169990,.T.);
#170010=ORIENTED_EDGE('',*,*,#170000,.T.);
#170020=ORIENTED_EDGE('',*,*,#169430,.F.);
#170030=ORIENTED_EDGE('',*,*,#127830,.T.);
#170040=EDGE_LOOP('',(#170030,#170020,#170010,#169950));
#170050=FACE_OUTER_BOUND('',#170040,.T.);
#170060=ADVANCED_FACE('',(#170050),#169860,.F.);
#170070=CARTESIAN_POINT('',(-2.96101731916344,2.8223480408227,-3.345));
#170080=DIRECTION('',(0.,0.,-1.));
#170090=DIRECTION('',(1.,1.22460635382238E-16,0.));
#170100=AXIS2_PLACEMENT_3D('',#170070,#170080,#170090);
#170110=PLANE('',#170100);
#170120=ORIENTED_EDGE('',*,*,#169250,.T.);
#170130=CARTESIAN_POINT('',(0.644946914281411,-1.4162674186309,-3.345));
#170140=DIRECTION('',(-0.731939010275261,-0.681370152881142,0.));
#170150=VECTOR('',#170140,1.);
#170160=LINE('',#170130,#170150);
#170170=CARTESIAN_POINT('',(0.6449469142815,-1.41626741863079,-3.345));
#170180=VERTEX_POINT('',#170170);
#170190=EDGE_CURVE('',#170180,#169180,#170160,.T.);
#170200=ORIENTED_EDGE('',*,*,#170190,.T.);
#170210=CARTESIAN_POINT('',(0.620000000000004,-1.38500000000002,-3.345))
;
#170220=DIRECTION('',(0.,0.,-1.));
#170230=DIRECTION('',(1.,4.99600361081348E-14,0.));
#170240=AXIS2_PLACEMENT_3D('',#170210,#170220,#170230);
#170250=CIRCLE('',#170240,0.0399999999999978);
#170260=CARTESIAN_POINT('',(0.660000000000002,-1.38500000000002,-3.345))
;
#170270=VERTEX_POINT('',#170260);
#170280=EDGE_CURVE('',#170270,#170180,#170250,.T.);
#170290=ORIENTED_EDGE('',*,*,#170280,.T.);
#170300=CARTESIAN_POINT('',(0.610000000000003,-1.38500000000002,-3.345))
;
#170310=DIRECTION('',(0.,0.,-1.));
#170320=DIRECTION('',(3.33921496364911E-5,0.999999999442482,0.));
#170330=AXIS2_PLACEMENT_3D('',#170300,#170310,#170320);
#170340=CIRCLE('',#170330,0.0499999999999995);
#170350=CARTESIAN_POINT('',(0.609936127151478,-1.3350001674835,-3.345));
#170360=VERTEX_POINT('',#170350);
#170370=EDGE_CURVE('',#170360,#170270,#170340,.T.);
#170380=ORIENTED_EDGE('',*,*,#170370,.T.);
#170390=CARTESIAN_POINT('',(0.609870584701063,-1.3350001674835,-3.345));
#170400=DIRECTION('',(-1.,0.,0.));
#170410=VECTOR('',#170400,1.);
#170420=LINE('',#170390,#170410);
#170430=EDGE_CURVE('',#170360,#169930,#170420,.T.);
#170440=ORIENTED_EDGE('',*,*,#170430,.F.);
#170450=ORIENTED_EDGE('',*,*,#169940,.T.);
#170460=ORIENTED_EDGE('',*,*,#127750,.T.);
#170470=EDGE_LOOP('',(#170460,#170450,#170440,#170380,#170290,#170200,
#170120));
#170480=FACE_OUTER_BOUND('',#170470,.T.);
#170490=ADVANCED_FACE('',(#170480),#170110,.T.);
#170500=CARTESIAN_POINT('',(0.555000000000002,-1.50000000000002,-3.225))
;
#170510=DIRECTION('',(0.681370152881139,-0.731939010275264,0.));
#170520=DIRECTION('',(0.731939010275264,0.681370152881139,0.));
#170530=AXIS2_PLACEMENT_3D('',#170500,#170510,#170520);
#170540=PLANE('',#170530);
#170550=CARTESIAN_POINT('',(0.644946914281608,-1.4162674186307,-3.225));
#170560=DIRECTION('',(0.,0.,-1.));
#170570=VECTOR('',#170560,1.);
#170580=LINE('',#170550,#170570);
#170590=EDGE_CURVE('',#169680,#170180,#170580,.T.);
#170600=ORIENTED_EDGE('',*,*,#170590,.F.);
#170610=ORIENTED_EDGE('',*,*,#170190,.F.);
#170620=ORIENTED_EDGE('',*,*,#169190,.F.);
#170630=ORIENTED_EDGE('',*,*,#169750,.F.);
#170640=EDGE_LOOP('',(#170630,#170620,#170610,#170600));
#170650=FACE_OUTER_BOUND('',#170640,.T.);
#170660=ADVANCED_FACE('',(#170650),#170540,.T.);
#170670=CARTESIAN_POINT('',(0.620000000000004,-1.38500000000002,-3.225))
;
#170680=DIRECTION('',(0.,0.,-1.));
#170690=DIRECTION('',(1.,1.22460635382238E-16,0.));
#170700=AXIS2_PLACEMENT_3D('',#170670,#170680,#170690);
#170710=CYLINDRICAL_SURFACE('',#170700,0.0399999999999978);
#170720=CARTESIAN_POINT('',(0.660000000000002,-1.38500000000002,-3.225))
;
#170730=DIRECTION('',(0.,0.,-1.));
#170740=VECTOR('',#170730,1.);
#170750=LINE('',#170720,#170740);
#170760=EDGE_CURVE('',#169590,#170270,#170750,.T.);
#170770=ORIENTED_EDGE('',*,*,#170760,.F.);
#170780=ORIENTED_EDGE('',*,*,#170280,.F.);
#170790=ORIENTED_EDGE('',*,*,#170590,.T.);
#170800=ORIENTED_EDGE('',*,*,#169690,.F.);
#170810=EDGE_LOOP('',(#170800,#170790,#170780,#170770));
#170820=FACE_OUTER_BOUND('',#170810,.T.);
#170830=ADVANCED_FACE('',(#170820),#170710,.T.);
#170840=CARTESIAN_POINT('',(0.610000000000003,-1.38500000000002,-3.225))
;
#170850=DIRECTION('',(0.,0.,-1.));
#170860=DIRECTION('',(1.,1.22460635382238E-16,0.));
#170870=AXIS2_PLACEMENT_3D('',#170840,#170850,#170860);
#170880=CYLINDRICAL_SURFACE('',#170870,0.0499999999999995);
#170890=CARTESIAN_POINT('',(0.609870584701063,-1.3350001674835,-3.345));
#170900=DIRECTION('',(0.,0.,1.));
#170910=VECTOR('',#170900,1.);
#170920=LINE('',#170890,#170910);
#170930=EDGE_CURVE('',#170360,#169500,#170920,.T.);
#170940=ORIENTED_EDGE('',*,*,#170930,.T.);
#170950=ORIENTED_EDGE('',*,*,#170370,.F.);
#170960=ORIENTED_EDGE('',*,*,#170760,.T.);
#170970=ORIENTED_EDGE('',*,*,#169600,.F.);
#170980=EDGE_LOOP('',(#170970,#170960,#170950,#170940));
#170990=FACE_OUTER_BOUND('',#170980,.T.);
#171000=ADVANCED_FACE('',(#170990),#170880,.T.);
#171010=CARTESIAN_POINT('',(0.609870584701063,-1.3350001674835,-3.225));
#171020=DIRECTION('',(-1.22460635382238E-16,1.,0.));
#171030=DIRECTION('',(-1.,-1.22460635382238E-16,0.));
#171040=AXIS2_PLACEMENT_3D('',#171010,#171020,#171030);
#171050=PLANE('',#171040);
#171060=ORIENTED_EDGE('',*,*,#170000,.F.);
#171070=ORIENTED_EDGE('',*,*,#170430,.T.);
#171080=ORIENTED_EDGE('',*,*,#170930,.F.);
#171090=ORIENTED_EDGE('',*,*,#169510,.F.);
#171100=EDGE_LOOP('',(#171090,#171080,#171070,#171060));
#171110=FACE_OUTER_BOUND('',#171100,.T.);
#171120=ADVANCED_FACE('',(#171110),#171050,.T.);
#171130=CARTESIAN_POINT('',(0.555000000000002,-1.50000000000002,-4.425))
;
#171140=DIRECTION('',(-1.22460635382238E-16,1.,0.));
#171150=DIRECTION('',(1.,1.22460635382238E-16,0.));
#171160=AXIS2_PLACEMENT_3D('',#171130,#171140,#171150);
#171170=PLANE('',#171160);
#171180=CARTESIAN_POINT('',(0.555000000000002,-1.50000000000002,-4.425))
;
#171190=DIRECTION('',(-1.,0.,0.));
#171200=VECTOR('',#171190,1.);
#171210=LINE('',#171180,#171200);
#171220=CARTESIAN_POINT('',(0.555000000000002,-1.50000000000002,-4.425))
;
#171230=VERTEX_POINT('',#171220);
#171240=EDGE_CURVE('',#171230,#128240,#171210,.T.);
#171250=ORIENTED_EDGE('',*,*,#171240,.T.);
#171260=CARTESIAN_POINT('',(0.555000000000002,-1.50000000000002,-4.545))
;
#171270=DIRECTION('',(0.,0.,1.));
#171280=VECTOR('',#171270,1.);
#171290=LINE('',#171260,#171280);
#171300=CARTESIAN_POINT('',(0.555000000000004,-1.50000000000002,-4.545))
;
#171310=VERTEX_POINT('',#171300);
#171320=EDGE_CURVE('',#171310,#171230,#171290,.T.);
#171330=ORIENTED_EDGE('',*,*,#171320,.T.);
#171340=CARTESIAN_POINT('',(0.555000000000005,-1.50000000000002,-4.545))
;
#171350=DIRECTION('',(-1.,0.,0.));
#171360=VECTOR('',#171350,1.);
#171370=LINE('',#171340,#171360);
#171380=EDGE_CURVE('',#171310,#128060,#171370,.T.);
#171390=ORIENTED_EDGE('',*,*,#171380,.F.);
#171400=ORIENTED_EDGE('',*,*,#128310,.F.);
#171410=EDGE_LOOP('',(#171400,#171390,#171330,#171250));
#171420=FACE_OUTER_BOUND('',#171410,.T.);
#171430=ADVANCED_FACE('',(#171420),#171170,.F.);
#171440=CARTESIAN_POINT('',(-2.96101731916344,2.8223480408227,-4.425));
#171450=DIRECTION('',(0.,0.,-1.));
#171460=DIRECTION('',(1.,1.22460635382238E-16,0.));
#171470=AXIS2_PLACEMENT_3D('',#171440,#171450,#171460);
#171480=PLANE('',#171470);
#171490=CARTESIAN_POINT('',(0.598843446820732,-1.2350001674835,-4.425));
#171500=DIRECTION('',(0.,0.,-1.));
#171510=DIRECTION('',(0.,-1.,0.));
#171520=AXIS2_PLACEMENT_3D('',#171490,#171500,#171510);
#171530=CIRCLE('',#171520,0.0999999999999996);
#171540=CARTESIAN_POINT('',(0.598843446820732,-1.3350001674835,-4.425));
#171550=VERTEX_POINT('',#171540);
#171560=EDGE_CURVE('',#171550,#128160,#171530,.T.);
#171570=ORIENTED_EDGE('',*,*,#171560,.T.);
#171580=CARTESIAN_POINT('',(0.610000834848428,-1.3350001674835,-4.425));
#171590=DIRECTION('',(-1.,0.,0.));
#171600=VECTOR('',#171590,1.);
#171610=LINE('',#171580,#171600);
#171620=CARTESIAN_POINT('',(0.609935709448228,-1.33500004133279,-4.425))
;
#171630=VERTEX_POINT('',#171620);
#171640=EDGE_CURVE('',#171630,#171550,#171610,.T.);
#171650=ORIENTED_EDGE('',*,*,#171640,.T.);
#171660=CARTESIAN_POINT('',(0.610000000000003,-1.38500000000002,-4.425))
;
#171670=DIRECTION('',(0.,0.,1.));
#171680=DIRECTION('',(1.,3.9968028886506E-14,0.));
#171690=AXIS2_PLACEMENT_3D('',#171660,#171670,#171680);
#171700=CIRCLE('',#171690,0.0499999999999995);
#171710=CARTESIAN_POINT('',(0.660000000000002,-1.38500000000002,-4.425))
;
#171720=VERTEX_POINT('',#171710);
#171730=EDGE_CURVE('',#171720,#171630,#171700,.T.);
#171740=ORIENTED_EDGE('',*,*,#171730,.T.);
#171750=CARTESIAN_POINT('',(0.620000000000004,-1.38500000000002,-4.425))
;
#171760=DIRECTION('',(0.,0.,1.));
#171770=DIRECTION('',(0.623672857033065,-0.781685465772656,0.));
#171780=AXIS2_PLACEMENT_3D('',#171750,#171760,#171770);
#171790=CIRCLE('',#171780,0.0399999999999978);
#171800=CARTESIAN_POINT('',(0.644946914281481,-1.41626741863083,-4.425))
;
#171810=VERTEX_POINT('',#171800);
#171820=EDGE_CURVE('',#171810,#171720,#171790,.T.);
#171830=ORIENTED_EDGE('',*,*,#171820,.T.);
#171840=CARTESIAN_POINT('',(0.555000000000002,-1.50000000000002,-4.425))
;
#171850=DIRECTION('',(0.731939010275262,0.681370152881142,0.));
#171860=VECTOR('',#171850,1.);
#171870=LINE('',#171840,#171860);
#171880=EDGE_CURVE('',#171230,#171810,#171870,.T.);
#171890=ORIENTED_EDGE('',*,*,#171880,.T.);
#171900=ORIENTED_EDGE('',*,*,#171240,.F.);
#171910=ORIENTED_EDGE('',*,*,#128250,.F.);
#171920=EDGE_LOOP('',(#171910,#171900,#171890,#171830,#171740,#171650,
#171570));
#171930=FACE_OUTER_BOUND('',#171920,.T.);
#171940=ADVANCED_FACE('',(#171930),#171480,.F.);
#171950=CARTESIAN_POINT('',(0.598843446820732,-1.2350001674835,-4.425));
#171960=DIRECTION('',(0.,0.,-1.));
#171970=DIRECTION('',(1.,1.22460635382238E-16,0.));
#171980=AXIS2_PLACEMENT_3D('',#171950,#171960,#171970);
#171990=CYLINDRICAL_SURFACE('',#171980,0.0999999999999996);
#172000=CARTESIAN_POINT('',(0.598843446820732,-1.2350001674835,-4.545));
#172010=DIRECTION('',(0.,0.,1.));
#172020=DIRECTION('',(-0.538434468207319,-0.842667386010816,0.));
#172030=AXIS2_PLACEMENT_3D('',#172000,#172010,#172020);
#172040=CIRCLE('',#172030,0.0999999999999996);
#172050=CARTESIAN_POINT('',(0.598843446820732,-1.3350001674835,-4.545));
#172060=VERTEX_POINT('',#172050);
#172070=EDGE_CURVE('',#128080,#172060,#172040,.T.);
#172080=ORIENTED_EDGE('',*,*,#172070,.F.);
#172090=CARTESIAN_POINT('',(0.598843446820732,-1.3350001674835,-4.425));
#172100=DIRECTION('',(0.,0.,-1.));
#172110=VECTOR('',#172100,1.);
#172120=LINE('',#172090,#172110);
#172130=EDGE_CURVE('',#171550,#172060,#172120,.T.);
#172140=ORIENTED_EDGE('',*,*,#172130,.T.);
#172150=ORIENTED_EDGE('',*,*,#171560,.F.);
#172160=ORIENTED_EDGE('',*,*,#128170,.T.);
#172170=EDGE_LOOP('',(#172160,#172150,#172140,#172080));
#172180=FACE_OUTER_BOUND('',#172170,.T.);
#172190=ADVANCED_FACE('',(#172180),#171990,.F.);
#172200=CARTESIAN_POINT('',(-2.96101731916344,2.8223480408227,-4.545));
#172210=DIRECTION('',(0.,0.,-1.));
#172220=DIRECTION('',(1.,1.22460635382238E-16,0.));
#172230=AXIS2_PLACEMENT_3D('',#172200,#172210,#172220);
#172240=PLANE('',#172230);
#172250=ORIENTED_EDGE('',*,*,#171380,.T.);
#172260=CARTESIAN_POINT('',(0.644946914281411,-1.4162674186309,-4.545));
#172270=DIRECTION('',(-0.731939010275261,-0.681370152881142,0.));
#172280=VECTOR('',#172270,1.);
#172290=LINE('',#172260,#172280);
#172300=CARTESIAN_POINT('',(0.6449469142815,-1.41626741863079,-4.545));
#172310=VERTEX_POINT('',#172300);
#172320=EDGE_CURVE('',#172310,#171310,#172290,.T.);
#172330=ORIENTED_EDGE('',*,*,#172320,.T.);
#172340=CARTESIAN_POINT('',(0.620000000000004,-1.38500000000002,-4.545))
;
#172350=DIRECTION('',(0.,0.,-1.));
#172360=DIRECTION('',(1.,4.99600361081348E-14,0.));
#172370=AXIS2_PLACEMENT_3D('',#172340,#172350,#172360);
#172380=CIRCLE('',#172370,0.0399999999999978);
#172390=CARTESIAN_POINT('',(0.660000000000002,-1.38500000000002,-4.545))
;
#172400=VERTEX_POINT('',#172390);
#172410=EDGE_CURVE('',#172400,#172310,#172380,.T.);
#172420=ORIENTED_EDGE('',*,*,#172410,.T.);
#172430=CARTESIAN_POINT('',(0.610000000000003,-1.38500000000002,-4.545))
;
#172440=DIRECTION('',(0.,0.,-1.));
#172450=DIRECTION('',(3.33921496364911E-5,0.999999999442482,0.));
#172460=AXIS2_PLACEMENT_3D('',#172430,#172440,#172450);
#172470=CIRCLE('',#172460,0.0499999999999995);
#172480=CARTESIAN_POINT('',(0.609936127151478,-1.3350001674835,-4.545));
#172490=VERTEX_POINT('',#172480);
#172500=EDGE_CURVE('',#172490,#172400,#172470,.T.);
#172510=ORIENTED_EDGE('',*,*,#172500,.T.);
#172520=CARTESIAN_POINT('',(0.609870584701063,-1.3350001674835,-4.545));
#172530=DIRECTION('',(-1.,0.,0.));
#172540=VECTOR('',#172530,1.);
#172550=LINE('',#172520,#172540);
#172560=EDGE_CURVE('',#172490,#172060,#172550,.T.);
#172570=ORIENTED_EDGE('',*,*,#172560,.F.);
#172580=ORIENTED_EDGE('',*,*,#172070,.T.);
#172590=ORIENTED_EDGE('',*,*,#128090,.T.);
#172600=EDGE_LOOP('',(#172590,#172580,#172570,#172510,#172420,#172330,
#172250));
#172610=FACE_OUTER_BOUND('',#172600,.T.);
#172620=ADVANCED_FACE('',(#172610),#172240,.T.);
#172630=CARTESIAN_POINT('',(0.555000000000002,-1.50000000000002,-4.425))
;
#172640=DIRECTION('',(0.681370152881139,-0.731939010275264,0.));
#172650=DIRECTION('',(0.731939010275264,0.681370152881139,0.));
#172660=AXIS2_PLACEMENT_3D('',#172630,#172640,#172650);
#172670=PLANE('',#172660);
#172680=CARTESIAN_POINT('',(0.644946914281608,-1.4162674186307,-4.425));
#172690=DIRECTION('',(0.,0.,-1.));
#172700=VECTOR('',#172690,1.);
#172710=LINE('',#172680,#172700);
#172720=EDGE_CURVE('',#171810,#172310,#172710,.T.);
#172730=ORIENTED_EDGE('',*,*,#172720,.F.);
#172740=ORIENTED_EDGE('',*,*,#172320,.F.);
#172750=ORIENTED_EDGE('',*,*,#171320,.F.);
#172760=ORIENTED_EDGE('',*,*,#171880,.F.);
#172770=EDGE_LOOP('',(#172760,#172750,#172740,#172730));
#172780=FACE_OUTER_BOUND('',#172770,.T.);
#172790=ADVANCED_FACE('',(#172780),#172670,.T.);
#172800=CARTESIAN_POINT('',(0.620000000000004,-1.38500000000002,-4.425))
;
#172810=DIRECTION('',(0.,0.,-1.));
#172820=DIRECTION('',(1.,1.22460635382238E-16,0.));
#172830=AXIS2_PLACEMENT_3D('',#172800,#172810,#172820);
#172840=CYLINDRICAL_SURFACE('',#172830,0.0399999999999978);
#172850=CARTESIAN_POINT('',(0.660000000000002,-1.38500000000002,-4.425))
;
#172860=DIRECTION('',(0.,0.,-1.));
#172870=VECTOR('',#172860,1.);
#172880=LINE('',#172850,#172870);
#172890=EDGE_CURVE('',#171720,#172400,#172880,.T.);
#172900=ORIENTED_EDGE('',*,*,#172890,.F.);
#172910=ORIENTED_EDGE('',*,*,#172410,.F.);
#172920=ORIENTED_EDGE('',*,*,#172720,.T.);
#172930=ORIENTED_EDGE('',*,*,#171820,.F.);
#172940=EDGE_LOOP('',(#172930,#172920,#172910,#172900));
#172950=FACE_OUTER_BOUND('',#172940,.T.);
#172960=ADVANCED_FACE('',(#172950),#172840,.T.);
#172970=CARTESIAN_POINT('',(0.610000000000003,-1.38500000000002,-4.425))
;
#172980=DIRECTION('',(0.,0.,-1.));
#172990=DIRECTION('',(1.,1.22460635382238E-16,0.));
#173000=AXIS2_PLACEMENT_3D('',#172970,#172980,#172990);
#173010=CYLINDRICAL_SURFACE('',#173000,0.0499999999999995);
#173020=CARTESIAN_POINT('',(0.609870584701063,-1.3350001674835,-4.545));
#173030=DIRECTION('',(0.,0.,1.));
#173040=VECTOR('',#173030,1.);
#173050=LINE('',#173020,#173040);
#173060=EDGE_CURVE('',#172490,#171630,#173050,.T.);
#173070=ORIENTED_EDGE('',*,*,#173060,.T.);
#173080=ORIENTED_EDGE('',*,*,#172500,.F.);
#173090=ORIENTED_EDGE('',*,*,#172890,.T.);
#173100=ORIENTED_EDGE('',*,*,#171730,.F.);
#173110=EDGE_LOOP('',(#173100,#173090,#173080,#173070));
#173120=FACE_OUTER_BOUND('',#173110,.T.);
#173130=ADVANCED_FACE('',(#173120),#173010,.T.);
#173140=CARTESIAN_POINT('',(0.609870584701063,-1.3350001674835,-4.425));
#173150=DIRECTION('',(-1.22460635382238E-16,1.,0.));
#173160=DIRECTION('',(-1.,-1.22460635382238E-16,0.));
#173170=AXIS2_PLACEMENT_3D('',#173140,#173150,#173160);
#173180=PLANE('',#173170);
#173190=ORIENTED_EDGE('',*,*,#172130,.F.);
#173200=ORIENTED_EDGE('',*,*,#172560,.T.);
#173210=ORIENTED_EDGE('',*,*,#173060,.F.);
#173220=ORIENTED_EDGE('',*,*,#171640,.F.);
#173230=EDGE_LOOP('',(#173220,#173210,#173200,#173190));
#173240=FACE_OUTER_BOUND('',#173230,.T.);
#173250=ADVANCED_FACE('',(#173240),#173180,.T.);
#173260=CARTESIAN_POINT('',(-0.554999999999995,-1.50000000000002,-2.545)
);
#173270=DIRECTION('',(-1.22460635382238E-16,1.,0.));
#173280=DIRECTION('',(-1.,-1.22460635382238E-16,0.));
#173290=AXIS2_PLACEMENT_3D('',#173260,#173270,#173280);
#173300=PLANE('',#173290);
#173310=CARTESIAN_POINT('',(-0.55499999999999,-1.50000000000002,-2.545))
;
#173320=DIRECTION('',(1.,0.,0.));
#173330=VECTOR('',#173320,1.);
#173340=LINE('',#173310,#173330);
#173350=CARTESIAN_POINT('',(-0.554999999999984,-1.50000000000002,-2.545)
);
#173360=VERTEX_POINT('',#173350);
#173370=EDGE_CURVE('',#173360,#116460,#173340,.T.);
#173380=ORIENTED_EDGE('',*,*,#173370,.T.);
#173390=CARTESIAN_POINT('',(-0.55499999999999,-1.50000000000002,-2.425))
;
#173400=DIRECTION('',(0.,0.,-1.));
#173410=VECTOR('',#173400,1.);
#173420=LINE('',#173390,#173410);
#173430=CARTESIAN_POINT('',(-0.554999999999987,-1.50000000000002,-2.425)
);
#173440=VERTEX_POINT('',#173430);
#173450=EDGE_CURVE('',#173440,#173360,#173420,.T.);
#173460=ORIENTED_EDGE('',*,*,#173450,.T.);
#173470=CARTESIAN_POINT('',(-0.554999999999984,-1.50000000000002,-2.425)
);
#173480=DIRECTION('',(1.,0.,0.));
#173490=VECTOR('',#173480,1.);
#173500=LINE('',#173470,#173490);
#173510=EDGE_CURVE('',#173440,#116280,#173500,.T.);
#173520=ORIENTED_EDGE('',*,*,#173510,.F.);
#173530=ORIENTED_EDGE('',*,*,#116530,.F.);
#173540=EDGE_LOOP('',(#173530,#173520,#173460,#173380));
#173550=FACE_OUTER_BOUND('',#173540,.T.);
#173560=ADVANCED_FACE('',(#173550),#173300,.F.);
#173570=CARTESIAN_POINT('',(2.96101731916345,2.8223480408227,-2.545));
#173580=DIRECTION('',(0.,0.,1.));
#173590=DIRECTION('',(-1.,-1.22460635382238E-16,0.));
#173600=AXIS2_PLACEMENT_3D('',#173570,#173580,#173590);
#173610=PLANE('',#173600);
#173620=CARTESIAN_POINT('',(-0.598843446820725,-1.2350001674835,-2.545))
;
#173630=DIRECTION('',(0.,0.,1.));
#173640=DIRECTION('',(-3.33066907387548E-15,-1.,0.));
#173650=AXIS2_PLACEMENT_3D('',#173620,#173630,#173640);
#173660=CIRCLE('',#173650,0.0999999999999996);
#173670=CARTESIAN_POINT('',(-0.598843446820725,-1.3350001674835,-2.545))
;
#173680=VERTEX_POINT('',#173670);
#173690=EDGE_CURVE('',#173680,#116380,#173660,.T.);
#173700=ORIENTED_EDGE('',*,*,#173690,.T.);
#173710=CARTESIAN_POINT('',(-0.610000834848424,-1.3350001674835,-2.545))
;
#173720=DIRECTION('',(1.,0.,0.));
#173730=VECTOR('',#173720,1.);
#173740=LINE('',#173710,#173730);
#173750=CARTESIAN_POINT('',(-0.609935709448222,-1.33500004133279,-2.545)
);
#173760=VERTEX_POINT('',#173750);
#173770=EDGE_CURVE('',#173760,#173680,#173740,.T.);
#173780=ORIENTED_EDGE('',*,*,#173770,.T.);
#173790=CARTESIAN_POINT('',(-0.609999999999996,-1.38500000000002,-2.545)
);
#173800=DIRECTION('',(0.,0.,-1.));
#173810=DIRECTION('',(-1.,-3.10862446895047E-14,0.));
#173820=AXIS2_PLACEMENT_3D('',#173790,#173800,#173810);
#173830=CIRCLE('',#173820,0.0499999999999995);
#173840=CARTESIAN_POINT('',(-0.659999999999996,-1.38500000000002,-2.545)
);
#173850=VERTEX_POINT('',#173840);
#173860=EDGE_CURVE('',#173850,#173760,#173830,.T.);
#173870=ORIENTED_EDGE('',*,*,#173860,.T.);
#173880=CARTESIAN_POINT('',(-0.619999999999998,-1.38500000000002,-2.545)
);
#173890=DIRECTION('',(0.,0.,-1.));
#173900=DIRECTION('',(-0.623672857039807,-0.781685465767277,0.));
#173910=AXIS2_PLACEMENT_3D('',#173880,#173890,#173900);
#173920=CIRCLE('',#173910,0.0399999999999978);
#173930=CARTESIAN_POINT('',(-0.644946914281601,-1.4162674186307,-2.545))
;
#173940=VERTEX_POINT('',#173930);
#173950=EDGE_CURVE('',#173940,#173850,#173920,.T.);
#173960=ORIENTED_EDGE('',*,*,#173950,.T.);
#173970=CARTESIAN_POINT('',(-0.554999999999984,-1.50000000000002,-2.545)
);
#173980=DIRECTION('',(-0.731939010275264,0.681370152881139,0.));
#173990=VECTOR('',#173980,1.);
#174000=LINE('',#173970,#173990);
#174010=EDGE_CURVE('',#173360,#173940,#174000,.T.);
#174020=ORIENTED_EDGE('',*,*,#174010,.T.);
#174030=ORIENTED_EDGE('',*,*,#173370,.F.);
#174040=ORIENTED_EDGE('',*,*,#116470,.F.);
#174050=EDGE_LOOP('',(#174040,#174030,#174020,#173960,#173870,#173780,
#173700));
#174060=FACE_OUTER_BOUND('',#174050,.T.);
#174070=ADVANCED_FACE('',(#174060),#173610,.F.);
#174080=CARTESIAN_POINT('',(-0.598843446820725,-1.2350001674835,-2.545))
;
#174090=DIRECTION('',(0.,0.,1.));
#174100=DIRECTION('',(-1.,-1.22460635382238E-16,0.));
#174110=AXIS2_PLACEMENT_3D('',#174080,#174090,#174100);
#174120=CYLINDRICAL_SURFACE('',#174110,0.0999999999999996);
#174130=CARTESIAN_POINT('',(-0.598843446820725,-1.2350001674835,-2.425))
;
#174140=DIRECTION('',(0.,0.,-1.));
#174150=DIRECTION('',(0.538434468207259,-0.842667386010854,0.));
#174160=AXIS2_PLACEMENT_3D('',#174130,#174140,#174150);
#174170=CIRCLE('',#174160,0.0999999999999996);
#174180=CARTESIAN_POINT('',(-0.598843446820725,-1.3350001674835,-2.425))
;
#174190=VERTEX_POINT('',#174180);
#174200=EDGE_CURVE('',#116300,#174190,#174170,.T.);
#174210=ORIENTED_EDGE('',*,*,#174200,.F.);
#174220=CARTESIAN_POINT('',(-0.598843446820725,-1.3350001674835,-2.545))
;
#174230=DIRECTION('',(0.,0.,1.));
#174240=VECTOR('',#174230,1.);
#174250=LINE('',#174220,#174240);
#174260=EDGE_CURVE('',#173680,#174190,#174250,.T.);
#174270=ORIENTED_EDGE('',*,*,#174260,.T.);
#174280=ORIENTED_EDGE('',*,*,#173690,.F.);
#174290=ORIENTED_EDGE('',*,*,#116390,.T.);
#174300=EDGE_LOOP('',(#174290,#174280,#174270,#174210));
#174310=FACE_OUTER_BOUND('',#174300,.T.);
#174320=ADVANCED_FACE('',(#174310),#174120,.F.);
#174330=CARTESIAN_POINT('',(2.96101731916345,2.8223480408227,-2.425));
#174340=DIRECTION('',(0.,0.,1.));
#174350=DIRECTION('',(-1.,-1.22460635382238E-16,0.));
#174360=AXIS2_PLACEMENT_3D('',#174330,#174340,#174350);
#174370=PLANE('',#174360);
#174380=ORIENTED_EDGE('',*,*,#173510,.T.);
#174390=CARTESIAN_POINT('',(-0.644946914281602,-1.4162674186307,-2.425))
;
#174400=DIRECTION('',(0.731939010275263,-0.681370152881141,0.));
#174410=VECTOR('',#174400,1.);
#174420=LINE('',#174390,#174410);
#174430=CARTESIAN_POINT('',(-0.644946914281606,-1.4162674186307,-2.425))
;
#174440=VERTEX_POINT('',#174430);
#174450=EDGE_CURVE('',#174440,#173440,#174420,.T.);
#174460=ORIENTED_EDGE('',*,*,#174450,.T.);
#174470=CARTESIAN_POINT('',(-0.619999999999998,-1.38500000000002,-2.425)
);
#174480=DIRECTION('',(0.,0.,1.));
#174490=DIRECTION('',(-1.,-3.88578058618826E-14,0.));
#174500=AXIS2_PLACEMENT_3D('',#174470,#174480,#174490);
#174510=CIRCLE('',#174500,0.0399999999999978);
#174520=CARTESIAN_POINT('',(-0.659999999999996,-1.38500000000002,-2.425)
);
#174530=VERTEX_POINT('',#174520);
#174540=EDGE_CURVE('',#174530,#174440,#174510,.T.);
#174550=ORIENTED_EDGE('',*,*,#174540,.T.);
#174560=CARTESIAN_POINT('',(-0.609999999999996,-1.38500000000002,-2.425)
);
#174570=DIRECTION('',(0.,0.,1.));
#174580=DIRECTION('',(-3.33921496342707E-5,0.999999999442482,0.));
#174590=AXIS2_PLACEMENT_3D('',#174560,#174570,#174580);
#174600=CIRCLE('',#174590,0.0499999999999995);
#174610=CARTESIAN_POINT('',(-0.609936127151471,-1.3350001674835,-2.425))
;
#174620=VERTEX_POINT('',#174610);
#174630=EDGE_CURVE('',#174620,#174530,#174600,.T.);
#174640=ORIENTED_EDGE('',*,*,#174630,.T.);
#174650=CARTESIAN_POINT('',(-0.609870584701056,-1.3350001674835,-2.425))
;
#174660=DIRECTION('',(1.,0.,0.));
#174670=VECTOR('',#174660,1.);
#174680=LINE('',#174650,#174670);
#174690=EDGE_CURVE('',#174620,#174190,#174680,.T.);
#174700=ORIENTED_EDGE('',*,*,#174690,.F.);
#174710=ORIENTED_EDGE('',*,*,#174200,.T.);
#174720=ORIENTED_EDGE('',*,*,#116310,.T.);
#174730=EDGE_LOOP('',(#174720,#174710,#174700,#174640,#174550,#174460,
#174380));
#174740=FACE_OUTER_BOUND('',#174730,.T.);
#174750=ADVANCED_FACE('',(#174740),#174370,.T.);
#174760=CARTESIAN_POINT('',(-0.554999999999995,-1.50000000000001,-2.545)
);
#174770=DIRECTION('',(-0.681370152881139,-0.731939010275264,-0.));
#174780=DIRECTION('',(-0.731939010275264,0.681370152881139,0.));
#174790=AXIS2_PLACEMENT_3D('',#174760,#174770,#174780);
#174800=PLANE('',#174790);
#174810=CARTESIAN_POINT('',(-0.64494691428161,-1.41626741863069,-2.545))
;
#174820=DIRECTION('',(0.,0.,1.));
#174830=VECTOR('',#174820,1.);
#174840=LINE('',#174810,#174830);
#174850=EDGE_CURVE('',#173940,#174440,#174840,.T.);
#174860=ORIENTED_EDGE('',*,*,#174850,.F.);
#174870=ORIENTED_EDGE('',*,*,#174450,.F.);
#174880=ORIENTED_EDGE('',*,*,#173450,.F.);
#174890=ORIENTED_EDGE('',*,*,#174010,.F.);
#174900=EDGE_LOOP('',(#174890,#174880,#174870,#174860));
#174910=FACE_OUTER_BOUND('',#174900,.T.);
#174920=ADVANCED_FACE('',(#174910),#174800,.T.);
#174930=CARTESIAN_POINT('',(-0.619999999999998,-1.38500000000002,-2.545)
);
#174940=DIRECTION('',(0.,0.,1.));
#174950=DIRECTION('',(-1.,-1.22460635382238E-16,0.));
#174960=AXIS2_PLACEMENT_3D('',#174930,#174940,#174950);
#174970=CYLINDRICAL_SURFACE('',#174960,0.0399999999999978);
#174980=CARTESIAN_POINT('',(-0.659999999999995,-1.38500000000002,-2.545)
);
#174990=DIRECTION('',(0.,0.,1.));
#175000=VECTOR('',#174990,1.);
#175010=LINE('',#174980,#175000);
#175020=EDGE_CURVE('',#173850,#174530,#175010,.T.);
#175030=ORIENTED_EDGE('',*,*,#175020,.F.);
#175040=ORIENTED_EDGE('',*,*,#174540,.F.);
#175050=ORIENTED_EDGE('',*,*,#174850,.T.);
#175060=ORIENTED_EDGE('',*,*,#173950,.F.);
#175070=EDGE_LOOP('',(#175060,#175050,#175040,#175030));
#175080=FACE_OUTER_BOUND('',#175070,.T.);
#175090=ADVANCED_FACE('',(#175080),#174970,.T.);
#175100=CARTESIAN_POINT('',(-0.609999999999996,-1.38500000000002,-2.545)
);
#175110=DIRECTION('',(0.,0.,1.));
#175120=DIRECTION('',(-1.,-1.22460635382238E-16,0.));
#175130=AXIS2_PLACEMENT_3D('',#175100,#175110,#175120);
#175140=CYLINDRICAL_SURFACE('',#175130,0.0499999999999995);
#175150=CARTESIAN_POINT('',(-0.609870584701056,-1.3350001674835,-2.425))
;
#175160=DIRECTION('',(0.,0.,-1.));
#175170=VECTOR('',#175160,1.);
#175180=LINE('',#175150,#175170);
#175190=EDGE_CURVE('',#174620,#173760,#175180,.T.);
#175200=ORIENTED_EDGE('',*,*,#175190,.T.);
#175210=ORIENTED_EDGE('',*,*,#174630,.F.);
#175220=ORIENTED_EDGE('',*,*,#175020,.T.);
#175230=ORIENTED_EDGE('',*,*,#173860,.F.);
#175240=EDGE_LOOP('',(#175230,#175220,#175210,#175200));
#175250=FACE_OUTER_BOUND('',#175240,.T.);
#175260=ADVANCED_FACE('',(#175250),#175140,.T.);
#175270=CARTESIAN_POINT('',(-0.609870584701056,-1.3350001674835,-2.545))
;
#175280=DIRECTION('',(-1.22460635382238E-16,1.,0.));
#175290=DIRECTION('',(1.,1.22460635382238E-16,0.));
#175300=AXIS2_PLACEMENT_3D('',#175270,#175280,#175290);
#175310=PLANE('',#175300);
#175320=ORIENTED_EDGE('',*,*,#174260,.F.);
#175330=ORIENTED_EDGE('',*,*,#174690,.T.);
#175340=ORIENTED_EDGE('',*,*,#175190,.F.);
#175350=ORIENTED_EDGE('',*,*,#173770,.F.);
#175360=EDGE_LOOP('',(#175350,#175340,#175330,#175320));
#175370=FACE_OUTER_BOUND('',#175360,.T.);
#175380=ADVANCED_FACE('',(#175370),#175310,.T.);
#175390=CARTESIAN_POINT('',(2.96101731916345,2.8223480408227,-2.945));
#175400=DIRECTION('',(0.,0.,1.));
#175410=DIRECTION('',(-1.,-1.22460635382238E-16,0.));
#175420=AXIS2_PLACEMENT_3D('',#175390,#175400,#175410);
#175430=PLANE('',#175420);
#175440=CARTESIAN_POINT('',(-0.598843446820725,-1.2350001674835,-2.945))
;
#175450=DIRECTION('',(0.,0.,1.));
#175460=DIRECTION('',(-3.33066907387548E-15,-1.,0.));
#175470=AXIS2_PLACEMENT_3D('',#175440,#175450,#175460);
#175480=CIRCLE('',#175470,0.0999999999999996);
#175490=CARTESIAN_POINT('',(-0.598843446820725,-1.3350001674835,-2.945))
;
#175500=VERTEX_POINT('',#175490);
#175510=EDGE_CURVE('',#175500,#116800,#175480,.T.);
#175520=ORIENTED_EDGE('',*,*,#175510,.T.);
#175530=CARTESIAN_POINT('',(-0.610000834848424,-1.3350001674835,-2.945))
;
#175540=DIRECTION('',(1.,0.,0.));
#175550=VECTOR('',#175540,1.);
#175560=LINE('',#175530,#175550);
#175570=CARTESIAN_POINT('',(-0.609935709448222,-1.33500004133279,-2.945)
);
#175580=VERTEX_POINT('',#175570);
#175590=EDGE_CURVE('',#175580,#175500,#175560,.T.);
#175600=ORIENTED_EDGE('',*,*,#175590,.T.);
#175610=CARTESIAN_POINT('',(-0.609999999999996,-1.38500000000002,-2.945)
);
#175620=DIRECTION('',(0.,0.,-1.));
#175630=DIRECTION('',(-1.,-3.10862446895047E-14,0.));
#175640=AXIS2_PLACEMENT_3D('',#175610,#175620,#175630);
#175650=CIRCLE('',#175640,0.0499999999999995);
#175660=CARTESIAN_POINT('',(-0.659999999999996,-1.38500000000002,-2.945)
);
#175670=VERTEX_POINT('',#175660);
#175680=EDGE_CURVE('',#175670,#175580,#175650,.T.);
#175690=ORIENTED_EDGE('',*,*,#175680,.T.);
#175700=CARTESIAN_POINT('',(-0.619999999999998,-1.38500000000002,-2.945)
);
#175710=DIRECTION('',(0.,0.,-1.));
#175720=DIRECTION('',(-0.623672857039854,-0.781685465767239,0.));
#175730=AXIS2_PLACEMENT_3D('',#175700,#175710,#175720);
#175740=CIRCLE('',#175730,0.0399999999999978);
#175750=CARTESIAN_POINT('',(-0.644946914281602,-1.4162674186307,-2.945))
;
#175760=VERTEX_POINT('',#175750);
#175770=EDGE_CURVE('',#175760,#175670,#175740,.T.);
#175780=ORIENTED_EDGE('',*,*,#175770,.T.);
#175790=CARTESIAN_POINT('',(-0.554999999999984,-1.50000000000002,-2.945)
);
#175800=DIRECTION('',(-0.731939010275264,0.681370152881139,0.));
#175810=VECTOR('',#175800,1.);
#175820=LINE('',#175790,#175810);
#175830=CARTESIAN_POINT('',(-0.554999999999987,-1.50000000000002,-2.945)
);
#175840=VERTEX_POINT('',#175830);
#175850=EDGE_CURVE('',#175840,#175760,#175820,.T.);
#175860=ORIENTED_EDGE('',*,*,#175850,.T.);
#175870=CARTESIAN_POINT('',(-0.55499999999999,-1.50000000000002,-2.945))
;
#175880=DIRECTION('',(1.,0.,0.));
#175890=VECTOR('',#175880,1.);
#175900=LINE('',#175870,#175890);
#175910=EDGE_CURVE('',#175840,#116640,#175900,.T.);
#175920=ORIENTED_EDGE('',*,*,#175910,.F.);
#175930=ORIENTED_EDGE('',*,*,#116870,.F.);
#175940=EDGE_LOOP('',(#175930,#175920,#175860,#175780,#175690,#175600,
#175520));
#175950=FACE_OUTER_BOUND('',#175940,.T.);
#175960=ADVANCED_FACE('',(#175950),#175430,.F.);
#175970=CARTESIAN_POINT('',(-0.598843446820725,-1.2350001674835,-2.945))
;
#175980=DIRECTION('',(0.,0.,1.));
#175990=DIRECTION('',(-1.,-1.22460635382238E-16,0.));
#176000=AXIS2_PLACEMENT_3D('',#175970,#175980,#175990);
#176010=CYLINDRICAL_SURFACE('',#176000,0.0999999999999996);
#176020=CARTESIAN_POINT('',(-0.598843446820725,-1.2350001674835,-2.825))
;
#176030=DIRECTION('',(0.,0.,-1.));
#176040=DIRECTION('',(0.538434468207259,-0.842667386010854,0.));
#176050=AXIS2_PLACEMENT_3D('',#176020,#176030,#176040);
#176060=CIRCLE('',#176050,0.0999999999999996);
#176070=CARTESIAN_POINT('',(-0.598843446820725,-1.3350001674835,-2.825))
;
#176080=VERTEX_POINT('',#176070);
#176090=EDGE_CURVE('',#116720,#176080,#176060,.T.);
#176100=ORIENTED_EDGE('',*,*,#176090,.F.);
#176110=CARTESIAN_POINT('',(-0.598843446820725,-1.3350001674835,-2.945))
;
#176120=DIRECTION('',(0.,0.,1.));
#176130=VECTOR('',#176120,1.);
#176140=LINE('',#176110,#176130);
#176150=EDGE_CURVE('',#175500,#176080,#176140,.T.);
#176160=ORIENTED_EDGE('',*,*,#176150,.T.);
#176170=ORIENTED_EDGE('',*,*,#175510,.F.);
#176180=ORIENTED_EDGE('',*,*,#116810,.T.);
#176190=EDGE_LOOP('',(#176180,#176170,#176160,#176100));
#176200=FACE_OUTER_BOUND('',#176190,.T.);
#176210=ADVANCED_FACE('',(#176200),#176010,.F.);
#176220=CARTESIAN_POINT('',(2.96101731916345,2.8223480408227,-2.825));
#176230=DIRECTION('',(0.,0.,1.));
#176240=DIRECTION('',(-1.,-1.22460635382238E-16,0.));
#176250=AXIS2_PLACEMENT_3D('',#176220,#176230,#176240);
#176260=PLANE('',#176250);
#176270=CARTESIAN_POINT('',(-0.554999999999984,-1.50000000000002,-2.825)
);
#176280=DIRECTION('',(1.,0.,0.));
#176290=VECTOR('',#176280,1.);
#176300=LINE('',#176270,#176290);
#176310=CARTESIAN_POINT('',(-0.554999999999988,-1.50000000000002,-2.825)
);
#176320=VERTEX_POINT('',#176310);
#176330=EDGE_CURVE('',#176320,#116620,#176300,.T.);
#176340=ORIENTED_EDGE('',*,*,#176330,.T.);
#176350=CARTESIAN_POINT('',(-0.644946914281602,-1.4162674186307,-2.825))
;
#176360=DIRECTION('',(0.731939010275264,-0.681370152881139,0.));
#176370=VECTOR('',#176360,1.);
#176380=LINE('',#176350,#176370);
#176390=CARTESIAN_POINT('',(-0.644946914281606,-1.4162674186307,-2.825))
;
#176400=VERTEX_POINT('',#176390);
#176410=EDGE_CURVE('',#176400,#176320,#176380,.T.);
#176420=ORIENTED_EDGE('',*,*,#176410,.T.);
#176430=CARTESIAN_POINT('',(-0.619999999999998,-1.38500000000002,-2.825)
);
#176440=DIRECTION('',(0.,0.,1.));
#176450=DIRECTION('',(-1.,-3.88578058618826E-14,0.));
#176460=AXIS2_PLACEMENT_3D('',#176430,#176440,#176450);
#176470=CIRCLE('',#176460,0.0399999999999978);
#176480=CARTESIAN_POINT('',(-0.659999999999996,-1.38500000000002,-2.825)
);
#176490=VERTEX_POINT('',#176480);
#176500=EDGE_CURVE('',#176490,#176400,#176470,.T.);
#176510=ORIENTED_EDGE('',*,*,#176500,.T.);
#176520=CARTESIAN_POINT('',(-0.609999999999996,-1.38500000000002,-2.825)
);
#176530=DIRECTION('',(0.,0.,1.));
#176540=DIRECTION('',(-3.33921496342707E-5,0.999999999442482,0.));
#176550=AXIS2_PLACEMENT_3D('',#176520,#176530,#176540);
#176560=CIRCLE('',#176550,0.0499999999999995);
#176570=CARTESIAN_POINT('',(-0.609936127151471,-1.3350001674835,-2.825))
;
#176580=VERTEX_POINT('',#176570);
#176590=EDGE_CURVE('',#176580,#176490,#176560,.T.);
#176600=ORIENTED_EDGE('',*,*,#176590,.T.);
#176610=CARTESIAN_POINT('',(-0.609870584701056,-1.3350001674835,-2.825))
;
#176620=DIRECTION('',(1.,0.,0.));
#176630=VECTOR('',#176620,1.);
#176640=LINE('',#176610,#176630);
#176650=EDGE_CURVE('',#176580,#176080,#176640,.T.);
#176660=ORIENTED_EDGE('',*,*,#176650,.F.);
#176670=ORIENTED_EDGE('',*,*,#176090,.T.);
#176680=ORIENTED_EDGE('',*,*,#116730,.T.);
#176690=EDGE_LOOP('',(#176680,#176670,#176660,#176600,#176510,#176420,
#176340));
#176700=FACE_OUTER_BOUND('',#176690,.T.);
#176710=ADVANCED_FACE('',(#176700),#176260,.T.);
#176720=CARTESIAN_POINT('',(-0.554999999999995,-1.50000000000002,-2.945)
);
#176730=DIRECTION('',(-1.22460635382238E-16,1.,0.));
#176740=DIRECTION('',(-1.,-1.22460635382238E-16,0.));
#176750=AXIS2_PLACEMENT_3D('',#176720,#176730,#176740);
#176760=PLANE('',#176750);
#176770=ORIENTED_EDGE('',*,*,#175910,.T.);
#176780=CARTESIAN_POINT('',(-0.55499999999999,-1.50000000000002,-2.825))
;
#176790=DIRECTION('',(0.,0.,-1.));
#176800=VECTOR('',#176790,1.);
#176810=LINE('',#176780,#176800);
#176820=EDGE_CURVE('',#176320,#175840,#176810,.T.);
#176830=ORIENTED_EDGE('',*,*,#176820,.T.);
#176840=ORIENTED_EDGE('',*,*,#176330,.F.);
#176850=ORIENTED_EDGE('',*,*,#116650,.F.);
#176860=EDGE_LOOP('',(#176850,#176840,#176830,#176770));
#176870=FACE_OUTER_BOUND('',#176860,.T.);
#176880=ADVANCED_FACE('',(#176870),#176760,.F.);
#176890=CARTESIAN_POINT('',(-0.554999999999995,-1.50000000000001,-2.945)
);
#176900=DIRECTION('',(-0.681370152881139,-0.731939010275264,-0.));
#176910=DIRECTION('',(-0.731939010275264,0.681370152881139,0.));
#176920=AXIS2_PLACEMENT_3D('',#176890,#176900,#176910);
#176930=PLANE('',#176920);
#176940=CARTESIAN_POINT('',(-0.64494691428161,-1.41626741863069,-2.945))
;
#176950=DIRECTION('',(0.,0.,1.));
#176960=VECTOR('',#176950,1.);
#176970=LINE('',#176940,#176960);
#176980=EDGE_CURVE('',#175760,#176400,#176970,.T.);
#176990=ORIENTED_EDGE('',*,*,#176980,.F.);
#177000=ORIENTED_EDGE('',*,*,#176410,.F.);
#177010=ORIENTED_EDGE('',*,*,#176820,.F.);
#177020=ORIENTED_EDGE('',*,*,#175850,.F.);
#177030=EDGE_LOOP('',(#177020,#177010,#177000,#176990));
#177040=FACE_OUTER_BOUND('',#177030,.T.);
#177050=ADVANCED_FACE('',(#177040),#176930,.T.);
#177060=CARTESIAN_POINT('',(-0.619999999999998,-1.38500000000002,-2.945)
);
#177070=DIRECTION('',(0.,0.,1.));
#177080=DIRECTION('',(-1.,-1.22460635382238E-16,0.));
#177090=AXIS2_PLACEMENT_3D('',#177060,#177070,#177080);
#177100=CYLINDRICAL_SURFACE('',#177090,0.0399999999999978);
#177110=CARTESIAN_POINT('',(-0.659999999999995,-1.38500000000002,-2.945)
);
#177120=DIRECTION('',(0.,0.,1.));
#177130=VECTOR('',#177120,1.);
#177140=LINE('',#177110,#177130);
#177150=EDGE_CURVE('',#175670,#176490,#177140,.T.);
#177160=ORIENTED_EDGE('',*,*,#177150,.F.);
#177170=ORIENTED_EDGE('',*,*,#176500,.F.);
#177180=ORIENTED_EDGE('',*,*,#176980,.T.);
#177190=ORIENTED_EDGE('',*,*,#175770,.F.);
#177200=EDGE_LOOP('',(#177190,#177180,#177170,#177160));
#177210=FACE_OUTER_BOUND('',#177200,.T.);
#177220=ADVANCED_FACE('',(#177210),#177100,.T.);
#177230=CARTESIAN_POINT('',(-0.609999999999996,-1.38500000000002,-2.945)
);
#177240=DIRECTION('',(0.,0.,1.));
#177250=DIRECTION('',(-1.,-1.22460635382238E-16,0.));
#177260=AXIS2_PLACEMENT_3D('',#177230,#177240,#177250);
#177270=CYLINDRICAL_SURFACE('',#177260,0.0499999999999995);
#177280=CARTESIAN_POINT('',(-0.609870584701056,-1.3350001674835,-2.825))
;
#177290=DIRECTION('',(0.,0.,-1.));
#177300=VECTOR('',#177290,1.);
#177310=LINE('',#177280,#177300);
#177320=EDGE_CURVE('',#176580,#175580,#177310,.T.);
#177330=ORIENTED_EDGE('',*,*,#177320,.T.);
#177340=ORIENTED_EDGE('',*,*,#176590,.F.);
#177350=ORIENTED_EDGE('',*,*,#177150,.T.);
#177360=ORIENTED_EDGE('',*,*,#175680,.F.);
#177370=EDGE_LOOP('',(#177360,#177350,#177340,#177330));
#177380=FACE_OUTER_BOUND('',#177370,.T.);
#177390=ADVANCED_FACE('',(#177380),#177270,.T.);
#177400=CARTESIAN_POINT('',(-0.609870584701056,-1.3350001674835,-2.945))
;
#177410=DIRECTION('',(-1.22460635382238E-16,1.,0.));
#177420=DIRECTION('',(1.,1.22460635382238E-16,0.));
#177430=AXIS2_PLACEMENT_3D('',#177400,#177410,#177420);
#177440=PLANE('',#177430);
#177450=ORIENTED_EDGE('',*,*,#176150,.F.);
#177460=ORIENTED_EDGE('',*,*,#176650,.T.);
#177470=ORIENTED_EDGE('',*,*,#177320,.F.);
#177480=ORIENTED_EDGE('',*,*,#175590,.F.);
#177490=EDGE_LOOP('',(#177480,#177470,#177460,#177450));
#177500=FACE_OUTER_BOUND('',#177490,.T.);
#177510=ADVANCED_FACE('',(#177500),#177440,.T.);
#177520=CARTESIAN_POINT('',(-0.554999999999995,-1.50000000000002,-3.345)
);
#177530=DIRECTION('',(-1.22460635382238E-16,1.,0.));
#177540=DIRECTION('',(-1.,-1.22460635382238E-16,0.));
#177550=AXIS2_PLACEMENT_3D('',#177520,#177530,#177540);
#177560=PLANE('',#177550);
#177570=CARTESIAN_POINT('',(-0.55499999999999,-1.50000000000002,-3.345))
;
#177580=DIRECTION('',(1.,0.,0.));
#177590=VECTOR('',#177580,1.);
#177600=LINE('',#177570,#177590);
#177610=CARTESIAN_POINT('',(-0.554999999999984,-1.50000000000002,-3.345)
);
#177620=VERTEX_POINT('',#177610);
#177630=EDGE_CURVE('',#177620,#117140,#177600,.T.);
#177640=ORIENTED_EDGE('',*,*,#177630,.T.);
#177650=CARTESIAN_POINT('',(-0.55499999999999,-1.50000000000002,-3.225))
;
#177660=DIRECTION('',(0.,0.,-1.));
#177670=VECTOR('',#177660,1.);
#177680=LINE('',#177650,#177670);
#177690=CARTESIAN_POINT('',(-0.554999999999987,-1.50000000000002,-3.225)
);
#177700=VERTEX_POINT('',#177690);
#177710=EDGE_CURVE('',#177700,#177620,#177680,.T.);
#177720=ORIENTED_EDGE('',*,*,#177710,.T.);
#177730=CARTESIAN_POINT('',(-0.554999999999984,-1.50000000000002,-3.225)
);
#177740=DIRECTION('',(1.,0.,0.));
#177750=VECTOR('',#177740,1.);
#177760=LINE('',#177730,#177750);
#177770=EDGE_CURVE('',#177700,#116960,#177760,.T.);
#177780=ORIENTED_EDGE('',*,*,#177770,.F.);
#177790=ORIENTED_EDGE('',*,*,#117210,.F.);
#177800=EDGE_LOOP('',(#177790,#177780,#177720,#177640));
#177810=FACE_OUTER_BOUND('',#177800,.T.);
#177820=ADVANCED_FACE('',(#177810),#177560,.F.);
#177830=CARTESIAN_POINT('',(2.96101731916345,2.8223480408227,-3.345));
#177840=DIRECTION('',(0.,0.,1.));
#177850=DIRECTION('',(-1.,-1.22460635382238E-16,0.));
#177860=AXIS2_PLACEMENT_3D('',#177830,#177840,#177850);
#177870=PLANE('',#177860);
#177880=CARTESIAN_POINT('',(-0.598843446820725,-1.2350001674835,-3.345))
;
#177890=DIRECTION('',(0.,0.,1.));
#177900=DIRECTION('',(-3.33066907387548E-15,-1.,0.));
#177910=AXIS2_PLACEMENT_3D('',#177880,#177890,#177900);
#177920=CIRCLE('',#177910,0.0999999999999996);
#177930=CARTESIAN_POINT('',(-0.598843446820725,-1.3350001674835,-3.345))
;
#177940=VERTEX_POINT('',#177930);
#177950=EDGE_CURVE('',#177940,#117060,#177920,.T.);
#177960=ORIENTED_EDGE('',*,*,#177950,.T.);
#177970=CARTESIAN_POINT('',(-0.610000834848424,-1.3350001674835,-3.345))
;
#177980=DIRECTION('',(1.,0.,0.));
#177990=VECTOR('',#177980,1.);
#178000=LINE('',#177970,#177990);
#178010=CARTESIAN_POINT('',(-0.609935709448222,-1.33500004133279,-3.345)
);
#178020=VERTEX_POINT('',#178010);
#178030=EDGE_CURVE('',#178020,#177940,#178000,.T.);
#178040=ORIENTED_EDGE('',*,*,#178030,.T.);
#178050=CARTESIAN_POINT('',(-0.609999999999996,-1.38500000000002,-3.345)
);
#178060=DIRECTION('',(0.,0.,-1.));
#178070=DIRECTION('',(-1.,-3.10862446895047E-14,0.));
#178080=AXIS2_PLACEMENT_3D('',#178050,#178060,#178070);
#178090=CIRCLE('',#178080,0.0499999999999995);
#178100=CARTESIAN_POINT('',(-0.659999999999996,-1.38500000000002,-3.345)
);
#178110=VERTEX_POINT('',#178100);
#178120=EDGE_CURVE('',#178110,#178020,#178090,.T.);
#178130=ORIENTED_EDGE('',*,*,#178120,.T.);
#178140=CARTESIAN_POINT('',(-0.619999999999998,-1.38500000000002,-3.345)
);
#178150=DIRECTION('',(0.,0.,-1.));
#178160=DIRECTION('',(-0.623672857039807,-0.781685465767277,0.));
#178170=AXIS2_PLACEMENT_3D('',#178140,#178150,#178160);
#178180=CIRCLE('',#178170,0.0399999999999978);
#178190=CARTESIAN_POINT('',(-0.644946914281601,-1.4162674186307,-3.345))
;
#178200=VERTEX_POINT('',#178190);
#178210=EDGE_CURVE('',#178200,#178110,#178180,.T.);
#178220=ORIENTED_EDGE('',*,*,#178210,.T.);
#178230=CARTESIAN_POINT('',(-0.554999999999984,-1.50000000000002,-3.345)
);
#178240=DIRECTION('',(-0.731939010275264,0.681370152881139,0.));
#178250=VECTOR('',#178240,1.);
#178260=LINE('',#178230,#178250);
#178270=EDGE_CURVE('',#177620,#178200,#178260,.T.);
#178280=ORIENTED_EDGE('',*,*,#178270,.T.);
#178290=ORIENTED_EDGE('',*,*,#177630,.F.);
#178300=ORIENTED_EDGE('',*,*,#117150,.F.);
#178310=EDGE_LOOP('',(#178300,#178290,#178280,#178220,#178130,#178040,
#177960));
#178320=FACE_OUTER_BOUND('',#178310,.T.);
#178330=ADVANCED_FACE('',(#178320),#177870,.F.);
#178340=CARTESIAN_POINT('',(-0.598843446820725,-1.2350001674835,-3.345))
;
#178350=DIRECTION('',(0.,0.,1.));
#178360=DIRECTION('',(-1.,-1.22460635382238E-16,0.));
#178370=AXIS2_PLACEMENT_3D('',#178340,#178350,#178360);
#178380=CYLINDRICAL_SURFACE('',#178370,0.0999999999999996);
#178390=CARTESIAN_POINT('',(-0.598843446820725,-1.2350001674835,-3.225))
;
#178400=DIRECTION('',(0.,0.,-1.));
#178410=DIRECTION('',(0.538434468207259,-0.842667386010854,0.));
#178420=AXIS2_PLACEMENT_3D('',#178390,#178400,#178410);
#178430=CIRCLE('',#178420,0.0999999999999996);
#178440=CARTESIAN_POINT('',(-0.598843446820725,-1.3350001674835,-3.225))
;
#178450=VERTEX_POINT('',#178440);
#178460=EDGE_CURVE('',#116980,#178450,#178430,.T.);
#178470=ORIENTED_EDGE('',*,*,#178460,.F.);
#178480=CARTESIAN_POINT('',(-0.598843446820725,-1.3350001674835,-3.345))
;
#178490=DIRECTION('',(0.,0.,1.));
#178500=VECTOR('',#178490,1.);
#178510=LINE('',#178480,#178500);
#178520=EDGE_CURVE('',#177940,#178450,#178510,.T.);
#178530=ORIENTED_EDGE('',*,*,#178520,.T.);
#178540=ORIENTED_EDGE('',*,*,#177950,.F.);
#178550=ORIENTED_EDGE('',*,*,#117070,.T.);
#178560=EDGE_LOOP('',(#178550,#178540,#178530,#178470));
#178570=FACE_OUTER_BOUND('',#178560,.T.);
#178580=ADVANCED_FACE('',(#178570),#178380,.F.);
#178590=CARTESIAN_POINT('',(2.96101731916345,2.8223480408227,-3.225));
#178600=DIRECTION('',(0.,0.,1.));
#178610=DIRECTION('',(-1.,-1.22460635382238E-16,0.));
#178620=AXIS2_PLACEMENT_3D('',#178590,#178600,#178610);
#178630=PLANE('',#178620);
#178640=ORIENTED_EDGE('',*,*,#177770,.T.);
#178650=CARTESIAN_POINT('',(-0.644946914281602,-1.4162674186307,-3.225))
;
#178660=DIRECTION('',(0.731939010275263,-0.681370152881141,0.));
#178670=VECTOR('',#178660,1.);
#178680=LINE('',#178650,#178670);
#178690=CARTESIAN_POINT('',(-0.644946914281606,-1.4162674186307,-3.225))
;
#178700=VERTEX_POINT('',#178690);
#178710=EDGE_CURVE('',#178700,#177700,#178680,.T.);
#178720=ORIENTED_EDGE('',*,*,#178710,.T.);
#178730=CARTESIAN_POINT('',(-0.619999999999998,-1.38500000000002,-3.225)
);
#178740=DIRECTION('',(0.,0.,1.));
#178750=DIRECTION('',(-1.,-3.88578058618826E-14,0.));
#178760=AXIS2_PLACEMENT_3D('',#178730,#178740,#178750);
#178770=CIRCLE('',#178760,0.0399999999999978);
#178780=CARTESIAN_POINT('',(-0.659999999999996,-1.38500000000002,-3.225)
);
#178790=VERTEX_POINT('',#178780);
#178800=EDGE_CURVE('',#178790,#178700,#178770,.T.);
#178810=ORIENTED_EDGE('',*,*,#178800,.T.);
#178820=CARTESIAN_POINT('',(-0.609999999999996,-1.38500000000002,-3.225)
);
#178830=DIRECTION('',(0.,0.,1.));
#178840=DIRECTION('',(-3.33921496342707E-5,0.999999999442482,0.));
#178850=AXIS2_PLACEMENT_3D('',#178820,#178830,#178840);
#178860=CIRCLE('',#178850,0.0499999999999995);
#178870=CARTESIAN_POINT('',(-0.609936127151471,-1.3350001674835,-3.225))
;
#178880=VERTEX_POINT('',#178870);
#178890=EDGE_CURVE('',#178880,#178790,#178860,.T.);
#178900=ORIENTED_EDGE('',*,*,#178890,.T.);
#178910=CARTESIAN_POINT('',(-0.609870584701056,-1.3350001674835,-3.225))
;
#178920=DIRECTION('',(1.,0.,0.));
#178930=VECTOR('',#178920,1.);
#178940=LINE('',#178910,#178930);
#178950=EDGE_CURVE('',#178880,#178450,#178940,.T.);
#178960=ORIENTED_EDGE('',*,*,#178950,.F.);
#178970=ORIENTED_EDGE('',*,*,#178460,.T.);
#178980=ORIENTED_EDGE('',*,*,#116990,.T.);
#178990=EDGE_LOOP('',(#178980,#178970,#178960,#178900,#178810,#178720,
#178640));
#179000=FACE_OUTER_BOUND('',#178990,.T.);
#179010=ADVANCED_FACE('',(#179000),#178630,.T.);
#179020=CARTESIAN_POINT('',(-0.554999999999995,-1.50000000000001,-3.345)
);
#179030=DIRECTION('',(-0.681370152881139,-0.731939010275264,-0.));
#179040=DIRECTION('',(-0.731939010275264,0.681370152881139,0.));
#179050=AXIS2_PLACEMENT_3D('',#179020,#179030,#179040);
#179060=PLANE('',#179050);
#179070=CARTESIAN_POINT('',(-0.64494691428161,-1.41626741863069,-3.345))
;
#179080=DIRECTION('',(0.,0.,1.));
#179090=VECTOR('',#179080,1.);
#179100=LINE('',#179070,#179090);
#179110=EDGE_CURVE('',#178200,#178700,#179100,.T.);
#179120=ORIENTED_EDGE('',*,*,#179110,.F.);
#179130=ORIENTED_EDGE('',*,*,#178710,.F.);
#179140=ORIENTED_EDGE('',*,*,#177710,.F.);
#179150=ORIENTED_EDGE('',*,*,#178270,.F.);
#179160=EDGE_LOOP('',(#179150,#179140,#179130,#179120));
#179170=FACE_OUTER_BOUND('',#179160,.T.);
#179180=ADVANCED_FACE('',(#179170),#179060,.T.);
#179190=CARTESIAN_POINT('',(-0.619999999999998,-1.38500000000002,-3.345)
);
#179200=DIRECTION('',(0.,0.,1.));
#179210=DIRECTION('',(-1.,-1.22460635382238E-16,0.));
#179220=AXIS2_PLACEMENT_3D('',#179190,#179200,#179210);
#179230=CYLINDRICAL_SURFACE('',#179220,0.0399999999999978);
#179240=CARTESIAN_POINT('',(-0.659999999999995,-1.38500000000002,-3.345)
);
#179250=DIRECTION('',(0.,0.,1.));
#179260=VECTOR('',#179250,1.);
#179270=LINE('',#179240,#179260);
#179280=EDGE_CURVE('',#178110,#178790,#179270,.T.);
#179290=ORIENTED_EDGE('',*,*,#179280,.F.);
#179300=ORIENTED_EDGE('',*,*,#178800,.F.);
#179310=ORIENTED_EDGE('',*,*,#179110,.T.);
#179320=ORIENTED_EDGE('',*,*,#178210,.F.);
#179330=EDGE_LOOP('',(#179320,#179310,#179300,#179290));
#179340=FACE_OUTER_BOUND('',#179330,.T.);
#179350=ADVANCED_FACE('',(#179340),#179230,.T.);
#179360=CARTESIAN_POINT('',(-0.609999999999996,-1.38500000000002,-3.345)
);
#179370=DIRECTION('',(0.,0.,1.));
#179380=DIRECTION('',(-1.,-1.22460635382238E-16,0.));
#179390=AXIS2_PLACEMENT_3D('',#179360,#179370,#179380);
#179400=CYLINDRICAL_SURFACE('',#179390,0.0499999999999995);
#179410=CARTESIAN_POINT('',(-0.609870584701056,-1.3350001674835,-3.225))
;
#179420=DIRECTION('',(0.,0.,-1.));
#179430=VECTOR('',#179420,1.);
#179440=LINE('',#179410,#179430);
#179450=EDGE_CURVE('',#178880,#178020,#179440,.T.);
#179460=ORIENTED_EDGE('',*,*,#179450,.T.);
#179470=ORIENTED_EDGE('',*,*,#178890,.F.);
#179480=ORIENTED_EDGE('',*,*,#179280,.T.);
#179490=ORIENTED_EDGE('',*,*,#178120,.F.);
#179500=EDGE_LOOP('',(#179490,#179480,#179470,#179460));
#179510=FACE_OUTER_BOUND('',#179500,.T.);
#179520=ADVANCED_FACE('',(#179510),#179400,.T.);
#179530=CARTESIAN_POINT('',(-0.609870584701056,-1.3350001674835,-3.345))
;
#179540=DIRECTION('',(-1.22460635382238E-16,1.,0.));
#179550=DIRECTION('',(1.,1.22460635382238E-16,0.));
#179560=AXIS2_PLACEMENT_3D('',#179530,#179540,#179550);
#179570=PLANE('',#179560);
#179580=ORIENTED_EDGE('',*,*,#178520,.F.);
#179590=ORIENTED_EDGE('',*,*,#178950,.T.);
#179600=ORIENTED_EDGE('',*,*,#179450,.F.);
#179610=ORIENTED_EDGE('',*,*,#178030,.F.);
#179620=EDGE_LOOP('',(#179610,#179600,#179590,#179580));
#179630=FACE_OUTER_BOUND('',#179620,.T.);
#179640=ADVANCED_FACE('',(#179630),#179570,.T.);
#179650=CARTESIAN_POINT('',(2.96101731916345,2.8223480408227,-4.545));
#179660=DIRECTION('',(0.,0.,1.));
#179670=DIRECTION('',(-1.,-1.22460635382238E-16,0.));
#179680=AXIS2_PLACEMENT_3D('',#179650,#179660,#179670);
#179690=PLANE('',#179680);
#179700=CARTESIAN_POINT('',(-0.598843446820725,-1.2350001674835,-4.545))
;
#179710=DIRECTION('',(0.,0.,1.));
#179720=DIRECTION('',(-3.33066907387548E-15,-1.,0.));
#179730=AXIS2_PLACEMENT_3D('',#179700,#179710,#179720);
#179740=CIRCLE('',#179730,0.0999999999999996);
#179750=CARTESIAN_POINT('',(-0.598843446820725,-1.3350001674835,-4.545))
;
#179760=VERTEX_POINT('',#179750);
#179770=EDGE_CURVE('',#179760,#117480,#179740,.T.);
#179780=ORIENTED_EDGE('',*,*,#179770,.T.);
#179790=CARTESIAN_POINT('',(-0.610000834848424,-1.3350001674835,-4.545))
;
#179800=DIRECTION('',(1.,0.,0.));
#179810=VECTOR('',#179800,1.);
#179820=LINE('',#179790,#179810);
#179830=CARTESIAN_POINT('',(-0.609935709448222,-1.33500004133279,-4.545)
);
#179840=VERTEX_POINT('',#179830);
#179850=EDGE_CURVE('',#179840,#179760,#179820,.T.);
#179860=ORIENTED_EDGE('',*,*,#179850,.T.);
#179870=CARTESIAN_POINT('',(-0.609999999999996,-1.38500000000002,-4.545)
);
#179880=DIRECTION('',(0.,0.,-1.));
#179890=DIRECTION('',(-1.,-3.10862446895047E-14,0.));
#179900=AXIS2_PLACEMENT_3D('',#179870,#179880,#179890);
#179910=CIRCLE('',#179900,0.0499999999999995);
#179920=CARTESIAN_POINT('',(-0.659999999999996,-1.38500000000002,-4.545)
);
#179930=VERTEX_POINT('',#179920);
#179940=EDGE_CURVE('',#179930,#179840,#179910,.T.);
#179950=ORIENTED_EDGE('',*,*,#179940,.T.);
#179960=CARTESIAN_POINT('',(-0.619999999999998,-1.38500000000002,-4.545)
);
#179970=DIRECTION('',(0.,0.,-1.));
#179980=DIRECTION('',(-0.623672857039807,-0.781685465767277,0.));
#179990=AXIS2_PLACEMENT_3D('',#179960,#179970,#179980);
#180000=CIRCLE('',#179990,0.0399999999999978);
#180010=CARTESIAN_POINT('',(-0.644946914281601,-1.4162674186307,-4.545))
;
#180020=VERTEX_POINT('',#180010);
#180030=EDGE_CURVE('',#180020,#179930,#180000,.T.);
#180040=ORIENTED_EDGE('',*,*,#180030,.T.);
#180050=CARTESIAN_POINT('',(-0.554999999999984,-1.50000000000002,-4.545)
);
#180060=DIRECTION('',(-0.731939010275264,0.681370152881139,0.));
#180070=VECTOR('',#180060,1.);
#180080=LINE('',#180050,#180070);
#180090=CARTESIAN_POINT('',(-0.554999999999987,-1.50000000000002,-4.545)
);
#180100=VERTEX_POINT('',#180090);
#180110=EDGE_CURVE('',#180100,#180020,#180080,.T.);
#180120=ORIENTED_EDGE('',*,*,#180110,.T.);
#180130=CARTESIAN_POINT('',(-0.55499999999999,-1.50000000000002,-4.545))
;
#180140=DIRECTION('',(1.,0.,0.));
#180150=VECTOR('',#180140,1.);
#180160=LINE('',#180130,#180150);
#180170=EDGE_CURVE('',#180100,#117320,#180160,.T.);
#180180=ORIENTED_EDGE('',*,*,#180170,.F.);
#180190=ORIENTED_EDGE('',*,*,#117550,.F.);
#180200=EDGE_LOOP('',(#180190,#180180,#180120,#180040,#179950,#179860,
#179780));
#180210=FACE_OUTER_BOUND('',#180200,.T.);
#180220=ADVANCED_FACE('',(#180210),#179690,.F.);
#180230=CARTESIAN_POINT('',(-0.598843446820725,-1.2350001674835,-4.545))
;
#180240=DIRECTION('',(0.,0.,1.));
#180250=DIRECTION('',(-1.,-1.22460635382238E-16,0.));
#180260=AXIS2_PLACEMENT_3D('',#180230,#180240,#180250);
#180270=CYLINDRICAL_SURFACE('',#180260,0.0999999999999996);
#180280=CARTESIAN_POINT('',(-0.598843446820725,-1.2350001674835,-4.425))
;
#180290=DIRECTION('',(0.,0.,-1.));
#180300=DIRECTION('',(0.538434468207259,-0.842667386010854,0.));
#180310=AXIS2_PLACEMENT_3D('',#180280,#180290,#180300);
#180320=CIRCLE('',#180310,0.0999999999999996);
#180330=CARTESIAN_POINT('',(-0.598843446820725,-1.3350001674835,-4.425))
;
#180340=VERTEX_POINT('',#180330);
#180350=EDGE_CURVE('',#117400,#180340,#180320,.T.);
#180360=ORIENTED_EDGE('',*,*,#180350,.F.);
#180370=CARTESIAN_POINT('',(-0.598843446820725,-1.3350001674835,-4.545))
;
#180380=DIRECTION('',(0.,0.,1.));
#180390=VECTOR('',#180380,1.);
#180400=LINE('',#180370,#180390);
#180410=EDGE_CURVE('',#179760,#180340,#180400,.T.);
#180420=ORIENTED_EDGE('',*,*,#180410,.T.);
#180430=ORIENTED_EDGE('',*,*,#179770,.F.);
#180440=ORIENTED_EDGE('',*,*,#117490,.T.);
#180450=EDGE_LOOP('',(#180440,#180430,#180420,#180360));
#180460=FACE_OUTER_BOUND('',#180450,.T.);
#180470=ADVANCED_FACE('',(#180460),#180270,.F.);
#180480=CARTESIAN_POINT('',(2.96101731916345,2.8223480408227,-4.425));
#180490=DIRECTION('',(0.,0.,1.));
#180500=DIRECTION('',(-1.,-1.22460635382238E-16,0.));
#180510=AXIS2_PLACEMENT_3D('',#180480,#180490,#180500);
#180520=PLANE('',#180510);
#180530=CARTESIAN_POINT('',(-0.554999999999984,-1.50000000000002,-4.425)
);
#180540=DIRECTION('',(1.,0.,0.));
#180550=VECTOR('',#180540,1.);
#180560=LINE('',#180530,#180550);
#180570=CARTESIAN_POINT('',(-0.554999999999988,-1.50000000000002,-4.425)
);
#180580=VERTEX_POINT('',#180570);
#180590=EDGE_CURVE('',#180580,#117300,#180560,.T.);
#180600=ORIENTED_EDGE('',*,*,#180590,.T.);
#180610=CARTESIAN_POINT('',(-0.644946914281602,-1.4162674186307,-4.425))
;
#180620=DIRECTION('',(0.731939010275264,-0.681370152881139,0.));
#180630=VECTOR('',#180620,1.);
#180640=LINE('',#180610,#180630);
#180650=CARTESIAN_POINT('',(-0.644946914281606,-1.4162674186307,-4.425))
;
#180660=VERTEX_POINT('',#180650);
#180670=EDGE_CURVE('',#180660,#180580,#180640,.T.);
#180680=ORIENTED_EDGE('',*,*,#180670,.T.);
#180690=CARTESIAN_POINT('',(-0.619999999999998,-1.38500000000002,-4.425)
);
#180700=DIRECTION('',(0.,0.,1.));
#180710=DIRECTION('',(-1.,-3.88578058618826E-14,0.));
#180720=AXIS2_PLACEMENT_3D('',#180690,#180700,#180710);
#180730=CIRCLE('',#180720,0.0399999999999978);
#180740=CARTESIAN_POINT('',(-0.659999999999996,-1.38500000000002,-4.425)
);
#180750=VERTEX_POINT('',#180740);
#180760=EDGE_CURVE('',#180750,#180660,#180730,.T.);
#180770=ORIENTED_EDGE('',*,*,#180760,.T.);
#180780=CARTESIAN_POINT('',(-0.609999999999996,-1.38500000000002,-4.425)
);
#180790=DIRECTION('',(0.,0.,1.));
#180800=DIRECTION('',(-3.33921496342707E-5,0.999999999442482,0.));
#180810=AXIS2_PLACEMENT_3D('',#180780,#180790,#180800);
#180820=CIRCLE('',#180810,0.0499999999999995);
#180830=CARTESIAN_POINT('',(-0.609936127151471,-1.3350001674835,-4.425))
;
#180840=VERTEX_POINT('',#180830);
#180850=EDGE_CURVE('',#180840,#180750,#180820,.T.);
#180860=ORIENTED_EDGE('',*,*,#180850,.T.);
#180870=CARTESIAN_POINT('',(-0.609870584701056,-1.3350001674835,-4.425))
;
#180880=DIRECTION('',(1.,0.,0.));
#180890=VECTOR('',#180880,1.);
#180900=LINE('',#180870,#180890);
#180910=EDGE_CURVE('',#180840,#180340,#180900,.T.);
#180920=ORIENTED_EDGE('',*,*,#180910,.F.);
#180930=ORIENTED_EDGE('',*,*,#180350,.T.);
#180940=ORIENTED_EDGE('',*,*,#117410,.T.);
#180950=EDGE_LOOP('',(#180940,#180930,#180920,#180860,#180770,#180680,
#180600));
#180960=FACE_OUTER_BOUND('',#180950,.T.);
#180970=ADVANCED_FACE('',(#180960),#180520,.T.);
#180980=CARTESIAN_POINT('',(-0.554999999999995,-1.50000000000002,-4.545)
);
#180990=DIRECTION('',(-1.22460635382238E-16,1.,0.));
#181000=DIRECTION('',(-1.,-1.22460635382238E-16,0.));
#181010=AXIS2_PLACEMENT_3D('',#180980,#180990,#181000);
#181020=PLANE('',#181010);
#181030=ORIENTED_EDGE('',*,*,#180170,.T.);
#181040=CARTESIAN_POINT('',(-0.55499999999999,-1.50000000000002,-4.425))
;
#181050=DIRECTION('',(0.,0.,-1.));
#181060=VECTOR('',#181050,1.);
#181070=LINE('',#181040,#181060);
#181080=EDGE_CURVE('',#180580,#180100,#181070,.T.);
#181090=ORIENTED_EDGE('',*,*,#181080,.T.);
#181100=ORIENTED_EDGE('',*,*,#180590,.F.);
#181110=ORIENTED_EDGE('',*,*,#117330,.F.);
#181120=EDGE_LOOP('',(#181110,#181100,#181090,#181030));
#181130=FACE_OUTER_BOUND('',#181120,.T.);
#181140=ADVANCED_FACE('',(#181130),#181020,.F.);
#181150=CARTESIAN_POINT('',(-0.554999999999995,-1.50000000000001,-4.545)
);
#181160=DIRECTION('',(-0.681370152881139,-0.731939010275264,-0.));
#181170=DIRECTION('',(-0.731939010275264,0.681370152881139,0.));
#181180=AXIS2_PLACEMENT_3D('',#181150,#181160,#181170);
#181190=PLANE('',#181180);
#181200=CARTESIAN_POINT('',(-0.64494691428161,-1.41626741863069,-4.545))
;
#181210=DIRECTION('',(0.,0.,1.));
#181220=VECTOR('',#181210,1.);
#181230=LINE('',#181200,#181220);
#181240=EDGE_CURVE('',#180020,#180660,#181230,.T.);
#181250=ORIENTED_EDGE('',*,*,#181240,.F.);
#181260=ORIENTED_EDGE('',*,*,#180670,.F.);
#181270=ORIENTED_EDGE('',*,*,#181080,.F.);
#181280=ORIENTED_EDGE('',*,*,#180110,.F.);
#181290=EDGE_LOOP('',(#181280,#181270,#181260,#181250));
#181300=FACE_OUTER_BOUND('',#181290,.T.);
#181310=ADVANCED_FACE('',(#181300),#181190,.T.);
#181320=CARTESIAN_POINT('',(-0.619999999999998,-1.38500000000002,-4.545)
);
#181330=DIRECTION('',(0.,0.,1.));
#181340=DIRECTION('',(-1.,-1.22460635382238E-16,0.));
#181350=AXIS2_PLACEMENT_3D('',#181320,#181330,#181340);
#181360=CYLINDRICAL_SURFACE('',#181350,0.0399999999999978);
#181370=CARTESIAN_POINT('',(-0.659999999999995,-1.38500000000002,-4.545)
);
#181380=DIRECTION('',(0.,0.,1.));
#181390=VECTOR('',#181380,1.);
#181400=LINE('',#181370,#181390);
#181410=EDGE_CURVE('',#179930,#180750,#181400,.T.);
#181420=ORIENTED_EDGE('',*,*,#181410,.F.);
#181430=ORIENTED_EDGE('',*,*,#180760,.F.);
#181440=ORIENTED_EDGE('',*,*,#181240,.T.);
#181450=ORIENTED_EDGE('',*,*,#180030,.F.);
#181460=EDGE_LOOP('',(#181450,#181440,#181430,#181420));
#181470=FACE_OUTER_BOUND('',#181460,.T.);
#181480=ADVANCED_FACE('',(#181470),#181360,.T.);
#181490=CARTESIAN_POINT('',(-0.609999999999996,-1.38500000000002,-4.545)
);
#181500=DIRECTION('',(0.,0.,1.));
#181510=DIRECTION('',(-1.,-1.22460635382238E-16,0.));
#181520=AXIS2_PLACEMENT_3D('',#181490,#181500,#181510);
#181530=CYLINDRICAL_SURFACE('',#181520,0.0499999999999995);
#181540=CARTESIAN_POINT('',(-0.609870584701056,-1.3350001674835,-4.425))
;
#181550=DIRECTION('',(0.,0.,-1.));
#181560=VECTOR('',#181550,1.);
#181570=LINE('',#181540,#181560);
#181580=EDGE_CURVE('',#180840,#179840,#181570,.T.);
#181590=ORIENTED_EDGE('',*,*,#181580,.T.);
#181600=ORIENTED_EDGE('',*,*,#180850,.F.);
#181610=ORIENTED_EDGE('',*,*,#181410,.T.);
#181620=ORIENTED_EDGE('',*,*,#179940,.F.);
#181630=EDGE_LOOP('',(#181620,#181610,#181600,#181590));
#181640=FACE_OUTER_BOUND('',#181630,.T.);
#181650=ADVANCED_FACE('',(#181640),#181530,.T.);
#181660=CARTESIAN_POINT('',(-0.609870584701056,-1.3350001674835,-4.545))
;
#181670=DIRECTION('',(-1.22460635382238E-16,1.,0.));
#181680=DIRECTION('',(1.,1.22460635382238E-16,0.));
#181690=AXIS2_PLACEMENT_3D('',#181660,#181670,#181680);
#181700=PLANE('',#181690);
#181710=ORIENTED_EDGE('',*,*,#180410,.F.);
#181720=ORIENTED_EDGE('',*,*,#180910,.T.);
#181730=ORIENTED_EDGE('',*,*,#181580,.F.);
#181740=ORIENTED_EDGE('',*,*,#179850,.F.);
#181750=EDGE_LOOP('',(#181740,#181730,#181720,#181710));
#181760=FACE_OUTER_BOUND('',#181750,.T.);
#181770=ADVANCED_FACE('',(#181760),#181700,.T.);
#181780=CARTESIAN_POINT('',(-0.554999999999995,-1.50000000000002,-5.345)
);
#181790=DIRECTION('',(-1.22460635382238E-16,1.,0.));
#181800=DIRECTION('',(-1.,-1.22460635382238E-16,0.));
#181810=AXIS2_PLACEMENT_3D('',#181780,#181790,#181800);
#181820=PLANE('',#181810);
#181830=CARTESIAN_POINT('',(-0.55499999999999,-1.50000000000002,-5.345))
;
#181840=DIRECTION('',(1.,0.,0.));
#181850=VECTOR('',#181840,1.);
#181860=LINE('',#181830,#181850);
#181870=CARTESIAN_POINT('',(-0.554999999999984,-1.50000000000002,-5.345)
);
#181880=VERTEX_POINT('',#181870);
#181890=EDGE_CURVE('',#181880,#117820,#181860,.T.);
#181900=ORIENTED_EDGE('',*,*,#181890,.T.);
#181910=CARTESIAN_POINT('',(-0.55499999999999,-1.50000000000002,-5.225))
;
#181920=DIRECTION('',(0.,0.,-1.));
#181930=VECTOR('',#181920,1.);
#181940=LINE('',#181910,#181930);
#181950=CARTESIAN_POINT('',(-0.554999999999987,-1.50000000000002,-5.225)
);
#181960=VERTEX_POINT('',#181950);
#181970=EDGE_CURVE('',#181960,#181880,#181940,.T.);
#181980=ORIENTED_EDGE('',*,*,#181970,.T.);
#181990=CARTESIAN_POINT('',(-0.554999999999984,-1.50000000000002,-5.225)
);
#182000=DIRECTION('',(1.,0.,0.));
#182010=VECTOR('',#182000,1.);
#182020=LINE('',#181990,#182010);
#182030=EDGE_CURVE('',#181960,#117640,#182020,.T.);
#182040=ORIENTED_EDGE('',*,*,#182030,.F.);
#182050=ORIENTED_EDGE('',*,*,#117890,.F.);
#182060=EDGE_LOOP('',(#182050,#182040,#181980,#181900));
#182070=FACE_OUTER_BOUND('',#182060,.T.);
#182080=ADVANCED_FACE('',(#182070),#181820,.F.);
#182090=CARTESIAN_POINT('',(2.96101731916345,2.8223480408227,-5.345));
#182100=DIRECTION('',(0.,0.,1.));
#182110=DIRECTION('',(-1.,-1.22460635382238E-16,0.));
#182120=AXIS2_PLACEMENT_3D('',#182090,#182100,#182110);
#182130=PLANE('',#182120);
#182140=CARTESIAN_POINT('',(-0.598843446820725,-1.2350001674835,-5.345))
;
#182150=DIRECTION('',(0.,0.,1.));
#182160=DIRECTION('',(-3.33066907387548E-15,-1.,0.));
#182170=AXIS2_PLACEMENT_3D('',#182140,#182150,#182160);
#182180=CIRCLE('',#182170,0.0999999999999996);
#182190=CARTESIAN_POINT('',(-0.598843446820725,-1.3350001674835,-5.345))
;
#182200=VERTEX_POINT('',#182190);
#182210=EDGE_CURVE('',#182200,#117740,#182180,.T.);
#182220=ORIENTED_EDGE('',*,*,#182210,.T.);
#182230=CARTESIAN_POINT('',(-0.610000834848424,-1.3350001674835,-5.345))
;
#182240=DIRECTION('',(1.,0.,0.));
#182250=VECTOR('',#182240,1.);
#182260=LINE('',#182230,#182250);
#182270=CARTESIAN_POINT('',(-0.609935709448222,-1.33500004133279,-5.345)
);
#182280=VERTEX_POINT('',#182270);
#182290=EDGE_CURVE('',#182280,#182200,#182260,.T.);
#182300=ORIENTED_EDGE('',*,*,#182290,.T.);
#182310=CARTESIAN_POINT('',(-0.609999999999996,-1.38500000000002,-5.345)
);
#182320=DIRECTION('',(0.,0.,-1.));
#182330=DIRECTION('',(-1.,-3.10862446895047E-14,0.));
#182340=AXIS2_PLACEMENT_3D('',#182310,#182320,#182330);
#182350=CIRCLE('',#182340,0.0499999999999995);
#182360=CARTESIAN_POINT('',(-0.659999999999996,-1.38500000000002,-5.345)
);
#182370=VERTEX_POINT('',#182360);
#182380=EDGE_CURVE('',#182370,#182280,#182350,.T.);
#182390=ORIENTED_EDGE('',*,*,#182380,.T.);
#182400=CARTESIAN_POINT('',(-0.619999999999998,-1.38500000000002,-5.345)
);
#182410=DIRECTION('',(0.,0.,-1.));
#182420=DIRECTION('',(-0.623672857039854,-0.781685465767239,0.));
#182430=AXIS2_PLACEMENT_3D('',#182400,#182410,#182420);
#182440=CIRCLE('',#182430,0.0399999999999978);
#182450=CARTESIAN_POINT('',(-0.644946914281602,-1.4162674186307,-5.345))
;
#182460=VERTEX_POINT('',#182450);
#182470=EDGE_CURVE('',#182460,#182370,#182440,.T.);
#182480=ORIENTED_EDGE('',*,*,#182470,.T.);
#182490=CARTESIAN_POINT('',(-0.554999999999984,-1.50000000000002,-5.345)
);
#182500=DIRECTION('',(-0.731939010275264,0.681370152881139,0.));
#182510=VECTOR('',#182500,1.);
#182520=LINE('',#182490,#182510);
#182530=EDGE_CURVE('',#181880,#182460,#182520,.T.);
#182540=ORIENTED_EDGE('',*,*,#182530,.T.);
#182550=ORIENTED_EDGE('',*,*,#181890,.F.);
#182560=ORIENTED_EDGE('',*,*,#117830,.F.);
#182570=EDGE_LOOP('',(#182560,#182550,#182540,#182480,#182390,#182300,
#182220));
#182580=FACE_OUTER_BOUND('',#182570,.T.);
#182590=ADVANCED_FACE('',(#182580),#182130,.F.);
#182600=CARTESIAN_POINT('',(-0.598843446820725,-1.2350001674835,-5.345))
;
#182610=DIRECTION('',(0.,0.,1.));
#182620=DIRECTION('',(-1.,-1.22460635382238E-16,0.));
#182630=AXIS2_PLACEMENT_3D('',#182600,#182610,#182620);
#182640=CYLINDRICAL_SURFACE('',#182630,0.0999999999999996);
#182650=CARTESIAN_POINT('',(-0.598843446820725,-1.2350001674835,-5.225))
;
#182660=DIRECTION('',(0.,0.,-1.));
#182670=DIRECTION('',(0.538434468207259,-0.842667386010854,0.));
#182680=AXIS2_PLACEMENT_3D('',#182650,#182660,#182670);
#182690=CIRCLE('',#182680,0.0999999999999996);
#182700=CARTESIAN_POINT('',(-0.598843446820725,-1.3350001674835,-5.225))
;
#182710=VERTEX_POINT('',#182700);
#182720=EDGE_CURVE('',#117660,#182710,#182690,.T.);
#182730=ORIENTED_EDGE('',*,*,#182720,.F.);
#182740=CARTESIAN_POINT('',(-0.598843446820725,-1.3350001674835,-5.345))
;
#182750=DIRECTION('',(0.,0.,1.));
#182760=VECTOR('',#182750,1.);
#182770=LINE('',#182740,#182760);
#182780=EDGE_CURVE('',#182200,#182710,#182770,.T.);
#182790=ORIENTED_EDGE('',*,*,#182780,.T.);
#182800=ORIENTED_EDGE('',*,*,#182210,.F.);
#182810=ORIENTED_EDGE('',*,*,#117750,.T.);
#182820=EDGE_LOOP('',(#182810,#182800,#182790,#182730));
#182830=FACE_OUTER_BOUND('',#182820,.T.);
#182840=ADVANCED_FACE('',(#182830),#182640,.F.);
#182850=CARTESIAN_POINT('',(2.96101731916345,2.8223480408227,-5.225));
#182860=DIRECTION('',(0.,0.,1.));
#182870=DIRECTION('',(-1.,-1.22460635382238E-16,0.));
#182880=AXIS2_PLACEMENT_3D('',#182850,#182860,#182870);
#182890=PLANE('',#182880);
#182900=ORIENTED_EDGE('',*,*,#182030,.T.);
#182910=CARTESIAN_POINT('',(-0.644946914281602,-1.4162674186307,-5.225))
;
#182920=DIRECTION('',(0.731939010275263,-0.681370152881141,0.));
#182930=VECTOR('',#182920,1.);
#182940=LINE('',#182910,#182930);
#182950=CARTESIAN_POINT('',(-0.644946914281606,-1.4162674186307,-5.225))
;
#182960=VERTEX_POINT('',#182950);
#182970=EDGE_CURVE('',#182960,#181960,#182940,.T.);
#182980=ORIENTED_EDGE('',*,*,#182970,.T.);
#182990=CARTESIAN_POINT('',(-0.619999999999998,-1.38500000000002,-5.225)
);
#183000=DIRECTION('',(0.,0.,1.));
#183010=DIRECTION('',(-1.,-3.88578058618826E-14,0.));
#183020=AXIS2_PLACEMENT_3D('',#182990,#183000,#183010);
#183030=CIRCLE('',#183020,0.0399999999999978);
#183040=CARTESIAN_POINT('',(-0.659999999999996,-1.38500000000002,-5.225)
);
#183050=VERTEX_POINT('',#183040);
#183060=EDGE_CURVE('',#183050,#182960,#183030,.T.);
#183070=ORIENTED_EDGE('',*,*,#183060,.T.);
#183080=CARTESIAN_POINT('',(-0.609999999999996,-1.38500000000002,-5.225)
);
#183090=DIRECTION('',(0.,0.,1.));
#183100=DIRECTION('',(-3.33921496342707E-5,0.999999999442482,0.));
#183110=AXIS2_PLACEMENT_3D('',#183080,#183090,#183100);
#183120=CIRCLE('',#183110,0.0499999999999995);
#183130=CARTESIAN_POINT('',(-0.609936127151471,-1.3350001674835,-5.225))
;
#183140=VERTEX_POINT('',#183130);
#183150=EDGE_CURVE('',#183140,#183050,#183120,.T.);
#183160=ORIENTED_EDGE('',*,*,#183150,.T.);
#183170=CARTESIAN_POINT('',(-0.609870584701056,-1.3350001674835,-5.225))
;
#183180=DIRECTION('',(1.,0.,0.));
#183190=VECTOR('',#183180,1.);
#183200=LINE('',#183170,#183190);
#183210=EDGE_CURVE('',#183140,#182710,#183200,.T.);
#183220=ORIENTED_EDGE('',*,*,#183210,.F.);
#183230=ORIENTED_EDGE('',*,*,#182720,.T.);
#183240=ORIENTED_EDGE('',*,*,#117670,.T.);
#183250=EDGE_LOOP('',(#183240,#183230,#183220,#183160,#183070,#182980,
#182900));
#183260=FACE_OUTER_BOUND('',#183250,.T.);
#183270=ADVANCED_FACE('',(#183260),#182890,.T.);
#183280=CARTESIAN_POINT('',(-0.554999999999995,-1.50000000000001,-5.345)
);
#183290=DIRECTION('',(-0.681370152881139,-0.731939010275264,-0.));
#183300=DIRECTION('',(-0.731939010275264,0.681370152881139,0.));
#183310=AXIS2_PLACEMENT_3D('',#183280,#183290,#183300);
#183320=PLANE('',#183310);
#183330=CARTESIAN_POINT('',(-0.64494691428161,-1.41626741863069,-5.345))
;
#183340=DIRECTION('',(0.,0.,1.));
#183350=VECTOR('',#183340,1.);
#183360=LINE('',#183330,#183350);
#183370=EDGE_CURVE('',#182460,#182960,#183360,.T.);
#183380=ORIENTED_EDGE('',*,*,#183370,.F.);
#183390=ORIENTED_EDGE('',*,*,#182970,.F.);
#183400=ORIENTED_EDGE('',*,*,#181970,.F.);
#183410=ORIENTED_EDGE('',*,*,#182530,.F.);
#183420=EDGE_LOOP('',(#183410,#183400,#183390,#183380));
#183430=FACE_OUTER_BOUND('',#183420,.T.);
#183440=ADVANCED_FACE('',(#183430),#183320,.T.);
#183450=CARTESIAN_POINT('',(-0.619999999999998,-1.38500000000002,-5.345)
);
#183460=DIRECTION('',(0.,0.,1.));
#183470=DIRECTION('',(-1.,-1.22460635382238E-16,0.));
#183480=AXIS2_PLACEMENT_3D('',#183450,#183460,#183470);
#183490=CYLINDRICAL_SURFACE('',#183480,0.0399999999999978);
#183500=CARTESIAN_POINT('',(-0.659999999999995,-1.38500000000002,-5.345)
);
#183510=DIRECTION('',(0.,0.,1.));
#183520=VECTOR('',#183510,1.);
#183530=LINE('',#183500,#183520);
#183540=EDGE_CURVE('',#182370,#183050,#183530,.T.);
#183550=ORIENTED_EDGE('',*,*,#183540,.F.);
#183560=ORIENTED_EDGE('',*,*,#183060,.F.);
#183570=ORIENTED_EDGE('',*,*,#183370,.T.);
#183580=ORIENTED_EDGE('',*,*,#182470,.F.);
#183590=EDGE_LOOP('',(#183580,#183570,#183560,#183550));
#183600=FACE_OUTER_BOUND('',#183590,.T.);
#183610=ADVANCED_FACE('',(#183600),#183490,.T.);
#183620=CARTESIAN_POINT('',(-0.609999999999996,-1.38500000000002,-5.345)
);
#183630=DIRECTION('',(0.,0.,1.));
#183640=DIRECTION('',(-1.,-1.22460635382238E-16,0.));
#183650=AXIS2_PLACEMENT_3D('',#183620,#183630,#183640);
#183660=CYLINDRICAL_SURFACE('',#183650,0.0499999999999995);
#183670=CARTESIAN_POINT('',(-0.609870584701056,-1.3350001674835,-5.225))
;
#183680=DIRECTION('',(0.,0.,-1.));
#183690=VECTOR('',#183680,1.);
#183700=LINE('',#183670,#183690);
#183710=EDGE_CURVE('',#183140,#182280,#183700,.T.);
#183720=ORIENTED_EDGE('',*,*,#183710,.T.);
#183730=ORIENTED_EDGE('',*,*,#183150,.F.);
#183740=ORIENTED_EDGE('',*,*,#183540,.T.);
#183750=ORIENTED_EDGE('',*,*,#182380,.F.);
#183760=EDGE_LOOP('',(#183750,#183740,#183730,#183720));
#183770=FACE_OUTER_BOUND('',#183760,.T.);
#183780=ADVANCED_FACE('',(#183770),#183660,.T.);
#183790=CARTESIAN_POINT('',(-0.609870584701056,-1.3350001674835,-5.345))
;
#183800=DIRECTION('',(-1.22460635382238E-16,1.,0.));
#183810=DIRECTION('',(1.,1.22460635382238E-16,0.));
#183820=AXIS2_PLACEMENT_3D('',#183790,#183800,#183810);
#183830=PLANE('',#183820);
#183840=ORIENTED_EDGE('',*,*,#182780,.F.);
#183850=ORIENTED_EDGE('',*,*,#183210,.T.);
#183860=ORIENTED_EDGE('',*,*,#183710,.F.);
#183870=ORIENTED_EDGE('',*,*,#182290,.F.);
#183880=EDGE_LOOP('',(#183870,#183860,#183850,#183840));
#183890=FACE_OUTER_BOUND('',#183880,.T.);
#183900=ADVANCED_FACE('',(#183890),#183830,.T.);
#183910=CARTESIAN_POINT('',(2.96101731916345,2.8223480408227,-4.945));
#183920=DIRECTION('',(0.,0.,1.));
#183930=DIRECTION('',(-1.,-1.22460635382238E-16,0.));
#183940=AXIS2_PLACEMENT_3D('',#183910,#183920,#183930);
#183950=PLANE('',#183940);
#183960=CARTESIAN_POINT('',(-0.598843446820725,-1.2350001674835,-4.945))
;
#183970=DIRECTION('',(0.,0.,1.));
#183980=DIRECTION('',(-3.33066907387548E-15,-1.,0.));
#183990=AXIS2_PLACEMENT_3D('',#183960,#183970,#183980);
#184000=CIRCLE('',#183990,0.0999999999999996);
#184010=CARTESIAN_POINT('',(-0.598843446820725,-1.3350001674835,-4.945))
;
#184020=VERTEX_POINT('',#184010);
#184030=EDGE_CURVE('',#184020,#118160,#184000,.T.);
#184040=ORIENTED_EDGE('',*,*,#184030,.T.);
#184050=CARTESIAN_POINT('',(-0.610000834848424,-1.3350001674835,-4.945))
;
#184060=DIRECTION('',(1.,0.,0.));
#184070=VECTOR('',#184060,1.);
#184080=LINE('',#184050,#184070);
#184090=CARTESIAN_POINT('',(-0.609935709448222,-1.33500004133279,-4.945)
);
#184100=VERTEX_POINT('',#184090);
#184110=EDGE_CURVE('',#184100,#184020,#184080,.T.);
#184120=ORIENTED_EDGE('',*,*,#184110,.T.);
#184130=CARTESIAN_POINT('',(-0.609999999999996,-1.38500000000002,-4.945)
);
#184140=DIRECTION('',(0.,0.,-1.));
#184150=DIRECTION('',(-1.,-3.10862446895047E-14,0.));
#184160=AXIS2_PLACEMENT_3D('',#184130,#184140,#184150);
#184170=CIRCLE('',#184160,0.0499999999999995);
#184180=CARTESIAN_POINT('',(-0.659999999999996,-1.38500000000002,-4.945)
);
#184190=VERTEX_POINT('',#184180);
#184200=EDGE_CURVE('',#184190,#184100,#184170,.T.);
#184210=ORIENTED_EDGE('',*,*,#184200,.T.);
#184220=CARTESIAN_POINT('',(-0.619999999999998,-1.38500000000002,-4.945)
);
#184230=DIRECTION('',(0.,0.,-1.));
#184240=DIRECTION('',(-0.623672857039807,-0.781685465767277,0.));
#184250=AXIS2_PLACEMENT_3D('',#184220,#184230,#184240);
#184260=CIRCLE('',#184250,0.0399999999999978);
#184270=CARTESIAN_POINT('',(-0.644946914281601,-1.4162674186307,-4.945))
;
#184280=VERTEX_POINT('',#184270);
#184290=EDGE_CURVE('',#184280,#184190,#184260,.T.);
#184300=ORIENTED_EDGE('',*,*,#184290,.T.);
#184310=CARTESIAN_POINT('',(-0.554999999999984,-1.50000000000002,-4.945)
);
#184320=DIRECTION('',(-0.731939010275264,0.681370152881139,0.));
#184330=VECTOR('',#184320,1.);
#184340=LINE('',#184310,#184330);
#184350=CARTESIAN_POINT('',(-0.554999999999987,-1.50000000000002,-4.945)
);
#184360=VERTEX_POINT('',#184350);
#184370=EDGE_CURVE('',#184360,#184280,#184340,.T.);
#184380=ORIENTED_EDGE('',*,*,#184370,.T.);
#184390=CARTESIAN_POINT('',(-0.55499999999999,-1.50000000000002,-4.945))
;
#184400=DIRECTION('',(1.,0.,0.));
#184410=VECTOR('',#184400,1.);
#184420=LINE('',#184390,#184410);
#184430=EDGE_CURVE('',#184360,#118000,#184420,.T.);
#184440=ORIENTED_EDGE('',*,*,#184430,.F.);
#184450=ORIENTED_EDGE('',*,*,#118230,.F.);
#184460=EDGE_LOOP('',(#184450,#184440,#184380,#184300,#184210,#184120,
#184040));
#184470=FACE_OUTER_BOUND('',#184460,.T.);
#184480=ADVANCED_FACE('',(#184470),#183950,.F.);
#184490=CARTESIAN_POINT('',(-0.598843446820725,-1.2350001674835,-4.945))
;
#184500=DIRECTION('',(0.,0.,1.));
#184510=DIRECTION('',(-1.,-1.22460635382238E-16,0.));
#184520=AXIS2_PLACEMENT_3D('',#184490,#184500,#184510);
#184530=CYLINDRICAL_SURFACE('',#184520,0.0999999999999996);
#184540=CARTESIAN_POINT('',(-0.598843446820725,-1.2350001674835,-4.825))
;
#184550=DIRECTION('',(0.,0.,-1.));
#184560=DIRECTION('',(0.538434468207259,-0.842667386010854,0.));
#184570=AXIS2_PLACEMENT_3D('',#184540,#184550,#184560);
#184580=CIRCLE('',#184570,0.0999999999999996);
#184590=CARTESIAN_POINT('',(-0.598843446820725,-1.3350001674835,-4.825))
;
#184600=VERTEX_POINT('',#184590);
#184610=EDGE_CURVE('',#118080,#184600,#184580,.T.);
#184620=ORIENTED_EDGE('',*,*,#184610,.F.);
#184630=CARTESIAN_POINT('',(-0.598843446820725,-1.3350001674835,-4.945))
;
#184640=DIRECTION('',(0.,0.,1.));
#184650=VECTOR('',#184640,1.);
#184660=LINE('',#184630,#184650);
#184670=EDGE_CURVE('',#184020,#184600,#184660,.T.);
#184680=ORIENTED_EDGE('',*,*,#184670,.T.);
#184690=ORIENTED_EDGE('',*,*,#184030,.F.);
#184700=ORIENTED_EDGE('',*,*,#118170,.T.);
#184710=EDGE_LOOP('',(#184700,#184690,#184680,#184620));
#184720=FACE_OUTER_BOUND('',#184710,.T.);
#184730=ADVANCED_FACE('',(#184720),#184530,.F.);
#184740=CARTESIAN_POINT('',(2.96101731916345,2.8223480408227,-4.825));
#184750=DIRECTION('',(0.,0.,1.));
#184760=DIRECTION('',(-1.,-1.22460635382238E-16,0.));
#184770=AXIS2_PLACEMENT_3D('',#184740,#184750,#184760);
#184780=PLANE('',#184770);
#184790=CARTESIAN_POINT('',(-0.554999999999984,-1.50000000000002,-4.825)
);
#184800=DIRECTION('',(1.,0.,0.));
#184810=VECTOR('',#184800,1.);
#184820=LINE('',#184790,#184810);
#184830=CARTESIAN_POINT('',(-0.554999999999988,-1.50000000000002,-4.825)
);
#184840=VERTEX_POINT('',#184830);
#184850=EDGE_CURVE('',#184840,#117980,#184820,.T.);
#184860=ORIENTED_EDGE('',*,*,#184850,.T.);
#184870=CARTESIAN_POINT('',(-0.644946914281602,-1.4162674186307,-4.825))
;
#184880=DIRECTION('',(0.731939010275264,-0.681370152881139,0.));
#184890=VECTOR('',#184880,1.);
#184900=LINE('',#184870,#184890);
#184910=CARTESIAN_POINT('',(-0.644946914281606,-1.4162674186307,-4.825))
;
#184920=VERTEX_POINT('',#184910);
#184930=EDGE_CURVE('',#184920,#184840,#184900,.T.);
#184940=ORIENTED_EDGE('',*,*,#184930,.T.);
#184950=CARTESIAN_POINT('',(-0.619999999999998,-1.38500000000002,-4.825)
);
#184960=DIRECTION('',(0.,0.,1.));
#184970=DIRECTION('',(-1.,-3.88578058618826E-14,0.));
#184980=AXIS2_PLACEMENT_3D('',#184950,#184960,#184970);
#184990=CIRCLE('',#184980,0.0399999999999978);
#185000=CARTESIAN_POINT('',(-0.659999999999996,-1.38500000000002,-4.825)
);
#185010=VERTEX_POINT('',#185000);
#185020=EDGE_CURVE('',#185010,#184920,#184990,.T.);
#185030=ORIENTED_EDGE('',*,*,#185020,.T.);
#185040=CARTESIAN_POINT('',(-0.609999999999996,-1.38500000000002,-4.825)
);
#185050=DIRECTION('',(0.,0.,1.));
#185060=DIRECTION('',(-3.33921496342707E-5,0.999999999442482,0.));
#185070=AXIS2_PLACEMENT_3D('',#185040,#185050,#185060);
#185080=CIRCLE('',#185070,0.0499999999999995);
#185090=CARTESIAN_POINT('',(-0.609936127151471,-1.3350001674835,-4.825))
;
#185100=VERTEX_POINT('',#185090);
#185110=EDGE_CURVE('',#185100,#185010,#185080,.T.);
#185120=ORIENTED_EDGE('',*,*,#185110,.T.);
#185130=CARTESIAN_POINT('',(-0.609870584701056,-1.3350001674835,-4.825))
;
#185140=DIRECTION('',(1.,0.,0.));
#185150=VECTOR('',#185140,1.);
#185160=LINE('',#185130,#185150);
#185170=EDGE_CURVE('',#185100,#184600,#185160,.T.);
#185180=ORIENTED_EDGE('',*,*,#185170,.F.);
#185190=ORIENTED_EDGE('',*,*,#184610,.T.);
#185200=ORIENTED_EDGE('',*,*,#118090,.T.);
#185210=EDGE_LOOP('',(#185200,#185190,#185180,#185120,#185030,#184940,
#184860));
#185220=FACE_OUTER_BOUND('',#185210,.T.);
#185230=ADVANCED_FACE('',(#185220),#184780,.T.);
#185240=CARTESIAN_POINT('',(-0.554999999999995,-1.50000000000002,-4.945)
);
#185250=DIRECTION('',(-1.22460635382238E-16,1.,0.));
#185260=DIRECTION('',(-1.,-1.22460635382238E-16,0.));
#185270=AXIS2_PLACEMENT_3D('',#185240,#185250,#185260);
#185280=PLANE('',#185270);
#185290=ORIENTED_EDGE('',*,*,#184430,.T.);
#185300=CARTESIAN_POINT('',(-0.55499999999999,-1.50000000000002,-4.825))
;
#185310=DIRECTION('',(0.,0.,-1.));
#185320=VECTOR('',#185310,1.);
#185330=LINE('',#185300,#185320);
#185340=EDGE_CURVE('',#184840,#184360,#185330,.T.);
#185350=ORIENTED_EDGE('',*,*,#185340,.T.);
#185360=ORIENTED_EDGE('',*,*,#184850,.F.);
#185370=ORIENTED_EDGE('',*,*,#118010,.F.);
#185380=EDGE_LOOP('',(#185370,#185360,#185350,#185290));
#185390=FACE_OUTER_BOUND('',#185380,.T.);
#185400=ADVANCED_FACE('',(#185390),#185280,.F.);
#185410=CARTESIAN_POINT('',(-0.554999999999995,-1.50000000000001,-4.945)
);
#185420=DIRECTION('',(-0.681370152881139,-0.731939010275264,-0.));
#185430=DIRECTION('',(-0.731939010275264,0.681370152881139,0.));
#185440=AXIS2_PLACEMENT_3D('',#185410,#185420,#185430);
#185450=PLANE('',#185440);
#185460=CARTESIAN_POINT('',(-0.64494691428161,-1.41626741863069,-4.945))
;
#185470=DIRECTION('',(0.,0.,1.));
#185480=VECTOR('',#185470,1.);
#185490=LINE('',#185460,#185480);
#185500=EDGE_CURVE('',#184280,#184920,#185490,.T.);
#185510=ORIENTED_EDGE('',*,*,#185500,.F.);
#185520=ORIENTED_EDGE('',*,*,#184930,.F.);
#185530=ORIENTED_EDGE('',*,*,#185340,.F.);
#185540=ORIENTED_EDGE('',*,*,#184370,.F.);
#185550=EDGE_LOOP('',(#185540,#185530,#185520,#185510));
#185560=FACE_OUTER_BOUND('',#185550,.T.);
#185570=ADVANCED_FACE('',(#185560),#185450,.T.);
#185580=CARTESIAN_POINT('',(-0.619999999999998,-1.38500000000002,-4.945)
);
#185590=DIRECTION('',(0.,0.,1.));
#185600=DIRECTION('',(-1.,-1.22460635382238E-16,0.));
#185610=AXIS2_PLACEMENT_3D('',#185580,#185590,#185600);
#185620=CYLINDRICAL_SURFACE('',#185610,0.0399999999999978);
#185630=CARTESIAN_POINT('',(-0.659999999999995,-1.38500000000002,-4.945)
);
#185640=DIRECTION('',(0.,0.,1.));
#185650=VECTOR('',#185640,1.);
#185660=LINE('',#185630,#185650);
#185670=EDGE_CURVE('',#184190,#185010,#185660,.T.);
#185680=ORIENTED_EDGE('',*,*,#185670,.F.);
#185690=ORIENTED_EDGE('',*,*,#185020,.F.);
#185700=ORIENTED_EDGE('',*,*,#185500,.T.);
#185710=ORIENTED_EDGE('',*,*,#184290,.F.);
#185720=EDGE_LOOP('',(#185710,#185700,#185690,#185680));
#185730=FACE_OUTER_BOUND('',#185720,.T.);
#185740=ADVANCED_FACE('',(#185730),#185620,.T.);
#185750=CARTESIAN_POINT('',(-0.609999999999996,-1.38500000000002,-4.945)
);
#185760=DIRECTION('',(0.,0.,1.));
#185770=DIRECTION('',(-1.,-1.22460635382238E-16,0.));
#185780=AXIS2_PLACEMENT_3D('',#185750,#185760,#185770);
#185790=CYLINDRICAL_SURFACE('',#185780,0.0499999999999995);
#185800=CARTESIAN_POINT('',(-0.609870584701056,-1.3350001674835,-4.825))
;
#185810=DIRECTION('',(0.,0.,-1.));
#185820=VECTOR('',#185810,1.);
#185830=LINE('',#185800,#185820);
#185840=EDGE_CURVE('',#185100,#184100,#185830,.T.);
#185850=ORIENTED_EDGE('',*,*,#185840,.T.);
#185860=ORIENTED_EDGE('',*,*,#185110,.F.);
#185870=ORIENTED_EDGE('',*,*,#185670,.T.);
#185880=ORIENTED_EDGE('',*,*,#184200,.F.);
#185890=EDGE_LOOP('',(#185880,#185870,#185860,#185850));
#185900=FACE_OUTER_BOUND('',#185890,.T.);
#185910=ADVANCED_FACE('',(#185900),#185790,.T.);
#185920=CARTESIAN_POINT('',(-0.609870584701056,-1.3350001674835,-4.945))
;
#185930=DIRECTION('',(-1.22460635382238E-16,1.,0.));
#185940=DIRECTION('',(1.,1.22460635382238E-16,0.));
#185950=AXIS2_PLACEMENT_3D('',#185920,#185930,#185940);
#185960=PLANE('',#185950);
#185970=ORIENTED_EDGE('',*,*,#184670,.F.);
#185980=ORIENTED_EDGE('',*,*,#185170,.T.);
#185990=ORIENTED_EDGE('',*,*,#185840,.F.);
#186000=ORIENTED_EDGE('',*,*,#184110,.F.);
#186010=EDGE_LOOP('',(#186000,#185990,#185980,#185970));
#186020=FACE_OUTER_BOUND('',#186010,.T.);
#186030=ADVANCED_FACE('',(#186020),#185960,.T.);
#186040=CARTESIAN_POINT('',(2.96101731916345,2.8223480408227,-5.745));
#186050=DIRECTION('',(0.,0.,1.));
#186060=DIRECTION('',(-1.,-1.22460635382238E-16,0.));
#186070=AXIS2_PLACEMENT_3D('',#186040,#186050,#186060);
#186080=PLANE('',#186070);
#186090=CARTESIAN_POINT('',(-0.598843446820725,-1.2350001674835,-5.745))
;
#186100=DIRECTION('',(0.,0.,1.));
#186110=DIRECTION('',(-3.33066907387548E-15,-1.,0.));
#186120=AXIS2_PLACEMENT_3D('',#186090,#186100,#186110);
#186130=CIRCLE('',#186120,0.0999999999999996);
#186140=CARTESIAN_POINT('',(-0.598843446820725,-1.3350001674835,-5.745))
;
#186150=VERTEX_POINT('',#186140);
#186160=EDGE_CURVE('',#186150,#118500,#186130,.T.);
#186170=ORIENTED_EDGE('',*,*,#186160,.T.);
#186180=CARTESIAN_POINT('',(-0.610000834848424,-1.3350001674835,-5.745))
;
#186190=DIRECTION('',(1.,0.,0.));
#186200=VECTOR('',#186190,1.);
#186210=LINE('',#186180,#186200);
#186220=CARTESIAN_POINT('',(-0.609935709448222,-1.33500004133279,-5.745)
);
#186230=VERTEX_POINT('',#186220);
#186240=EDGE_CURVE('',#186230,#186150,#186210,.T.);
#186250=ORIENTED_EDGE('',*,*,#186240,.T.);
#186260=CARTESIAN_POINT('',(-0.609999999999996,-1.38500000000002,-5.745)
);
#186270=DIRECTION('',(0.,0.,-1.));
#186280=DIRECTION('',(-1.,-3.10862446895047E-14,0.));
#186290=AXIS2_PLACEMENT_3D('',#186260,#186270,#186280);
#186300=CIRCLE('',#186290,0.0499999999999995);
#186310=CARTESIAN_POINT('',(-0.659999999999996,-1.38500000000002,-5.745)
);
#186320=VERTEX_POINT('',#186310);
#186330=EDGE_CURVE('',#186320,#186230,#186300,.T.);
#186340=ORIENTED_EDGE('',*,*,#186330,.T.);
#186350=CARTESIAN_POINT('',(-0.619999999999998,-1.38500000000002,-5.745)
);
#186360=DIRECTION('',(0.,0.,-1.));
#186370=DIRECTION('',(-0.623672857039854,-0.781685465767239,0.));
#186380=AXIS2_PLACEMENT_3D('',#186350,#186360,#186370);
#186390=CIRCLE('',#186380,0.0399999999999978);
#186400=CARTESIAN_POINT('',(-0.644946914281602,-1.4162674186307,-5.745))
;
#186410=VERTEX_POINT('',#186400);
#186420=EDGE_CURVE('',#186410,#186320,#186390,.T.);
#186430=ORIENTED_EDGE('',*,*,#186420,.T.);
#186440=CARTESIAN_POINT('',(-0.554999999999984,-1.50000000000002,-5.745)
);
#186450=DIRECTION('',(-0.731939010275264,0.681370152881139,0.));
#186460=VECTOR('',#186450,1.);
#186470=LINE('',#186440,#186460);
#186480=CARTESIAN_POINT('',(-0.554999999999987,-1.50000000000002,-5.745)
);
#186490=VERTEX_POINT('',#186480);
#186500=EDGE_CURVE('',#186490,#186410,#186470,.T.);
#186510=ORIENTED_EDGE('',*,*,#186500,.T.);
#186520=CARTESIAN_POINT('',(-0.55499999999999,-1.50000000000002,-5.745))
;
#186530=DIRECTION('',(1.,0.,0.));
#186540=VECTOR('',#186530,1.);
#186550=LINE('',#186520,#186540);
#186560=EDGE_CURVE('',#186490,#118340,#186550,.T.);
#186570=ORIENTED_EDGE('',*,*,#186560,.F.);
#186580=ORIENTED_EDGE('',*,*,#118570,.F.);
#186590=EDGE_LOOP('',(#186580,#186570,#186510,#186430,#186340,#186250,
#186170));
#186600=FACE_OUTER_BOUND('',#186590,.T.);
#186610=ADVANCED_FACE('',(#186600),#186080,.F.);
#186620=CARTESIAN_POINT('',(-0.598843446820725,-1.2350001674835,-5.745))
;
#186630=DIRECTION('',(0.,0.,1.));
#186640=DIRECTION('',(-1.,-1.22460635382238E-16,0.));
#186650=AXIS2_PLACEMENT_3D('',#186620,#186630,#186640);
#186660=CYLINDRICAL_SURFACE('',#186650,0.0999999999999996);
#186670=CARTESIAN_POINT('',(-0.598843446820725,-1.2350001674835,-5.625))
;
#186680=DIRECTION('',(0.,0.,-1.));
#186690=DIRECTION('',(0.538434468207259,-0.842667386010854,0.));
#186700=AXIS2_PLACEMENT_3D('',#186670,#186680,#186690);
#186710=CIRCLE('',#186700,0.0999999999999996);
#186720=CARTESIAN_POINT('',(-0.598843446820725,-1.3350001674835,-5.625))
;
#186730=VERTEX_POINT('',#186720);
#186740=EDGE_CURVE('',#118420,#186730,#186710,.T.);
#186750=ORIENTED_EDGE('',*,*,#186740,.F.);
#186760=CARTESIAN_POINT('',(-0.598843446820725,-1.3350001674835,-5.745))
;
#186770=DIRECTION('',(0.,0.,1.));
#186780=VECTOR('',#186770,1.);
#186790=LINE('',#186760,#186780);
#186800=EDGE_CURVE('',#186150,#186730,#186790,.T.);
#186810=ORIENTED_EDGE('',*,*,#186800,.T.);
#186820=ORIENTED_EDGE('',*,*,#186160,.F.);
#186830=ORIENTED_EDGE('',*,*,#118510,.T.);
#186840=EDGE_LOOP('',(#186830,#186820,#186810,#186750));
#186850=FACE_OUTER_BOUND('',#186840,.T.);
#186860=ADVANCED_FACE('',(#186850),#186660,.F.);
#186870=CARTESIAN_POINT('',(2.96101731916345,2.8223480408227,-5.625));
#186880=DIRECTION('',(0.,0.,1.));
#186890=DIRECTION('',(-1.,-1.22460635382238E-16,0.));
#186900=AXIS2_PLACEMENT_3D('',#186870,#186880,#186890);
#186910=PLANE('',#186900);
#186920=CARTESIAN_POINT('',(-0.554999999999984,-1.50000000000002,-5.625)
);
#186930=DIRECTION('',(1.,0.,0.));
#186940=VECTOR('',#186930,1.);
#186950=LINE('',#186920,#186940);
#186960=CARTESIAN_POINT('',(-0.554999999999988,-1.50000000000002,-5.625)
);
#186970=VERTEX_POINT('',#186960);
#186980=EDGE_CURVE('',#186970,#118320,#186950,.T.);
#186990=ORIENTED_EDGE('',*,*,#186980,.T.);
#187000=CARTESIAN_POINT('',(-0.644946914281602,-1.4162674186307,-5.625))
;
#187010=DIRECTION('',(0.731939010275264,-0.681370152881139,0.));
#187020=VECTOR('',#187010,1.);
#187030=LINE('',#187000,#187020);
#187040=CARTESIAN_POINT('',(-0.644946914281606,-1.4162674186307,-5.625))
;
#187050=VERTEX_POINT('',#187040);
#187060=EDGE_CURVE('',#187050,#186970,#187030,.T.);
#187070=ORIENTED_EDGE('',*,*,#187060,.T.);
#187080=CARTESIAN_POINT('',(-0.619999999999998,-1.38500000000002,-5.625)
);
#187090=DIRECTION('',(0.,0.,1.));
#187100=DIRECTION('',(-1.,-3.88578058618826E-14,0.));
#187110=AXIS2_PLACEMENT_3D('',#187080,#187090,#187100);
#187120=CIRCLE('',#187110,0.0399999999999978);
#187130=CARTESIAN_POINT('',(-0.659999999999996,-1.38500000000002,-5.625)
);
#187140=VERTEX_POINT('',#187130);
#187150=EDGE_CURVE('',#187140,#187050,#187120,.T.);
#187160=ORIENTED_EDGE('',*,*,#187150,.T.);
#187170=CARTESIAN_POINT('',(-0.609999999999996,-1.38500000000002,-5.625)
);
#187180=DIRECTION('',(0.,0.,1.));
#187190=DIRECTION('',(-3.33921496342707E-5,0.999999999442482,0.));
#187200=AXIS2_PLACEMENT_3D('',#187170,#187180,#187190);
#187210=CIRCLE('',#187200,0.0499999999999995);
#187220=CARTESIAN_POINT('',(-0.609936127151471,-1.3350001674835,-5.625))
;
#187230=VERTEX_POINT('',#187220);
#187240=EDGE_CURVE('',#187230,#187140,#187210,.T.);
#187250=ORIENTED_EDGE('',*,*,#187240,.T.);
#187260=CARTESIAN_POINT('',(-0.609870584701056,-1.3350001674835,-5.625))
;
#187270=DIRECTION('',(1.,0.,0.));
#187280=VECTOR('',#187270,1.);
#187290=LINE('',#187260,#187280);
#187300=EDGE_CURVE('',#187230,#186730,#187290,.T.);
#187310=ORIENTED_EDGE('',*,*,#187300,.F.);
#187320=ORIENTED_EDGE('',*,*,#186740,.T.);
#187330=ORIENTED_EDGE('',*,*,#118430,.T.);
#187340=EDGE_LOOP('',(#187330,#187320,#187310,#187250,#187160,#187070,
#186990));
#187350=FACE_OUTER_BOUND('',#187340,.T.);
#187360=ADVANCED_FACE('',(#187350),#186910,.T.);
#187370=CARTESIAN_POINT('',(-0.554999999999995,-1.50000000000002,-5.745)
);
#187380=DIRECTION('',(-1.22460635382238E-16,1.,0.));
#187390=DIRECTION('',(-1.,-1.22460635382238E-16,0.));
#187400=AXIS2_PLACEMENT_3D('',#187370,#187380,#187390);
#187410=PLANE('',#187400);
#187420=ORIENTED_EDGE('',*,*,#186560,.T.);
#187430=CARTESIAN_POINT('',(-0.55499999999999,-1.50000000000002,-5.625))
;
#187440=DIRECTION('',(0.,0.,-1.));
#187450=VECTOR('',#187440,1.);
#187460=LINE('',#187430,#187450);
#187470=EDGE_CURVE('',#186970,#186490,#187460,.T.);
#187480=ORIENTED_EDGE('',*,*,#187470,.T.);
#187490=ORIENTED_EDGE('',*,*,#186980,.F.);
#187500=ORIENTED_EDGE('',*,*,#118350,.F.);
#187510=EDGE_LOOP('',(#187500,#187490,#187480,#187420));
#187520=FACE_OUTER_BOUND('',#187510,.T.);
#187530=ADVANCED_FACE('',(#187520),#187410,.F.);
#187540=CARTESIAN_POINT('',(-0.554999999999995,-1.50000000000001,-5.745)
);
#187550=DIRECTION('',(-0.681370152881139,-0.731939010275264,-0.));
#187560=DIRECTION('',(-0.731939010275264,0.681370152881139,0.));
#187570=AXIS2_PLACEMENT_3D('',#187540,#187550,#187560);
#187580=PLANE('',#187570);
#187590=CARTESIAN_POINT('',(-0.64494691428161,-1.41626741863069,-5.745))
;
#187600=DIRECTION('',(0.,0.,1.));
#187610=VECTOR('',#187600,1.);
#187620=LINE('',#187590,#187610);
#187630=EDGE_CURVE('',#186410,#187050,#187620,.T.);
#187640=ORIENTED_EDGE('',*,*,#187630,.F.);
#187650=ORIENTED_EDGE('',*,*,#187060,.F.);
#187660=ORIENTED_EDGE('',*,*,#187470,.F.);
#187670=ORIENTED_EDGE('',*,*,#186500,.F.);
#187680=EDGE_LOOP('',(#187670,#187660,#187650,#187640));
#187690=FACE_OUTER_BOUND('',#187680,.T.);
#187700=ADVANCED_FACE('',(#187690),#187580,.T.);
#187710=CARTESIAN_POINT('',(-0.619999999999998,-1.38500000000002,-5.745)
);
#187720=DIRECTION('',(0.,0.,1.));
#187730=DIRECTION('',(-1.,-1.22460635382238E-16,0.));
#187740=AXIS2_PLACEMENT_3D('',#187710,#187720,#187730);
#187750=CYLINDRICAL_SURFACE('',#187740,0.0399999999999978);
#187760=CARTESIAN_POINT('',(-0.659999999999995,-1.38500000000002,-5.745)
);
#187770=DIRECTION('',(0.,0.,1.));
#187780=VECTOR('',#187770,1.);
#187790=LINE('',#187760,#187780);
#187800=EDGE_CURVE('',#186320,#187140,#187790,.T.);
#187810=ORIENTED_EDGE('',*,*,#187800,.F.);
#187820=ORIENTED_EDGE('',*,*,#187150,.F.);
#187830=ORIENTED_EDGE('',*,*,#187630,.T.);
#187840=ORIENTED_EDGE('',*,*,#186420,.F.);
#187850=EDGE_LOOP('',(#187840,#187830,#187820,#187810));
#187860=FACE_OUTER_BOUND('',#187850,.T.);
#187870=ADVANCED_FACE('',(#187860),#187750,.T.);
#187880=CARTESIAN_POINT('',(-0.609999999999996,-1.38500000000002,-5.745)
);
#187890=DIRECTION('',(0.,0.,1.));
#187900=DIRECTION('',(-1.,-1.22460635382238E-16,0.));
#187910=AXIS2_PLACEMENT_3D('',#187880,#187890,#187900);
#187920=CYLINDRICAL_SURFACE('',#187910,0.0499999999999995);
#187930=CARTESIAN_POINT('',(-0.609870584701056,-1.3350001674835,-5.625))
;
#187940=DIRECTION('',(0.,0.,-1.));
#187950=VECTOR('',#187940,1.);
#187960=LINE('',#187930,#187950);
#187970=EDGE_CURVE('',#187230,#186230,#187960,.T.);
#187980=ORIENTED_EDGE('',*,*,#187970,.T.);
#187990=ORIENTED_EDGE('',*,*,#187240,.F.);
#188000=ORIENTED_EDGE('',*,*,#187800,.T.);
#188010=ORIENTED_EDGE('',*,*,#186330,.F.);
#188020=EDGE_LOOP('',(#188010,#188000,#187990,#187980));
#188030=FACE_OUTER_BOUND('',#188020,.T.);
#188040=ADVANCED_FACE('',(#188030),#187920,.T.);
#188050=CARTESIAN_POINT('',(-0.609870584701056,-1.3350001674835,-5.745))
;
#188060=DIRECTION('',(-1.22460635382238E-16,1.,0.));
#188070=DIRECTION('',(1.,1.22460635382238E-16,0.));
#188080=AXIS2_PLACEMENT_3D('',#188050,#188060,#188070);
#188090=PLANE('',#188080);
#188100=ORIENTED_EDGE('',*,*,#186800,.F.);
#188110=ORIENTED_EDGE('',*,*,#187300,.T.);
#188120=ORIENTED_EDGE('',*,*,#187970,.F.);
#188130=ORIENTED_EDGE('',*,*,#186240,.F.);
#188140=EDGE_LOOP('',(#188130,#188120,#188110,#188100));
#188150=FACE_OUTER_BOUND('',#188140,.T.);
#188160=ADVANCED_FACE('',(#188150),#188090,.T.);
#188170=CARTESIAN_POINT('',(2.96101731916345,2.8223480408227,-4.145));
#188180=DIRECTION('',(0.,0.,1.));
#188190=DIRECTION('',(-1.,-1.22460635382238E-16,0.));
#188200=AXIS2_PLACEMENT_3D('',#188170,#188180,#188190);
#188210=PLANE('',#188200);
#188220=CARTESIAN_POINT('',(-0.598843446820725,-1.2350001674835,-4.145))
;
#188230=DIRECTION('',(0.,0.,1.));
#188240=DIRECTION('',(-3.33066907387548E-15,-1.,0.));
#188250=AXIS2_PLACEMENT_3D('',#188220,#188230,#188240);
#188260=CIRCLE('',#188250,0.0999999999999996);
#188270=CARTESIAN_POINT('',(-0.598843446820725,-1.3350001674835,-4.145))
;
#188280=VERTEX_POINT('',#188270);
#188290=EDGE_CURVE('',#188280,#118840,#188260,.T.);
#188300=ORIENTED_EDGE('',*,*,#188290,.T.);
#188310=CARTESIAN_POINT('',(-0.610000834848424,-1.3350001674835,-4.145))
;
#188320=DIRECTION('',(1.,0.,0.));
#188330=VECTOR('',#188320,1.);
#188340=LINE('',#188310,#188330);
#188350=CARTESIAN_POINT('',(-0.609870584701056,-1.3350001674835,-4.145))
;
#188360=VERTEX_POINT('',#188350);
#188370=EDGE_CURVE('',#188360,#188280,#188340,.T.);
#188380=ORIENTED_EDGE('',*,*,#188370,.T.);
#188390=CARTESIAN_POINT('',(-0.609999999999996,-1.38500000000002,-4.145)
);
#188400=DIRECTION('',(0.,0.,-1.));
#188410=DIRECTION('',(-1.,-3.10862446895047E-14,0.));
#188420=AXIS2_PLACEMENT_3D('',#188390,#188400,#188410);
#188430=CIRCLE('',#188420,0.0499999999999995);
#188440=CARTESIAN_POINT('',(-0.659999999999995,-1.38500000000002,-4.145)
);
#188450=VERTEX_POINT('',#188440);
#188460=EDGE_CURVE('',#188450,#188360,#188430,.T.);
#188470=ORIENTED_EDGE('',*,*,#188460,.T.);
#188480=CARTESIAN_POINT('',(-0.619999999999998,-1.38500000000002,-4.145)
);
#188490=DIRECTION('',(0.,0.,-1.));
#188500=DIRECTION('',(-0.623672857039854,-0.781685465767239,0.));
#188510=AXIS2_PLACEMENT_3D('',#188480,#188490,#188500);
#188520=CIRCLE('',#188510,0.0399999999999978);
#188530=CARTESIAN_POINT('',(-0.644946914281616,-1.41626741863069,-4.145)
);
#188540=VERTEX_POINT('',#188530);
#188550=EDGE_CURVE('',#188540,#188450,#188520,.T.);
#188560=ORIENTED_EDGE('',*,*,#188550,.T.);
#188570=CARTESIAN_POINT('',(-0.554999999999984,-1.50000000000002,-4.145)
);
#188580=DIRECTION('',(-0.731939010275264,0.681370152881139,0.));
#188590=VECTOR('',#188580,1.);
#188600=LINE('',#188570,#188590);
#188610=CARTESIAN_POINT('',(-0.554999999999984,-1.50000000000002,-4.145)
);
#188620=VERTEX_POINT('',#188610);
#188630=EDGE_CURVE('',#188620,#188540,#188600,.T.);
#188640=ORIENTED_EDGE('',*,*,#188630,.T.);
#188650=CARTESIAN_POINT('',(-0.55499999999999,-1.50000000000002,-4.145))
;
#188660=DIRECTION('',(1.,0.,0.));
#188670=VECTOR('',#188660,1.);
#188680=LINE('',#188650,#188670);
#188690=EDGE_CURVE('',#188620,#118680,#188680,.T.);
#188700=ORIENTED_EDGE('',*,*,#188690,.F.);
#188710=ORIENTED_EDGE('',*,*,#118910,.F.);
#188720=EDGE_LOOP('',(#188710,#188700,#188640,#188560,#188470,#188380,
#188300));
#188730=FACE_OUTER_BOUND('',#188720,.T.);
#188740=ADVANCED_FACE('',(#188730),#188210,.F.);
#188750=CARTESIAN_POINT('',(-0.598843446820725,-1.2350001674835,-4.145))
;
#188760=DIRECTION('',(0.,0.,1.));
#188770=DIRECTION('',(-1.,-1.22460635382238E-16,0.));
#188780=AXIS2_PLACEMENT_3D('',#188750,#188760,#188770);
#188790=CYLINDRICAL_SURFACE('',#188780,0.0999999999999996);
#188800=CARTESIAN_POINT('',(-0.598843446820725,-1.2350001674835,-4.025))
;
#188810=DIRECTION('',(0.,0.,-1.));
#188820=DIRECTION('',(0.538434468207259,-0.842667386010854,0.));
#188830=AXIS2_PLACEMENT_3D('',#188800,#188810,#188820);
#188840=CIRCLE('',#188830,0.0999999999999996);
#188850=CARTESIAN_POINT('',(-0.598843446820725,-1.3350001674835,-4.025))
;
#188860=VERTEX_POINT('',#188850);
#188870=EDGE_CURVE('',#118760,#188860,#188840,.T.);
#188880=ORIENTED_EDGE('',*,*,#188870,.F.);
#188890=CARTESIAN_POINT('',(-0.598843446820725,-1.3350001674835,-4.145))
;
#188900=DIRECTION('',(0.,0.,1.));
#188910=VECTOR('',#188900,1.);
#188920=LINE('',#188890,#188910);
#188930=EDGE_CURVE('',#188280,#188860,#188920,.T.);
#188940=ORIENTED_EDGE('',*,*,#188930,.T.);
#188950=ORIENTED_EDGE('',*,*,#188290,.F.);
#188960=ORIENTED_EDGE('',*,*,#118850,.T.);
#188970=EDGE_LOOP('',(#188960,#188950,#188940,#188880));
#188980=FACE_OUTER_BOUND('',#188970,.T.);
#188990=ADVANCED_FACE('',(#188980),#188790,.F.);
#189000=CARTESIAN_POINT('',(2.96101731916345,2.8223480408227,-4.025));
#189010=DIRECTION('',(0.,0.,1.));
#189020=DIRECTION('',(-1.,-1.22460635382238E-16,0.));
#189030=AXIS2_PLACEMENT_3D('',#189000,#189010,#189020);
#189040=PLANE('',#189030);
#189050=CARTESIAN_POINT('',(-0.554999999999984,-1.50000000000002,-4.025)
);
#189060=DIRECTION('',(1.,0.,0.));
#189070=VECTOR('',#189060,1.);
#189080=LINE('',#189050,#189070);
#189090=CARTESIAN_POINT('',(-0.554999999999988,-1.50000000000002,-4.025)
);
#189100=VERTEX_POINT('',#189090);
#189110=EDGE_CURVE('',#189100,#118660,#189080,.T.);
#189120=ORIENTED_EDGE('',*,*,#189110,.T.);
#189130=CARTESIAN_POINT('',(-0.644946914281602,-1.4162674186307,-4.025))
;
#189140=DIRECTION('',(0.731939010275264,-0.681370152881139,0.));
#189150=VECTOR('',#189140,1.);
#189160=LINE('',#189130,#189150);
#189170=CARTESIAN_POINT('',(-0.644946914281606,-1.4162674186307,-4.025))
;
#189180=VERTEX_POINT('',#189170);
#189190=EDGE_CURVE('',#189180,#189100,#189160,.T.);
#189200=ORIENTED_EDGE('',*,*,#189190,.T.);
#189210=CARTESIAN_POINT('',(-0.619999999999998,-1.38500000000002,-4.025)
);
#189220=DIRECTION('',(0.,0.,1.));
#189230=DIRECTION('',(-1.,-3.88578058618826E-14,0.));
#189240=AXIS2_PLACEMENT_3D('',#189210,#189220,#189230);
#189250=CIRCLE('',#189240,0.0399999999999978);
#189260=CARTESIAN_POINT('',(-0.659999999999996,-1.38500000000002,-4.025)
);
#189270=VERTEX_POINT('',#189260);
#189280=EDGE_CURVE('',#189270,#189180,#189250,.T.);
#189290=ORIENTED_EDGE('',*,*,#189280,.T.);
#189300=CARTESIAN_POINT('',(-0.609999999999996,-1.38500000000002,-4.025)
);
#189310=DIRECTION('',(0.,0.,1.));
#189320=DIRECTION('',(-3.33921496342707E-5,0.999999999442482,0.));
#189330=AXIS2_PLACEMENT_3D('',#189300,#189310,#189320);
#189340=CIRCLE('',#189330,0.0499999999999995);
#189350=CARTESIAN_POINT('',(-0.609936127151471,-1.3350001674835,-4.025))
;
#189360=VERTEX_POINT('',#189350);
#189370=EDGE_CURVE('',#189360,#189270,#189340,.T.);
#189380=ORIENTED_EDGE('',*,*,#189370,.T.);
#189390=CARTESIAN_POINT('',(-0.609870584701056,-1.3350001674835,-4.025))
;
#189400=DIRECTION('',(1.,0.,0.));
#189410=VECTOR('',#189400,1.);
#189420=LINE('',#189390,#189410);
#189430=EDGE_CURVE('',#189360,#188860,#189420,.T.);
#189440=ORIENTED_EDGE('',*,*,#189430,.F.);
#189450=ORIENTED_EDGE('',*,*,#188870,.T.);
#189460=ORIENTED_EDGE('',*,*,#118770,.T.);
#189470=EDGE_LOOP('',(#189460,#189450,#189440,#189380,#189290,#189200,
#189120));
#189480=FACE_OUTER_BOUND('',#189470,.T.);
#189490=ADVANCED_FACE('',(#189480),#189040,.T.);
#189500=CARTESIAN_POINT('',(-0.554999999999995,-1.50000000000002,-4.145)
);
#189510=DIRECTION('',(-1.22460635382238E-16,1.,0.));
#189520=DIRECTION('',(-1.,-1.22460635382238E-16,0.));
#189530=AXIS2_PLACEMENT_3D('',#189500,#189510,#189520);
#189540=PLANE('',#189530);
#189550=ORIENTED_EDGE('',*,*,#188690,.T.);
#189560=CARTESIAN_POINT('',(-0.55499999999999,-1.50000000000002,-4.025))
;
#189570=DIRECTION('',(0.,0.,-1.));
#189580=VECTOR('',#189570,1.);
#189590=LINE('',#189560,#189580);
#189600=EDGE_CURVE('',#189100,#188620,#189590,.T.);
#189610=ORIENTED_EDGE('',*,*,#189600,.T.);
#189620=ORIENTED_EDGE('',*,*,#189110,.F.);
#189630=ORIENTED_EDGE('',*,*,#118690,.F.);
#189640=EDGE_LOOP('',(#189630,#189620,#189610,#189550));
#189650=FACE_OUTER_BOUND('',#189640,.T.);
#189660=ADVANCED_FACE('',(#189650),#189540,.F.);
#189670=CARTESIAN_POINT('',(-0.554999999999995,-1.50000000000001,-4.145)
);
#189680=DIRECTION('',(-0.681370152881139,-0.731939010275264,-0.));
#189690=DIRECTION('',(-0.731939010275264,0.681370152881139,0.));
#189700=AXIS2_PLACEMENT_3D('',#189670,#189680,#189690);
#189710=PLANE('',#189700);
#189720=CARTESIAN_POINT('',(-0.64494691428161,-1.41626741863069,-4.145))
;
#189730=DIRECTION('',(0.,0.,1.));
#189740=VECTOR('',#189730,1.);
#189750=LINE('',#189720,#189740);
#189760=EDGE_CURVE('',#188540,#189180,#189750,.T.);
#189770=ORIENTED_EDGE('',*,*,#189760,.F.);
#189780=ORIENTED_EDGE('',*,*,#189190,.F.);
#189790=ORIENTED_EDGE('',*,*,#189600,.F.);
#189800=ORIENTED_EDGE('',*,*,#188630,.F.);
#189810=EDGE_LOOP('',(#189800,#189790,#189780,#189770));
#189820=FACE_OUTER_BOUND('',#189810,.T.);
#189830=ADVANCED_FACE('',(#189820),#189710,.T.);
#189840=CARTESIAN_POINT('',(-0.619999999999998,-1.38500000000002,-4.145)
);
#189850=DIRECTION('',(0.,0.,1.));
#189860=DIRECTION('',(-1.,-1.22460635382238E-16,0.));
#189870=AXIS2_PLACEMENT_3D('',#189840,#189850,#189860);
#189880=CYLINDRICAL_SURFACE('',#189870,0.0399999999999978);
#189890=CARTESIAN_POINT('',(-0.659999999999995,-1.38500000000002,-4.145)
);
#189900=DIRECTION('',(0.,0.,1.));
#189910=VECTOR('',#189900,1.);
#189920=LINE('',#189890,#189910);
#189930=EDGE_CURVE('',#188450,#189270,#189920,.T.);
#189940=ORIENTED_EDGE('',*,*,#189930,.F.);
#189950=ORIENTED_EDGE('',*,*,#189280,.F.);
#189960=ORIENTED_EDGE('',*,*,#189760,.T.);
#189970=ORIENTED_EDGE('',*,*,#188550,.F.);
#189980=EDGE_LOOP('',(#189970,#189960,#189950,#189940));
#189990=FACE_OUTER_BOUND('',#189980,.T.);
#190000=ADVANCED_FACE('',(#189990),#189880,.T.);
#190010=CARTESIAN_POINT('',(-0.609999999999996,-1.38500000000002,-4.145)
);
#190020=DIRECTION('',(0.,0.,1.));
#190030=DIRECTION('',(-1.,-1.22460635382238E-16,0.));
#190040=AXIS2_PLACEMENT_3D('',#190010,#190020,#190030);
#190050=CYLINDRICAL_SURFACE('',#190040,0.0499999999999995);
#190060=CARTESIAN_POINT('',(-0.609870584701056,-1.3350001674835,-4.025))
;
#190070=DIRECTION('',(0.,0.,-1.));
#190080=VECTOR('',#190070,1.);
#190090=LINE('',#190060,#190080);
#190100=EDGE_CURVE('',#189360,#188360,#190090,.T.);
#190110=ORIENTED_EDGE('',*,*,#190100,.T.);
#190120=ORIENTED_EDGE('',*,*,#189370,.F.);
#190130=ORIENTED_EDGE('',*,*,#189930,.T.);
#190140=ORIENTED_EDGE('',*,*,#188460,.F.);
#190150=EDGE_LOOP('',(#190140,#190130,#190120,#190110));
#190160=FACE_OUTER_BOUND('',#190150,.T.);
#190170=ADVANCED_FACE('',(#190160),#190050,.T.);
#190180=CARTESIAN_POINT('',(-0.609870584701056,-1.3350001674835,-4.145))
;
#190190=DIRECTION('',(-1.22460635382238E-16,1.,0.));
#190200=DIRECTION('',(1.,1.22460635382238E-16,0.));
#190210=AXIS2_PLACEMENT_3D('',#190180,#190190,#190200);
#190220=PLANE('',#190210);
#190230=ORIENTED_EDGE('',*,*,#188930,.F.);
#190240=ORIENTED_EDGE('',*,*,#189430,.T.);
#190250=ORIENTED_EDGE('',*,*,#190100,.F.);
#190260=ORIENTED_EDGE('',*,*,#188370,.F.);
#190270=EDGE_LOOP('',(#190260,#190250,#190240,#190230));
#190280=FACE_OUTER_BOUND('',#190270,.T.);
#190290=ADVANCED_FACE('',(#190280),#190220,.T.);
#190300=CARTESIAN_POINT('',(2.96101731916345,2.8223480408227,-3.745));
#190310=DIRECTION('',(0.,0.,1.));
#190320=DIRECTION('',(-1.,-1.22460635382238E-16,0.));
#190330=AXIS2_PLACEMENT_3D('',#190300,#190310,#190320);
#190340=PLANE('',#190330);
#190350=CARTESIAN_POINT('',(-0.598843446820725,-1.2350001674835,-3.745))
;
#190360=DIRECTION('',(0.,0.,1.));
#190370=DIRECTION('',(-9.6589403142389E-14,-1.,0.));
#190380=AXIS2_PLACEMENT_3D('',#190350,#190360,#190370);
#190390=CIRCLE('',#190380,0.0999999999999996);
#190400=CARTESIAN_POINT('',(-0.59884344682073,-1.3350001674835,-3.745));
#190410=VERTEX_POINT('',#190400);
#190420=EDGE_CURVE('',#190410,#119180,#190390,.T.);
#190430=ORIENTED_EDGE('',*,*,#190420,.T.);
#190440=CARTESIAN_POINT('',(-0.610000834848424,-1.3350001674835,-3.745))
;
#190450=DIRECTION('',(1.,0.,0.));
#190460=VECTOR('',#190450,1.);
#190470=LINE('',#190440,#190460);
#190480=CARTESIAN_POINT('',(-0.609935709448222,-1.33500004133279,-3.745)
);
#190490=VERTEX_POINT('',#190480);
#190500=EDGE_CURVE('',#190490,#190410,#190470,.T.);
#190510=ORIENTED_EDGE('',*,*,#190500,.T.);
#190520=CARTESIAN_POINT('',(-0.609999999999996,-1.38500000000002,-3.745)
);
#190530=DIRECTION('',(0.,0.,-1.));
#190540=DIRECTION('',(-1.,-3.10862446895047E-14,0.));
#190550=AXIS2_PLACEMENT_3D('',#190520,#190530,#190540);
#190560=CIRCLE('',#190550,0.0499999999999995);
#190570=CARTESIAN_POINT('',(-0.659999999999996,-1.38500000000002,-3.745)
);
#190580=VERTEX_POINT('',#190570);
#190590=EDGE_CURVE('',#190580,#190490,#190560,.T.);
#190600=ORIENTED_EDGE('',*,*,#190590,.T.);
#190610=CARTESIAN_POINT('',(-0.619999999999998,-1.38500000000002,-3.745)
);
#190620=DIRECTION('',(0.,0.,-1.));
#190630=DIRECTION('',(-0.623672857038918,-0.781685465767986,0.));
#190640=AXIS2_PLACEMENT_3D('',#190610,#190620,#190630);
#190650=CIRCLE('',#190640,0.0399999999999978);
#190660=CARTESIAN_POINT('',(-0.644946914281614,-1.41626741863069,-3.745)
);
#190670=VERTEX_POINT('',#190660);
#190680=EDGE_CURVE('',#190670,#190580,#190650,.T.);
#190690=ORIENTED_EDGE('',*,*,#190680,.T.);
#190700=CARTESIAN_POINT('',(-0.554999999999985,-1.50000000000002,-3.745)
);
#190710=DIRECTION('',(-0.731939010275261,0.681370152881142,0.));
#190720=VECTOR('',#190710,1.);
#190730=LINE('',#190700,#190720);
#190740=CARTESIAN_POINT('',(-0.554999999999988,-1.50000000000002,-3.745)
);
#190750=VERTEX_POINT('',#190740);
#190760=EDGE_CURVE('',#190750,#190670,#190730,.T.);
#190770=ORIENTED_EDGE('',*,*,#190760,.T.);
#190780=CARTESIAN_POINT('',(-0.55499999999999,-1.50000000000002,-3.745))
;
#190790=DIRECTION('',(1.,0.,0.));
#190800=VECTOR('',#190790,1.);
#190810=LINE('',#190780,#190800);
#190820=EDGE_CURVE('',#190750,#119000,#190810,.T.);
#190830=ORIENTED_EDGE('',*,*,#190820,.F.);
#190840=ORIENTED_EDGE('',*,*,#119250,.T.);
#190850=EDGE_LOOP('',(#190840,#190830,#190770,#190690,#190600,#190510,
#190430));
#190860=FACE_OUTER_BOUND('',#190850,.T.);
#190870=ADVANCED_FACE('',(#190860),#190340,.F.);
#190880=CARTESIAN_POINT('',(-0.598843446820725,-1.2350001674835,-3.745))
;
#190890=DIRECTION('',(0.,0.,1.));
#190900=DIRECTION('',(-1.,-1.22460635382238E-16,0.));
#190910=AXIS2_PLACEMENT_3D('',#190880,#190890,#190900);
#190920=CYLINDRICAL_SURFACE('',#190910,0.0999999999999996);
#190930=CARTESIAN_POINT('',(-0.598843446820725,-1.2350001674835,-3.625))
;
#190940=DIRECTION('',(0.,0.,-1.));
#190950=DIRECTION('',(0.538434468207259,-0.842667386010854,0.));
#190960=AXIS2_PLACEMENT_3D('',#190930,#190940,#190950);
#190970=CIRCLE('',#190960,0.0999999999999996);
#190980=CARTESIAN_POINT('',(-0.598843446820727,-1.3350001674835,-3.625))
;
#190990=VERTEX_POINT('',#190980);
#191000=EDGE_CURVE('',#119100,#190990,#190970,.T.);
#191010=ORIENTED_EDGE('',*,*,#191000,.F.);
#191020=CARTESIAN_POINT('',(-0.598843446820725,-1.3350001674835,-3.745))
;
#191030=DIRECTION('',(0.,0.,1.));
#191040=VECTOR('',#191030,1.);
#191050=LINE('',#191020,#191040);
#191060=EDGE_CURVE('',#190410,#190990,#191050,.T.);
#191070=ORIENTED_EDGE('',*,*,#191060,.T.);
#191080=ORIENTED_EDGE('',*,*,#190420,.F.);
#191090=ORIENTED_EDGE('',*,*,#119190,.T.);
#191100=EDGE_LOOP('',(#191090,#191080,#191070,#191010));
#191110=FACE_OUTER_BOUND('',#191100,.T.);
#191120=ADVANCED_FACE('',(#191110),#190920,.F.);
#191130=CARTESIAN_POINT('',(2.96101731916345,2.8223480408227,-3.625));
#191140=DIRECTION('',(0.,0.,1.));
#191150=DIRECTION('',(-1.,-1.22460635382238E-16,0.));
#191160=AXIS2_PLACEMENT_3D('',#191130,#191140,#191150);
#191170=PLANE('',#191160);
#191180=CARTESIAN_POINT('',(-0.554999999999982,-1.50000000000002,-3.625)
);
#191190=DIRECTION('',(1.,0.,0.));
#191200=VECTOR('',#191190,1.);
#191210=LINE('',#191180,#191200);
#191220=CARTESIAN_POINT('',(-0.554999999999987,-1.50000000000002,-3.625)
);
#191230=VERTEX_POINT('',#191220);
#191240=EDGE_CURVE('',#191230,#119020,#191210,.T.);
#191250=ORIENTED_EDGE('',*,*,#191240,.T.);
#191260=CARTESIAN_POINT('',(-0.644946914281666,-1.41626741863064,-3.625)
);
#191270=DIRECTION('',(0.731939010275255,-0.681370152881149,0.));
#191280=VECTOR('',#191270,1.);
#191290=LINE('',#191260,#191280);
#191300=CARTESIAN_POINT('',(-0.644946914281616,-1.41626741863069,-3.625)
);
#191310=VERTEX_POINT('',#191300);
#191320=EDGE_CURVE('',#191310,#191230,#191290,.T.);
#191330=ORIENTED_EDGE('',*,*,#191320,.T.);
#191340=CARTESIAN_POINT('',(-0.619999999999998,-1.38500000000002,-3.625)
);
#191350=DIRECTION('',(0.,0.,1.));
#191360=DIRECTION('',(-1.,-3.88578058618826E-14,0.));
#191370=AXIS2_PLACEMENT_3D('',#191340,#191350,#191360);
#191380=CIRCLE('',#191370,0.0399999999999978);
#191390=CARTESIAN_POINT('',(-0.659999999999996,-1.38500000000002,-3.625)
);
#191400=VERTEX_POINT('',#191390);
#191410=EDGE_CURVE('',#191400,#191310,#191380,.T.);
#191420=ORIENTED_EDGE('',*,*,#191410,.T.);
#191430=CARTESIAN_POINT('',(-0.609999999999996,-1.38500000000002,-3.625)
);
#191440=DIRECTION('',(0.,0.,1.));
#191450=DIRECTION('',(-3.33921497230885E-5,0.999999999442482,0.));
#191460=AXIS2_PLACEMENT_3D('',#191430,#191440,#191450);
#191470=CIRCLE('',#191460,0.0499999999999995);
#191480=CARTESIAN_POINT('',(-0.609936127151473,-1.3350001674835,-3.625))
;
#191490=VERTEX_POINT('',#191480);
#191500=EDGE_CURVE('',#191490,#191400,#191470,.T.);
#191510=ORIENTED_EDGE('',*,*,#191500,.T.);
#191520=CARTESIAN_POINT('',(-0.609870584701056,-1.3350001674835,-3.625))
;
#191530=DIRECTION('',(1.,0.,0.));
#191540=VECTOR('',#191530,1.);
#191550=LINE('',#191520,#191540);
#191560=EDGE_CURVE('',#191490,#190990,#191550,.T.);
#191570=ORIENTED_EDGE('',*,*,#191560,.F.);
#191580=ORIENTED_EDGE('',*,*,#191000,.T.);
#191590=ORIENTED_EDGE('',*,*,#119110,.F.);
#191600=EDGE_LOOP('',(#191590,#191580,#191570,#191510,#191420,#191330,
#191250));
#191610=FACE_OUTER_BOUND('',#191600,.T.);
#191620=ADVANCED_FACE('',(#191610),#191170,.T.);
#191630=CARTESIAN_POINT('',(-0.554999999999995,-1.50000000000002,-3.745)
);
#191640=DIRECTION('',(-1.22460635382238E-16,1.,0.));
#191650=DIRECTION('',(-1.,-1.22460635382238E-16,0.));
#191660=AXIS2_PLACEMENT_3D('',#191630,#191640,#191650);
#191670=PLANE('',#191660);
#191680=ORIENTED_EDGE('',*,*,#190820,.T.);
#191690=CARTESIAN_POINT('',(-0.55499999999999,-1.50000000000002,-3.625))
;
#191700=DIRECTION('',(0.,0.,-1.));
#191710=VECTOR('',#191700,1.);
#191720=LINE('',#191690,#191710);
#191730=EDGE_CURVE('',#191230,#190750,#191720,.T.);
#191740=ORIENTED_EDGE('',*,*,#191730,.T.);
#191750=ORIENTED_EDGE('',*,*,#191240,.F.);
#191760=ORIENTED_EDGE('',*,*,#119030,.T.);
#191770=EDGE_LOOP('',(#191760,#191750,#191740,#191680));
#191780=FACE_OUTER_BOUND('',#191770,.T.);
#191790=ADVANCED_FACE('',(#191780),#191670,.F.);
#191800=CARTESIAN_POINT('',(-0.554999999999995,-1.50000000000001,-3.745)
);
#191810=DIRECTION('',(-0.681370152881139,-0.731939010275264,-0.));
#191820=DIRECTION('',(-0.731939010275264,0.681370152881139,0.));
#191830=AXIS2_PLACEMENT_3D('',#191800,#191810,#191820);
#191840=PLANE('',#191830);
#191850=CARTESIAN_POINT('',(-0.644946914281674,-1.41626741863064,-3.745)
);
#191860=DIRECTION('',(0.,0.,1.));
#191870=VECTOR('',#191860,1.);
#191880=LINE('',#191850,#191870);
#191890=EDGE_CURVE('',#190670,#191310,#191880,.T.);
#191900=ORIENTED_EDGE('',*,*,#191890,.F.);
#191910=ORIENTED_EDGE('',*,*,#191320,.F.);
#191920=ORIENTED_EDGE('',*,*,#191730,.F.);
#191930=ORIENTED_EDGE('',*,*,#190760,.F.);
#191940=EDGE_LOOP('',(#191930,#191920,#191910,#191900));
#191950=FACE_OUTER_BOUND('',#191940,.T.);
#191960=ADVANCED_FACE('',(#191950),#191840,.T.);
#191970=CARTESIAN_POINT('',(-0.619999999999998,-1.38500000000002,-3.745)
);
#191980=DIRECTION('',(0.,0.,1.));
#191990=DIRECTION('',(-1.,-1.22460635382238E-16,0.));
#192000=AXIS2_PLACEMENT_3D('',#191970,#191980,#191990);
#192010=CYLINDRICAL_SURFACE('',#192000,0.0399999999999978);
#192020=CARTESIAN_POINT('',(-0.659999999999995,-1.38500000000002,-3.745)
);
#192030=DIRECTION('',(0.,0.,1.));
#192040=VECTOR('',#192030,1.);
#192050=LINE('',#192020,#192040);
#192060=EDGE_CURVE('',#190580,#191400,#192050,.T.);
#192070=ORIENTED_EDGE('',*,*,#192060,.F.);
#192080=ORIENTED_EDGE('',*,*,#191410,.F.);
#192090=ORIENTED_EDGE('',*,*,#191890,.T.);
#192100=ORIENTED_EDGE('',*,*,#190680,.F.);
#192110=EDGE_LOOP('',(#192100,#192090,#192080,#192070));
#192120=FACE_OUTER_BOUND('',#192110,.T.);
#192130=ADVANCED_FACE('',(#192120),#192010,.T.);
#192140=CARTESIAN_POINT('',(-0.609999999999996,-1.38500000000002,-3.745)
);
#192150=DIRECTION('',(0.,0.,1.));
#192160=DIRECTION('',(-1.,-1.22460635382238E-16,0.));
#192170=AXIS2_PLACEMENT_3D('',#192140,#192150,#192160);
#192180=CYLINDRICAL_SURFACE('',#192170,0.0499999999999995);
#192190=CARTESIAN_POINT('',(-0.609870584701056,-1.3350001674835,-3.625))
;
#192200=DIRECTION('',(0.,0.,-1.));
#192210=VECTOR('',#192200,1.);
#192220=LINE('',#192190,#192210);
#192230=EDGE_CURVE('',#191490,#190490,#192220,.T.);
#192240=ORIENTED_EDGE('',*,*,#192230,.T.);
#192250=ORIENTED_EDGE('',*,*,#191500,.F.);
#192260=ORIENTED_EDGE('',*,*,#192060,.T.);
#192270=ORIENTED_EDGE('',*,*,#190590,.F.);
#192280=EDGE_LOOP('',(#192270,#192260,#192250,#192240));
#192290=FACE_OUTER_BOUND('',#192280,.T.);
#192300=ADVANCED_FACE('',(#192290),#192180,.T.);
#192310=CARTESIAN_POINT('',(-0.609870584701056,-1.3350001674835,-3.745))
;
#192320=DIRECTION('',(-1.22460635382238E-16,1.,0.));
#192330=DIRECTION('',(1.,1.22460635382238E-16,0.));
#192340=AXIS2_PLACEMENT_3D('',#192310,#192320,#192330);
#192350=PLANE('',#192340);
#192360=ORIENTED_EDGE('',*,*,#191060,.F.);
#192370=ORIENTED_EDGE('',*,*,#191560,.T.);
#192380=ORIENTED_EDGE('',*,*,#192230,.F.);
#192390=ORIENTED_EDGE('',*,*,#190500,.F.);
#192400=EDGE_LOOP('',(#192390,#192380,#192370,#192360));
#192410=FACE_OUTER_BOUND('',#192400,.T.);
#192420=ADVANCED_FACE('',(#192410),#192350,.T.);
#192430=CARTESIAN_POINT('',(-0.554999999999995,-1.50000000000002,
-0.944999999999999));
#192440=DIRECTION('',(-1.22460635382238E-16,1.,0.));
#192450=DIRECTION('',(-1.,-1.22460635382238E-16,0.));
#192460=AXIS2_PLACEMENT_3D('',#192430,#192440,#192450);
#192470=PLANE('',#192460);
#192480=CARTESIAN_POINT('',(-0.55499999999999,-1.50000000000002,
-0.944999999999999));
#192490=DIRECTION('',(1.,0.,0.));
#192500=VECTOR('',#192490,1.);
#192510=LINE('',#192480,#192500);
#192520=CARTESIAN_POINT('',(-0.554999999999984,-1.50000000000002,
-0.944999999999999));
#192530=VERTEX_POINT('',#192520);
#192540=EDGE_CURVE('',#192530,#119520,#192510,.T.);
#192550=ORIENTED_EDGE('',*,*,#192540,.T.);
#192560=CARTESIAN_POINT('',(-0.55499999999999,-1.50000000000002,
-0.824999999999999));
#192570=DIRECTION('',(0.,0.,-1.));
#192580=VECTOR('',#192570,1.);
#192590=LINE('',#192560,#192580);
#192600=CARTESIAN_POINT('',(-0.554999999999989,-1.50000000000002,
-0.824999999999999));
#192610=VERTEX_POINT('',#192600);
#192620=EDGE_CURVE('',#192610,#192530,#192590,.T.);
#192630=ORIENTED_EDGE('',*,*,#192620,.T.);
#192640=CARTESIAN_POINT('',(-0.554999999999989,-1.50000000000002,
-0.824999999999999));
#192650=DIRECTION('',(1.,0.,0.));
#192660=VECTOR('',#192650,1.);
#192670=LINE('',#192640,#192660);
#192680=EDGE_CURVE('',#192610,#119340,#192670,.T.);
#192690=ORIENTED_EDGE('',*,*,#192680,.F.);
#192700=ORIENTED_EDGE('',*,*,#119590,.F.);
#192710=EDGE_LOOP('',(#192700,#192690,#192630,#192550));
#192720=FACE_OUTER_BOUND('',#192710,.T.);
#192730=ADVANCED_FACE('',(#192720),#192470,.F.);
#192740=CARTESIAN_POINT('',(2.96101731916345,2.8223480408227,
-0.944999999999999));
#192750=DIRECTION('',(0.,0.,1.));
#192760=DIRECTION('',(-1.,-1.22460635382238E-16,0.));
#192770=AXIS2_PLACEMENT_3D('',#192740,#192750,#192760);
#192780=PLANE('',#192770);
#192790=CARTESIAN_POINT('',(-0.598843446820725,-1.2350001674835,
-0.944999999999999));
#192800=DIRECTION('',(0.,0.,1.));
#192810=DIRECTION('',(-3.33066907387548E-15,-1.,0.));
#192820=AXIS2_PLACEMENT_3D('',#192790,#192800,#192810);
#192830=CIRCLE('',#192820,0.0999999999999996);
#192840=CARTESIAN_POINT('',(-0.598843446820725,-1.3350001674835,
-0.944999999999999));
#192850=VERTEX_POINT('',#192840);
#192860=EDGE_CURVE('',#192850,#119440,#192830,.T.);
#192870=ORIENTED_EDGE('',*,*,#192860,.T.);
#192880=CARTESIAN_POINT('',(-0.610000834848422,-1.3350001674835,
-0.944999999999999));
#192890=DIRECTION('',(1.,0.,0.));
#192900=VECTOR('',#192890,1.);
#192910=LINE('',#192880,#192900);
#192920=CARTESIAN_POINT('',(-0.609935709448221,-1.33500004133279,
-0.944999999999999));
#192930=VERTEX_POINT('',#192920);
#192940=EDGE_CURVE('',#192930,#192850,#192910,.T.);
#192950=ORIENTED_EDGE('',*,*,#192940,.T.);
#192960=CARTESIAN_POINT('',(-0.609999999999996,-1.38500000000002,
-0.944999999999999));
#192970=DIRECTION('',(0.,0.,-1.));
#192980=DIRECTION('',(-1.,3.9968028886506E-14,0.));
#192990=AXIS2_PLACEMENT_3D('',#192960,#192970,#192980);
#193000=CIRCLE('',#192990,0.0499999999999995);
#193010=CARTESIAN_POINT('',(-0.659999999999995,-1.38500000000002,
-0.944999999999999));
#193020=VERTEX_POINT('',#193010);
#193030=EDGE_CURVE('',#193020,#192930,#193000,.T.);
#193040=ORIENTED_EDGE('',*,*,#193030,.T.);
#193050=CARTESIAN_POINT('',(-0.619999999999997,-1.38500000000002,
-0.944999999999999));
#193060=DIRECTION('',(0.,0.,-1.));
#193070=DIRECTION('',(-0.623672857039472,-0.781685465767545,0.));
#193080=AXIS2_PLACEMENT_3D('',#193050,#193060,#193070);
#193090=CIRCLE('',#193080,0.0399999999999978);
#193100=CARTESIAN_POINT('',(-0.644946914281594,-1.41626741863071,
-0.944999999999999));
#193110=VERTEX_POINT('',#193100);
#193120=EDGE_CURVE('',#193110,#193020,#193090,.T.);
#193130=ORIENTED_EDGE('',*,*,#193120,.T.);
#193140=CARTESIAN_POINT('',(-0.554999999999984,-1.50000000000002,
-0.944999999999999));
#193150=DIRECTION('',(-0.731939010275259,0.681370152881144,0.));
#193160=VECTOR('',#193150,1.);
#193170=LINE('',#193140,#193160);
#193180=EDGE_CURVE('',#192530,#193110,#193170,.T.);
#193190=ORIENTED_EDGE('',*,*,#193180,.T.);
#193200=ORIENTED_EDGE('',*,*,#192540,.F.);
#193210=ORIENTED_EDGE('',*,*,#119530,.F.);
#193220=EDGE_LOOP('',(#193210,#193200,#193190,#193130,#193040,#192950,
#192870));
#193230=FACE_OUTER_BOUND('',#193220,.T.);
#193240=ADVANCED_FACE('',(#193230),#192780,.F.);
#193250=CARTESIAN_POINT('',(-0.598843446820725,-1.2350001674835,
-0.944999999999999));
#193260=DIRECTION('',(0.,0.,1.));
#193270=DIRECTION('',(-1.,-1.22460635382238E-16,0.));
#193280=AXIS2_PLACEMENT_3D('',#193250,#193260,#193270);
#193290=CYLINDRICAL_SURFACE('',#193280,0.0999999999999996);
#193300=CARTESIAN_POINT('',(-0.598843446820725,-1.2350001674835,
-0.824999999999999));
#193310=DIRECTION('',(0.,0.,-1.));
#193320=DIRECTION('',(0.538434468207259,-0.842667386010854,0.));
#193330=AXIS2_PLACEMENT_3D('',#193300,#193310,#193320);
#193340=CIRCLE('',#193330,0.0999999999999996);
#193350=CARTESIAN_POINT('',(-0.598843446820725,-1.3350001674835,
-0.824999999999999));
#193360=VERTEX_POINT('',#193350);
#193370=EDGE_CURVE('',#119360,#193360,#193340,.T.);
#193380=ORIENTED_EDGE('',*,*,#193370,.F.);
#193390=CARTESIAN_POINT('',(-0.598843446820725,-1.3350001674835,
-0.944999999999999));
#193400=DIRECTION('',(0.,0.,1.));
#193410=VECTOR('',#193400,1.);
#193420=LINE('',#193390,#193410);
#193430=EDGE_CURVE('',#192850,#193360,#193420,.T.);
#193440=ORIENTED_EDGE('',*,*,#193430,.T.);
#193450=ORIENTED_EDGE('',*,*,#192860,.F.);
#193460=ORIENTED_EDGE('',*,*,#119450,.T.);
#193470=EDGE_LOOP('',(#193460,#193450,#193440,#193380));
#193480=FACE_OUTER_BOUND('',#193470,.T.);
#193490=ADVANCED_FACE('',(#193480),#193290,.F.);
#193500=CARTESIAN_POINT('',(2.96101731916345,2.8223480408227,
-0.824999999999999));
#193510=DIRECTION('',(0.,0.,1.));
#193520=DIRECTION('',(-1.,-1.22460635382238E-16,0.));
#193530=AXIS2_PLACEMENT_3D('',#193500,#193510,#193520);
#193540=PLANE('',#193530);
#193550=ORIENTED_EDGE('',*,*,#192680,.T.);
#193560=CARTESIAN_POINT('',(-0.644946914281556,-1.41626741863075,
-0.824999999999999));
#193570=DIRECTION('',(0.731939010275261,-0.681370152881143,0.));
#193580=VECTOR('',#193570,1.);
#193590=LINE('',#193560,#193580);
#193600=CARTESIAN_POINT('',(-0.644946914281579,-1.41626741863072,
-0.824999999999999));
#193610=VERTEX_POINT('',#193600);
#193620=EDGE_CURVE('',#193610,#192610,#193590,.T.);
#193630=ORIENTED_EDGE('',*,*,#193620,.T.);
#193640=CARTESIAN_POINT('',(-0.619999999999997,-1.38500000000002,
-0.824999999999999));
#193650=DIRECTION('',(0.,0.,1.));
#193660=DIRECTION('',(-1.,4.99600361081348E-14,0.));
#193670=AXIS2_PLACEMENT_3D('',#193640,#193650,#193660);
#193680=CIRCLE('',#193670,0.0399999999999978);
#193690=CARTESIAN_POINT('',(-0.659999999999996,-1.38500000000002,
-0.824999999999999));
#193700=VERTEX_POINT('',#193690);
#193710=EDGE_CURVE('',#193700,#193610,#193680,.T.);
#193720=ORIENTED_EDGE('',*,*,#193710,.T.);
#193730=CARTESIAN_POINT('',(-0.609999999999996,-1.38500000000002,
-0.824999999999999));
#193740=DIRECTION('',(0.,0.,1.));
#193750=DIRECTION('',(-3.33921496342707E-5,0.999999999442482,0.));
#193760=AXIS2_PLACEMENT_3D('',#193730,#193740,#193750);
#193770=CIRCLE('',#193760,0.0499999999999995);
#193780=CARTESIAN_POINT('',(-0.609936127151471,-1.3350001674835,
-0.824999999999999));
#193790=VERTEX_POINT('',#193780);
#193800=EDGE_CURVE('',#193790,#193700,#193770,.T.);
#193810=ORIENTED_EDGE('',*,*,#193800,.T.);
#193820=CARTESIAN_POINT('',(-0.609870584701056,-1.3350001674835,
-0.824999999999999));
#193830=DIRECTION('',(1.,0.,0.));
#193840=VECTOR('',#193830,1.);
#193850=LINE('',#193820,#193840);
#193860=EDGE_CURVE('',#193790,#193360,#193850,.T.);
#193870=ORIENTED_EDGE('',*,*,#193860,.F.);
#193880=ORIENTED_EDGE('',*,*,#193370,.T.);
#193890=ORIENTED_EDGE('',*,*,#119370,.T.);
#193900=EDGE_LOOP('',(#193890,#193880,#193870,#193810,#193720,#193630,
#193550));
#193910=FACE_OUTER_BOUND('',#193900,.T.);
#193920=ADVANCED_FACE('',(#193910),#193540,.T.);
#193930=CARTESIAN_POINT('',(-0.554999999999995,-1.50000000000001,
-0.944999999999999));
#193940=DIRECTION('',(-0.681370152881139,-0.731939010275264,-0.));
#193950=DIRECTION('',(-0.731939010275264,0.681370152881139,0.));
#193960=AXIS2_PLACEMENT_3D('',#193930,#193940,#193950);
#193970=PLANE('',#193960);
#193980=CARTESIAN_POINT('',(-0.644946914281609,-1.41626741863069,
-0.944999999999999));
#193990=DIRECTION('',(0.,0.,1.));
#194000=VECTOR('',#193990,1.);
#194010=LINE('',#193980,#194000);
#194020=EDGE_CURVE('',#193110,#193610,#194010,.T.);
#194030=ORIENTED_EDGE('',*,*,#194020,.F.);
#194040=ORIENTED_EDGE('',*,*,#193620,.F.);
#194050=ORIENTED_EDGE('',*,*,#192620,.F.);
#194060=ORIENTED_EDGE('',*,*,#193180,.F.);
#194070=EDGE_LOOP('',(#194060,#194050,#194040,#194030));
#194080=FACE_OUTER_BOUND('',#194070,.T.);
#194090=ADVANCED_FACE('',(#194080),#193970,.T.);
#194100=CARTESIAN_POINT('',(-0.619999999999997,-1.38500000000002,
-0.944999999999999));
#194110=DIRECTION('',(0.,0.,1.));
#194120=DIRECTION('',(-1.,-1.22460635382238E-16,0.));
#194130=AXIS2_PLACEMENT_3D('',#194100,#194110,#194120);
#194140=CYLINDRICAL_SURFACE('',#194130,0.0399999999999978);
#194150=CARTESIAN_POINT('',(-0.659999999999995,-1.38500000000002,
-0.944999999999999));
#194160=DIRECTION('',(0.,0.,1.));
#194170=VECTOR('',#194160,1.);
#194180=LINE('',#194150,#194170);
#194190=EDGE_CURVE('',#193020,#193700,#194180,.T.);
#194200=ORIENTED_EDGE('',*,*,#194190,.F.);
#194210=ORIENTED_EDGE('',*,*,#193710,.F.);
#194220=ORIENTED_EDGE('',*,*,#194020,.T.);
#194230=ORIENTED_EDGE('',*,*,#193120,.F.);
#194240=EDGE_LOOP('',(#194230,#194220,#194210,#194200));
#194250=FACE_OUTER_BOUND('',#194240,.T.);
#194260=ADVANCED_FACE('',(#194250),#194140,.T.);
#194270=CARTESIAN_POINT('',(-0.609999999999996,-1.38500000000002,
-0.944999999999999));
#194280=DIRECTION('',(0.,0.,1.));
#194290=DIRECTION('',(-1.,-1.22460635382238E-16,0.));
#194300=AXIS2_PLACEMENT_3D('',#194270,#194280,#194290);
#194310=CYLINDRICAL_SURFACE('',#194300,0.0499999999999995);
#194320=CARTESIAN_POINT('',(-0.609870584701056,-1.3350001674835,
-0.824999999999999));
#194330=DIRECTION('',(0.,0.,-1.));
#194340=VECTOR('',#194330,1.);
#194350=LINE('',#194320,#194340);
#194360=EDGE_CURVE('',#193790,#192930,#194350,.T.);
#194370=ORIENTED_EDGE('',*,*,#194360,.T.);
#194380=ORIENTED_EDGE('',*,*,#193800,.F.);
#194390=ORIENTED_EDGE('',*,*,#194190,.T.);
#194400=ORIENTED_EDGE('',*,*,#193030,.F.);
#194410=EDGE_LOOP('',(#194400,#194390,#194380,#194370));
#194420=FACE_OUTER_BOUND('',#194410,.T.);
#194430=ADVANCED_FACE('',(#194420),#194310,.T.);
#194440=CARTESIAN_POINT('',(-0.609870584701056,-1.3350001674835,
-0.944999999999999));
#194450=DIRECTION('',(-1.22460635382238E-16,1.,0.));
#194460=DIRECTION('',(1.,1.22460635382238E-16,0.));
#194470=AXIS2_PLACEMENT_3D('',#194440,#194450,#194460);
#194480=PLANE('',#194470);
#194490=ORIENTED_EDGE('',*,*,#193430,.F.);
#194500=ORIENTED_EDGE('',*,*,#193860,.T.);
#194510=ORIENTED_EDGE('',*,*,#194360,.F.);
#194520=ORIENTED_EDGE('',*,*,#192940,.F.);
#194530=EDGE_LOOP('',(#194520,#194510,#194500,#194490));
#194540=FACE_OUTER_BOUND('',#194530,.T.);
#194550=ADVANCED_FACE('',(#194540),#194480,.T.);
#194560=CARTESIAN_POINT('',(2.96101731916345,2.8223480408227,
-0.144999999999999));
#194570=DIRECTION('',(0.,0.,1.));
#194580=DIRECTION('',(-1.,-1.22460635382238E-16,0.));
#194590=AXIS2_PLACEMENT_3D('',#194560,#194570,#194580);
#194600=PLANE('',#194590);
#194610=CARTESIAN_POINT('',(-0.598843446820725,-1.2350001674835,
-0.144999999999999));
#194620=DIRECTION('',(0.,0.,1.));
#194630=DIRECTION('',(-3.33066907387548E-15,-1.,0.));
#194640=AXIS2_PLACEMENT_3D('',#194610,#194620,#194630);
#194650=CIRCLE('',#194640,0.0999999999999996);
#194660=CARTESIAN_POINT('',(-0.598843446820725,-1.3350001674835,
-0.144999999999999));
#194670=VERTEX_POINT('',#194660);
#194680=EDGE_CURVE('',#194670,#119860,#194650,.T.);
#194690=ORIENTED_EDGE('',*,*,#194680,.T.);
#194700=CARTESIAN_POINT('',(-0.610000834848422,-1.3350001674835,
-0.144999999999999));
#194710=DIRECTION('',(1.,0.,0.));
#194720=VECTOR('',#194710,1.);
#194730=LINE('',#194700,#194720);
#194740=CARTESIAN_POINT('',(-0.609935709448221,-1.33500004133279,
-0.144999999999999));
#194750=VERTEX_POINT('',#194740);
#194760=EDGE_CURVE('',#194750,#194670,#194730,.T.);
#194770=ORIENTED_EDGE('',*,*,#194760,.T.);
#194780=CARTESIAN_POINT('',(-0.609999999999996,-1.38500000000002,
-0.144999999999999));
#194790=DIRECTION('',(0.,0.,-1.));
#194800=DIRECTION('',(-1.,3.9968028886506E-14,0.));
#194810=AXIS2_PLACEMENT_3D('',#194780,#194790,#194800);
#194820=CIRCLE('',#194810,0.0499999999999995);
#194830=CARTESIAN_POINT('',(-0.659999999999995,-1.38500000000002,
-0.144999999999999));
#194840=VERTEX_POINT('',#194830);
#194850=EDGE_CURVE('',#194840,#194750,#194820,.T.);
#194860=ORIENTED_EDGE('',*,*,#194850,.T.);
#194870=CARTESIAN_POINT('',(-0.619999999999997,-1.38500000000002,
-0.144999999999999));
#194880=DIRECTION('',(0.,0.,-1.));
#194890=DIRECTION('',(-0.623672857039472,-0.781685465767545,0.));
#194900=AXIS2_PLACEMENT_3D('',#194870,#194880,#194890);
#194910=CIRCLE('',#194900,0.0399999999999978);
#194920=CARTESIAN_POINT('',(-0.644946914281594,-1.41626741863071,
-0.144999999999999));
#194930=VERTEX_POINT('',#194920);
#194940=EDGE_CURVE('',#194930,#194840,#194910,.T.);
#194950=ORIENTED_EDGE('',*,*,#194940,.T.);
#194960=CARTESIAN_POINT('',(-0.554999999999984,-1.50000000000002,
-0.144999999999999));
#194970=DIRECTION('',(-0.731939010275259,0.681370152881144,0.));
#194980=VECTOR('',#194970,1.);
#194990=LINE('',#194960,#194980);
#195000=CARTESIAN_POINT('',(-0.554999999999987,-1.50000000000002,
-0.144999999999999));
#195010=VERTEX_POINT('',#195000);
#195020=EDGE_CURVE('',#195010,#194930,#194990,.T.);
#195030=ORIENTED_EDGE('',*,*,#195020,.T.);
#195040=CARTESIAN_POINT('',(-0.55499999999999,-1.50000000000002,
-0.144999999999999));
#195050=DIRECTION('',(1.,0.,0.));
#195060=VECTOR('',#195050,1.);
#195070=LINE('',#195040,#195060);
#195080=EDGE_CURVE('',#195010,#119700,#195070,.T.);
#195090=ORIENTED_EDGE('',*,*,#195080,.F.);
#195100=ORIENTED_EDGE('',*,*,#119930,.F.);
#195110=EDGE_LOOP('',(#195100,#195090,#195030,#194950,#194860,#194770,
#194690));
#195120=FACE_OUTER_BOUND('',#195110,.T.);
#195130=ADVANCED_FACE('',(#195120),#194600,.F.);
#195140=CARTESIAN_POINT('',(-0.598843446820725,-1.2350001674835,
-0.144999999999999));
#195150=DIRECTION('',(0.,0.,1.));
#195160=DIRECTION('',(-1.,-1.22460635382238E-16,0.));
#195170=AXIS2_PLACEMENT_3D('',#195140,#195150,#195160);
#195180=CYLINDRICAL_SURFACE('',#195170,0.0999999999999996);
#195190=CARTESIAN_POINT('',(-0.598843446820725,-1.2350001674835,
-0.0249999999999991));
#195200=DIRECTION('',(0.,0.,-1.));
#195210=DIRECTION('',(0.538434468207259,-0.842667386010854,0.));
#195220=AXIS2_PLACEMENT_3D('',#195190,#195200,#195210);
#195230=CIRCLE('',#195220,0.0999999999999996);
#195240=CARTESIAN_POINT('',(-0.598843446820725,-1.3350001674835,
-0.0249999999999991));
#195250=VERTEX_POINT('',#195240);
#195260=EDGE_CURVE('',#119780,#195250,#195230,.T.);
#195270=ORIENTED_EDGE('',*,*,#195260,.F.);
#195280=CARTESIAN_POINT('',(-0.598843446820725,-1.3350001674835,
-0.144999999999999));
#195290=DIRECTION('',(0.,0.,1.));
#195300=VECTOR('',#195290,1.);
#195310=LINE('',#195280,#195300);
#195320=EDGE_CURVE('',#194670,#195250,#195310,.T.);
#195330=ORIENTED_EDGE('',*,*,#195320,.T.);
#195340=ORIENTED_EDGE('',*,*,#194680,.F.);
#195350=ORIENTED_EDGE('',*,*,#119870,.T.);
#195360=EDGE_LOOP('',(#195350,#195340,#195330,#195270));
#195370=FACE_OUTER_BOUND('',#195360,.T.);
#195380=ADVANCED_FACE('',(#195370),#195180,.F.);
#195390=CARTESIAN_POINT('',(2.96101731916345,2.8223480408227,
-0.0249999999999991));
#195400=DIRECTION('',(0.,0.,1.));
#195410=DIRECTION('',(-1.,-1.22460635382238E-16,0.));
#195420=AXIS2_PLACEMENT_3D('',#195390,#195400,#195410);
#195430=PLANE('',#195420);
#195440=CARTESIAN_POINT('',(-0.554999999999989,-1.50000000000002,
-0.0249999999999991));
#195450=DIRECTION('',(1.,0.,0.));
#195460=VECTOR('',#195450,1.);
#195470=LINE('',#195440,#195460);
#195480=CARTESIAN_POINT('',(-0.55499999999999,-1.50000000000002,
-0.0249999999999991));
#195490=VERTEX_POINT('',#195480);
#195500=EDGE_CURVE('',#195490,#119680,#195470,.T.);
#195510=ORIENTED_EDGE('',*,*,#195500,.T.);
#195520=CARTESIAN_POINT('',(-0.644946914281556,-1.41626741863075,
-0.0249999999999991));
#195530=DIRECTION('',(0.731939010275261,-0.681370152881143,0.));
#195540=VECTOR('',#195530,1.);
#195550=LINE('',#195520,#195540);
#195560=CARTESIAN_POINT('',(-0.644946914281579,-1.41626741863072,
-0.0249999999999991));
#195570=VERTEX_POINT('',#195560);
#195580=EDGE_CURVE('',#195570,#195490,#195550,.T.);
#195590=ORIENTED_EDGE('',*,*,#195580,.T.);
#195600=CARTESIAN_POINT('',(-0.619999999999997,-1.38500000000002,
-0.0249999999999991));
#195610=DIRECTION('',(0.,0.,1.));
#195620=DIRECTION('',(-1.,4.99600361081348E-14,0.));
#195630=AXIS2_PLACEMENT_3D('',#195600,#195610,#195620);
#195640=CIRCLE('',#195630,0.0399999999999978);
#195650=CARTESIAN_POINT('',(-0.659999999999996,-1.38500000000002,
-0.0249999999999991));
#195660=VERTEX_POINT('',#195650);
#195670=EDGE_CURVE('',#195660,#195570,#195640,.T.);
#195680=ORIENTED_EDGE('',*,*,#195670,.T.);
#195690=CARTESIAN_POINT('',(-0.609999999999996,-1.38500000000002,
-0.0249999999999991));
#195700=DIRECTION('',(0.,0.,1.));
#195710=DIRECTION('',(-3.33921496342707E-5,0.999999999442482,0.));
#195720=AXIS2_PLACEMENT_3D('',#195690,#195700,#195710);
#195730=CIRCLE('',#195720,0.0499999999999995);
#195740=CARTESIAN_POINT('',(-0.609936127151471,-1.3350001674835,
-0.0249999999999991));
#195750=VERTEX_POINT('',#195740);
#195760=EDGE_CURVE('',#195750,#195660,#195730,.T.);
#195770=ORIENTED_EDGE('',*,*,#195760,.T.);
#195780=CARTESIAN_POINT('',(-0.609870584701056,-1.3350001674835,
-0.0249999999999991));
#195790=DIRECTION('',(1.,0.,0.));
#195800=VECTOR('',#195790,1.);
#195810=LINE('',#195780,#195800);
#195820=EDGE_CURVE('',#195750,#195250,#195810,.T.);
#195830=ORIENTED_EDGE('',*,*,#195820,.F.);
#195840=ORIENTED_EDGE('',*,*,#195260,.T.);
#195850=ORIENTED_EDGE('',*,*,#119790,.T.);
#195860=EDGE_LOOP('',(#195850,#195840,#195830,#195770,#195680,#195590,
#195510));
#195870=FACE_OUTER_BOUND('',#195860,.T.);
#195880=ADVANCED_FACE('',(#195870),#195430,.T.);
#195890=CARTESIAN_POINT('',(-0.554999999999995,-1.50000000000002,
-0.144999999999999));
#195900=DIRECTION('',(-1.22460635382238E-16,1.,0.));
#195910=DIRECTION('',(-1.,-1.22460635382238E-16,0.));
#195920=AXIS2_PLACEMENT_3D('',#195890,#195900,#195910);
#195930=PLANE('',#195920);
#195940=ORIENTED_EDGE('',*,*,#195080,.T.);
#195950=CARTESIAN_POINT('',(-0.55499999999999,-1.50000000000002,
-0.024999999999999));
#195960=DIRECTION('',(0.,0.,-1.));
#195970=VECTOR('',#195960,1.);
#195980=LINE('',#195950,#195970);
#195990=EDGE_CURVE('',#195490,#195010,#195980,.T.);
#196000=ORIENTED_EDGE('',*,*,#195990,.T.);
#196010=ORIENTED_EDGE('',*,*,#195500,.F.);
#196020=ORIENTED_EDGE('',*,*,#119710,.F.);
#196030=EDGE_LOOP('',(#196020,#196010,#196000,#195940));
#196040=FACE_OUTER_BOUND('',#196030,.T.);
#196050=ADVANCED_FACE('',(#196040),#195930,.F.);
#196060=CARTESIAN_POINT('',(-0.554999999999995,-1.50000000000001,
-0.144999999999999));
#196070=DIRECTION('',(-0.681370152881139,-0.731939010275264,-0.));
#196080=DIRECTION('',(-0.731939010275264,0.681370152881139,0.));
#196090=AXIS2_PLACEMENT_3D('',#196060,#196070,#196080);
#196100=PLANE('',#196090);
#196110=CARTESIAN_POINT('',(-0.644946914281609,-1.41626741863069,
-0.144999999999999));
#196120=DIRECTION('',(0.,0.,1.));
#196130=VECTOR('',#196120,1.);
#196140=LINE('',#196110,#196130);
#196150=EDGE_CURVE('',#194930,#195570,#196140,.T.);
#196160=ORIENTED_EDGE('',*,*,#196150,.F.);
#196170=ORIENTED_EDGE('',*,*,#195580,.F.);
#196180=ORIENTED_EDGE('',*,*,#195990,.F.);
#196190=ORIENTED_EDGE('',*,*,#195020,.F.);
#196200=EDGE_LOOP('',(#196190,#196180,#196170,#196160));
#196210=FACE_OUTER_BOUND('',#196200,.T.);
#196220=ADVANCED_FACE('',(#196210),#196100,.T.);
#196230=CARTESIAN_POINT('',(-0.619999999999997,-1.38500000000002,
-0.144999999999999));
#196240=DIRECTION('',(0.,0.,1.));
#196250=DIRECTION('',(-1.,-1.22460635382238E-16,0.));
#196260=AXIS2_PLACEMENT_3D('',#196230,#196240,#196250);
#196270=CYLINDRICAL_SURFACE('',#196260,0.0399999999999978);
#196280=CARTESIAN_POINT('',(-0.659999999999995,-1.38500000000002,
-0.144999999999999));
#196290=DIRECTION('',(0.,0.,1.));
#196300=VECTOR('',#196290,1.);
#196310=LINE('',#196280,#196300);
#196320=EDGE_CURVE('',#194840,#195660,#196310,.T.);
#196330=ORIENTED_EDGE('',*,*,#196320,.F.);
#196340=ORIENTED_EDGE('',*,*,#195670,.F.);
#196350=ORIENTED_EDGE('',*,*,#196150,.T.);
#196360=ORIENTED_EDGE('',*,*,#194940,.F.);
#196370=EDGE_LOOP('',(#196360,#196350,#196340,#196330));
#196380=FACE_OUTER_BOUND('',#196370,.T.);
#196390=ADVANCED_FACE('',(#196380),#196270,.T.);
#196400=CARTESIAN_POINT('',(-0.609999999999996,-1.38500000000002,
-0.144999999999999));
#196410=DIRECTION('',(0.,0.,1.));
#196420=DIRECTION('',(-1.,-1.22460635382238E-16,0.));
#196430=AXIS2_PLACEMENT_3D('',#196400,#196410,#196420);
#196440=CYLINDRICAL_SURFACE('',#196430,0.0499999999999995);
#196450=CARTESIAN_POINT('',(-0.609870584701056,-1.3350001674835,
-0.0249999999999991));
#196460=DIRECTION('',(0.,0.,-1.));
#196470=VECTOR('',#196460,1.);
#196480=LINE('',#196450,#196470);
#196490=EDGE_CURVE('',#195750,#194750,#196480,.T.);
#196500=ORIENTED_EDGE('',*,*,#196490,.T.);
#196510=ORIENTED_EDGE('',*,*,#195760,.F.);
#196520=ORIENTED_EDGE('',*,*,#196320,.T.);
#196530=ORIENTED_EDGE('',*,*,#194850,.F.);
#196540=EDGE_LOOP('',(#196530,#196520,#196510,#196500));
#196550=FACE_OUTER_BOUND('',#196540,.T.);
#196560=ADVANCED_FACE('',(#196550),#196440,.T.);
#196570=CARTESIAN_POINT('',(-0.609870584701056,-1.3350001674835,
-0.144999999999999));
#196580=DIRECTION('',(-1.22460635382238E-16,1.,0.));
#196590=DIRECTION('',(1.,1.22460635382238E-16,0.));
#196600=AXIS2_PLACEMENT_3D('',#196570,#196580,#196590);
#196610=PLANE('',#196600);
#196620=ORIENTED_EDGE('',*,*,#195320,.F.);
#196630=ORIENTED_EDGE('',*,*,#195820,.T.);
#196640=ORIENTED_EDGE('',*,*,#196490,.F.);
#196650=ORIENTED_EDGE('',*,*,#194760,.F.);
#196660=EDGE_LOOP('',(#196650,#196640,#196630,#196620));
#196670=FACE_OUTER_BOUND('',#196660,.T.);
#196680=ADVANCED_FACE('',(#196670),#196610,.T.);
#196690=CARTESIAN_POINT('',(-0.554999999999995,-1.50000000000002,
-0.544999999999999));
#196700=DIRECTION('',(-1.22460635382238E-16,1.,0.));
#196710=DIRECTION('',(-1.,-1.22460635382238E-16,0.));
#196720=AXIS2_PLACEMENT_3D('',#196690,#196700,#196710);
#196730=PLANE('',#196720);
#196740=CARTESIAN_POINT('',(-0.55499999999999,-1.50000000000002,
-0.544999999999999));
#196750=DIRECTION('',(1.,0.,0.));
#196760=VECTOR('',#196750,1.);
#196770=LINE('',#196740,#196760);
#196780=CARTESIAN_POINT('',(-0.554999999999984,-1.50000000000002,
-0.544999999999999));
#196790=VERTEX_POINT('',#196780);
#196800=EDGE_CURVE('',#196790,#120200,#196770,.T.);
#196810=ORIENTED_EDGE('',*,*,#196800,.T.);
#196820=CARTESIAN_POINT('',(-0.55499999999999,-1.50000000000002,
-0.424999999999999));
#196830=DIRECTION('',(0.,0.,-1.));
#196840=VECTOR('',#196830,1.);
#196850=LINE('',#196820,#196840);
#196860=CARTESIAN_POINT('',(-0.554999999999989,-1.50000000000002,
-0.424999999999999));
#196870=VERTEX_POINT('',#196860);
#196880=EDGE_CURVE('',#196870,#196790,#196850,.T.);
#196890=ORIENTED_EDGE('',*,*,#196880,.T.);
#196900=CARTESIAN_POINT('',(-0.554999999999989,-1.50000000000002,
-0.424999999999999));
#196910=DIRECTION('',(1.,0.,0.));
#196920=VECTOR('',#196910,1.);
#196930=LINE('',#196900,#196920);
#196940=EDGE_CURVE('',#196870,#120020,#196930,.T.);
#196950=ORIENTED_EDGE('',*,*,#196940,.F.);
#196960=ORIENTED_EDGE('',*,*,#120270,.F.);
#196970=EDGE_LOOP('',(#196960,#196950,#196890,#196810));
#196980=FACE_OUTER_BOUND('',#196970,.T.);
#196990=ADVANCED_FACE('',(#196980),#196730,.F.);
#197000=CARTESIAN_POINT('',(2.96101731916345,2.8223480408227,
-0.544999999999999));
#197010=DIRECTION('',(0.,0.,1.));
#197020=DIRECTION('',(-1.,-1.22460635382238E-16,0.));
#197030=AXIS2_PLACEMENT_3D('',#197000,#197010,#197020);
#197040=PLANE('',#197030);
#197050=CARTESIAN_POINT('',(-0.598843446820725,-1.2350001674835,
-0.544999999999999));
#197060=DIRECTION('',(0.,0.,1.));
#197070=DIRECTION('',(-3.33066907387548E-15,-1.,0.));
#197080=AXIS2_PLACEMENT_3D('',#197050,#197060,#197070);
#197090=CIRCLE('',#197080,0.0999999999999996);
#197100=CARTESIAN_POINT('',(-0.598843446820725,-1.3350001674835,
-0.544999999999999));
#197110=VERTEX_POINT('',#197100);
#197120=EDGE_CURVE('',#197110,#120120,#197090,.T.);
#197130=ORIENTED_EDGE('',*,*,#197120,.T.);
#197140=CARTESIAN_POINT('',(-0.610000834848422,-1.3350001674835,
-0.544999999999999));
#197150=DIRECTION('',(1.,0.,0.));
#197160=VECTOR('',#197150,1.);
#197170=LINE('',#197140,#197160);
#197180=CARTESIAN_POINT('',(-0.609935709448221,-1.33500004133279,
-0.544999999999999));
#197190=VERTEX_POINT('',#197180);
#197200=EDGE_CURVE('',#197190,#197110,#197170,.T.);
#197210=ORIENTED_EDGE('',*,*,#197200,.T.);
#197220=CARTESIAN_POINT('',(-0.609999999999996,-1.38500000000002,
-0.544999999999999));
#197230=DIRECTION('',(0.,0.,-1.));
#197240=DIRECTION('',(-1.,3.9968028886506E-14,0.));
#197250=AXIS2_PLACEMENT_3D('',#197220,#197230,#197240);
#197260=CIRCLE('',#197250,0.0499999999999995);
#197270=CARTESIAN_POINT('',(-0.659999999999995,-1.38500000000002,
-0.544999999999999));
#197280=VERTEX_POINT('',#197270);
#197290=EDGE_CURVE('',#197280,#197190,#197260,.T.);
#197300=ORIENTED_EDGE('',*,*,#197290,.T.);
#197310=CARTESIAN_POINT('',(-0.619999999999997,-1.38500000000002,
-0.544999999999999));
#197320=DIRECTION('',(0.,0.,-1.));
#197330=DIRECTION('',(-0.623672857039472,-0.781685465767545,0.));
#197340=AXIS2_PLACEMENT_3D('',#197310,#197320,#197330);
#197350=CIRCLE('',#197340,0.0399999999999978);
#197360=CARTESIAN_POINT('',(-0.644946914281594,-1.41626741863071,
-0.544999999999999));
#197370=VERTEX_POINT('',#197360);
#197380=EDGE_CURVE('',#197370,#197280,#197350,.T.);
#197390=ORIENTED_EDGE('',*,*,#197380,.T.);
#197400=CARTESIAN_POINT('',(-0.554999999999984,-1.50000000000002,
-0.544999999999999));
#197410=DIRECTION('',(-0.731939010275259,0.681370152881144,0.));
#197420=VECTOR('',#197410,1.);
#197430=LINE('',#197400,#197420);
#197440=EDGE_CURVE('',#196790,#197370,#197430,.T.);
#197450=ORIENTED_EDGE('',*,*,#197440,.T.);
#197460=ORIENTED_EDGE('',*,*,#196800,.F.);
#197470=ORIENTED_EDGE('',*,*,#120210,.F.);
#197480=EDGE_LOOP('',(#197470,#197460,#197450,#197390,#197300,#197210,
#197130));
#197490=FACE_OUTER_BOUND('',#197480,.T.);
#197500=ADVANCED_FACE('',(#197490),#197040,.F.);
#197510=CARTESIAN_POINT('',(-0.598843446820725,-1.2350001674835,
-0.544999999999999));
#197520=DIRECTION('',(0.,0.,1.));
#197530=DIRECTION('',(-1.,-1.22460635382238E-16,0.));
#197540=AXIS2_PLACEMENT_3D('',#197510,#197520,#197530);
#197550=CYLINDRICAL_SURFACE('',#197540,0.0999999999999996);
#197560=CARTESIAN_POINT('',(-0.598843446820725,-1.2350001674835,
-0.424999999999999));
#197570=DIRECTION('',(0.,0.,-1.));
#197580=DIRECTION('',(0.538434468207259,-0.842667386010854,0.));
#197590=AXIS2_PLACEMENT_3D('',#197560,#197570,#197580);
#197600=CIRCLE('',#197590,0.0999999999999996);
#197610=CARTESIAN_POINT('',(-0.598843446820725,-1.3350001674835,
-0.424999999999999));
#197620=VERTEX_POINT('',#197610);
#197630=EDGE_CURVE('',#120040,#197620,#197600,.T.);
#197640=ORIENTED_EDGE('',*,*,#197630,.F.);
#197650=CARTESIAN_POINT('',(-0.598843446820725,-1.3350001674835,
-0.544999999999999));
#197660=DIRECTION('',(0.,0.,1.));
#197670=VECTOR('',#197660,1.);
#197680=LINE('',#197650,#197670);
#197690=EDGE_CURVE('',#197110,#197620,#197680,.T.);
#197700=ORIENTED_EDGE('',*,*,#197690,.T.);
#197710=ORIENTED_EDGE('',*,*,#197120,.F.);
#197720=ORIENTED_EDGE('',*,*,#120130,.T.);
#197730=EDGE_LOOP('',(#197720,#197710,#197700,#197640));
#197740=FACE_OUTER_BOUND('',#197730,.T.);
#197750=ADVANCED_FACE('',(#197740),#197550,.F.);
#197760=CARTESIAN_POINT('',(2.96101731916345,2.8223480408227,
-0.424999999999999));
#197770=DIRECTION('',(0.,0.,1.));
#197780=DIRECTION('',(-1.,-1.22460635382238E-16,0.));
#197790=AXIS2_PLACEMENT_3D('',#197760,#197770,#197780);
#197800=PLANE('',#197790);
#197810=ORIENTED_EDGE('',*,*,#196940,.T.);
#197820=CARTESIAN_POINT('',(-0.644946914281556,-1.41626741863075,
-0.424999999999999));
#197830=DIRECTION('',(0.731939010275261,-0.681370152881143,0.));
#197840=VECTOR('',#197830,1.);
#197850=LINE('',#197820,#197840);
#197860=CARTESIAN_POINT('',(-0.644946914281579,-1.41626741863072,
-0.424999999999999));
#197870=VERTEX_POINT('',#197860);
#197880=EDGE_CURVE('',#197870,#196870,#197850,.T.);
#197890=ORIENTED_EDGE('',*,*,#197880,.T.);
#197900=CARTESIAN_POINT('',(-0.619999999999997,-1.38500000000002,
-0.424999999999999));
#197910=DIRECTION('',(0.,0.,1.));
#197920=DIRECTION('',(-1.,4.99600361081348E-14,0.));
#197930=AXIS2_PLACEMENT_3D('',#197900,#197910,#197920);
#197940=CIRCLE('',#197930,0.0399999999999978);
#197950=CARTESIAN_POINT('',(-0.659999999999996,-1.38500000000002,
-0.424999999999999));
#197960=VERTEX_POINT('',#197950);
#197970=EDGE_CURVE('',#197960,#197870,#197940,.T.);
#197980=ORIENTED_EDGE('',*,*,#197970,.T.);
#197990=CARTESIAN_POINT('',(-0.609999999999996,-1.38500000000002,
-0.424999999999999));
#198000=DIRECTION('',(0.,0.,1.));
#198010=DIRECTION('',(-3.33921496342707E-5,0.999999999442482,0.));
#198020=AXIS2_PLACEMENT_3D('',#197990,#198000,#198010);
#198030=CIRCLE('',#198020,0.0499999999999995);
#198040=CARTESIAN_POINT('',(-0.609936127151471,-1.3350001674835,
-0.424999999999999));
#198050=VERTEX_POINT('',#198040);
#198060=EDGE_CURVE('',#198050,#197960,#198030,.T.);
#198070=ORIENTED_EDGE('',*,*,#198060,.T.);
#198080=CARTESIAN_POINT('',(-0.609870584701056,-1.3350001674835,
-0.424999999999999));
#198090=DIRECTION('',(1.,0.,0.));
#198100=VECTOR('',#198090,1.);
#198110=LINE('',#198080,#198100);
#198120=EDGE_CURVE('',#198050,#197620,#198110,.T.);
#198130=ORIENTED_EDGE('',*,*,#198120,.F.);
#198140=ORIENTED_EDGE('',*,*,#197630,.T.);
#198150=ORIENTED_EDGE('',*,*,#120050,.T.);
#198160=EDGE_LOOP('',(#198150,#198140,#198130,#198070,#197980,#197890,
#197810));
#198170=FACE_OUTER_BOUND('',#198160,.T.);
#198180=ADVANCED_FACE('',(#198170),#197800,.T.);
#198190=CARTESIAN_POINT('',(-0.554999999999995,-1.50000000000001,
-0.544999999999999));
#198200=DIRECTION('',(-0.681370152881139,-0.731939010275264,-0.));
#198210=DIRECTION('',(-0.731939010275264,0.681370152881139,0.));
#198220=AXIS2_PLACEMENT_3D('',#198190,#198200,#198210);
#198230=PLANE('',#198220);
#198240=CARTESIAN_POINT('',(-0.644946914281609,-1.41626741863069,
-0.544999999999999));
#198250=DIRECTION('',(0.,0.,1.));
#198260=VECTOR('',#198250,1.);
#198270=LINE('',#198240,#198260);
#198280=EDGE_CURVE('',#197370,#197870,#198270,.T.);
#198290=ORIENTED_EDGE('',*,*,#198280,.F.);
#198300=ORIENTED_EDGE('',*,*,#197880,.F.);
#198310=ORIENTED_EDGE('',*,*,#196880,.F.);
#198320=ORIENTED_EDGE('',*,*,#197440,.F.);
#198330=EDGE_LOOP('',(#198320,#198310,#198300,#198290));
#198340=FACE_OUTER_BOUND('',#198330,.T.);
#198350=ADVANCED_FACE('',(#198340),#198230,.T.);
#198360=CARTESIAN_POINT('',(-0.619999999999997,-1.38500000000002,
-0.544999999999999));
#198370=DIRECTION('',(0.,0.,1.));
#198380=DIRECTION('',(-1.,-1.22460635382238E-16,0.));
#198390=AXIS2_PLACEMENT_3D('',#198360,#198370,#198380);
#198400=CYLINDRICAL_SURFACE('',#198390,0.0399999999999978);
#198410=CARTESIAN_POINT('',(-0.659999999999995,-1.38500000000002,
-0.544999999999999));
#198420=DIRECTION('',(0.,0.,1.));
#198430=VECTOR('',#198420,1.);
#198440=LINE('',#198410,#198430);
#198450=EDGE_CURVE('',#197280,#197960,#198440,.T.);
#198460=ORIENTED_EDGE('',*,*,#198450,.F.);
#198470=ORIENTED_EDGE('',*,*,#197970,.F.);
#198480=ORIENTED_EDGE('',*,*,#198280,.T.);
#198490=ORIENTED_EDGE('',*,*,#197380,.F.);
#198500=EDGE_LOOP('',(#198490,#198480,#198470,#198460));
#198510=FACE_OUTER_BOUND('',#198500,.T.);
#198520=ADVANCED_FACE('',(#198510),#198400,.T.);
#198530=CARTESIAN_POINT('',(-0.609999999999996,-1.38500000000002,
-0.544999999999999));
#198540=DIRECTION('',(0.,0.,1.));
#198550=DIRECTION('',(-1.,-1.22460635382238E-16,0.));
#198560=AXIS2_PLACEMENT_3D('',#198530,#198540,#198550);
#198570=CYLINDRICAL_SURFACE('',#198560,0.0499999999999995);
#198580=CARTESIAN_POINT('',(-0.609870584701056,-1.3350001674835,
-0.424999999999999));
#198590=DIRECTION('',(0.,0.,-1.));
#198600=VECTOR('',#198590,1.);
#198610=LINE('',#198580,#198600);
#198620=EDGE_CURVE('',#198050,#197190,#198610,.T.);
#198630=ORIENTED_EDGE('',*,*,#198620,.T.);
#198640=ORIENTED_EDGE('',*,*,#198060,.F.);
#198650=ORIENTED_EDGE('',*,*,#198450,.T.);
#198660=ORIENTED_EDGE('',*,*,#197290,.F.);
#198670=EDGE_LOOP('',(#198660,#198650,#198640,#198630));
#198680=FACE_OUTER_BOUND('',#198670,.T.);
#198690=ADVANCED_FACE('',(#198680),#198570,.T.);
#198700=CARTESIAN_POINT('',(-0.609870584701056,-1.3350001674835,
-0.544999999999999));
#198710=DIRECTION('',(-1.22460635382238E-16,1.,0.));
#198720=DIRECTION('',(1.,1.22460635382238E-16,0.));
#198730=AXIS2_PLACEMENT_3D('',#198700,#198710,#198720);
#198740=PLANE('',#198730);
#198750=ORIENTED_EDGE('',*,*,#197690,.F.);
#198760=ORIENTED_EDGE('',*,*,#198120,.T.);
#198770=ORIENTED_EDGE('',*,*,#198620,.F.);
#198780=ORIENTED_EDGE('',*,*,#197200,.F.);
#198790=EDGE_LOOP('',(#198780,#198770,#198760,#198750));
#198800=FACE_OUTER_BOUND('',#198790,.T.);
#198810=ADVANCED_FACE('',(#198800),#198740,.T.);
#198820=CARTESIAN_POINT('',(2.96101731916345,2.8223480408227,-1.345));
#198830=DIRECTION('',(0.,0.,1.));
#198840=DIRECTION('',(-1.,-1.22460635382238E-16,0.));
#198850=AXIS2_PLACEMENT_3D('',#198820,#198830,#198840);
#198860=PLANE('',#198850);
#198870=CARTESIAN_POINT('',(-0.598843446820725,-1.2350001674835,-1.345))
;
#198880=DIRECTION('',(0.,0.,1.));
#198890=DIRECTION('',(-3.33066907387548E-15,-1.,0.));
#198900=AXIS2_PLACEMENT_3D('',#198870,#198880,#198890);
#198910=CIRCLE('',#198900,0.0999999999999996);
#198920=CARTESIAN_POINT('',(-0.598843446820725,-1.3350001674835,-1.345))
;
#198930=VERTEX_POINT('',#198920);
#198940=EDGE_CURVE('',#198930,#120540,#198910,.T.);
#198950=ORIENTED_EDGE('',*,*,#198940,.T.);
#198960=CARTESIAN_POINT('',(-0.610000834848422,-1.3350001674835,-1.345))
;
#198970=DIRECTION('',(1.,0.,0.));
#198980=VECTOR('',#198970,1.);
#198990=LINE('',#198960,#198980);
#199000=CARTESIAN_POINT('',(-0.609935709448221,-1.33500004133279,-1.345)
);
#199010=VERTEX_POINT('',#199000);
#199020=EDGE_CURVE('',#199010,#198930,#198990,.T.);
#199030=ORIENTED_EDGE('',*,*,#199020,.T.);
#199040=CARTESIAN_POINT('',(-0.609999999999996,-1.38500000000002,-1.345)
);
#199050=DIRECTION('',(0.,0.,-1.));
#199060=DIRECTION('',(-1.,3.9968028886506E-14,0.));
#199070=AXIS2_PLACEMENT_3D('',#199040,#199050,#199060);
#199080=CIRCLE('',#199070,0.0499999999999995);
#199090=CARTESIAN_POINT('',(-0.659999999999995,-1.38500000000002,-1.345)
);
#199100=VERTEX_POINT('',#199090);
#199110=EDGE_CURVE('',#199100,#199010,#199080,.T.);
#199120=ORIENTED_EDGE('',*,*,#199110,.T.);
#199130=CARTESIAN_POINT('',(-0.619999999999997,-1.38500000000002,-1.345)
);
#199140=DIRECTION('',(0.,0.,-1.));
#199150=DIRECTION('',(-0.623672857039478,-0.78168546576754,0.));
#199160=AXIS2_PLACEMENT_3D('',#199130,#199140,#199150);
#199170=CIRCLE('',#199160,0.0399999999999978);
#199180=CARTESIAN_POINT('',(-0.644946914281594,-1.41626741863071,-1.345)
);
#199190=VERTEX_POINT('',#199180);
#199200=EDGE_CURVE('',#199190,#199100,#199170,.T.);
#199210=ORIENTED_EDGE('',*,*,#199200,.T.);
#199220=CARTESIAN_POINT('',(-0.554999999999984,-1.50000000000002,-1.345)
);
#199230=DIRECTION('',(-0.731939010275261,0.681370152881143,0.));
#199240=VECTOR('',#199230,1.);
#199250=LINE('',#199220,#199240);
#199260=CARTESIAN_POINT('',(-0.554999999999987,-1.50000000000002,-1.345)
);
#199270=VERTEX_POINT('',#199260);
#199280=EDGE_CURVE('',#199270,#199190,#199250,.T.);
#199290=ORIENTED_EDGE('',*,*,#199280,.T.);
#199300=CARTESIAN_POINT('',(-0.55499999999999,-1.50000000000002,-1.345))
;
#199310=DIRECTION('',(1.,0.,0.));
#199320=VECTOR('',#199310,1.);
#199330=LINE('',#199300,#199320);
#199340=EDGE_CURVE('',#199270,#120380,#199330,.T.);
#199350=ORIENTED_EDGE('',*,*,#199340,.F.);
#199360=ORIENTED_EDGE('',*,*,#120610,.F.);
#199370=EDGE_LOOP('',(#199360,#199350,#199290,#199210,#199120,#199030,
#198950));
#199380=FACE_OUTER_BOUND('',#199370,.T.);
#199390=ADVANCED_FACE('',(#199380),#198860,.F.);
#199400=CARTESIAN_POINT('',(-0.598843446820725,-1.2350001674835,-1.345))
;
#199410=DIRECTION('',(0.,0.,1.));
#199420=DIRECTION('',(-1.,-1.22460635382238E-16,0.));
#199430=AXIS2_PLACEMENT_3D('',#199400,#199410,#199420);
#199440=CYLINDRICAL_SURFACE('',#199430,0.0999999999999996);
#199450=CARTESIAN_POINT('',(-0.598843446820725,-1.2350001674835,-1.225))
;
#199460=DIRECTION('',(0.,0.,-1.));
#199470=DIRECTION('',(0.538434468207259,-0.842667386010854,0.));
#199480=AXIS2_PLACEMENT_3D('',#199450,#199460,#199470);
#199490=CIRCLE('',#199480,0.0999999999999996);
#199500=CARTESIAN_POINT('',(-0.598843446820725,-1.3350001674835,-1.225))
;
#199510=VERTEX_POINT('',#199500);
#199520=EDGE_CURVE('',#120460,#199510,#199490,.T.);
#199530=ORIENTED_EDGE('',*,*,#199520,.F.);
#199540=CARTESIAN_POINT('',(-0.598843446820725,-1.3350001674835,-1.345))
;
#199550=DIRECTION('',(0.,0.,1.));
#199560=VECTOR('',#199550,1.);
#199570=LINE('',#199540,#199560);
#199580=EDGE_CURVE('',#198930,#199510,#199570,.T.);
#199590=ORIENTED_EDGE('',*,*,#199580,.T.);
#199600=ORIENTED_EDGE('',*,*,#198940,.F.);
#199610=ORIENTED_EDGE('',*,*,#120550,.T.);
#199620=EDGE_LOOP('',(#199610,#199600,#199590,#199530));
#199630=FACE_OUTER_BOUND('',#199620,.T.);
#199640=ADVANCED_FACE('',(#199630),#199440,.F.);
#199650=CARTESIAN_POINT('',(2.96101731916345,2.8223480408227,-1.225));
#199660=DIRECTION('',(0.,0.,1.));
#199670=DIRECTION('',(-1.,-1.22460635382238E-16,0.));
#199680=AXIS2_PLACEMENT_3D('',#199650,#199660,#199670);
#199690=PLANE('',#199680);
#199700=CARTESIAN_POINT('',(-0.554999999999989,-1.50000000000002,-1.225)
);
#199710=DIRECTION('',(1.,0.,0.));
#199720=VECTOR('',#199710,1.);
#199730=LINE('',#199700,#199720);
#199740=CARTESIAN_POINT('',(-0.55499999999999,-1.50000000000002,-1.225))
;
#199750=VERTEX_POINT('',#199740);
#199760=EDGE_CURVE('',#199750,#120360,#199730,.T.);
#199770=ORIENTED_EDGE('',*,*,#199760,.T.);
#199780=CARTESIAN_POINT('',(-0.644946914281556,-1.41626741863075,-1.225)
);
#199790=DIRECTION('',(0.731939010275261,-0.681370152881143,0.));
#199800=VECTOR('',#199790,1.);
#199810=LINE('',#199780,#199800);
#199820=CARTESIAN_POINT('',(-0.644946914281579,-1.41626741863072,-1.225)
);
#199830=VERTEX_POINT('',#199820);
#199840=EDGE_CURVE('',#199830,#199750,#199810,.T.);
#199850=ORIENTED_EDGE('',*,*,#199840,.T.);
#199860=CARTESIAN_POINT('',(-0.619999999999997,-1.38500000000002,-1.225)
);
#199870=DIRECTION('',(0.,0.,1.));
#199880=DIRECTION('',(-1.,4.99600361081348E-14,0.));
#199890=AXIS2_PLACEMENT_3D('',#199860,#199870,#199880);
#199900=CIRCLE('',#199890,0.0399999999999978);
#199910=CARTESIAN_POINT('',(-0.659999999999996,-1.38500000000002,-1.225)
);
#199920=VERTEX_POINT('',#199910);
#199930=EDGE_CURVE('',#199920,#199830,#199900,.T.);
#199940=ORIENTED_EDGE('',*,*,#199930,.T.);
#199950=CARTESIAN_POINT('',(-0.609999999999996,-1.38500000000002,-1.225)
);
#199960=DIRECTION('',(0.,0.,1.));
#199970=DIRECTION('',(-3.33921496342707E-5,0.999999999442482,0.));
#199980=AXIS2_PLACEMENT_3D('',#199950,#199960,#199970);
#199990=CIRCLE('',#199980,0.0499999999999995);
#200000=CARTESIAN_POINT('',(-0.609936127151471,-1.3350001674835,-1.225))
;
#200010=VERTEX_POINT('',#200000);
#200020=EDGE_CURVE('',#200010,#199920,#199990,.T.);
#200030=ORIENTED_EDGE('',*,*,#200020,.T.);
#200040=CARTESIAN_POINT('',(-0.609870584701056,-1.3350001674835,-1.225))
;
#200050=DIRECTION('',(1.,0.,0.));
#200060=VECTOR('',#200050,1.);
#200070=LINE('',#200040,#200060);
#200080=EDGE_CURVE('',#200010,#199510,#200070,.T.);
#200090=ORIENTED_EDGE('',*,*,#200080,.F.);
#200100=ORIENTED_EDGE('',*,*,#199520,.T.);
#200110=ORIENTED_EDGE('',*,*,#120470,.T.);
#200120=EDGE_LOOP('',(#200110,#200100,#200090,#200030,#199940,#199850,
#199770));
#200130=FACE_OUTER_BOUND('',#200120,.T.);
#200140=ADVANCED_FACE('',(#200130),#199690,.T.);
#200150=CARTESIAN_POINT('',(-0.554999999999995,-1.50000000000002,-1.345)
);
#200160=DIRECTION('',(-1.22460635382238E-16,1.,0.));
#200170=DIRECTION('',(-1.,-1.22460635382238E-16,0.));
#200180=AXIS2_PLACEMENT_3D('',#200150,#200160,#200170);
#200190=PLANE('',#200180);
#200200=ORIENTED_EDGE('',*,*,#199340,.T.);
#200210=CARTESIAN_POINT('',(-0.55499999999999,-1.50000000000002,-1.225))
;
#200220=DIRECTION('',(0.,0.,-1.));
#200230=VECTOR('',#200220,1.);
#200240=LINE('',#200210,#200230);
#200250=EDGE_CURVE('',#199750,#199270,#200240,.T.);
#200260=ORIENTED_EDGE('',*,*,#200250,.T.);
#200270=ORIENTED_EDGE('',*,*,#199760,.F.);
#200280=ORIENTED_EDGE('',*,*,#120390,.F.);
#200290=EDGE_LOOP('',(#200280,#200270,#200260,#200200));
#200300=FACE_OUTER_BOUND('',#200290,.T.);
#200310=ADVANCED_FACE('',(#200300),#200190,.F.);
#200320=CARTESIAN_POINT('',(-0.554999999999995,-1.50000000000001,-1.345)
);
#200330=DIRECTION('',(-0.681370152881139,-0.731939010275264,-0.));
#200340=DIRECTION('',(-0.731939010275264,0.681370152881139,0.));
#200350=AXIS2_PLACEMENT_3D('',#200320,#200330,#200340);
#200360=PLANE('',#200350);
#200370=CARTESIAN_POINT('',(-0.644946914281609,-1.41626741863069,-1.345)
);
#200380=DIRECTION('',(0.,0.,1.));
#200390=VECTOR('',#200380,1.);
#200400=LINE('',#200370,#200390);
#200410=EDGE_CURVE('',#199190,#199830,#200400,.T.);
#200420=ORIENTED_EDGE('',*,*,#200410,.F.);
#200430=ORIENTED_EDGE('',*,*,#199840,.F.);
#200440=ORIENTED_EDGE('',*,*,#200250,.F.);
#200450=ORIENTED_EDGE('',*,*,#199280,.F.);
#200460=EDGE_LOOP('',(#200450,#200440,#200430,#200420));
#200470=FACE_OUTER_BOUND('',#200460,.T.);
#200480=ADVANCED_FACE('',(#200470),#200360,.T.);
#200490=CARTESIAN_POINT('',(-0.619999999999997,-1.38500000000002,-1.345)
);
#200500=DIRECTION('',(0.,0.,1.));
#200510=DIRECTION('',(-1.,-1.22460635382238E-16,0.));
#200520=AXIS2_PLACEMENT_3D('',#200490,#200500,#200510);
#200530=CYLINDRICAL_SURFACE('',#200520,0.0399999999999978);
#200540=CARTESIAN_POINT('',(-0.659999999999995,-1.38500000000002,-1.345)
);
#200550=DIRECTION('',(0.,0.,1.));
#200560=VECTOR('',#200550,1.);
#200570=LINE('',#200540,#200560);
#200580=EDGE_CURVE('',#199100,#199920,#200570,.T.);
#200590=ORIENTED_EDGE('',*,*,#200580,.F.);
#200600=ORIENTED_EDGE('',*,*,#199930,.F.);
#200610=ORIENTED_EDGE('',*,*,#200410,.T.);
#200620=ORIENTED_EDGE('',*,*,#199200,.F.);
#200630=EDGE_LOOP('',(#200620,#200610,#200600,#200590));
#200640=FACE_OUTER_BOUND('',#200630,.T.);
#200650=ADVANCED_FACE('',(#200640),#200530,.T.);
#200660=CARTESIAN_POINT('',(-0.609999999999996,-1.38500000000002,-1.345)
);
#200670=DIRECTION('',(0.,0.,1.));
#200680=DIRECTION('',(-1.,-1.22460635382238E-16,0.));
#200690=AXIS2_PLACEMENT_3D('',#200660,#200670,#200680);
#200700=CYLINDRICAL_SURFACE('',#200690,0.0499999999999995);
#200710=CARTESIAN_POINT('',(-0.609870584701056,-1.3350001674835,-1.225))
;
#200720=DIRECTION('',(0.,0.,-1.));
#200730=VECTOR('',#200720,1.);
#200740=LINE('',#200710,#200730);
#200750=EDGE_CURVE('',#200010,#199010,#200740,.T.);
#200760=ORIENTED_EDGE('',*,*,#200750,.T.);
#200770=ORIENTED_EDGE('',*,*,#200020,.F.);
#200780=ORIENTED_EDGE('',*,*,#200580,.T.);
#200790=ORIENTED_EDGE('',*,*,#199110,.F.);
#200800=EDGE_LOOP('',(#200790,#200780,#200770,#200760));
#200810=FACE_OUTER_BOUND('',#200800,.T.);
#200820=ADVANCED_FACE('',(#200810),#200700,.T.);
#200830=CARTESIAN_POINT('',(-0.609870584701056,-1.3350001674835,-1.345))
;
#200840=DIRECTION('',(-1.22460635382238E-16,1.,0.));
#200850=DIRECTION('',(1.,1.22460635382238E-16,0.));
#200860=AXIS2_PLACEMENT_3D('',#200830,#200840,#200850);
#200870=PLANE('',#200860);
#200880=ORIENTED_EDGE('',*,*,#199580,.F.);
#200890=ORIENTED_EDGE('',*,*,#200080,.T.);
#200900=ORIENTED_EDGE('',*,*,#200750,.F.);
#200910=ORIENTED_EDGE('',*,*,#199020,.F.);
#200920=EDGE_LOOP('',(#200910,#200900,#200890,#200880));
#200930=FACE_OUTER_BOUND('',#200920,.T.);
#200940=ADVANCED_FACE('',(#200930),#200870,.T.);
#200950=CARTESIAN_POINT('',(-0.554999999999995,-1.50000000000002,-1.745)
);
#200960=DIRECTION('',(-1.22460635382238E-16,1.,0.));
#200970=DIRECTION('',(-1.,-1.22460635382238E-16,0.));
#200980=AXIS2_PLACEMENT_3D('',#200950,#200960,#200970);
#200990=PLANE('',#200980);
#201000=CARTESIAN_POINT('',(-0.55499999999999,-1.50000000000002,-1.745))
;
#201010=DIRECTION('',(1.,0.,0.));
#201020=VECTOR('',#201010,1.);
#201030=LINE('',#201000,#201020);
#201040=CARTESIAN_POINT('',(-0.554999999999984,-1.50000000000002,-1.745)
);
#201050=VERTEX_POINT('',#201040);
#201060=EDGE_CURVE('',#201050,#120880,#201030,.T.);
#201070=ORIENTED_EDGE('',*,*,#201060,.T.);
#201080=CARTESIAN_POINT('',(-0.55499999999999,-1.50000000000002,-1.625))
;
#201090=DIRECTION('',(0.,0.,-1.));
#201100=VECTOR('',#201090,1.);
#201110=LINE('',#201080,#201100);
#201120=CARTESIAN_POINT('',(-0.554999999999989,-1.50000000000002,-1.625)
);
#201130=VERTEX_POINT('',#201120);
#201140=EDGE_CURVE('',#201130,#201050,#201110,.T.);
#201150=ORIENTED_EDGE('',*,*,#201140,.T.);
#201160=CARTESIAN_POINT('',(-0.554999999999989,-1.50000000000002,-1.625)
);
#201170=DIRECTION('',(1.,0.,0.));
#201180=VECTOR('',#201170,1.);
#201190=LINE('',#201160,#201180);
#201200=EDGE_CURVE('',#201130,#120700,#201190,.T.);
#201210=ORIENTED_EDGE('',*,*,#201200,.F.);
#201220=ORIENTED_EDGE('',*,*,#120950,.F.);
#201230=EDGE_LOOP('',(#201220,#201210,#201150,#201070));
#201240=FACE_OUTER_BOUND('',#201230,.T.);
#201250=ADVANCED_FACE('',(#201240),#200990,.F.);
#201260=CARTESIAN_POINT('',(2.96101731916345,2.8223480408227,-1.745));
#201270=DIRECTION('',(0.,0.,1.));
#201280=DIRECTION('',(-1.,-1.22460635382238E-16,0.));
#201290=AXIS2_PLACEMENT_3D('',#201260,#201270,#201280);
#201300=PLANE('',#201290);
#201310=CARTESIAN_POINT('',(-0.598843446820725,-1.2350001674835,-1.745))
;
#201320=DIRECTION('',(0.,0.,1.));
#201330=DIRECTION('',(-3.33066907387548E-15,-1.,0.));
#201340=AXIS2_PLACEMENT_3D('',#201310,#201320,#201330);
#201350=CIRCLE('',#201340,0.0999999999999996);
#201360=CARTESIAN_POINT('',(-0.598843446820725,-1.3350001674835,-1.745))
;
#201370=VERTEX_POINT('',#201360);
#201380=EDGE_CURVE('',#201370,#120800,#201350,.T.);
#201390=ORIENTED_EDGE('',*,*,#201380,.T.);
#201400=CARTESIAN_POINT('',(-0.610000834848422,-1.3350001674835,-1.745))
;
#201410=DIRECTION('',(1.,0.,0.));
#201420=VECTOR('',#201410,1.);
#201430=LINE('',#201400,#201420);
#201440=CARTESIAN_POINT('',(-0.609935709448221,-1.33500004133279,-1.745)
);
#201450=VERTEX_POINT('',#201440);
#201460=EDGE_CURVE('',#201450,#201370,#201430,.T.);
#201470=ORIENTED_EDGE('',*,*,#201460,.T.);
#201480=CARTESIAN_POINT('',(-0.609999999999996,-1.38500000000002,-1.745)
);
#201490=DIRECTION('',(0.,0.,-1.));
#201500=DIRECTION('',(-1.,3.9968028886506E-14,0.));
#201510=AXIS2_PLACEMENT_3D('',#201480,#201490,#201500);
#201520=CIRCLE('',#201510,0.0499999999999995);
#201530=CARTESIAN_POINT('',(-0.659999999999995,-1.38500000000002,-1.745)
);
#201540=VERTEX_POINT('',#201530);
#201550=EDGE_CURVE('',#201540,#201450,#201520,.T.);
#201560=ORIENTED_EDGE('',*,*,#201550,.T.);
#201570=CARTESIAN_POINT('',(-0.619999999999997,-1.38500000000002,-1.745)
);
#201580=DIRECTION('',(0.,0.,-1.));
#201590=DIRECTION('',(-0.623672857039472,-0.781685465767545,0.));
#201600=AXIS2_PLACEMENT_3D('',#201570,#201580,#201590);
#201610=CIRCLE('',#201600,0.0399999999999978);
#201620=CARTESIAN_POINT('',(-0.644946914281594,-1.41626741863071,-1.745)
);
#201630=VERTEX_POINT('',#201620);
#201640=EDGE_CURVE('',#201630,#201540,#201610,.T.);
#201650=ORIENTED_EDGE('',*,*,#201640,.T.);
#201660=CARTESIAN_POINT('',(-0.554999999999984,-1.50000000000002,-1.745)
);
#201670=DIRECTION('',(-0.731939010275259,0.681370152881144,0.));
#201680=VECTOR('',#201670,1.);
#201690=LINE('',#201660,#201680);
#201700=EDGE_CURVE('',#201050,#201630,#201690,.T.);
#201710=ORIENTED_EDGE('',*,*,#201700,.T.);
#201720=ORIENTED_EDGE('',*,*,#201060,.F.);
#201730=ORIENTED_EDGE('',*,*,#120890,.F.);
#201740=EDGE_LOOP('',(#201730,#201720,#201710,#201650,#201560,#201470,
#201390));
#201750=FACE_OUTER_BOUND('',#201740,.T.);
#201760=ADVANCED_FACE('',(#201750),#201300,.F.);
#201770=CARTESIAN_POINT('',(-0.598843446820725,-1.2350001674835,-1.745))
;
#201780=DIRECTION('',(0.,0.,1.));
#201790=DIRECTION('',(-1.,-1.22460635382238E-16,0.));
#201800=AXIS2_PLACEMENT_3D('',#201770,#201780,#201790);
#201810=CYLINDRICAL_SURFACE('',#201800,0.0999999999999996);
#201820=CARTESIAN_POINT('',(-0.598843446820725,-1.2350001674835,-1.625))
;
#201830=DIRECTION('',(0.,0.,-1.));
#201840=DIRECTION('',(0.538434468207259,-0.842667386010854,0.));
#201850=AXIS2_PLACEMENT_3D('',#201820,#201830,#201840);
#201860=CIRCLE('',#201850,0.0999999999999996);
#201870=CARTESIAN_POINT('',(-0.598843446820725,-1.3350001674835,-1.625))
;
#201880=VERTEX_POINT('',#201870);
#201890=EDGE_CURVE('',#120720,#201880,#201860,.T.);
#201900=ORIENTED_EDGE('',*,*,#201890,.F.);
#201910=CARTESIAN_POINT('',(-0.598843446820725,-1.3350001674835,-1.745))
;
#201920=DIRECTION('',(0.,0.,1.));
#201930=VECTOR('',#201920,1.);
#201940=LINE('',#201910,#201930);
#201950=EDGE_CURVE('',#201370,#201880,#201940,.T.);
#201960=ORIENTED_EDGE('',*,*,#201950,.T.);
#201970=ORIENTED_EDGE('',*,*,#201380,.F.);
#201980=ORIENTED_EDGE('',*,*,#120810,.T.);
#201990=EDGE_LOOP('',(#201980,#201970,#201960,#201900));
#202000=FACE_OUTER_BOUND('',#201990,.T.);
#202010=ADVANCED_FACE('',(#202000),#201810,.F.);
#202020=CARTESIAN_POINT('',(2.96101731916345,2.8223480408227,-1.625));
#202030=DIRECTION('',(0.,0.,1.));
#202040=DIRECTION('',(-1.,-1.22460635382238E-16,0.));
#202050=AXIS2_PLACEMENT_3D('',#202020,#202030,#202040);
#202060=PLANE('',#202050);
#202070=ORIENTED_EDGE('',*,*,#201200,.T.);
#202080=CARTESIAN_POINT('',(-0.644946914281556,-1.41626741863075,-1.625)
);
#202090=DIRECTION('',(0.731939010275261,-0.681370152881143,0.));
#202100=VECTOR('',#202090,1.);
#202110=LINE('',#202080,#202100);
#202120=CARTESIAN_POINT('',(-0.644946914281579,-1.41626741863072,-1.625)
);
#202130=VERTEX_POINT('',#202120);
#202140=EDGE_CURVE('',#202130,#201130,#202110,.T.);
#202150=ORIENTED_EDGE('',*,*,#202140,.T.);
#202160=CARTESIAN_POINT('',(-0.619999999999997,-1.38500000000002,-1.625)
);
#202170=DIRECTION('',(0.,0.,1.));
#202180=DIRECTION('',(-1.,4.99600361081348E-14,0.));
#202190=AXIS2_PLACEMENT_3D('',#202160,#202170,#202180);
#202200=CIRCLE('',#202190,0.0399999999999978);
#202210=CARTESIAN_POINT('',(-0.659999999999996,-1.38500000000002,-1.625)
);
#202220=VERTEX_POINT('',#202210);
#202230=EDGE_CURVE('',#202220,#202130,#202200,.T.);
#202240=ORIENTED_EDGE('',*,*,#202230,.T.);
#202250=CARTESIAN_POINT('',(-0.609999999999996,-1.38500000000002,-1.625)
);
#202260=DIRECTION('',(0.,0.,1.));
#202270=DIRECTION('',(-3.33921496342707E-5,0.999999999442482,0.));
#202280=AXIS2_PLACEMENT_3D('',#202250,#202260,#202270);
#202290=CIRCLE('',#202280,0.0499999999999995);
#202300=CARTESIAN_POINT('',(-0.609936127151471,-1.3350001674835,-1.625))
;
#202310=VERTEX_POINT('',#202300);
#202320=EDGE_CURVE('',#202310,#202220,#202290,.T.);
#202330=ORIENTED_EDGE('',*,*,#202320,.T.);
#202340=CARTESIAN_POINT('',(-0.609870584701056,-1.3350001674835,-1.625))
;
#202350=DIRECTION('',(1.,0.,0.));
#202360=VECTOR('',#202350,1.);
#202370=LINE('',#202340,#202360);
#202380=EDGE_CURVE('',#202310,#201880,#202370,.T.);
#202390=ORIENTED_EDGE('',*,*,#202380,.F.);
#202400=ORIENTED_EDGE('',*,*,#201890,.T.);
#202410=ORIENTED_EDGE('',*,*,#120730,.T.);
#202420=EDGE_LOOP('',(#202410,#202400,#202390,#202330,#202240,#202150,
#202070));
#202430=FACE_OUTER_BOUND('',#202420,.T.);
#202440=ADVANCED_FACE('',(#202430),#202060,.T.);
#202450=CARTESIAN_POINT('',(-0.554999999999995,-1.50000000000001,-1.745)
);
#202460=DIRECTION('',(-0.681370152881139,-0.731939010275264,-0.));
#202470=DIRECTION('',(-0.731939010275264,0.681370152881139,0.));
#202480=AXIS2_PLACEMENT_3D('',#202450,#202460,#202470);
#202490=PLANE('',#202480);
#202500=CARTESIAN_POINT('',(-0.644946914281609,-1.41626741863069,-1.745)
);
#202510=DIRECTION('',(0.,0.,1.));
#202520=VECTOR('',#202510,1.);
#202530=LINE('',#202500,#202520);
#202540=EDGE_CURVE('',#201630,#202130,#202530,.T.);
#202550=ORIENTED_EDGE('',*,*,#202540,.F.);
#202560=ORIENTED_EDGE('',*,*,#202140,.F.);
#202570=ORIENTED_EDGE('',*,*,#201140,.F.);
#202580=ORIENTED_EDGE('',*,*,#201700,.F.);
#202590=EDGE_LOOP('',(#202580,#202570,#202560,#202550));
#202600=FACE_OUTER_BOUND('',#202590,.T.);
#202610=ADVANCED_FACE('',(#202600),#202490,.T.);
#202620=CARTESIAN_POINT('',(-0.619999999999997,-1.38500000000002,-1.745)
);
#202630=DIRECTION('',(0.,0.,1.));
#202640=DIRECTION('',(-1.,-1.22460635382238E-16,0.));
#202650=AXIS2_PLACEMENT_3D('',#202620,#202630,#202640);
#202660=CYLINDRICAL_SURFACE('',#202650,0.0399999999999978);
#202670=CARTESIAN_POINT('',(-0.659999999999995,-1.38500000000002,-1.745)
);
#202680=DIRECTION('',(0.,0.,1.));
#202690=VECTOR('',#202680,1.);
#202700=LINE('',#202670,#202690);
#202710=EDGE_CURVE('',#201540,#202220,#202700,.T.);
#202720=ORIENTED_EDGE('',*,*,#202710,.F.);
#202730=ORIENTED_EDGE('',*,*,#202230,.F.);
#202740=ORIENTED_EDGE('',*,*,#202540,.T.);
#202750=ORIENTED_EDGE('',*,*,#201640,.F.);
#202760=EDGE_LOOP('',(#202750,#202740,#202730,#202720));
#202770=FACE_OUTER_BOUND('',#202760,.T.);
#202780=ADVANCED_FACE('',(#202770),#202660,.T.);
#202790=CARTESIAN_POINT('',(-0.609999999999996,-1.38500000000002,-1.745)
);
#202800=DIRECTION('',(0.,0.,1.));
#202810=DIRECTION('',(-1.,-1.22460635382238E-16,0.));
#202820=AXIS2_PLACEMENT_3D('',#202790,#202800,#202810);
#202830=CYLINDRICAL_SURFACE('',#202820,0.0499999999999995);
#202840=CARTESIAN_POINT('',(-0.609870584701056,-1.3350001674835,-1.625))
;
#202850=DIRECTION('',(0.,0.,-1.));
#202860=VECTOR('',#202850,1.);
#202870=LINE('',#202840,#202860);
#202880=EDGE_CURVE('',#202310,#201450,#202870,.T.);
#202890=ORIENTED_EDGE('',*,*,#202880,.T.);
#202900=ORIENTED_EDGE('',*,*,#202320,.F.);
#202910=ORIENTED_EDGE('',*,*,#202710,.T.);
#202920=ORIENTED_EDGE('',*,*,#201550,.F.);
#202930=EDGE_LOOP('',(#202920,#202910,#202900,#202890));
#202940=FACE_OUTER_BOUND('',#202930,.T.);
#202950=ADVANCED_FACE('',(#202940),#202830,.T.);
#202960=CARTESIAN_POINT('',(-0.609870584701056,-1.3350001674835,-1.745))
;
#202970=DIRECTION('',(-1.22460635382238E-16,1.,0.));
#202980=DIRECTION('',(1.,1.22460635382238E-16,0.));
#202990=AXIS2_PLACEMENT_3D('',#202960,#202970,#202980);
#203000=PLANE('',#202990);
#203010=ORIENTED_EDGE('',*,*,#201950,.F.);
#203020=ORIENTED_EDGE('',*,*,#202380,.T.);
#203030=ORIENTED_EDGE('',*,*,#202880,.F.);
#203040=ORIENTED_EDGE('',*,*,#201460,.F.);
#203050=EDGE_LOOP('',(#203040,#203030,#203020,#203010));
#203060=FACE_OUTER_BOUND('',#203050,.T.);
#203070=ADVANCED_FACE('',(#203060),#203000,.T.);
#203080=CARTESIAN_POINT('',(2.96101731916345,2.8223480408227,-2.145));
#203090=DIRECTION('',(0.,0.,1.));
#203100=DIRECTION('',(-1.,-1.22460635382238E-16,0.));
#203110=AXIS2_PLACEMENT_3D('',#203080,#203090,#203100);
#203120=PLANE('',#203110);
#203130=CARTESIAN_POINT('',(-0.598843446820725,-1.2350001674835,-2.145))
;
#203140=DIRECTION('',(0.,0.,1.));
#203150=DIRECTION('',(-3.33066907387548E-15,-1.,0.));
#203160=AXIS2_PLACEMENT_3D('',#203130,#203140,#203150);
#203170=CIRCLE('',#203160,0.0999999999999996);
#203180=CARTESIAN_POINT('',(-0.598843446820725,-1.3350001674835,-2.145))
;
#203190=VERTEX_POINT('',#203180);
#203200=EDGE_CURVE('',#203190,#121220,#203170,.T.);
#203210=ORIENTED_EDGE('',*,*,#203200,.T.);
#203220=CARTESIAN_POINT('',(-0.610000834848422,-1.3350001674835,-2.145))
;
#203230=DIRECTION('',(1.,0.,0.));
#203240=VECTOR('',#203230,1.);
#203250=LINE('',#203220,#203240);
#203260=CARTESIAN_POINT('',(-0.609935709448221,-1.33500004133279,-2.145)
);
#203270=VERTEX_POINT('',#203260);
#203280=EDGE_CURVE('',#203270,#203190,#203250,.T.);
#203290=ORIENTED_EDGE('',*,*,#203280,.T.);
#203300=CARTESIAN_POINT('',(-0.609999999999996,-1.38500000000002,-2.145)
);
#203310=DIRECTION('',(0.,0.,-1.));
#203320=DIRECTION('',(-1.,3.9968028886506E-14,0.));
#203330=AXIS2_PLACEMENT_3D('',#203300,#203310,#203320);
#203340=CIRCLE('',#203330,0.0499999999999995);
#203350=CARTESIAN_POINT('',(-0.659999999999995,-1.38500000000002,-2.145)
);
#203360=VERTEX_POINT('',#203350);
#203370=EDGE_CURVE('',#203360,#203270,#203340,.T.);
#203380=ORIENTED_EDGE('',*,*,#203370,.T.);
#203390=CARTESIAN_POINT('',(-0.619999999999997,-1.38500000000002,-2.145)
);
#203400=DIRECTION('',(0.,0.,-1.));
#203410=DIRECTION('',(-0.623672857039472,-0.781685465767545,0.));
#203420=AXIS2_PLACEMENT_3D('',#203390,#203400,#203410);
#203430=CIRCLE('',#203420,0.0399999999999978);
#203440=CARTESIAN_POINT('',(-0.644946914281594,-1.41626741863071,-2.145)
);
#203450=VERTEX_POINT('',#203440);
#203460=EDGE_CURVE('',#203450,#203360,#203430,.T.);
#203470=ORIENTED_EDGE('',*,*,#203460,.T.);
#203480=CARTESIAN_POINT('',(-0.554999999999984,-1.50000000000002,-2.145)
);
#203490=DIRECTION('',(-0.731939010275259,0.681370152881144,0.));
#203500=VECTOR('',#203490,1.);
#203510=LINE('',#203480,#203500);
#203520=CARTESIAN_POINT('',(-0.554999999999987,-1.50000000000002,-2.145)
);
#203530=VERTEX_POINT('',#203520);
#203540=EDGE_CURVE('',#203530,#203450,#203510,.T.);
#203550=ORIENTED_EDGE('',*,*,#203540,.T.);
#203560=CARTESIAN_POINT('',(-0.55499999999999,-1.50000000000002,-2.145))
;
#203570=DIRECTION('',(1.,0.,0.));
#203580=VECTOR('',#203570,1.);
#203590=LINE('',#203560,#203580);
#203600=EDGE_CURVE('',#203530,#121060,#203590,.T.);
#203610=ORIENTED_EDGE('',*,*,#203600,.F.);
#203620=ORIENTED_EDGE('',*,*,#121290,.F.);
#203630=EDGE_LOOP('',(#203620,#203610,#203550,#203470,#203380,#203290,
#203210));
#203640=FACE_OUTER_BOUND('',#203630,.T.);
#203650=ADVANCED_FACE('',(#203640),#203120,.F.);
#203660=CARTESIAN_POINT('',(-0.598843446820725,-1.2350001674835,-2.145))
;
#203670=DIRECTION('',(0.,0.,1.));
#203680=DIRECTION('',(-1.,-1.22460635382238E-16,0.));
#203690=AXIS2_PLACEMENT_3D('',#203660,#203670,#203680);
#203700=CYLINDRICAL_SURFACE('',#203690,0.0999999999999996);
#203710=CARTESIAN_POINT('',(-0.598843446820725,-1.2350001674835,-2.025))
;
#203720=DIRECTION('',(0.,0.,-1.));
#203730=DIRECTION('',(0.538434468207259,-0.842667386010854,0.));
#203740=AXIS2_PLACEMENT_3D('',#203710,#203720,#203730);
#203750=CIRCLE('',#203740,0.0999999999999996);
#203760=CARTESIAN_POINT('',(-0.598843446820725,-1.3350001674835,-2.025))
;
#203770=VERTEX_POINT('',#203760);
#203780=EDGE_CURVE('',#121140,#203770,#203750,.T.);
#203790=ORIENTED_EDGE('',*,*,#203780,.F.);
#203800=CARTESIAN_POINT('',(-0.598843446820725,-1.3350001674835,-2.145))
;
#203810=DIRECTION('',(0.,0.,1.));
#203820=VECTOR('',#203810,1.);
#203830=LINE('',#203800,#203820);
#203840=EDGE_CURVE('',#203190,#203770,#203830,.T.);
#203850=ORIENTED_EDGE('',*,*,#203840,.T.);
#203860=ORIENTED_EDGE('',*,*,#203200,.F.);
#203870=ORIENTED_EDGE('',*,*,#121230,.T.);
#203880=EDGE_LOOP('',(#203870,#203860,#203850,#203790));
#203890=FACE_OUTER_BOUND('',#203880,.T.);
#203900=ADVANCED_FACE('',(#203890),#203700,.F.);
#203910=CARTESIAN_POINT('',(2.96101731916345,2.8223480408227,-2.025));
#203920=DIRECTION('',(0.,0.,1.));
#203930=DIRECTION('',(-1.,-1.22460635382238E-16,0.));
#203940=AXIS2_PLACEMENT_3D('',#203910,#203920,#203930);
#203950=PLANE('',#203940);
#203960=CARTESIAN_POINT('',(-0.554999999999989,-1.50000000000002,-2.025)
);
#203970=DIRECTION('',(1.,0.,0.));
#203980=VECTOR('',#203970,1.);
#203990=LINE('',#203960,#203980);
#204000=CARTESIAN_POINT('',(-0.55499999999999,-1.50000000000002,-2.025))
;
#204010=VERTEX_POINT('',#204000);
#204020=EDGE_CURVE('',#204010,#121040,#203990,.T.);
#204030=ORIENTED_EDGE('',*,*,#204020,.T.);
#204040=CARTESIAN_POINT('',(-0.644946914281556,-1.41626741863075,-2.025)
);
#204050=DIRECTION('',(0.731939010275261,-0.681370152881143,0.));
#204060=VECTOR('',#204050,1.);
#204070=LINE('',#204040,#204060);
#204080=CARTESIAN_POINT('',(-0.644946914281579,-1.41626741863072,-2.025)
);
#204090=VERTEX_POINT('',#204080);
#204100=EDGE_CURVE('',#204090,#204010,#204070,.T.);
#204110=ORIENTED_EDGE('',*,*,#204100,.T.);
#204120=CARTESIAN_POINT('',(-0.619999999999997,-1.38500000000002,-2.025)
);
#204130=DIRECTION('',(0.,0.,1.));
#204140=DIRECTION('',(-1.,4.99600361081348E-14,0.));
#204150=AXIS2_PLACEMENT_3D('',#204120,#204130,#204140);
#204160=CIRCLE('',#204150,0.0399999999999978);
#204170=CARTESIAN_POINT('',(-0.659999999999996,-1.38500000000002,-2.025)
);
#204180=VERTEX_POINT('',#204170);
#204190=EDGE_CURVE('',#204180,#204090,#204160,.T.);
#204200=ORIENTED_EDGE('',*,*,#204190,.T.);
#204210=CARTESIAN_POINT('',(-0.609999999999996,-1.38500000000002,-2.025)
);
#204220=DIRECTION('',(0.,0.,1.));
#204230=DIRECTION('',(-3.33921496342707E-5,0.999999999442482,0.));
#204240=AXIS2_PLACEMENT_3D('',#204210,#204220,#204230);
#204250=CIRCLE('',#204240,0.0499999999999995);
#204260=CARTESIAN_POINT('',(-0.609936127151471,-1.3350001674835,-2.025))
;
#204270=VERTEX_POINT('',#204260);
#204280=EDGE_CURVE('',#204270,#204180,#204250,.T.);
#204290=ORIENTED_EDGE('',*,*,#204280,.T.);
#204300=CARTESIAN_POINT('',(-0.609870584701056,-1.3350001674835,-2.025))
;
#204310=DIRECTION('',(1.,0.,0.));
#204320=VECTOR('',#204310,1.);
#204330=LINE('',#204300,#204320);
#204340=EDGE_CURVE('',#204270,#203770,#204330,.T.);
#204350=ORIENTED_EDGE('',*,*,#204340,.F.);
#204360=ORIENTED_EDGE('',*,*,#203780,.T.);
#204370=ORIENTED_EDGE('',*,*,#121150,.T.);
#204380=EDGE_LOOP('',(#204370,#204360,#204350,#204290,#204200,#204110,
#204030));
#204390=FACE_OUTER_BOUND('',#204380,.T.);
#204400=ADVANCED_FACE('',(#204390),#203950,.T.);
#204410=CARTESIAN_POINT('',(-0.554999999999995,-1.50000000000002,-2.145)
);
#204420=DIRECTION('',(-1.22460635382238E-16,1.,0.));
#204430=DIRECTION('',(-1.,-1.22460635382238E-16,0.));
#204440=AXIS2_PLACEMENT_3D('',#204410,#204420,#204430);
#204450=PLANE('',#204440);
#204460=ORIENTED_EDGE('',*,*,#203600,.T.);
#204470=CARTESIAN_POINT('',(-0.55499999999999,-1.50000000000002,-2.025))
;
#204480=DIRECTION('',(0.,0.,-1.));
#204490=VECTOR('',#204480,1.);
#204500=LINE('',#204470,#204490);
#204510=EDGE_CURVE('',#204010,#203530,#204500,.T.);
#204520=ORIENTED_EDGE('',*,*,#204510,.T.);
#204530=ORIENTED_EDGE('',*,*,#204020,.F.);
#204540=ORIENTED_EDGE('',*,*,#121070,.F.);
#204550=EDGE_LOOP('',(#204540,#204530,#204520,#204460));
#204560=FACE_OUTER_BOUND('',#204550,.T.);
#204570=ADVANCED_FACE('',(#204560),#204450,.F.);
#204580=CARTESIAN_POINT('',(-0.554999999999995,-1.50000000000001,-2.145)
);
#204590=DIRECTION('',(-0.681370152881139,-0.731939010275264,-0.));
#204600=DIRECTION('',(-0.731939010275264,0.681370152881139,0.));
#204610=AXIS2_PLACEMENT_3D('',#204580,#204590,#204600);
#204620=PLANE('',#204610);
#204630=CARTESIAN_POINT('',(-0.644946914281609,-1.41626741863069,-2.145)
);
#204640=DIRECTION('',(0.,0.,1.));
#204650=VECTOR('',#204640,1.);
#204660=LINE('',#204630,#204650);
#204670=EDGE_CURVE('',#203450,#204090,#204660,.T.);
#204680=ORIENTED_EDGE('',*,*,#204670,.F.);
#204690=ORIENTED_EDGE('',*,*,#204100,.F.);
#204700=ORIENTED_EDGE('',*,*,#204510,.F.);
#204710=ORIENTED_EDGE('',*,*,#203540,.F.);
#204720=EDGE_LOOP('',(#204710,#204700,#204690,#204680));
#204730=FACE_OUTER_BOUND('',#204720,.T.);
#204740=ADVANCED_FACE('',(#204730),#204620,.T.);
#204750=CARTESIAN_POINT('',(-0.619999999999997,-1.38500000000002,-2.145)
);
#204760=DIRECTION('',(0.,0.,1.));
#204770=DIRECTION('',(-1.,-1.22460635382238E-16,0.));
#204780=AXIS2_PLACEMENT_3D('',#204750,#204760,#204770);
#204790=CYLINDRICAL_SURFACE('',#204780,0.0399999999999978);
#204800=CARTESIAN_POINT('',(-0.659999999999995,-1.38500000000002,-2.145)
);
#204810=DIRECTION('',(0.,0.,1.));
#204820=VECTOR('',#204810,1.);
#204830=LINE('',#204800,#204820);
#204840=EDGE_CURVE('',#203360,#204180,#204830,.T.);
#204850=ORIENTED_EDGE('',*,*,#204840,.F.);
#204860=ORIENTED_EDGE('',*,*,#204190,.F.);
#204870=ORIENTED_EDGE('',*,*,#204670,.T.);
#204880=ORIENTED_EDGE('',*,*,#203460,.F.);
#204890=EDGE_LOOP('',(#204880,#204870,#204860,#204850));
#204900=FACE_OUTER_BOUND('',#204890,.T.);
#204910=ADVANCED_FACE('',(#204900),#204790,.T.);
#204920=CARTESIAN_POINT('',(-0.609999999999996,-1.38500000000002,-2.145)
);
#204930=DIRECTION('',(0.,0.,1.));
#204940=DIRECTION('',(-1.,-1.22460635382238E-16,0.));
#204950=AXIS2_PLACEMENT_3D('',#204920,#204930,#204940);
#204960=CYLINDRICAL_SURFACE('',#204950,0.0499999999999995);
#204970=CARTESIAN_POINT('',(-0.609870584701056,-1.3350001674835,-2.025))
;
#204980=DIRECTION('',(0.,0.,-1.));
#204990=VECTOR('',#204980,1.);
#205000=LINE('',#204970,#204990);
#205010=EDGE_CURVE('',#204270,#203270,#205000,.T.);
#205020=ORIENTED_EDGE('',*,*,#205010,.T.);
#205030=ORIENTED_EDGE('',*,*,#204280,.F.);
#205040=ORIENTED_EDGE('',*,*,#204840,.T.);
#205050=ORIENTED_EDGE('',*,*,#203370,.F.);
#205060=EDGE_LOOP('',(#205050,#205040,#205030,#205020));
#205070=FACE_OUTER_BOUND('',#205060,.T.);
#205080=ADVANCED_FACE('',(#205070),#204960,.T.);
#205090=CARTESIAN_POINT('',(-0.609870584701056,-1.3350001674835,-2.145))
;
#205100=DIRECTION('',(-1.22460635382238E-16,1.,0.));
#205110=DIRECTION('',(1.,1.22460635382238E-16,0.));
#205120=AXIS2_PLACEMENT_3D('',#205090,#205100,#205110);
#205130=PLANE('',#205120);
#205140=ORIENTED_EDGE('',*,*,#203840,.F.);
#205150=ORIENTED_EDGE('',*,*,#204340,.T.);
#205160=ORIENTED_EDGE('',*,*,#205010,.F.);
#205170=ORIENTED_EDGE('',*,*,#203280,.F.);
#205180=EDGE_LOOP('',(#205170,#205160,#205150,#205140));
#205190=FACE_OUTER_BOUND('',#205180,.T.);
#205200=ADVANCED_FACE('',(#205190),#205130,.T.);
#205210=CLOSED_SHELL('',(#320,#630,#940,#1330,#1490,#1980,#2290,#2600,
#3500,#3740,#4370,#4540,#4850,#5090,#5650,#5820,#6000,#6420,#7050,#7590,
#8080,#8250,#13520,#13690,#18960,#19080,#19900,#20140,#20890,#21060,
#21230,#21400,#21570,#21740,#21910,#22080,#22200,#23020,#23260,#24010,
#24180,#24350,#24520,#24690,#24860,#25030,#25200,#25320,#26140,#26380,
#27130,#27300,#27470,#27640,#27810,#27980,#28150,#28320,#28440,#29260,
#29500,#30250,#30420,#30590,#30760,#30930,#31100,#31270,#31440,#31560,
#32380,#32620,#33370,#33540,#33710,#33880,#34050,#34220,#34390,#34560,
#34680,#35500,#35740,#36490,#36660,#36830,#37000,#37170,#37340,#37510,
#37680,#37800,#38620,#38860,#39610,#39780,#39950,#40120,#40290,#40460,
#40630,#40800,#40920,#41740,#41980,#42730,#42900,#43070,#43240,#43410,
#43580,#43750,#43920,#44040,#44860,#45100,#45850,#46020,#46190,#46360,
#46530,#46700,#46870,#47040,#47160,#47980,#48220,#48970,#49140,#49310,
#49480,#49650,#49820,#49990,#50160,#50280,#51100,#51340,#52090,#52260,
#52430,#52600,#52770,#52940,#53110,#53280,#53400,#54220,#54460,#55210,
#55380,#55550,#55720,#55890,#56060,#56230,#56400,#56520,#57340,#57580,
#58330,#58500,#58670,#58840,#59010,#59180,#59350,#59520,#59640,#60460,
#60700,#61450,#61620,#61790,#61960,#62130,#62300,#62470,#62640,#62760,
#63580,#63820,#64570,#64740,#64910,#65080,#65250,#65420,#65590,#65760,
#65880,#66700,#66940,#67690,#67860,#68030,#68200,#68370,#68540,#68710,
#68880,#69000,#69820,#70060,#70810,#70980,#71150,#71320,#71490,#71660,
#71830,#72000,#72120,#72940,#73180,#73930,#74100,#74270,#74440,#74610,
#74780,#74950,#75120,#75240,#76060,#76300,#77050,#77220,#77390,#77560,
#77730,#77900,#78070,#78240,#78360,#79180,#79420,#80170,#80340,#80510,
#80680,#80850,#81020,#81190,#81360,#81480,#82300,#82540,#83290,#83460,
#83630,#83800,#83970,#84140,#84310,#84480,#84600,#85420,#85660,#86410,
#86580,#86750,#86920,#87090,#87260,#87430,#87600,#87720,#88540,#88780,
#89530,#89700,#89870,#90040,#90210,#90380,#90550,#90720,#90840,#91660,
#91900,#92650,#92820,#92990,#93160,#93330,#93500,#93670,#93840,#93960,
#94780,#95020,#95770,#95940,#96110,#96280,#96450,#96620,#96790,#96960,
#97080,#97900,#98140,#98890,#99060,#99230,#99400,#99570,#99740,#99910,
#100080,#100200,#101020,#101260,#102010,#102180,#102350,#102520,#102690,
#102860,#103030,#103200,#103320,#104140,#104380,#105130,#105300,#105470,
#105640,#105810,#105980,#106150,#106320,#106440,#107260,#107500,#108250,
#108420,#108590,#108760,#108930,#109100,#109270,#109440,#109560,#110380,
#110620,#111370,#111540,#111710,#111880,#112050,#112220,#112390,#112560,
#112680,#113100,#113270,#113490,#113660,#113780,#113950,#114200,#114360,
#114600,#114770,#114950,#115060,#115370,#115610,#115920,#121330,#121500,
#121740,#121980,#122290,#122460,#122700,#122940,#128350,#128520,#128690,
#128930,#129100,#129430,#129670,#131350,#131520,#131660,#131980,#132220,
#132470,#132720,#132970,#133210,#133460,#133640,#134140,#134390,#134630,
#134880,#135310,#135560,#135800,#135980,#136170,#136340,#136480,#136790,
#137040,#137290,#137540,#137780,#138030,#138280,#138460,#138780,#139020,
#139270,#139700,#139950,#140190,#140440,#140800,#140990,#141160,#141300,
#141880,#142130,#142630,#142800,#142970,#143140,#143310,#143430,#144010,
#144260,#144760,#144930,#145100,#145270,#145440,#145560,#145870,#146380,
#146630,#147060,#147230,#147400,#147570,#147690,#148000,#148510,#148760,
#149190,#149360,#149530,#149700,#149820,#150130,#150640,#150890,#151320,
#151490,#151660,#151830,#151950,#152260,#152770,#153020,#153450,#153620,
#153790,#153960,#154080,#154390,#154900,#155150,#155580,#155750,#155920,
#156090,#156210,#156790,#157040,#157540,#157710,#157880,#158050,#158220,
#158340,#158650,#159160,#159410,#159840,#160010,#160180,#160350,#160470,
#160780,#161290,#161540,#161970,#162140,#162310,#162480,#162600,#162910,
#163420,#163670,#164100,#164270,#164440,#164610,#164730,#165040,#165550,
#165800,#166230,#166400,#166570,#166740,#166860,#167170,#167680,#167930,
#168360,#168530,#168700,#168870,#168990,#169300,#169810,#170060,#170490,
#170660,#170830,#171000,#171120,#171430,#171940,#172190,#172620,#172790,
#172960,#173130,#173250,#173560,#174070,#174320,#174750,#174920,#175090,
#175260,#175380,#175960,#176210,#176710,#176880,#177050,#177220,#177390,
#177510,#177820,#178330,#178580,#179010,#179180,#179350,#179520,#179640,
#180220,#180470,#180970,#181140,#181310,#181480,#181650,#181770,#182080,
#182590,#182840,#183270,#183440,#183610,#183780,#183900,#184480,#184730,
#185230,#185400,#185570,#185740,#185910,#186030,#186610,#186860,#187360,
#187530,#187700,#187870,#188040,#188160,#188740,#188990,#189490,#189660,
#189830,#190000,#190170,#190290,#190870,#191120,#191620,#191790,#191960,
#192130,#192300,#192420,#192730,#193240,#193490,#193920,#194090,#194260,
#194430,#194550,#195130,#195380,#195880,#196050,#196220,#196390,#196560,
#196680,#196990,#197500,#197750,#198180,#198350,#198520,#198690,#198810,
#199390,#199640,#200140,#200310,#200480,#200650,#200820,#200940,#201250,
#201760,#202010,#202440,#202610,#202780,#202950,#203070,#203650,#203900,
#204400,#204570,#204740,#204910,#205080,#205200));
#205220=MANIFOLD_SOLID_BREP('',#205210);
#205230=CARTESIAN_POINT('',(0.,0.,0.));
#205240=DIRECTION('',(0.,0.,1.));
#205250=DIRECTION('',(1.,0.,0.));
#205260=AXIS2_PLACEMENT_3D('',#205230,#205240,#205250);
#205270=APPLICATION_CONTEXT(' ');
#205280=APPLICATION_PROTOCOL_DEFINITION(' ','automotive_design',1998,
#205270);
#205290=PRODUCT_CONTEXT('',#205270,'mechanical');
#205300=PRODUCT_DEFINITION_CONTEXT('part definition',#205270,'design');
#205310=PRODUCT('DF40TC(4.0)-30DS-0.4V','DF40TC(4.0)-30DS-0.4V','',(
#205290));
#205320=PRODUCT_RELATED_PRODUCT_CATEGORY('part',' ',(#205310));
#205330=PRODUCT_DEFINITION_FORMATION_WITH_SPECIFIED_SOURCE('','',#205310
,.BOUGHT.);
#205340=PRODUCT_DEFINITION('',' ',#205330,#205300);
#205350=PRODUCT_DEFINITION_SHAPE('','',#205340);
#205360=DIMENSIONAL_EXPONENTS(1.,0.,0.,0.,0.,0.,0.);
#205370=DIMENSIONAL_EXPONENTS(0.,0.,0.,0.,0.,0.,0.);
#205380=DIMENSIONAL_EXPONENTS(0.,0.,0.,0.,0.,0.,0.);
#205390=(LENGTH_UNIT() NAMED_UNIT(*) SI_UNIT(.MILLI.,.METRE.));
#205400=(NAMED_UNIT(*) PLANE_ANGLE_UNIT() SI_UNIT($,.RADIAN.));
#205410=(NAMED_UNIT(*) SI_UNIT($,.STERADIAN.) SOLID_ANGLE_UNIT());
#205420=(GEOMETRIC_REPRESENTATION_CONTEXT(3) 
GLOBAL_UNCERTAINTY_ASSIGNED_CONTEXT((#205430)) 
GLOBAL_UNIT_ASSIGNED_CONTEXT((#205390,#205400,#205410)) 
REPRESENTATION_CONTEXT('',''));
#205430=UNCERTAINTY_MEASURE_WITH_UNIT(LENGTH_MEASURE(0.001),#205390,
'distance_accuracy_value','maximum gap value');
#205440=ADVANCED_BREP_SHAPE_REPRESENTATION('',(#205260,#205220),#205420)
;
#205450=SHAPE_DEFINITION_REPRESENTATION(#205350,#205440);
#205460=COLOUR_RGB('',0.411764740943909,0.411764740943909,
0.411764740943909);
#205470=FILL_AREA_STYLE_COLOUR('',#205460);
#205480=FILL_AREA_STYLE('',(#205470));
#205490=SURFACE_STYLE_FILL_AREA(#205480);
#205500=SURFACE_SIDE_STYLE('',(#205490));
#205510=SURFACE_STYLE_USAGE(.BOTH.,#205500);
#205520=PRESENTATION_STYLE_ASSIGNMENT((#205510));
#205530=STYLED_ITEM('',(#205520),#205220);
#205540=DRAUGHTING_MODEL('',(#205530),#205420);
#205550=CARTESIAN_POINT('',(5.745,1.68999999999999,2.));
#205560=DIRECTION('',(1.,-1.88872453819499E-15,2.39174166316495E-15));
#205570=DIRECTION('',(-1.88872453819499E-15,-1.,1.2509555207044E-16));
#205580=AXIS2_PLACEMENT_3D('',#205550,#205560,#205570);
#205590=ITEM_DEFINED_TRANSFORMATION('DF40TC(4.0)-30DS-0.4V','',#205260,
#205580);
#205600=APPLICATION_CONTEXT(' ');
#205610=APPLICATION_PROTOCOL_DEFINITION(' ','automotive_design',1998,
#205600);
#205620=PRODUCT_CONTEXT('',#205600,'mechanical');
#205630=PRODUCT_DEFINITION_CONTEXT('part definition',#205600,'design');
#205640=PRODUCT('DF40TC(4.0)-30DS-0.4V','DF40TC(4.0)-30DS-0.4V','',(
#205620));
#205650=PRODUCT_RELATED_PRODUCT_CATEGORY('part',' ',(#205640));
#205660=PRODUCT_DEFINITION_FORMATION_WITH_SPECIFIED_SOURCE('','',#205640
,.BOUGHT.);
#205670=PRODUCT_DEFINITION('',' ',#205660,#205630);
#205680=PRODUCT_DEFINITION_SHAPE('','',#205670);
#205690=DIMENSIONAL_EXPONENTS(1.,0.,0.,0.,0.,0.,0.);
#205700=DIMENSIONAL_EXPONENTS(0.,0.,0.,0.,0.,0.,0.);
#205710=DIMENSIONAL_EXPONENTS(0.,0.,0.,0.,0.,0.,0.);
#205720=(LENGTH_UNIT() NAMED_UNIT(*) SI_UNIT(.MILLI.,.METRE.));
#205730=(NAMED_UNIT(*) PLANE_ANGLE_UNIT() SI_UNIT($,.RADIAN.));
#205740=(NAMED_UNIT(*) SI_UNIT($,.STERADIAN.) SOLID_ANGLE_UNIT());
#205750=(GEOMETRIC_REPRESENTATION_CONTEXT(3) 
GLOBAL_UNCERTAINTY_ASSIGNED_CONTEXT((#205760)) 
GLOBAL_UNIT_ASSIGNED_CONTEXT((#205720,#205730,#205740)) 
REPRESENTATION_CONTEXT('',''));
#205760=UNCERTAINTY_MEASURE_WITH_UNIT(LENGTH_MEASURE(0.001),#205720,
'distance_accuracy_value','maximum gap value');
#205770=SHAPE_REPRESENTATION('',(#205260,#205580),#205750);
#205780=SHAPE_DEFINITION_REPRESENTATION(#205680,#205770);
#205790=(REPRESENTATION_RELATIONSHIP('','',#205440,#205770) 
REPRESENTATION_RELATIONSHIP_WITH_TRANSFORMATION(#205590) 
SHAPE_REPRESENTATION_RELATIONSHIP());
#205800=NEXT_ASSEMBLY_USAGE_OCCURRENCE('1','','DF40TC(4.0)-30DS-0.4V',
#205670,#205340,'');
#205810=PRODUCT_DEFINITION_SHAPE('','',#205800);
#205820=CONTEXT_DEPENDENT_SHAPE_REPRESENTATION(#205790,#205810);
ENDSEC;
END-ISO-10303-21;
